{
    "video": "edition21_sequence_11.mp4",
    "peak_id": 5,
    "frame_idx": 1657,
    "timestamp": 66.28,
    "total_score": 0.894,
    "skeleton_3d": {
        "Pelvis": [
            0.0,
            0.0,
            0.0
        ],
        "R_Hip": [
            -0.04833542784572122,
            -0.12598843507992888,
            0.04778917896933884
        ],
        "R_Knee": [
            -0.5678039912189369,
            0.13687544717051509,
            0.14286319938894723
        ],
        "R_Ankle": [
            -1.000541974342904,
            0.33926580803909184,
            0.2530765459183065
        ],
        "L_Hip": [
            0.043576238228129414,
            0.05782966888867846,
            -0.043198956697331634
        ],
        "L_Knee": [
            -0.039868557042631,
            -0.04757140647276861,
            -0.6801513337217285
        ],
        "L_Ankle": [
            -0.1200633152573174,
            -0.2630764992733185,
            -1.187270799273849
        ],
        "Spine": [
            0.07303560636240997,
            0.004550450766756896,
            0.324444059108994
        ],
        "Thorax": [
            0.13867339879313337,
            -0.06154601854052542,
            0.6608342232356237
        ],
        "Neck": [
            0.21159183710143684,
            0.051804965803969864,
            0.812012382107553
        ],
        "Head": [
            0.21811292968326723,
            -0.025611615041824496,
            0.8510641171341317
        ],
        "L_Shoulder": [
            0.27335886683354643,
            0.026414981602010276,
            0.6350361271092081
        ],
        "L_Elbow": [
            0.3695757632373406,
            0.2513562833185329,
            0.8982863526269071
        ],
        "L_Wrist": [
            0.42065008936053727,
            0.27133263347951675,
            1.1171639712508747
        ],
        "R_Shoulder": [
            0.0006629598882444711,
            -0.12047772280830563,
            0.658171354975996
        ],
        "R_Elbow": [
            -0.020973658371060758,
            0.03531684880296308,
            0.9169983426927741
        ],
        "R_Wrist": [
            0.02229156599200516,
            0.13470180692627934,
            1.1110359901479205
        ]
    }
}