{
    "video": "edition21_sequence_10.mp4",
    "peak_id": 0,
    "frame_idx": 359,
    "timestamp": 14.36,
    "total_score": 0.764,
    "skeleton_3d": {
        "Pelvis": [
            0.0,
            0.0,
            0.0
        ],
        "R_Hip": [
            0.0344603645779915,
            -0.04650184090383972,
            -0.0345003808359862
        ],
        "R_Knee": [
            -0.0015054847967905219,
            -0.091909635298172,
            -0.610453305905902
        ],
        "R_Ankle": [
            -0.02007100007596991,
            -0.15262691776260678,
            -1.178315552941113
        ],
        "L_Hip": [
            -0.041536462857506756,
            0.022936106596772005,
            0.0366961083860624
        ],
        "L_Knee": [
            0.2183694384594217,
            0.482999140840459,
            0.09975135218538854
        ],
        "L_Ankle": [
            0.60028780424062,
            0.7973778927478994,
            0.2438508239028971
        ],
        "Spine": [
            -0.03540371688964226,
            -0.050750203822158155,
            0.2910863829100759
        ],
        "Thorax": [
            -0.06870955698634591,
            -0.11585651901637026,
            0.5895492575351995
        ],
        "Neck": [
            -0.11184399417596452,
            -0.150338210208174,
            0.7928303654625073
        ],
        "Head": [
            -0.09601988083556098,
            -0.10717742933428848,
            0.8415444483045238
        ],
        "L_Shoulder": [
            -0.16249901672565345,
            -0.07207849866189242,
            0.5838748890723764
        ],
        "L_Elbow": [
            -0.2262271527456253,
            0.26513805550039404,
            0.5055228023014561
        ],
        "L_Wrist": [
            -0.3610512544943359,
            0.2125892400489906,
            0.5299132431701057
        ],
        "R_Shoulder": [
            0.039514661500360954,
            -0.07424974889091686,
            0.5861741445053282
        ],
        "R_Elbow": [
            0.06119961054690277,
            -0.11794395848192095,
            0.8620556629849779
        ],
        "R_Wrist": [
            0.014558346783334137,
            -0.12805280594396087,
            1.1950475316800484
        ]
    }
}