{
    "video": "edition21_sequence_7.mp4",
    "peak_id": 11,
    "frame_idx": 1784,
    "timestamp": 71.36,
    "total_score": 1.0,
    "skeleton_3d": {
        "Pelvis": [
            0.0,
            0.0,
            0.0
        ],
        "R_Hip": [
            0.09522982173247901,
            -0.14057379112832785,
            -0.050368863851843894
        ],
        "R_Knee": [
            0.06867689408370535,
            -0.0820978387080433,
            -0.6903806905713253
        ],
        "R_Ankle": [
            0.08985816163428537,
            -0.018297747155837797,
            -1.2712347298524571
        ],
        "L_Hip": [
            -0.09158562072029344,
            0.13292744167484702,
            0.053190138749034443
        ],
        "L_Knee": [
            -0.5258845571733342,
            -0.10346740572673475,
            0.22053812926398
        ],
        "L_Ankle": [
            -0.9597684194443332,
            -0.12895348540334683,
            0.40961210381325897
        ],
        "Spine": [
            0.10198579616762284,
            -0.02104774874411644,
            0.32805666968777314
        ],
        "Thorax": [
            0.1762325942489747,
            -0.030545776386103264,
            0.6386481306337605
        ],
        "Neck": [
            0.25217848341180077,
            -0.08108976512544058,
            0.9294922302748704
        ],
        "Head": [
            0.23049123511919545,
            -0.016128850073657178,
            0.9840325714215187
        ],
        "L_Shoulder": [
            -0.02039852455770972,
            0.00866839619947383,
            0.6116301201007377
        ],
        "L_Elbow": [
            -0.37324377495937766,
            -0.12455058354262935,
            0.6670048817443834
        ],
        "L_Wrist": [
            -0.7102576746407213,
            -0.32047405055852757,
            0.7897192947456134
        ],
        "R_Shoulder": [
            0.375290256873233,
            0.0020965480065678614,
            0.6266148867931949
        ],
        "R_Elbow": [
            0.6648223949162292,
            -0.0355261586035792,
            0.8072110740701582
        ],
        "R_Wrist": [
            0.8980185935090671,
            -0.031425943220990585,
            1.031378015550476
        ]
    }
}