{
    "video": "edition21_sequence_13.mp4",
    "peak_id": 7,
    "frame_idx": 1021,
    "timestamp": 40.84,
    "total_score": 1.0,
    "skeleton_3d": {
        "Pelvis": [
            0.0,
            0.0,
            0.0
        ],
        "R_Hip": [
            0.12428819579414391,
            0.16679032590384507,
            0.061274672574855686
        ],
        "R_Knee": [
            0.5798305122195176,
            0.23733294683896808,
            0.21334504238894786
        ],
        "R_Ankle": [
            0.9587908974318747,
            0.5334074040309821,
            0.495335381936245
        ],
        "L_Hip": [
            -0.12397739526312726,
            -0.1654149135092987,
            -0.0582193329823454
        ],
        "L_Knee": [
            -0.32044754094974065,
            -0.20649252135269971,
            -0.6488928793035481
        ],
        "L_Ankle": [
            -0.5844799907277493,
            -0.4474066669953208,
            -1.1884602403840243
        ],
        "Spine": [
            -0.0563855174533513,
            -0.059519295646613186,
            0.33807571700764216
        ],
        "Thorax": [
            -0.1260664687301553,
            -0.1402621615396036,
            0.6635365247003334
        ],
        "Neck": [
            -0.25285497016999553,
            -0.20038236014523184,
            0.8706381736556216
        ],
        "Head": [
            -0.2492943084763377,
            -0.116204169126945,
            0.926449386997259
        ],
        "L_Shoulder": [
            -0.3182130697837288,
            -0.15935925194001146,
            0.6160060085029
        ],
        "L_Elbow": [
            -0.6192280528710216,
            -0.06830537788923455,
            0.563052911300732
        ],
        "L_Wrist": [
            -0.9613554742922864,
            -0.1459605445920639,
            0.5794786794666907
        ],
        "R_Shoulder": [
            0.08855594130224773,
            -0.05992595002366699,
            0.7164999254559823
        ],
        "R_Elbow": [
            0.17242363977617087,
            0.014086142306975231,
            1.0194564284047487
        ],
        "R_Wrist": [
            0.06482825057549545,
            -0.07397989197609042,
            1.3500490777017802
        ]
    }
}