{
    "video": "edition21_sequence_14.mp4",
    "peak_id": 2,
    "frame_idx": 727,
    "timestamp": 29.08,
    "total_score": 0.81,
    "skeleton_3d": {
        "Pelvis": [
            0.0,
            0.0,
            0.0
        ],
        "R_Hip": [
            0.060660279674600526,
            0.007092925496842196,
            0.01660285724384624
        ],
        "R_Knee": [
            0.10167675388858415,
            -0.08074581611575654,
            -0.6592798001795923
        ],
        "R_Ankle": [
            0.20587459017357024,
            -0.12105563525862165,
            -1.2600561489072648
        ],
        "L_Hip": [
            -0.060912128649234044,
            0.055488317870205,
            -0.010082539735815512
        ],
        "L_Knee": [
            0.10709345133075486,
            0.5092722785172,
            0.1546321776698241
        ],
        "L_Ankle": [
            0.4804703315155143,
            0.8371784985125995,
            0.225368726025637
        ],
        "Spine": [
            -0.07358134351207485,
            -0.09152575897854366,
            0.30560537593779785
        ],
        "Thorax": [
            -0.12395527088609294,
            -0.15056723138162986,
            0.6009660728056552
        ],
        "Neck": [
            -0.17340006880800896,
            -0.20855695646118186,
            0.832849746789946
        ],
        "Head": [
            -0.17478006931918505,
            -0.13194877954044099,
            0.8755839898600993
        ],
        "L_Shoulder": [
            -0.3392267567184292,
            -0.19041947410902998,
            0.5980185060535991
        ],
        "L_Elbow": [
            -0.5845933691880411,
            -0.29750964843538574,
            0.7962656381766651
        ],
        "L_Wrist": [
            -0.7999664158354295,
            -0.3476774535487653,
            1.029885677030041
        ],
        "R_Shoulder": [
            0.05989200639225038,
            -0.04691695752648214,
            0.5875354611054382
        ],
        "R_Elbow": [
            0.37156523633911626,
            0.12349671400144029,
            0.666760108887982
        ],
        "R_Wrist": [
            0.7195098776120218,
            0.035047519276434826,
            0.7466480539464919
        ]
    }
}