{
    "video": "edition21_sequence_14.mp4",
    "peak_id": 1,
    "frame_idx": 661,
    "timestamp": 26.44,
    "total_score": 0.908,
    "skeleton_3d": {
        "Pelvis": [
            0.0,
            0.0,
            0.0
        ],
        "R_Hip": [
            0.05915977844499087,
            0.16427022804503946,
            -0.027222171892960872
        ],
        "R_Knee": [
            -0.025161243394560925,
            0.03636579626169848,
            -0.7050979971104513
        ],
        "R_Ankle": [
            -0.08673583283016104,
            -0.015340460529113266,
            -1.3135470162483145
        ],
        "L_Hip": [
            -0.06812204584834822,
            -0.16319189975584675,
            0.02989578724396066
        ],
        "L_Knee": [
            0.2896359587179899,
            0.378701484326925,
            0.08349882669520722
        ],
        "L_Ankle": [
            0.6846543132055045,
            0.8402459047990888,
            0.15825846462514015
        ],
        "Spine": [
            -0.07054996650774903,
            0.0531192066082728,
            0.31183261710919497
        ],
        "Thorax": [
            -0.1340120697001205,
            0.23410951551505094,
            0.6133980530245715
        ],
        "Neck": [
            -0.11109596154207084,
            0.17028212002611465,
            0.8591866799893546
        ],
        "Head": [
            -0.10233683865225429,
            0.24797336701780134,
            0.9000428502872451
        ],
        "L_Shoulder": [
            -0.3127320310953483,
            0.012724613785361308,
            0.6633108724846022
        ],
        "L_Elbow": [
            -0.4453190572996197,
            -0.25939611319834016,
            0.9446180382797387
        ],
        "L_Wrist": [
            -0.5526378700687464,
            -0.3151652084783833,
            1.262277276431053
        ],
        "R_Shoulder": [
            0.03314874210700577,
            0.3333305883634529,
            0.5340926061936546
        ],
        "R_Elbow": [
            0.3666591875554542,
            0.43220836001864577,
            0.5048643085746379
        ],
        "R_Wrist": [
            0.7346121576462283,
            0.30265389196831016,
            0.5390227273029397
        ]
    }
}