{
    "video": "edition21_sequence_9.mp4",
    "peak_id": 4,
    "frame_idx": 1152,
    "timestamp": 46.08,
    "total_score": 0.637,
    "skeleton_3d": {
        "Pelvis": [
            0.0,
            0.0,
            0.0
        ],
        "R_Hip": [
            -0.03415388585269195,
            0.16171476352833544,
            -0.011068379201566262
        ],
        "R_Knee": [
            -0.22388715730700512,
            0.027894028707250454,
            -0.5461600494341294
        ],
        "R_Ankle": [
            -0.5730604928939093,
            -0.19195758577082292,
            -0.8978408775858749
        ],
        "L_Hip": [
            0.037175157877791805,
            -0.17492476803995674,
            0.005256439689480135
        ],
        "L_Knee": [
            0.6392546990019674,
            0.12547908381563297,
            -0.05198047813128029
        ],
        "L_Ankle": [
            1.0585411541082297,
            0.4792186486997646,
            -0.010768011219310253
        ],
        "Spine": [
            -0.06307155523228528,
            -0.039081488726197426,
            0.3352534562660487
        ],
        "Thorax": [
            -0.1201659659012941,
            -0.09821877354224307,
            0.6895577145533913
        ],
        "Neck": [
            -0.014678018765172428,
            -0.07211668811574028,
            0.8915940324836052
        ],
        "Head": [
            -0.043619013030436055,
            -0.12023553642659604,
            0.9267213335863768
        ],
        "L_Shoulder": [
            -0.10093664077644278,
            -0.2665582237004921,
            0.665272611942656
        ],
        "L_Elbow": [
            0.14744679209551315,
            -0.4074851971868279,
            0.7870658682205336
        ],
        "L_Wrist": [
            0.31969677367406185,
            -0.20429604948488655,
            0.9610128836626869
        ],
        "R_Shoulder": [
            -0.14562291076810507,
            0.0985869225612462,
            0.7197030795195666
        ],
        "R_Elbow": [
            -0.033734267417523084,
            0.22847615102740948,
            1.0811690173554902
        ],
        "R_Wrist": [
            0.012563346379154143,
            0.06591243816297414,
            1.4775800344707897
        ]
    }
}