{
    "video": "edition21_sequence_13.mp4",
    "peak_id": 11,
    "frame_idx": 1449,
    "timestamp": 57.96,
    "total_score": 0.495,
    "skeleton_3d": {
        "Pelvis": [
            0.0,
            0.0,
            0.0
        ],
        "R_Hip": [
            0.11404397568909805,
            -0.10182469510829696,
            -0.052297546302125984
        ],
        "R_Knee": [
            0.08791784851788433,
            -0.11250138117679008,
            -0.691494361850912
        ],
        "R_Ankle": [
            0.12372475360760066,
            -0.08970103640186217,
            -1.2795939052558516
        ],
        "L_Hip": [
            -0.11076243050824383,
            0.09481422565919363,
            0.05623539059214619
        ],
        "L_Knee": [
            -0.34163586222541237,
            -0.04705384485051525,
            -0.07611719593663661
        ],
        "L_Ankle": [
            -0.3451349329003804,
            0.6162563014651582,
            -0.061623173212811626
        ],
        "Spine": [
            0.056583660944715806,
            -0.03833765538165271,
            0.3289184011098175
        ],
        "Thorax": [
            0.10632122502776573,
            -0.08601493475085131,
            0.6540170892875135
        ],
        "Neck": [
            0.07782761887495082,
            -0.16372981387242103,
            0.9043751592932625
        ],
        "Head": [
            0.08039942663857283,
            -0.07919383532831221,
            0.9637525461953671
        ],
        "L_Shoulder": [
            -0.0877381262991737,
            0.008564894159240789,
            0.6449060842220186
        ],
        "L_Elbow": [
            -0.18389389360026007,
            0.191629177105235,
            0.6668765313901962
        ],
        "L_Wrist": [
            -0.2747320187744333,
            0.10181997978098588,
            0.743364699498654
        ],
        "R_Shoulder": [
            0.30243702366073816,
            -0.07842720376444498,
            0.6314863619647307
        ],
        "R_Elbow": [
            0.5717542335437599,
            0.18607728868538786,
            0.5582119624114084
        ],
        "R_Wrist": [
            0.8454261226511014,
            0.1522928122969063,
            0.49475417942941596
        ]
    }
}