{
    "video": "edition21_sequence_7.mp4",
    "peak_id": 3,
    "frame_idx": 1121,
    "timestamp": 44.84,
    "total_score": 0.789,
    "skeleton_3d": {
        "Pelvis": [
            0.0,
            0.0,
            0.0
        ],
        "R_Hip": [
            0.1118286197351,
            -0.14663395856142042,
            -0.04809925633919618
        ],
        "R_Knee": [
            -0.012790413715144017,
            -0.1143112009677271,
            -0.6908381115491683
        ],
        "R_Ankle": [
            -0.09915967355517462,
            -0.03699734920476726,
            -1.2599968673867277
        ],
        "L_Hip": [
            -0.10961265530949489,
            0.1423256091995931,
            0.05031982528904512
        ],
        "L_Knee": [
            -0.6305317168184212,
            -0.16821012790260567,
            -0.047933295422364665
        ],
        "L_Ankle": [
            -1.2038899968104106,
            -0.17788366396224695,
            -0.024606577559048496
        ],
        "Spine": [
            0.03577564019424334,
            -0.02388184462858672,
            0.3482099668430013
        ],
        "Thorax": [
            0.04712518285094179,
            -0.0722869088363292,
            0.6776831838285883
        ],
        "Neck": [
            -0.06699301180889794,
            -0.16730528937767894,
            0.9503783589405527
        ],
        "Head": [
            -0.04900267761136508,
            -0.1082876539473183,
            1.0191218264384314
        ],
        "L_Shoulder": [
            -0.1540957881426068,
            0.022482329191281424,
            0.6268082410575876
        ],
        "L_Elbow": [
            -0.41520314575156936,
            -0.11623565692433616,
            0.4402604468208732
        ],
        "L_Wrist": [
            -0.4987121589906092,
            -0.4222956231729815,
            0.4749981659806773
        ],
        "R_Shoulder": [
            0.2548117228145539,
            -0.14777264998026854,
            0.6720409087444236
        ],
        "R_Elbow": [
            0.23122905776759795,
            -0.22123800757918563,
            0.4990422984277908
        ],
        "R_Wrist": [
            0.061302729608389964,
            -0.19485785887678705,
            0.5175441680377563
        ]
    }
}