{
    "video": "edition21_sequence_10.mp4",
    "peak_id": 4,
    "frame_idx": 571,
    "timestamp": 22.84,
    "total_score": 0.584,
    "skeleton_3d": {
        "Pelvis": [
            0.0,
            0.0,
            0.0
        ],
        "R_Hip": [
            0.06045197991893271,
            -0.09886271823946853,
            -0.013186745327574466
        ],
        "R_Knee": [
            0.023757622352004987,
            -0.1528379818701873,
            -0.6197385517391953
        ],
        "R_Ankle": [
            0.030730252234790666,
            -0.2791426065355169,
            -1.2061179353735267
        ],
        "L_Hip": [
            -0.06003325695072108,
            0.09157802847313003,
            0.017564645368781624
        ],
        "L_Knee": [
            0.01852403392772723,
            0.13786196594874267,
            0.5017399654343774
        ],
        "L_Ankle": [
            0.02318663915608355,
            0.527719062909742,
            0.24825145008032015
        ],
        "Spine": [
            -0.006707025749523657,
            -0.06505715594779525,
            0.27222255686273966
        ],
        "Thorax": [
            -0.016609634279145986,
            -0.10451992267350119,
            0.5460204936310675
        ],
        "Neck": [
            -0.010660713038747015,
            -0.14696813325795577,
            0.7647308816745182
        ],
        "Head": [
            0.0202397636898129,
            -0.08558085309796507,
            0.7950378621582287
        ],
        "L_Shoulder": [
            -0.15897017190816962,
            -0.031151735798631244,
            0.5115757783996379
        ],
        "L_Elbow": [
            -0.282717936817703,
            0.022042210743670885,
            0.4385345165305284
        ],
        "L_Wrist": [
            -0.449459896780528,
            -0.13616361880239627,
            0.5266636930744016
        ],
        "R_Shoulder": [
            0.127662302563848,
            -0.0667407407600691,
            0.5676965599849775
        ],
        "R_Elbow": [
            0.15070331703738896,
            -0.1609218151243762,
            0.877833071953427
        ],
        "R_Wrist": [
            0.08104138968704083,
            -0.15589404607243687,
            1.1646539195512935
        ]
    }
}