{
    "video": "edition21_sequence_11.mp4",
    "peak_id": 0,
    "frame_idx": 545,
    "timestamp": 21.8,
    "total_score": 0.9,
    "skeleton_3d": {
        "Pelvis": [
            0.0,
            0.0,
            0.0
        ],
        "R_Hip": [
            0.08058053251834836,
            0.1643299248096637,
            0.07344331151406722
        ],
        "R_Knee": [
            0.49890881859375846,
            0.06999459546163582,
            0.36512280196859015
        ],
        "R_Ankle": [
            0.8870979886031842,
            0.0653278242933768,
            0.7932562758524699
        ],
        "L_Hip": [
            -0.0801741377046355,
            -0.16820011588804473,
            -0.0662748142848556
        ],
        "L_Knee": [
            0.050801113326345536,
            -0.11689907323876993,
            -0.7205587788887016
        ],
        "L_Ankle": [
            0.13799370691086402,
            -0.03393085622859923,
            -1.3281066907225743
        ],
        "Spine": [
            -0.1080347959998953,
            -0.014062599684074396,
            0.3027678149763836
        ],
        "Thorax": [
            -0.19696555986780145,
            0.14323269436559702,
            0.5909932741108437
        ],
        "Neck": [
            -0.21573167352200118,
            0.06337462573707518,
            0.7955600453875004
        ],
        "Head": [
            -0.23494894925673315,
            0.15051761353824716,
            0.8407986263199375
        ],
        "L_Shoulder": [
            -0.36318155262081875,
            -0.04196436254662323,
            0.5769391113997702
        ],
        "L_Elbow": [
            -0.40720176060335866,
            -0.3851533001260766,
            0.9104912253160716
        ],
        "L_Wrist": [
            -0.3795797618822062,
            -0.3383738596243943,
            1.1804109568273087
        ],
        "R_Shoulder": [
            -0.03404106350161372,
            0.22306200915446386,
            0.5854666941601445
        ],
        "R_Elbow": [
            0.22275522489063768,
            0.5054893633688392,
            0.5438040846316506
        ],
        "R_Wrist": [
            0.3546629233138082,
            0.20852183081403822,
            0.5051530813983867
        ]
    }
}