{
    "video": "edition21_sequence_7.mp4",
    "peak_id": 6,
    "frame_idx": 1371,
    "timestamp": 54.84,
    "total_score": 1.0,
    "skeleton_3d": {
        "Pelvis": [
            0.0,
            0.0,
            0.0
        ],
        "R_Hip": [
            0.06549523435896781,
            0.14407502806290168,
            -0.0007669747095258388
        ],
        "R_Knee": [
            0.015176766579591851,
            0.011679403858876296,
            -0.7083971573739228
        ],
        "R_Ankle": [
            -0.05458553481760039,
            -0.08134761619872402,
            -1.3709279209880254
        ],
        "L_Hip": [
            -0.07634268863418023,
            -0.16738940459161636,
            0.002870472238566002
        ],
        "L_Knee": [
            0.24563928661091858,
            0.336718852056231,
            0.3628997290574746
        ],
        "L_Ankle": [
            0.7195213676033252,
            0.7432335329842725,
            0.4489371610666701
        ],
        "Spine": [
            -0.0820328871282489,
            -0.039525131759921964,
            0.34438395234221275
        ],
        "Thorax": [
            -0.16513060002144841,
            -0.15006850150633122,
            0.691821863094699
        ],
        "Neck": [
            -0.2578751360689978,
            -0.2134356895254266,
            0.9065428820441969
        ],
        "Head": [
            -0.2882880789202636,
            -0.14950959710137504,
            0.9505652460578294
        ],
        "L_Shoulder": [
            -0.30287918563836114,
            -0.20928988792194206,
            0.5707029048884509
        ],
        "L_Elbow": [
            -0.5900592517250253,
            -0.36895916835421644,
            0.4962337673681769
        ],
        "L_Wrist": [
            -0.8332370167110824,
            -0.18394165320861688,
            0.5599908792008306
        ],
        "R_Shoulder": [
            -0.012864988776137178,
            -0.0036102011530959014,
            0.7922961779897834
        ],
        "R_Elbow": [
            0.10372136706921835,
            0.11780572824662199,
            1.132264028856467
        ],
        "R_Wrist": [
            0.2192040438978188,
            -0.01788225648431956,
            1.4470095013272943
        ]
    }
}