{
    "video": "edition21_sequence_4.mp4",
    "peak_id": 8,
    "frame_idx": 2217,
    "timestamp": 88.68,
    "total_score": 0.553,
    "skeleton_3d": {
        "Pelvis": [
            0.0,
            0.0,
            0.0
        ],
        "R_Hip": [
            0.11102668758490127,
            -0.12539286405833852,
            -0.046270915238426
        ],
        "R_Knee": [
            0.09898700481384495,
            -0.10148825869643387,
            -0.7283724521188093
        ],
        "R_Ankle": [
            0.14062682314227276,
            -0.06419007856371681,
            -1.2817002880032147
        ],
        "L_Hip": [
            -0.10624624389123997,
            0.12131767083810537,
            0.049149381276410324
        ],
        "L_Knee": [
            -0.5210772017738771,
            -0.12079704722269995,
            -0.11026172009704059
        ],
        "L_Ankle": [
            -0.9326117638664604,
            0.13661634409606396,
            -0.26214861805749795
        ],
        "Spine": [
            0.0701432847726189,
            -0.013309623446980078,
            0.3332537443653447
        ],
        "Thorax": [
            0.11887797200566091,
            -0.0074160337349325235,
            0.6484173370276411
        ],
        "Neck": [
            0.18537218150393012,
            -0.07438796658452511,
            0.9556870768726551
        ],
        "Head": [
            0.1645167306005504,
            -0.005394247502748662,
            1.0056555072849223
        ],
        "L_Shoulder": [
            -0.06616776669734753,
            0.06003175890199774,
            0.6075057254728353
        ],
        "L_Elbow": [
            -0.39326742286744,
            -0.06715709580136464,
            0.630804257704935
        ],
        "L_Wrist": [
            -0.7041998317925897,
            -0.269537649260843,
            0.7593803698618798
        ],
        "R_Shoulder": [
            0.3099559779814584,
            -0.018231366135996335,
            0.6418718876312527
        ],
        "R_Elbow": [
            0.6189183955475211,
            -0.13738013728333093,
            0.7975187939797571
        ],
        "R_Wrist": [
            0.8610453927080132,
            -0.18883703199056906,
            1.0507613121081723
        ]
    }
}