{
    "video": "edition21_sequence_10.mp4",
    "peak_id": 2,
    "frame_idx": 462,
    "timestamp": 18.48,
    "total_score": 0.773,
    "skeleton_3d": {
        "Pelvis": [
            0.0,
            0.0,
            0.0
        ],
        "R_Hip": [
            -0.127290163497459,
            -0.17192159231113766,
            -0.008152231489682832
        ],
        "R_Knee": [
            -0.7095213474389978,
            0.04570663992940387,
            -0.0925993282981058
        ],
        "R_Ankle": [
            -1.2665363403764567,
            0.19604908338629062,
            -0.08813173156332225
        ],
        "L_Hip": [
            0.12365219240106047,
            0.1651501317320861,
            0.005267356104692609
        ],
        "L_Knee": [
            0.3943737041091256,
            0.04856100323717286,
            -0.5036229108069257
        ],
        "L_Ankle": [
            0.8109326374453067,
            -0.2644307237149284,
            -0.875471213090402
        ],
        "Spine": [
            0.01671036491040296,
            -0.04745121749364658,
            0.3537813349798699
        ],
        "Thorax": [
            0.019303161360379194,
            -0.16995896999028298,
            0.6924287305591947
        ],
        "Neck": [
            -0.09129081161517222,
            -0.1576870767946489,
            0.9372489595307812
        ],
        "Head": [
            -0.05937184481435816,
            -0.23933392143297944,
            0.9890067065130813
        ],
        "L_Shoulder": [
            0.16185529822812644,
            0.061288624258270114,
            0.7609207501007683
        ],
        "L_Elbow": [
            0.10938034086765293,
            0.2065271807561149,
            1.1850086299543476
        ],
        "L_Wrist": [
            0.05824265299523502,
            0.0713156162662119,
            1.4569508410812848
        ],
        "R_Shoulder": [
            -0.11143523430598487,
            -0.30205731003057423,
            0.6184893683337536
        ],
        "R_Elbow": [
            -0.4387933840061277,
            -0.22068482276264914,
            0.6825486075489586
        ],
        "R_Wrist": [
            -0.7074743564091548,
            -0.10571194358977763,
            0.8260952342112579
        ]
    }
}