{
    "video": "edition21_sequence_6.mp4",
    "peak_id": 7,
    "frame_idx": 2044,
    "timestamp": 81.76,
    "total_score": 0.641,
    "skeleton_3d": {
        "Pelvis": [
            0.0,
            0.0,
            0.0
        ],
        "R_Hip": [
            0.10338664080449855,
            -0.10676286148332605,
            -0.047230359812170455
        ],
        "R_Knee": [
            0.10583064406329422,
            -0.20189561322725544,
            -0.6309004072978665
        ],
        "R_Ankle": [
            0.20778061038201917,
            -0.34473787606424344,
            -1.206842431789135
        ],
        "L_Hip": [
            -0.10119452302831845,
            0.10349456508093949,
            0.05222559784452207
        ],
        "L_Knee": [
            -0.5581597380681583,
            -0.06574195109458274,
            0.000277424408419451
        ],
        "L_Ankle": [
            -0.8061775322206679,
            0.2736051866293592,
            0.1098887354098094
        ],
        "Spine": [
            0.04077147288610502,
            -0.005954772077932732,
            0.2820168854685459
        ],
        "Thorax": [
            0.05477238961768386,
            0.09435567963451268,
            0.5482517006434522
        ],
        "Neck": [
            -0.020365328283445925,
            -0.007864636097438862,
            0.7621137327613788
        ],
        "Head": [
            -0.04340471998477767,
            0.09667550536205222,
            0.7971947579545071
        ],
        "L_Shoulder": [
            -0.07194569189531456,
            0.035242485292909236,
            0.4607196636127911
        ],
        "L_Elbow": [
            0.10236598969146403,
            -0.020154438971633697,
            0.4210942283733329
        ],
        "L_Wrist": [
            0.3417946780640109,
            0.1455248891889168,
            0.49070249572995145
        ],
        "R_Shoulder": [
            0.19616258400501385,
            0.06696156469453333,
            0.6068558217284996
        ],
        "R_Elbow": [
            0.36465903753167395,
            -0.0020766455614758565,
            0.8424800561248584
        ],
        "R_Wrist": [
            0.42308618465199577,
            0.012478460531111272,
            1.1308590517110344
        ]
    }
}