{
    "video": "edition21_sequence_14.mp4",
    "peak_id": 4,
    "frame_idx": 836,
    "timestamp": 33.44,
    "total_score": 0.703,
    "skeleton_3d": {
        "Pelvis": [
            0.0,
            0.0,
            0.0
        ],
        "R_Hip": [
            0.06419126944107982,
            -0.1349101913451509,
            0.010555793468522288
        ],
        "R_Knee": [
            -0.4095342013929143,
            0.18525750795375112,
            0.01958600532792598
        ],
        "R_Ankle": [
            -0.7401775661123463,
            0.5995711043299778,
            0.149144721181134
        ],
        "L_Hip": [
            -0.07613229448684357,
            0.0775695992194488,
            -0.01085519679402892
        ],
        "L_Knee": [
            0.28862576299236115,
            -0.019309881895645975,
            -0.5860729162415306
        ],
        "L_Ankle": [
            0.8996408453152904,
            -0.08387695622701195,
            -0.6973585075783055
        ],
        "Spine": [
            -0.003100454105980417,
            -0.03447144960595603,
            0.37380482518882624
        ],
        "Thorax": [
            0.002051561844302829,
            -0.1380902496346162,
            0.7556369139947231
        ],
        "Neck": [
            -0.03093624030591242,
            -0.17114450523739672,
            1.0181277340026575
        ],
        "Head": [
            0.0010480670078038654,
            -0.11636841997809294,
            1.0802982325131925
        ],
        "L_Shoulder": [
            -0.17262090419524057,
            -0.010790219490100074,
            0.8821749460192163
        ],
        "L_Elbow": [
            -0.3374918064597518,
            0.026387273285825897,
            1.1685361155596425
        ],
        "L_Wrist": [
            -0.48123112126219303,
            -0.12282512599431578,
            1.5007538037218509
        ],
        "R_Shoulder": [
            0.17411159823866618,
            -0.1426892368594499,
            0.6490095305809364
        ],
        "R_Elbow": [
            0.12559780583167304,
            -0.005497217274298646,
            0.5066510328821715
        ],
        "R_Wrist": [
            -0.011917505851545012,
            0.019368427198237337,
            0.5529787981313788
        ]
    }
}