{
    "video": "edition21_sequence_4.mp4",
    "peak_id": 13,
    "frame_idx": 2779,
    "timestamp": 111.16,
    "total_score": 0.691,
    "skeleton_3d": {
        "Pelvis": [
            0.0,
            0.0,
            0.0
        ],
        "R_Hip": [
            0.11040063555177301,
            0.15589715681320698,
            0.06949566223819977
        ],
        "R_Knee": [
            0.50742222877326,
            0.11392424524031017,
            0.09613672260323511
        ],
        "R_Ankle": [
            0.8568419745912637,
            0.5522309227768281,
            0.16769226488642344
        ],
        "L_Hip": [
            -0.11036079786068963,
            -0.15606620651815303,
            -0.06294020744947482
        ],
        "L_Knee": [
            -0.031632908289541066,
            -0.09276154915501335,
            -0.7355541238421752
        ],
        "L_Ankle": [
            0.02152795477998426,
            0.009996118596884809,
            -1.3083932630165394
        ],
        "Spine": [
            -0.09317455808832296,
            -0.08365588399273599,
            0.3239954522837593
        ],
        "Thorax": [
            -0.19136987440490044,
            -0.24770999135752653,
            0.634898621072306
        ],
        "Neck": [
            -0.28971988496525214,
            -0.28793116363128646,
            0.9084299450899986
        ],
        "Head": [
            -0.30226681529573396,
            -0.25221228075245616,
            0.966404809478538
        ],
        "L_Shoulder": [
            -0.35412988068032925,
            -0.2944486201831821,
            0.53910375396737
        ],
        "L_Elbow": [
            -0.4237290154361508,
            -0.011225318626993863,
            0.25650904007695297
        ],
        "L_Wrist": [
            -0.23672255806165426,
            -0.008916084800300376,
            0.0049537146228535766
        ],
        "R_Shoulder": [
            0.005796960490002095,
            -0.0797515522952093,
            0.6967715848815462
        ],
        "R_Elbow": [
            0.21618789410764896,
            0.05209884032785979,
            0.9286691901181333
        ],
        "R_Wrist": [
            -0.04013066276330286,
            -0.13137050409164344,
            1.0495744858356364
        ]
    }
}