{
    "video": "edition21_sequence_7.mp4",
    "peak_id": 12,
    "frame_idx": 1847,
    "timestamp": 73.88,
    "total_score": 0.608,
    "skeleton_3d": {
        "Pelvis": [
            0.0,
            0.0,
            0.0
        ],
        "R_Hip": [
            -0.12919928840994566,
            -0.15643423873467335,
            0.04707144126663547
        ],
        "R_Knee": [
            -0.5959119838112454,
            0.18695011651463556,
            -0.02345975018052889
        ],
        "R_Ankle": [
            -0.1705355569148473,
            0.6712956175234903,
            0.005317435966326488
        ],
        "L_Hip": [
            0.11672285335321025,
            0.15632129000480316,
            -0.03297848851152391
        ],
        "L_Knee": [
            0.1455402864895325,
            0.014564621368438503,
            -0.724233886301661
        ],
        "L_Ankle": [
            0.2144163166219908,
            -0.3219265907099617,
            -1.3224495222767547
        ],
        "Spine": [
            0.037080838741773856,
            0.02006775621606321,
            0.3336716474975616
        ],
        "Thorax": [
            0.07462513752353217,
            0.09000755858590005,
            0.6496812181456137
        ],
        "Neck": [
            0.04250127400418106,
            0.0974885413378077,
            0.8869630919042573
        ],
        "Head": [
            0.06398782954811798,
            0.04259236418819378,
            0.9145905588169819
        ],
        "L_Shoulder": [
            0.2772718897607958,
            0.12727580608636335,
            0.6004544715862364
        ],
        "L_Elbow": [
            0.6457223272094199,
            0.13315730407481355,
            0.5194460499942615
        ],
        "L_Wrist": [
            1.0029951315541208,
            0.2551312586719111,
            0.540012726357657
        ],
        "R_Shoulder": [
            -0.15292777787060394,
            -0.0466556835139165,
            0.6830113023742045
        ],
        "R_Elbow": [
            -0.3596109096665838,
            -0.04005260177484137,
            0.9935705817127171
        ],
        "R_Wrist": [
            -0.42309897090621734,
            0.0064004719186403665,
            1.332584203756788
        ]
    }
}