{
    "video": "edition21_sequence_7.mp4",
    "peak_id": 5,
    "frame_idx": 1242,
    "timestamp": 49.68,
    "total_score": 0.94,
    "skeleton_3d": {
        "Pelvis": [
            0.0,
            0.0,
            0.0
        ],
        "R_Hip": [
            0.06349858249290495,
            0.1680715095927439,
            0.06068505014474262
        ],
        "R_Knee": [
            0.5734768291739396,
            0.1994071799848951,
            0.11973028812789842
        ],
        "R_Ankle": [
            1.0799036780347897,
            0.38427897465244554,
            0.2898688526355248
        ],
        "L_Hip": [
            -0.06558843377582212,
            -0.1718883518750046,
            -0.05522560618861611
        ],
        "L_Knee": [
            -0.06675818022320774,
            -0.14036878420166887,
            -0.6047413670029766
        ],
        "L_Ankle": [
            -0.150236025984744,
            -0.11590159041845202,
            -1.118490317170016
        ],
        "Spine": [
            -0.06642402428414643,
            -0.035793774836178294,
            0.30423463034307635
        ],
        "Thorax": [
            -0.11959450993352644,
            0.04909859707522466,
            0.6114593020553832
        ],
        "Neck": [
            -0.16029508621122981,
            -0.0032435631745723723,
            0.828589253562515
        ],
        "Head": [
            -0.12339995732128901,
            0.06077259740864939,
            0.8729067088295369
        ],
        "L_Shoulder": [
            -0.2166533659658823,
            -0.15622831941846407,
            0.6295671315367344
        ],
        "L_Elbow": [
            -0.30987702419885865,
            -0.4063435430884639,
            0.9169016333183393
        ],
        "L_Wrist": [
            -0.38115122085155523,
            -0.3458964962366567,
            1.2052327804681497
        ],
        "R_Shoulder": [
            -0.03412856100735288,
            0.18118187519398365,
            0.5794411748525626
        ],
        "R_Elbow": [
            0.11155912244275419,
            0.4971202990458512,
            0.6994847304726219
        ],
        "R_Wrist": [
            0.19859148448867373,
            0.2623215241313122,
            0.7965549156090921
        ]
    }
}