{
    "video": "edition21_sequence_7.mp4",
    "peak_id": 1,
    "frame_idx": 957,
    "timestamp": 38.28,
    "total_score": 0.527,
    "skeleton_3d": {
        "Pelvis": [
            0.0,
            0.0,
            0.0
        ],
        "R_Hip": [
            0.11961888342123798,
            -0.12070602457788399,
            0.01059681286077259
        ],
        "R_Knee": [
            -0.14343423166870356,
            0.12875731136935603,
            -0.14191185237315926
        ],
        "R_Ankle": [
            -0.5778967813156348,
            0.20133039978438824,
            -0.5375694712371201
        ],
        "L_Hip": [
            -0.11500806095405662,
            0.12966256644877008,
            -0.013803911079231616
        ],
        "L_Knee": [
            -0.19533428918746634,
            0.08687792064426478,
            -0.6340368223537036
        ],
        "L_Ankle": [
            0.022542121129205436,
            0.020209541486901936,
            -1.1770576943636761
        ],
        "Spine": [
            -0.10108594589992291,
            -0.06484339855351517,
            0.33223996033864206
        ],
        "Thorax": [
            -0.22008953252460353,
            -0.17883370824793413,
            0.6426735773652876
        ],
        "Neck": [
            -0.4697155319457205,
            -0.2599210104696494,
            0.8346460853636158
        ],
        "Head": [
            -0.470412310836523,
            -0.22973805341842674,
            0.8993409945108902
        ],
        "L_Shoulder": [
            -0.36446197065476577,
            -0.03615764751492351,
            0.5379832545449573
        ],
        "L_Elbow": [
            -0.689882533181077,
            -0.10181609254684994,
            0.32730287408202696
        ],
        "L_Wrist": [
            -0.9341582875988613,
            -0.31085380786893446,
            0.09547688970809873
        ],
        "R_Shoulder": [
            -0.034086435135324264,
            -0.17861895175028422,
            0.7265805417241242
        ],
        "R_Elbow": [
            0.2859894051271861,
            -0.04500476685591188,
            0.8005774328712868
        ],
        "R_Wrist": [
            0.5852492536096916,
            -0.16675666240125944,
            0.8968220238551293
        ]
    }
}