{
    "video": "edition21_sequence_14.mp4",
    "peak_id": 8,
    "frame_idx": 1880,
    "timestamp": 75.2,
    "total_score": 0.713,
    "skeleton_3d": {
        "Pelvis": [
            0.0,
            0.0,
            0.0
        ],
        "R_Hip": [
            -0.1519063324241251,
            -0.04888013753041704,
            -0.03360311631978023
        ],
        "R_Knee": [
            -0.5329073465324247,
            0.18598038863137445,
            -0.15244334484755695
        ],
        "R_Ankle": [
            -0.8736535148970456,
            0.3471069947802176,
            -0.29751643562858265
        ],
        "L_Hip": [
            0.153794166182248,
            0.04745141540476375,
            0.02713563416852947
        ],
        "L_Knee": [
            0.5343431928481245,
            0.21771903830940886,
            -0.25346952339674717
        ],
        "L_Ankle": [
            0.9252907792308745,
            -0.02780266376960765,
            -0.5542181112732268
        ],
        "Spine": [
            -0.11950510753703682,
            -0.061214002908184496,
            0.32366422750574503
        ],
        "Thorax": [
            -0.24420831466048365,
            -0.09583799778731322,
            0.6350530357965889
        ],
        "Neck": [
            -0.379178640052587,
            -0.08364185540167487,
            0.8924976018919579
        ],
        "Head": [
            -0.3825950736194401,
            -0.15725496208903214,
            0.9374971979272848
        ],
        "L_Shoulder": [
            -0.038394388054754695,
            -0.043843153587244534,
            0.6915285075388049
        ],
        "L_Elbow": [
            0.3130405989923731,
            0.0450125194465821,
            0.7630746004209683
        ],
        "L_Wrist": [
            0.6114022909724679,
            0.1940722201595309,
            0.8769218243245333
        ],
        "R_Shoulder": [
            -0.44650053935077544,
            -0.1448263798811127,
            0.5668491101337452
        ],
        "R_Elbow": [
            -0.8203167496347573,
            -0.15909162424553086,
            0.4799472242319246
        ],
        "R_Wrist": [
            -1.1258180886853746,
            -0.06905189437026366,
            0.5112576621396145
        ]
    }
}