{
    "video": "edition21_sequence_13.mp4",
    "peak_id": 5,
    "frame_idx": 928,
    "timestamp": 37.12,
    "total_score": 1.0,
    "skeleton_3d": {
        "Pelvis": [
            0.0,
            0.0,
            0.0
        ],
        "R_Hip": [
            0.11476331025730846,
            0.15891588324739853,
            0.06796690371113934
        ],
        "R_Knee": [
            0.556158492864686,
            0.18253630806099536,
            0.2773628969552924
        ],
        "R_Ankle": [
            0.9514449565093362,
            0.3982429916761217,
            0.6254021793512811
        ],
        "L_Hip": [
            -0.11669911872259707,
            -0.16389786589364636,
            -0.06421779234949779
        ],
        "L_Knee": [
            -0.19039334151156725,
            -0.11168554156788643,
            -0.6752899294137023
        ],
        "L_Ankle": [
            -0.255874023815309,
            -0.1506896229868999,
            -1.2370189489263885
        ],
        "Spine": [
            -0.0794928644733578,
            -0.07544088112944906,
            0.3283236307271734
        ],
        "Thorax": [
            -0.16611001854322197,
            -0.18332458080065714,
            0.6475088095768874
        ],
        "Neck": [
            -0.29398730403944107,
            -0.23722383705546052,
            0.8454848189864482
        ],
        "Head": [
            -0.2981509104778876,
            -0.15186887335220045,
            0.8997603827260788
        ],
        "L_Shoulder": [
            -0.34002582397576053,
            -0.20446719339161834,
            0.575360887468265
        ],
        "L_Elbow": [
            -0.61901611724529,
            -0.07146069385039883,
            0.4829612740947736
        ],
        "L_Wrist": [
            -0.9815339523711768,
            -0.1328237941025467,
            0.43342131095440706
        ],
        "R_Shoulder": [
            0.027083998420047762,
            -0.11559236400979486,
            0.718685958436888
        ],
        "R_Elbow": [
            0.056305032150158765,
            -0.007163736799563104,
            1.0440621063061153
        ],
        "R_Wrist": [
            -0.10528269642508052,
            -0.07911786429876674,
            1.3305654903029105
        ]
    }
}