{
    "video": "edition21_sequence_9.mp4",
    "peak_id": 1,
    "frame_idx": 696,
    "timestamp": 27.84,
    "total_score": 0.75,
    "skeleton_3d": {
        "Pelvis": [
            0.0,
            0.0,
            0.0
        ],
        "R_Hip": [
            -0.013635234116948645,
            0.1325932447650872,
            0.0931737182871575
        ],
        "R_Knee": [
            -0.16911619536433073,
            0.33579049980037734,
            0.36050933551627207
        ],
        "R_Ankle": [
            -0.42026154432915785,
            0.45810620120485385,
            0.5962156720795926
        ],
        "L_Hip": [
            0.0045648333694786655,
            -0.14656225353494248,
            -0.08876032807351004
        ],
        "L_Knee": [
            0.21338074862493936,
            -0.08298281756410449,
            -0.6377273656980627
        ],
        "L_Ankle": [
            0.27691060737276235,
            -0.14470630553067815,
            -1.2079981995185876
        ],
        "Spine": [
            0.06611629289381382,
            -0.07740271757154296,
            0.3305972247071306
        ],
        "Thorax": [
            0.12858286210365277,
            -0.12523014959540762,
            0.6716885190504519
        ],
        "Neck": [
            0.2657725157472605,
            -0.09965482912636048,
            0.8675559247485607
        ],
        "Head": [
            0.24163884951976916,
            -0.14673644313477852,
            0.9230009301084342
        ],
        "L_Shoulder": [
            0.08383365623725673,
            -0.2569605138897447,
            0.666016213633399
        ],
        "L_Elbow": [
            0.24941223443546595,
            -0.355262086516006,
            0.7333194862687828
        ],
        "L_Wrist": [
            0.4003262294159194,
            -0.22508868381462915,
            0.9603131777037788
        ],
        "R_Shoulder": [
            0.15318442118207337,
            0.05720100763397705,
            0.6589483923840644
        ],
        "R_Elbow": [
            0.2933073472496159,
            0.3115201853479719,
            0.8114731324803458
        ],
        "R_Wrist": [
            0.4004145200662905,
            0.18909012256334476,
            0.9928532561515149
        ]
    }
}