{
    "video": "edition39_sequence_2.mp4",
    "peak_id": 9,
    "frame_idx": 2496,
    "timestamp": 99.84,
    "total_score": 0.63,
    "skeleton_3d": {
        "Pelvis": [
            0.0,
            0.0,
            0.0
        ],
        "R_Hip": [
            0.11673580603548178,
            -0.10183416449653955,
            0.029980720696744994
        ],
        "R_Knee": [
            0.5719631911176388,
            -0.1382529764308288,
            -0.03680006268814475
        ],
        "R_Ankle": [
            0.9827049865075029,
            -0.34204983403761297,
            0.023278483691766053
        ],
        "L_Hip": [
            -0.11104197308023771,
            0.13326447561984617,
            -0.03292709444957964
        ],
        "L_Knee": [
            -0.03075795958012569,
            -0.005964743892087856,
            -0.5944506270402403
        ],
        "L_Ankle": [
            0.025388095956163426,
            -0.13007832095485525,
            -1.0817973203713545
        ],
        "Spine": [
            -0.05525345338544574,
            0.18290502835119463,
            0.287271031085153
        ],
        "Thorax": [
            -0.07668969147964595,
            0.45239746317113394,
            0.6065972726002521
        ],
        "Neck": [
            -0.02490843327863913,
            0.3656827319238464,
            0.8109262125419909
        ],
        "Head": [
            -0.03978802638448352,
            0.6204274944414188,
            0.8309998308967231
        ],
        "L_Shoulder": [
            -0.2787289497495542,
            0.3738362562506955,
            0.5409452255542934
        ],
        "L_Elbow": [
            -0.5834998252260762,
            0.26570960053745796,
            0.42987908612351144
        ],
        "L_Wrist": [
            -0.8869979395739375,
            0.07726317806012761,
            0.4179351971410385
        ],
        "R_Shoulder": [
            0.12019625582286568,
            0.29847876205915685,
            0.6126421643796177
        ],
        "R_Elbow": [
            0.28394565416432427,
            -0.08897934369220233,
            0.8861703157066518
        ],
        "R_Wrist": [
            0.2935422438750205,
            -0.032247513492046714,
            1.1807820774760267
        ]
    }
}