{
    "video": "edition39_sequence_2.mp4",
    "peak_id": 4,
    "frame_idx": 1310,
    "timestamp": 52.4,
    "total_score": 0.716,
    "skeleton_3d": {
        "Pelvis": [
            0.0,
            0.0,
            0.0
        ],
        "R_Hip": [
            0.11959951471563782,
            -0.01966308648352433,
            0.07351808441109507
        ],
        "R_Knee": [
            0.5966842991082156,
            -0.050735398486209615,
            0.2961040010417035
        ],
        "R_Ankle": [
            1.0687540163870828,
            -0.32582778275965124,
            0.5031333557708287
        ],
        "L_Hip": [
            -0.10275585938260078,
            0.06273556479827726,
            -0.07166549660030244
        ],
        "L_Knee": [
            -0.1294925766070371,
            -0.16554592222548267,
            -0.6059935627347562
        ],
        "L_Ankle": [
            -0.22631129134620664,
            -0.43753450148972456,
            -1.123379280713439
        ],
        "Spine": [
            -0.1547554205134721,
            0.15037420492081124,
            0.23834111118764204
        ],
        "Thorax": [
            -0.2598509239172385,
            0.40987922552639505,
            0.4872812648263784
        ],
        "Neck": [
            -0.35926298749623226,
            0.3239873687304581,
            0.7050648345087709
        ],
        "Head": [
            -0.3270588409906074,
            0.5889315016110453,
            0.7075894743277014
        ],
        "L_Shoulder": [
            -0.4553591401455971,
            0.3064049710431273,
            0.45767285006103275
        ],
        "L_Elbow": [
            -0.6473734563616306,
            0.09402856671901552,
            0.7017668015058722
        ],
        "L_Wrist": [
            -0.7724080213095272,
            0.15449636342876552,
            1.0220537110291172
        ],
        "R_Shoulder": [
            -0.05620470754249807,
            0.32016954241585677,
            0.4732396843624052
        ],
        "R_Elbow": [
            0.2828813234564,
            0.012109842237838123,
            0.49296496393047523
        ],
        "R_Wrist": [
            0.5761473024027446,
            -0.22466921365333636,
            0.5660705719767873
        ]
    }
}