{
    "video": "edition39_sequence_7.mp4",
    "peak_id": 9,
    "frame_idx": 1330,
    "timestamp": 53.2,
    "total_score": 0.465,
    "skeleton_3d": {
        "Pelvis": [
            0.0,
            0.0,
            0.0
        ],
        "R_Hip": [
            0.06400118483526056,
            -0.13966729383320056,
            0.01903912794248345
        ],
        "R_Knee": [
            0.6089991323482923,
            -0.007065496783412742,
            -0.2563015054798999
        ],
        "R_Ankle": [
            1.0852971445770334,
            -0.13909852712921872,
            -0.4416294814703843
        ],
        "L_Hip": [
            -0.06574600657581649,
            0.18345189320292507,
            -0.014588196854210256
        ],
        "L_Knee": [
            0.08875804562144604,
            0.5159252209301494,
            -0.592605982145759
        ],
        "L_Ankle": [
            0.17845858553124108,
            1.0838738077995191,
            -1.111558703887569
        ],
        "Spine": [
            -0.05646045916090536,
            -0.08483243337478848,
            0.3096352612855632
        ],
        "Thorax": [
            -0.0779015438834615,
            -0.013781676551801885,
            0.653558044502815
        ],
        "Neck": [
            -0.22133730719709363,
            -0.09351851716291885,
            0.8719083593727031
        ],
        "Head": [
            -0.1763503211071606,
            0.1236032370828551,
            0.9245315220292428
        ],
        "L_Shoulder": [
            -0.284093060664642,
            0.14338617372922866,
            0.6100959235240545
        ],
        "L_Elbow": [
            -0.6429315914531655,
            0.45472346923036516,
            0.5936367162083823
        ],
        "L_Wrist": [
            -0.9100410317330371,
            -0.04010365088924706,
            0.6192105896489437
        ],
        "R_Shoulder": [
            0.1020985028489482,
            -0.2779122793789712,
            0.6085055038573978
        ],
        "R_Elbow": [
            -0.5642032467284467,
            -0.29350063609057286,
            0.5944035958148444
        ],
        "R_Wrist": [
            0.5697123071152239,
            -0.35700290973586984,
            0.6284008030454765
        ]
    }
}