{
    "video": "edition39_sequence_17.mp4",
    "peak_id": 10,
    "frame_idx": 2953,
    "timestamp": 118.12,
    "total_score": 0.413,
    "skeleton_3d": {
        "Pelvis": [
            0.0,
            0.0,
            0.0
        ],
        "R_Hip": [
            0.11091840940002769,
            -0.10298180178369978,
            0.011313734193856577
        ],
        "R_Knee": [
            0.017833097391280073,
            -0.039162213352633285,
            -0.6236266334274929
        ],
        "R_Ankle": [
            0.0075781604513774055,
            0.20948507318060097,
            -1.2402307346217607
        ],
        "L_Hip": [
            -0.09993388373539798,
            0.14531595121951324,
            -0.0032626895044769984
        ],
        "L_Knee": [
            -0.008611853611454605,
            0.5459651971336155,
            -0.5533434426931589
        ],
        "L_Ankle": [
            0.0018409051369415418,
            0.4029963295109881,
            -0.11835842255499288
        ],
        "Spine": [
            -0.08002862320844736,
            -0.09154175680498727,
            0.3088768475716382
        ],
        "Thorax": [
            -0.143793990380111,
            -0.09434899380399009,
            0.670729083318604
        ],
        "Neck": [
            -0.2853785107500681,
            -0.19127151594701972,
            0.8980917514605792
        ],
        "Head": [
            -0.2574305748303447,
            -0.042182542482331054,
            0.9510208837847042
        ],
        "L_Shoulder": [
            -0.3815354608999316,
            -0.005674668554369878,
            0.5762847414830973
        ],
        "L_Elbow": [
            -0.6475814795452554,
            -0.05345114442431166,
            0.43720816769255694
        ],
        "L_Wrist": [
            -0.9297148167933239,
            -0.3719547420136094,
            0.3773302598391204
        ],
        "R_Shoulder": [
            0.1094401170966217,
            -0.22613489597386452,
            0.6644390649642992
        ],
        "R_Elbow": [
            0.4749829697067884,
            -0.20622865153831427,
            0.5571188821952643
        ],
        "R_Wrist": [
            0.8388488897996,
            -0.34361365565270247,
            0.5533620519274138
        ]
    }
}