{
    "video": "edition39_sequence_1.mp4",
    "peak_id": 5,
    "frame_idx": 778,
    "timestamp": 31.12,
    "total_score": 0.432,
    "skeleton_3d": {
        "Pelvis": [
            0.0,
            0.0,
            0.0
        ],
        "R_Hip": [
            -0.05684003518596135,
            -0.2149888553233939,
            -0.044540939931829004
        ],
        "R_Knee": [
            0.05399232554134394,
            -0.4567387787975929,
            -0.692899936795679
        ],
        "R_Ankle": [
            0.1842706294076734,
            -0.6046750572330417,
            -1.3390026536081479
        ],
        "L_Hip": [
            0.055147600244820606,
            0.18839495763586608,
            0.0407967328048955
        ],
        "L_Knee": [
            0.49613189087486353,
            0.7183905551200742,
            -0.1645401737636891
        ],
        "L_Ankle": [
            0.9404383392592219,
            1.120956507971347,
            -0.21473683589003087
        ],
        "Spine": [
            -0.02835123487962125,
            -0.2385577344363894,
            0.35050935332142935
        ],
        "Thorax": [
            -0.030413789895864365,
            -0.4632516155293702,
            0.7185017641034178
        ],
        "Neck": [
            -0.14978366413166236,
            -0.5331271270765576,
            0.8654909098414842
        ],
        "Head": [
            -0.11643794035055317,
            -0.6863604830190952,
            0.9160584970514589
        ],
        "L_Shoulder": [
            0.03142588374726268,
            -0.24751838256181627,
            0.7233961017329742
        ],
        "L_Elbow": [
            -0.031277087469824806,
            0.12543904952558252,
            1.032479166309902
        ],
        "L_Wrist": [
            -0.0593868786933415,
            0.16521446747227514,
            1.3432332786612007
        ],
        "R_Shoulder": [
            -0.07925814835722782,
            -0.6520317492202838,
            0.6622771981002484
        ],
        "R_Elbow": [
            -0.19618926799158037,
            -0.8378981161586001,
            0.9842129824676109
        ],
        "R_Wrist": [
            -0.27888985415820183,
            -0.6174781984936653,
            1.3348250341722205
        ]
    }
}