{
    "video": "edition39_sequence_5.mp4",
    "peak_id": 1,
    "frame_idx": 470,
    "timestamp": 18.8,
    "total_score": 0.767,
    "skeleton_3d": {
        "Pelvis": [
            0.0,
            0.0,
            0.0
        ],
        "R_Hip": [
            0.13762112489206704,
            -0.15809008338742012,
            0.02951373937136726
        ],
        "R_Knee": [
            0.4538649535523415,
            0.13751033042048,
            0.38042434876072084
        ],
        "R_Ankle": [
            0.6689533591662338,
            0.032494364411759694,
            0.8260928844919931
        ],
        "L_Hip": [
            -0.12429397498075967,
            0.1775387365220125,
            -0.032134931450733165
        ],
        "L_Knee": [
            -0.1805474919157307,
            0.1761662877739311,
            -0.653214082854318
        ],
        "L_Ankle": [
            -0.07135069399587439,
            0.35736349745565915,
            -1.1754309666001725
        ],
        "Spine": [
            -0.1635936704176678,
            0.08986074255993531,
            0.2806085273261081
        ],
        "Thorax": [
            -0.29712311823317356,
            0.28251316782027835,
            0.5697085328007564
        ],
        "Neck": [
            -0.4715286303309871,
            0.12242818480124724,
            0.7385828502966724
        ],
        "Head": [
            -0.48839124111148,
            0.42163956324981955,
            0.7675184048823724
        ],
        "L_Shoulder": [
            -0.49889048284522985,
            0.25875176557367513,
            0.5016767094635476
        ],
        "L_Elbow": [
            -0.7236474124879771,
            -0.028481339544643363,
            0.7340974070130648
        ],
        "L_Wrist": [
            -0.7326977148783212,
            -0.1253326305657404,
            1.0325114318007786
        ],
        "R_Shoulder": [
            -0.0670526650061092,
            0.1562218378962163,
            0.5812026809293491
        ],
        "R_Elbow": [
            0.2942451874853671,
            0.1335603330520451,
            0.39083684397997603
        ],
        "R_Wrist": [
            0.6152967396475768,
            -0.16281763920044534,
            0.3471716748431573
        ]
    }
}