{
    "video": "edition39_sequence_2.mp4",
    "peak_id": 0,
    "frame_idx": 612,
    "timestamp": 24.48,
    "total_score": 0.9,
    "skeleton_3d": {
        "Pelvis": [
            0.0,
            0.0,
            0.0
        ],
        "R_Hip": [
            0.06783147441191521,
            -0.1601176622239349,
            -0.0717510257917381
        ],
        "R_Knee": [
            -0.05730528722065469,
            -0.40785787329483375,
            -0.699145362630133
        ],
        "R_Ankle": [
            0.04915027687540717,
            -0.42337243998529434,
            -1.3246015325535831
        ],
        "L_Hip": [
            -0.06781127515001385,
            0.1728498877104759,
            0.07358226516619722
        ],
        "L_Knee": [
            -0.5916241878631844,
            0.06253950459195351,
            0.33218646169153804
        ],
        "L_Ankle": [
            -0.9925612091766571,
            -0.039253999193685815,
            0.7322013081423522
        ],
        "Spine": [
            0.07838770490432526,
            -0.03977940552521166,
            0.30789286127285154
        ],
        "Thorax": [
            0.14697295683395964,
            0.1631507689576295,
            0.6523063488987092
        ],
        "Neck": [
            0.07604904834375525,
            0.20008315354338035,
            0.8229595762741658
        ],
        "Head": [
            0.06968289049606664,
            0.4266429312713973,
            0.8576161272363432
        ],
        "L_Shoulder": [
            0.023384624236371495,
            0.24636503750255503,
            0.5629652014440631
        ],
        "L_Elbow": [
            -0.18906882002863795,
            0.5924005251073516,
            0.4550658110966228
        ],
        "L_Wrist": [
            -0.28044995010466417,
            0.5414221285797366,
            0.5586154516418996
        ],
        "R_Shoulder": [
            0.28217032281945775,
            -0.14523276824481846,
            0.6743824958456368
        ],
        "R_Elbow": [
            0.3395298217919553,
            -0.5359003855779193,
            1.0353693914114268
        ],
        "R_Wrist": [
            0.2998597944806122,
            -0.36871881519324756,
            1.3821381716107266
        ]
    }
}