{
    "video": "edition39_sequence_15.mp4",
    "peak_id": 1,
    "frame_idx": 565,
    "timestamp": 22.6,
    "total_score": 0.803,
    "skeleton_3d": {
        "Pelvis": [
            0.0,
            0.0,
            0.0
        ],
        "R_Hip": [
            0.1228696081805279,
            -0.05582321356195258,
            0.043986102474522934
        ],
        "R_Knee": [
            0.3904548557084328,
            -0.045289510317650786,
            0.4541366167430567
        ],
        "R_Ankle": [
            0.6139232584749653,
            -0.21900306569992195,
            0.7921787266486024
        ],
        "L_Hip": [
            -0.10862539868518632,
            0.0942514143789872,
            -0.0462745701856585
        ],
        "L_Knee": [
            -0.08198361321360811,
            -0.026939078750425578,
            -0.6318873526917428
        ],
        "L_Ankle": [
            -0.02123733911152934,
            -0.0694940181770961,
            -1.1122925389490694
        ],
        "Spine": [
            -0.12617616297134315,
            0.13202786894738322,
            0.29824585570895246
        ],
        "Thorax": [
            -0.21717550355130646,
            0.34631260260882435,
            0.6107108028178079
        ],
        "Neck": [
            -0.3020400546800127,
            0.22751968429552866,
            0.7614576874984136
        ],
        "Head": [
            -0.31485132339036687,
            0.49167183117288354,
            0.8069712410688784
        ],
        "L_Shoulder": [
            -0.4109361047739207,
            0.24171802333540637,
            0.5705454565303217
        ],
        "L_Elbow": [
            -0.5525932622682441,
            -0.12311993049997068,
            0.8339820097903005
        ],
        "L_Wrist": [
            -0.4919698137783751,
            -0.15917258471987775,
            1.1356913328024973
        ],
        "R_Shoulder": [
            -0.006051167780254737,
            0.2741657168882602,
            0.6007715349630771
        ],
        "R_Elbow": [
            0.32019672499296903,
            0.19332917949094594,
            0.5619939362383087
        ],
        "R_Wrist": [
            0.6046879745257083,
            0.004321378528623996,
            0.7159462623751309
        ]
    }
}