{
    "video": "edition39_sequence_3.mp4",
    "peak_id": 8,
    "frame_idx": 1706,
    "timestamp": 68.24,
    "total_score": 0.503,
    "skeleton_3d": {
        "Pelvis": [
            0.0,
            0.0,
            0.0
        ],
        "R_Hip": [
            0.02099455308586141,
            -0.19302269367495972,
            -0.030181471479488863
        ],
        "R_Knee": [
            0.08115475631318224,
            -0.41440199820176227,
            -0.5986491474331599
        ],
        "R_Ankle": [
            0.18122577339160645,
            -0.5699291338199342,
            -1.1364724394639465
        ],
        "L_Hip": [
            -0.017342400003364285,
            0.1761735203951608,
            0.026833128115977805
        ],
        "L_Knee": [
            0.3620244948103568,
            0.6291441418836508,
            -0.050333406590907584
        ],
        "L_Ankle": [
            0.6902149980199395,
            1.0978436905381124,
            -0.0832743600208125
        ],
        "Spine": [
            -0.05959886503773827,
            -0.18394007364813028,
            0.2803526105200959
        ],
        "Thorax": [
            -0.0905009070661954,
            -0.33500541703494763,
            0.5853317431989344
        ],
        "Neck": [
            -0.14887679261422662,
            -0.36442914552649447,
            0.7555783649747364
        ],
        "Head": [
            -0.10934593419291982,
            -0.36536026826677287,
            0.7976967000372447
        ],
        "L_Shoulder": [
            -0.17507730204608882,
            -0.1158565463111359,
            0.5814671090191552
        ],
        "L_Elbow": [
            -0.30833909633419687,
            0.13871284820378965,
            0.7821601949083138
        ],
        "L_Wrist": [
            -0.4014472720225465,
            0.21715561582388004,
            1.0264710083564033
        ],
        "R_Shoulder": [
            -0.011676241834465423,
            -0.5585180572056603,
            0.5310385409844747
        ],
        "R_Elbow": [
            -0.22003112576364425,
            -0.805961651356025,
            0.7055964159849903
        ],
        "R_Wrist": [
            -0.3501095723375351,
            -0.5485251559942527,
            0.9775910128920279
        ]
    }
}