{
    "video": "edition39_sequence_7.mp4",
    "peak_id": 3,
    "frame_idx": 775,
    "timestamp": 31.0,
    "total_score": 0.622,
    "skeleton_3d": {
        "Pelvis": [
            0.0,
            0.0,
            0.0
        ],
        "R_Hip": [
            0.11153643564044058,
            0.13688355800942065,
            -0.00903527031562209
        ],
        "R_Knee": [
            0.14516357816565387,
            0.040177659702561735,
            -0.6042861009101889
        ],
        "R_Ankle": [
            0.042872674463416235,
            0.03584535701434012,
            -1.1095390184466747
        ],
        "L_Hip": [
            -0.11449376665599996,
            -0.1299015019046366,
            0.005690589092524609
        ],
        "L_Knee": [
            0.135565898530994,
            -0.7344584898492161,
            -0.05600028266184282
        ],
        "L_Ankle": [
            0.03810954112037507,
            -1.2139776294611726,
            -0.11632898272798932
        ],
        "Spine": [
            0.02506894148870669,
            0.2231632986250746,
            0.27409180453079846
        ],
        "Thorax": [
            0.06911856754092909,
            0.521224573993783,
            0.6018206584161735
        ],
        "Neck": [
            0.09589870248036389,
            0.4226503785165449,
            0.8208843661744425
        ],
        "Head": [
            0.09289942674324347,
            0.6710851982191482,
            0.8241110382832016
        ],
        "L_Shoulder": [
            -0.11524536648729064,
            0.31341115019286336,
            0.5650935632876543
        ],
        "L_Elbow": [
            -0.20763285514570462,
            -0.029096969580035156,
            0.3871759179920466
        ],
        "L_Wrist": [
            -0.1495968880202714,
            -0.3473108210380487,
            0.3924992949743957
        ],
        "R_Shoulder": [
            0.25240283531034746,
            0.3760798195349638,
            0.5553191832559132
        ],
        "R_Elbow": [
            0.49930032205852587,
            -0.16907490254591026,
            0.3894603695914028
        ],
        "R_Wrist": [
            -0.12757005914132988,
            -0.4278820886776224,
            0.32513254440491424
        ]
    }
}