{
    "video": "edition39_sequence_4.mp4",
    "peak_id": 7,
    "frame_idx": 1443,
    "timestamp": 57.72,
    "total_score": 0.458,
    "skeleton_3d": {
        "Pelvis": [
            0.0,
            0.0,
            0.0
        ],
        "R_Hip": [
            0.11652046626701103,
            -0.0039052319528204596,
            0.03619687268727259
        ],
        "R_Knee": [
            0.5996459708633354,
            -0.07668646365429302,
            -0.12810925568818
        ],
        "R_Ankle": [
            1.0566887168780061,
            -0.46235600444095876,
            -0.2615065730121844
        ],
        "L_Hip": [
            -0.11142743748044764,
            0.00917804250119844,
            -0.03461957400651491
        ],
        "L_Knee": [
            -0.037116574666309805,
            -0.4425460225491558,
            -0.5904781645582627
        ],
        "L_Ankle": [
            -0.004797201204297267,
            -0.8123810445887804,
            -1.0978750641335455
        ],
        "Spine": [
            -0.04300307920276136,
            0.21870214805974253,
            0.2638044794979396
        ],
        "Thorax": [
            -0.050150621895134286,
            0.511267259205168,
            0.5603643785532824
        ],
        "Neck": [
            -0.01360272514557539,
            0.4505646205831073,
            0.7190216313339247
        ],
        "Head": [
            -0.007768867205190083,
            0.6948080257549566,
            0.7346154863032263
        ],
        "L_Shoulder": [
            -0.2285232857191621,
            0.3551328478210991,
            0.5843934456952118
        ],
        "L_Elbow": [
            -0.330283609847887,
            0.03264915247616558,
            0.8419848251122933
        ],
        "L_Wrist": [
            -0.3687117756436975,
            0.07640424939997172,
            1.0965615666679243
        ],
        "R_Shoulder": [
            0.1252428402418852,
            0.4239409470968672,
            0.4938144523629232
        ],
        "R_Elbow": [
            0.4330801902386613,
            0.043745935034156316,
            0.4859384661227694
        ],
        "R_Wrist": [
            0.7408063479212461,
            -0.10935446590551058,
            0.5276674114693027
        ]
    }
}