{
    "video": "edition39_sequence_17.mp4",
    "peak_id": 3,
    "frame_idx": 1073,
    "timestamp": 42.92,
    "total_score": 0.638,
    "skeleton_3d": {
        "Pelvis": [
            0.0,
            0.0,
            0.0
        ],
        "R_Hip": [
            0.13940188636689085,
            -0.05759002445540899,
            -0.014865999519296253
        ],
        "R_Knee": [
            0.05284060723552593,
            -0.13653245040194883,
            -0.6330888330279477
        ],
        "R_Ankle": [
            -0.02169773532634577,
            0.22727153158279223,
            -1.2159966726344
        ],
        "L_Hip": [
            -0.12914622612356907,
            0.09193766580418951,
            0.022964387916817715
        ],
        "L_Knee": [
            -0.6007105581098618,
            0.2709117205765698,
            -0.3861339712561643
        ],
        "L_Ankle": [
            -1.0437846787218787,
            0.452398115620742,
            -0.47899022394950075
        ],
        "Spine": [
            -0.013249037636101331,
            -0.09458874408179942,
            0.31574300319431486
        ],
        "Thorax": [
            -0.03760354674824791,
            -0.04487755128222378,
            0.6740134234945171
        ],
        "Neck": [
            -0.256533674373232,
            -0.10874087979150092,
            0.8177071086044003
        ],
        "Head": [
            -0.22941586105837905,
            0.1276497073962246,
            0.883557492686469
        ],
        "L_Shoulder": [
            -0.2489951578302576,
            0.047498480141542586,
            0.5655949780723089
        ],
        "L_Elbow": [
            -0.5139941065111708,
            0.373218054406786,
            0.3695897900939
        ],
        "L_Wrist": [
            -0.8338966663505372,
            0.449535564947308,
            0.2260749989493749
        ],
        "R_Shoulder": [
            0.1948939983478131,
            -0.21648931341780345,
            0.6756799359899383
        ],
        "R_Elbow": [
            0.3600466277271179,
            -0.34812261314199305,
            0.5432390669763033
        ],
        "R_Wrist": [
            0.5012680110915909,
            -0.7693229166774193,
            0.4540242805551537
        ]
    }
}