{
    "video": "edition39_sequence_11.mp4",
    "peak_id": 7,
    "frame_idx": 1307,
    "timestamp": 52.28,
    "total_score": 0.419,
    "skeleton_3d": {
        "Pelvis": [
            0.0,
            0.0,
            0.0
        ],
        "R_Hip": [
            0.11115195042450299,
            0.018173100148722275,
            0.02265804664653973
        ],
        "R_Knee": [
            0.40985709721803626,
            0.13797300093746165,
            -0.0781454502668437
        ],
        "R_Ankle": [
            0.38361199590095274,
            -0.04918135781847827,
            -0.02568841615804701
        ],
        "L_Hip": [
            -0.10489294603546917,
            0.002293767381119167,
            -0.027115370613844364
        ],
        "L_Knee": [
            -0.1301642401780065,
            -0.20008792845466844,
            -0.6020195051309148
        ],
        "L_Ankle": [
            -0.16533206667349187,
            -0.42683134288521424,
            -1.1170773052774055
        ],
        "Spine": [
            -0.05284141421392503,
            0.14233282915927017,
            0.2994072223408359
        ],
        "Thorax": [
            -0.07969786113053019,
            0.4069368006939243,
            0.6332961605107779
        ],
        "Neck": [
            -0.09044226391325874,
            0.2944794716051683,
            0.8213950701333487
        ],
        "Head": [
            -0.09529754066256536,
            0.5709244676521653,
            0.8366422772013249
        ],
        "L_Shoulder": [
            -0.27351999727767246,
            0.25960941605181337,
            0.5965640411341334
        ],
        "L_Elbow": [
            -0.5425582998117773,
            0.06384295207104983,
            0.7460343602678761
        ],
        "L_Wrist": [
            -0.7070611407105654,
            0.06356445780620212,
            1.0069693291327577
        ],
        "R_Shoulder": [
            0.11035212632282188,
            0.310733843979723,
            0.611603338177227
        ],
        "R_Elbow": [
            0.32923224911797966,
            0.027568612698426406,
            0.8141374327375174
        ],
        "R_Wrist": [
            0.518749163761911,
            0.007944436966415147,
            1.066327843483866
        ]
    }
}