{
    "video": "edition39_sequence_3.mp4",
    "peak_id": 9,
    "frame_idx": 1847,
    "timestamp": 73.88,
    "total_score": 0.849,
    "skeleton_3d": {
        "Pelvis": [
            0.0,
            0.0,
            0.0
        ],
        "R_Hip": [
            0.03849286146356929,
            0.17881548059532038,
            -0.008511732087948483
        ],
        "R_Knee": [
            -0.08047779424566091,
            0.1108235031549409,
            -0.6867663853251894
        ],
        "R_Ankle": [
            -0.508949772895455,
            0.034190472671935764,
            -1.0658259397891479
        ],
        "L_Hip": [
            -0.043199411299077575,
            -0.1701961211237402,
            0.0054853760721898836
        ],
        "L_Knee": [
            0.46885958340952694,
            0.06951045688447742,
            0.04353609951835142
        ],
        "L_Ankle": [
            0.9012743436177842,
            0.22711101206933224,
            0.136476036306446
        ],
        "Spine": [
            0.006617056382157939,
            -0.06442544504042255,
            0.34534340752057385
        ],
        "Thorax": [
            0.02522562353902251,
            -0.15421602896603176,
            0.7054279580281048
        ],
        "Neck": [
            -0.011579751691284588,
            -0.2394601846499493,
            0.9329271386712997
        ],
        "Head": [
            -0.0345832550234388,
            -0.1605866508479552,
            0.9749762029625928
        ],
        "L_Shoulder": [
            -0.14353454010872158,
            -0.26989736390498403,
            0.6248502652110378
        ],
        "L_Elbow": [
            -0.10942273675362234,
            -0.7413321052641578,
            0.5482537981811548
        ],
        "L_Wrist": [
            0.03623568977083743,
            -0.9724042423314636,
            0.6826374716341228
        ],
        "R_Shoulder": [
            0.21543969452415707,
            -0.027746903145192257,
            0.707432112506007
        ],
        "R_Elbow": [
            0.5577632347047876,
            -0.07959471132786577,
            0.7072210894838404
        ],
        "R_Wrist": [
            0.9477104110316662,
            -0.27937247627394174,
            0.7587364735181676
        ]
    }
}