{
    "video": "edition39_sequence_15.mp4",
    "peak_id": 0,
    "frame_idx": 350,
    "timestamp": 14.0,
    "total_score": 0.45,
    "skeleton_3d": {
        "Pelvis": [
            0.0,
            0.0,
            0.0
        ],
        "R_Hip": [
            -0.14606056638971052,
            -0.10307120132978949,
            -0.013322645098215614
        ],
        "R_Knee": [
            -0.11990695184025454,
            0.08355063304752058,
            -0.6283403402736332
        ],
        "R_Ankle": [
            0.17905983519975827,
            -0.31153637551072255,
            -1.0544444465467908
        ],
        "L_Hip": [
            0.1469942862237104,
            0.1063095314525917,
            0.01891447047166236
        ],
        "L_Knee": [
            0.1186353136410946,
            0.6237758242684636,
            -0.4189352503244004
        ],
        "L_Ankle": [
            0.19227101746612948,
            0.9565831514939267,
            -0.6898530214606681
        ],
        "Spine": [
            -0.01935828359259746,
            -0.18451697098593037,
            0.3215602454678721
        ],
        "Thorax": [
            -0.033877782442865975,
            -0.3707522953033522,
            0.6577751446015727
        ],
        "Neck": [
            -0.05609628820119404,
            -0.3663914666391918,
            0.912373485976187
        ],
        "Head": [
            -0.0634804395365464,
            -0.569760202255678,
            0.9164511572435685
        ],
        "L_Shoulder": [
            0.21327764486494055,
            -0.36431214947950774,
            0.6342801617367034
        ],
        "L_Elbow": [
            0.4390990173732638,
            0.03332009503458986,
            0.6424157114073351
        ],
        "L_Wrist": [
            0.1538769881189967,
            0.4073460591479835,
            0.7133849026606103
        ],
        "R_Shoulder": [
            -0.27019757108979064,
            -0.2920499808454308,
            0.6075357365914753
        ],
        "R_Elbow": [
            -0.3613066201239427,
            0.13424228560808116,
            0.580751555089845
        ],
        "R_Wrist": [
            -0.12025185529485757,
            0.40027535703622336,
            0.7073303337740185
        ]
    }
}