{
    "video": "edition39_sequence_12.mp4",
    "peak_id": 4,
    "frame_idx": 1062,
    "timestamp": 42.48,
    "total_score": 1.0,
    "skeleton_3d": {
        "Pelvis": [
            0.0,
            0.0,
            0.0
        ],
        "R_Hip": [
            0.0950780299220704,
            0.1128664512584521,
            0.05738957568572185
        ],
        "R_Knee": [
            0.5301327659603116,
            -0.11423371931857347,
            0.4985281306559286
        ],
        "R_Ankle": [
            0.9338054439925436,
            -0.321713429544077,
            0.9556141012206065
        ],
        "L_Hip": [
            -0.07988460823788004,
            -0.10082641833098305,
            -0.06061906986459669
        ],
        "L_Knee": [
            -0.07287208884824199,
            -0.1445292519576018,
            -0.6274256431330621
        ],
        "L_Ankle": [
            -0.2586591702382721,
            -0.2954020292311717,
            -1.1462712196530296
        ],
        "Spine": [
            -0.1362923404899694,
            0.07042897792187404,
            0.2992783110298826
        ],
        "Thorax": [
            -0.22024736936451822,
            0.2827578400791042,
            0.6135805436830757
        ],
        "Neck": [
            -0.3117151084692353,
            0.2158883174187821,
            0.8314127869862262
        ],
        "Head": [
            -0.2697378109688989,
            0.474657178861516,
            0.856050512248721
        ],
        "L_Shoulder": [
            -0.3982373953632996,
            0.1979933077335365,
            0.6013033329439216
        ],
        "L_Elbow": [
            -0.5896139818636306,
            0.04711510374959359,
            0.8536544766378961
        ],
        "L_Wrist": [
            -0.7283081560971312,
            0.14109287882604735,
            1.1454720502688747
        ],
        "R_Shoulder": [
            -0.03975898911941835,
            0.19342473414878528,
            0.5704371772718302
        ],
        "R_Elbow": [
            0.27541950770399726,
            0.07576993246586211,
            0.5606219509726489
        ],
        "R_Wrist": [
            0.5755781882713077,
            -0.0915074911551414,
            0.6592417459350555
        ]
    }
}