{
    "video": "edition39_sequence_9.mp4",
    "peak_id": 12,
    "frame_idx": 2861,
    "timestamp": 114.44,
    "total_score": 0.599,
    "skeleton_3d": {
        "Pelvis": [
            0.0,
            0.0,
            0.0
        ],
        "R_Hip": [
            0.09999559473088095,
            -0.04413845820809236,
            0.060051940809467734
        ],
        "R_Knee": [
            0.6376027027572824,
            0.11263836733837114,
            0.05319258156720904
        ],
        "R_Ankle": [
            1.103917803127909,
            -0.052316282779358805,
            0.1288120448395496
        ],
        "L_Hip": [
            -0.08791978348010306,
            0.09634579595450862,
            -0.058263964987332516
        ],
        "L_Knee": [
            -0.0007680696831950398,
            -0.1507946403173244,
            -0.6540162945477255
        ],
        "L_Ankle": [
            -0.03905997383920149,
            -0.4281179995003975,
            -1.170501878332055
        ],
        "Spine": [
            -0.12168750601607094,
            0.0984411331132283,
            0.2919839021097863
        ],
        "Thorax": [
            -0.19790610201147005,
            0.2703105893615701,
            0.6097225112051122
        ],
        "Neck": [
            -0.3056186810208145,
            0.17528840752222413,
            0.8464902015217802
        ],
        "Head": [
            -0.28159164136619363,
            0.4638167698392506,
            0.8650388506552376
        ],
        "L_Shoulder": [
            -0.40340642428198165,
            0.2347828982120864,
            0.6081501690087145
        ],
        "L_Elbow": [
            -0.5325223363947357,
            0.05502776485231014,
            0.8892731819447475
        ],
        "L_Wrist": [
            -0.5728320943112415,
            0.24291683160363411,
            1.2001499155251651
        ],
        "R_Shoulder": [
            0.010103208196553989,
            0.12690812902001442,
            0.5388437056042372
        ],
        "R_Elbow": [
            0.3345136142204337,
            -0.23436768587414608,
            0.44765354717742245
        ],
        "R_Wrist": [
            0.6708524013369502,
            -0.4568597956286691,
            0.4398912836666646
        ]
    }
}