{
    "video": "edition39_sequence_7.mp4",
    "peak_id": 12,
    "frame_idx": 1786,
    "timestamp": 71.44,
    "total_score": 0.571,
    "skeleton_3d": {
        "Pelvis": [
            0.0,
            0.0,
            0.0
        ],
        "R_Hip": [
            0.12199534519745751,
            -0.06854439855028559,
            0.011742613729420162
        ],
        "R_Knee": [
            -0.008390521564295978,
            -0.47320626809392813,
            -0.01836450438913116
        ],
        "R_Ankle": [
            -0.3461494271632436,
            -0.8974858855438277,
            -0.2548052732018318
        ],
        "L_Hip": [
            -0.1158975997766332,
            0.13026860426918205,
            -0.004688441395297272
        ],
        "L_Knee": [
            -0.031197606991875057,
            0.24451376012174286,
            -0.6663710029977173
        ],
        "L_Ankle": [
            0.039132407363562806,
            0.5163497791376572,
            -1.2597024244408401
        ],
        "Spine": [
            -0.001824907150328051,
            -0.0013068161094407374,
            0.3185176185914448
        ],
        "Thorax": [
            0.0026148224676793602,
            0.15681171030665142,
            0.6703825393551487
        ],
        "Neck": [
            -0.12852612638735567,
            -0.0004883477626262222,
            0.8851053819036419
        ],
        "Head": [
            -0.10818842823646366,
            0.22381794117966924,
            0.9370844099439296
        ],
        "L_Shoulder": [
            -0.23269002558622884,
            0.16967521775892105,
            0.6216701010439446
        ],
        "L_Elbow": [
            -0.5103534161811388,
            0.46273058284541707,
            0.391349811751795
        ],
        "L_Wrist": [
            -0.7870652134859114,
            0.26297985713270877,
            0.21620185706252423
        ],
        "R_Shoulder": [
            0.24838179597366705,
            -0.047580502046440064,
            0.6151272296150401
        ],
        "R_Elbow": [
            0.6085370356555462,
            -0.27642496936466426,
            0.45474548683221866
        ],
        "R_Wrist": [
            0.9730162046802258,
            -0.5494385628251501,
            0.35328281652349414
        ]
    }
}