{
    "video": "edition39_sequence_18.mp4",
    "peak_id": 1,
    "frame_idx": 612,
    "timestamp": 24.48,
    "total_score": 0.75,
    "skeleton_3d": {
        "Pelvis": [
            0.0,
            0.0,
            0.0
        ],
        "R_Hip": [
            0.11206821007997478,
            -0.008853818358875594,
            0.03451529788528024
        ],
        "R_Knee": [
            0.30723608998769614,
            -0.08213357048142378,
            0.49976555221358976
        ],
        "R_Ankle": [
            0.5123386761641243,
            -0.23740661767927745,
            0.99761374297577
        ],
        "L_Hip": [
            -0.10029326472732139,
            0.06079150459245429,
            -0.03966734639442
        ],
        "L_Knee": [
            -0.0581460413268928,
            0.04990137264569424,
            -0.6451469307690795
        ],
        "L_Ankle": [
            0.0337594168566973,
            0.15310231548460654,
            -1.1578755869120991
        ],
        "Spine": [
            -0.09603627008822084,
            0.11132590278060049,
            0.2786882992405926
        ],
        "Thorax": [
            -0.15591176456115288,
            0.33890826920926176,
            0.5738919762247946
        ],
        "Neck": [
            -0.193606022607031,
            0.21288326917426925,
            0.7468981078743037
        ],
        "Head": [
            -0.21804626812097982,
            0.48976022163927513,
            0.7793924603888233
        ],
        "L_Shoulder": [
            -0.3481282247742395,
            0.2096950793591474,
            0.5286874147214914
        ],
        "L_Elbow": [
            -0.4895344260232546,
            -0.16370629805750384,
            0.7597667733047714
        ],
        "L_Wrist": [
            -0.5465992500246805,
            -0.16064113821350723,
            1.035451716489679
        ],
        "R_Shoulder": [
            0.04775276141801252,
            0.26682389723639915,
            0.5659587572416265
        ],
        "R_Elbow": [
            0.33472002767462367,
            0.11506060366464095,
            0.5131444358341699
        ],
        "R_Wrist": [
            0.5893229959130404,
            -0.0750392031499713,
            0.7478486539892416
        ]
    }
}