{
    "video": "edition39_sequence_13.mp4",
    "peak_id": 0,
    "frame_idx": 489,
    "timestamp": 19.56,
    "total_score": 0.45,
    "skeleton_3d": {
        "Pelvis": [
            0.0,
            0.0,
            0.0
        ],
        "R_Hip": [
            0.11882232120371244,
            -0.041746657274783217,
            -0.004399860063825229
        ],
        "R_Knee": [
            0.5755074780824592,
            0.2680168639537211,
            -0.2852166071872255
        ],
        "R_Ankle": [
            1.0500071700810758,
            0.4509424420396365,
            -0.39666755152165417
        ],
        "L_Hip": [
            -0.1165104938261102,
            0.07694816753388749,
            0.004092457932999043
        ],
        "L_Knee": [
            -0.1877076983920551,
            -0.21602892648632968,
            -0.5814964735095555
        ],
        "L_Ankle": [
            -0.22395816892145542,
            -0.42189695026957275,
            -1.064796331146157
        ],
        "Spine": [
            -0.039917521781714385,
            0.09128204797529603,
            0.3260455502987367
        ],
        "Thorax": [
            -0.0728075016701061,
            0.21647364480248787,
            0.6797259086438199
        ],
        "Neck": [
            -0.11551008799463444,
            0.14192623964673334,
            0.8852669525920915
        ],
        "Head": [
            -0.1183146250516535,
            0.3596669777170619,
            0.9246748167387463
        ],
        "L_Shoulder": [
            -0.26224713386293635,
            0.035013644119911855,
            0.6025993575344576
        ],
        "L_Elbow": [
            -0.20642619873126178,
            -0.4129269956929833,
            0.3847660894427044
        ],
        "L_Wrist": [
            -0.07536750305461609,
            -0.9336847187419988,
            0.42739637934016805
        ],
        "R_Shoulder": [
            0.13376994781972884,
            0.15748446292679819,
            0.6717669160185771
        ],
        "R_Elbow": [
            0.39493963968917684,
            -0.07734657133818511,
            0.8408864010937016
        ],
        "R_Wrist": [
            0.5905029599335765,
            -0.057863049315223236,
            1.1036074094491337
        ]
    }
}