{
    "video": "edition39_sequence_13.mp4",
    "peak_id": 3,
    "frame_idx": 689,
    "timestamp": 27.56,
    "total_score": 0.488,
    "skeleton_3d": {
        "Pelvis": [
            0.0,
            0.0,
            0.0
        ],
        "R_Hip": [
            0.09994229949282422,
            -0.06941169509258092,
            0.03829899043432753
        ],
        "R_Knee": [
            0.5543714734514199,
            0.08415077777944974,
            -0.08994698877913779
        ],
        "R_Ankle": [
            0.7188672257880265,
            0.03669898473506222,
            -0.05220075571174948
        ],
        "L_Hip": [
            -0.09070164008684241,
            0.1240509083031613,
            -0.038785196914301934
        ],
        "L_Knee": [
            -0.042301390339285934,
            -0.10327614142499712,
            -0.639714955876782
        ],
        "L_Ankle": [
            -0.04233338014063379,
            -0.20749781420167523,
            -1.2045936043638206
        ],
        "Spine": [
            -0.09283912669944819,
            -0.027533831022891468,
            0.3161720438203316
        ],
        "Thorax": [
            -0.14825919219192976,
            -0.01104815451121175,
            0.6748102636136492
        ],
        "Neck": [
            -0.2309159850601188,
            -0.1000288156458785,
            0.9027968821322887
        ],
        "Head": [
            -0.20721035287050033,
            0.12891949068976924,
            0.9381128528100674
        ],
        "L_Shoulder": [
            -0.34170385159852135,
            0.11139888343180251,
            0.6732942234084439
        ],
        "L_Elbow": [
            -0.47174981230145296,
            0.10858301090292814,
            0.9714424170137788
        ],
        "L_Wrist": [
            -0.4353652598820247,
            0.20699897130328748,
            1.30309441714506
        ],
        "R_Shoulder": [
            0.03910822653201739,
            -0.20539278489664806,
            0.5793758517002302
        ],
        "R_Elbow": [
            0.09855771103955775,
            -0.1135935639316666,
            0.19096386509351176
        ],
        "R_Wrist": [
            0.08552688924473814,
            -0.2216730981244493,
            -0.12476762285525932
        ]
    }
}