{
    "video": "edition39_sequence_3.mp4",
    "peak_id": 13,
    "frame_idx": 2269,
    "timestamp": 90.76,
    "total_score": 0.798,
    "skeleton_3d": {
        "Pelvis": [
            0.0,
            0.0,
            0.0
        ],
        "R_Hip": [
            -0.12252036409408648,
            -0.11089565890435153,
            -0.02325447368003709
        ],
        "R_Knee": [
            -0.6474035027120786,
            0.4043023468180343,
            -0.034401845585281185
        ],
        "R_Ankle": [
            -1.1883238254344752,
            0.6973899530311577,
            -0.005521623033363873
        ],
        "L_Hip": [
            0.12425593929013128,
            0.09132601979300363,
            0.021070737780778705
        ],
        "L_Knee": [
            0.4332969155744277,
            0.4318329184743151,
            -0.3979767841723884
        ],
        "L_Ankle": [
            0.7604513925343814,
            0.4025235811993271,
            -0.6969895772270471
        ],
        "Spine": [
            -0.03445562264275221,
            -0.15764300333279835,
            0.33315767613615416
        ],
        "Thorax": [
            -0.07233860750417022,
            -0.4343856189612023,
            0.6597562214467937
        ],
        "Neck": [
            -0.251571307624378,
            -0.39362206439011493,
            0.8234908910684806
        ],
        "Head": [
            -0.20984961718577214,
            -0.610705075260268,
            0.8645719802205095
        ],
        "L_Shoulder": [
            0.08950074096063682,
            -0.2890313398698392,
            0.7242703593886791
        ],
        "L_Elbow": [
            0.05632711496190286,
            0.05513931973567112,
            1.0476525836612387
        ],
        "L_Wrist": [
            0.04709198876450863,
            0.07396101441635701,
            1.3577088571946885
        ],
        "R_Shoulder": [
            -0.210703392802711,
            -0.46098960661368443,
            0.5523252666027911
        ],
        "R_Elbow": [
            -0.5941388465702092,
            -0.4314155243544092,
            0.5338063385430591
        ],
        "R_Wrist": [
            -0.9219731185137231,
            -0.15174003875486358,
            0.5511425170962219
        ]
    }
}