{
    "video": "edition39_sequence_4.mp4",
    "peak_id": 5,
    "frame_idx": 1006,
    "timestamp": 40.24,
    "total_score": 0.591,
    "skeleton_3d": {
        "Pelvis": [
            0.0,
            0.0,
            0.0
        ],
        "R_Hip": [
            0.12280839818258239,
            -0.021047756057381052,
            0.022917998104028125
        ],
        "R_Knee": [
            0.5126911706371685,
            -0.015709673258524133,
            -0.0335839154299013
        ],
        "R_Ankle": [
            0.7628964656471845,
            -0.10065554090652125,
            0.0483002495268893
        ],
        "L_Hip": [
            -0.11642256701989234,
            0.08606710597916949,
            -0.02297145987094518
        ],
        "L_Knee": [
            -0.048773635537696335,
            0.08824031083461045,
            -0.6244676373979923
        ],
        "L_Ankle": [
            0.0002757369258589829,
            0.39230880896347453,
            -1.1830672331443528
        ],
        "Spine": [
            -0.030785928382373998,
            0.0006722119281586115,
            0.31815834557141287
        ],
        "Thorax": [
            -0.02265390164353494,
            0.17551152886854243,
            0.6754426459509505
        ],
        "Neck": [
            0.045439836161799786,
            -0.009989245004003272,
            0.8591789458080521
        ],
        "Head": [
            0.01999837386657183,
            0.2876638126871082,
            0.9227493107859324
        ],
        "L_Shoulder": [
            -0.2374227732632309,
            0.08710974556259897,
            0.6439125861585484
        ],
        "L_Elbow": [
            -0.4989469758753708,
            0.28949423941452296,
            0.5359066480949796
        ],
        "L_Wrist": [
            -0.774850526557369,
            0.05987735092888971,
            0.5009876626217544
        ],
        "R_Shoulder": [
            0.17907241176749625,
            0.08315070640021864,
            0.6150870628101855
        ],
        "R_Elbow": [
            0.38513483440881197,
            0.11213794790818155,
            0.5035520584782501
        ],
        "R_Wrist": [
            0.5965703243226654,
            0.07019297820797064,
            0.4845377521122354
        ]
    }
}