{
    "video": "edition12_sequence_0.mp4",
    "peak_id": 4,
    "frame_idx": 963,
    "timestamp": 38.52,
    "total_score": 0.4,
    "skeleton_3d": {
        "Pelvis": [
            0.0,
            0.0,
            0.0
        ],
        "R_Hip": [
            0.13118697455463604,
            0.11726581517533782,
            0.02325208692568702
        ],
        "R_Knee": [
            0.4098129112814634,
            0.28556809733253674,
            -0.3986827243274416
        ],
        "R_Ankle": [
            0.7597412223078293,
            0.5836667888686191,
            -0.7268950867122368
        ],
        "L_Hip": [
            -0.1298289136446595,
            -0.11168205444401533,
            -0.02194697709895233
        ],
        "L_Knee": [
            -0.16925307732816713,
            -0.13205610351445898,
            -0.619251369511759
        ],
        "L_Ankle": [
            -0.19441779515086982,
            -0.10012886411764861,
            -1.158495710243286
        ],
        "Spine": [
            -0.02315530956007061,
            -0.030330281212783822,
            0.31338576853615363
        ],
        "Thorax": [
            -0.04532703822187767,
            -0.12934108332883945,
            0.6210440070075188
        ],
        "Neck": [
            -0.17601378302150517,
            -0.21178368035011977,
            0.8372388007114336
        ],
        "Head": [
            -0.16539135264828198,
            -0.1519332186534909,
            0.9085309576551751
        ],
        "L_Shoulder": [
            -0.19075580524977007,
            -0.07915612521040018,
            0.5933182677943314
        ],
        "L_Elbow": [
            -0.3417199004423915,
            0.18965605943220656,
            0.4540009897405578
        ],
        "L_Wrist": [
            -0.5870722674522036,
            0.28419894744399377,
            0.3724206818615349
        ],
        "R_Shoulder": [
            0.1165375864573649,
            -0.04934865725646296,
            0.605763297696013
        ],
        "R_Elbow": [
            0.12866405034269776,
            0.26184257397259675,
            0.40415627320192055
        ],
        "R_Wrist": [
            0.06948456869631188,
            0.5080013131028341,
            0.2770725112577843
        ]
    }
}