{
    "video": "edition12_sequence_8.mp4",
    "peak_id": 6,
    "frame_idx": 1472,
    "timestamp": 58.88,
    "total_score": 0.817,
    "skeleton_3d": {
        "Pelvis": [
            0.0,
            0.0,
            0.0
        ],
        "R_Hip": [
            0.06213546454472587,
            0.1959339883976632,
            0.03331649680116529
        ],
        "R_Knee": [
            0.6159904044518064,
            0.2766865636109435,
            -0.049649716856338975
        ],
        "R_Ankle": [
            1.1261485860930924,
            0.48945402155830137,
            0.03481597198852368
        ],
        "L_Hip": [
            -0.07369198534947306,
            -0.19013609909487283,
            -0.027817728163869185
        ],
        "L_Knee": [
            0.07951452852520133,
            -0.1355986398655443,
            -0.6904747503357611
        ],
        "L_Ankle": [
            0.11977608954525844,
            -0.03054945524229455,
            -1.273324061034972
        ],
        "Spine": [
            0.04225385380980446,
            -0.04477850784477942,
            0.37350538244665593
        ],
        "Thorax": [
            0.08893187272804702,
            -0.15793753037556227,
            0.7454934115878178
        ],
        "Neck": [
            0.049948623140329454,
            -0.17279335004186053,
            0.9702051415162185
        ],
        "Head": [
            0.007474656369695269,
            -0.1363973473918205,
            1.025981336053002
        ],
        "L_Shoulder": [
            0.006926292032439112,
            -0.3459832928729465,
            0.672432818745513
        ],
        "L_Elbow": [
            0.19009104000061802,
            -0.45550482647171736,
            0.3268459887336078
        ],
        "L_Wrist": [
            0.3969531580369135,
            -0.1721645885804208,
            0.22348572758299018
        ],
        "R_Shoulder": [
            0.17589806195845567,
            0.06870923299184156,
            0.8215997289511247
        ],
        "R_Elbow": [
            0.26936118660429725,
            0.4394410774704205,
            0.8663873252723836
        ],
        "R_Wrist": [
            0.44814304358787904,
            0.5641353905406644,
            0.9002197928783491
        ]
    }
}