{
    "video": "edition12_sequence_8.mp4",
    "peak_id": 9,
    "frame_idx": 1778,
    "timestamp": 71.12,
    "total_score": 0.828,
    "skeleton_3d": {
        "Pelvis": [
            0.0,
            0.0,
            0.0
        ],
        "R_Hip": [
            -0.02167722097274093,
            -0.09698293972801485,
            0.044040934161645506
        ],
        "R_Knee": [
            -0.16182084056404952,
            0.40961766950050593,
            0.17593637304027615
        ],
        "R_Ankle": [
            -0.06113882826089721,
            0.8648932710583009,
            0.1446440985769915
        ],
        "L_Hip": [
            0.020289776378533044,
            0.05526110806297911,
            -0.040421728083391284
        ],
        "L_Knee": [
            -0.12575780359791755,
            0.04013541090483085,
            -0.6222850858546446
        ],
        "L_Ankle": [
            -0.0674509349284404,
            -0.11641064429460472,
            -1.2777379947178662
        ],
        "Spine": [
            -0.07295991864051218,
            -0.05080388852451368,
            0.3508508170925632
        ],
        "Thorax": [
            -0.14505119009598125,
            -0.14174151542290475,
            0.7111432600487584
        ],
        "Neck": [
            -0.10524900897664247,
            -0.14130380275450377,
            0.9754940961390721
        ],
        "Head": [
            -0.09445624218644391,
            -0.1660559530220628,
            1.0343531012299247
        ],
        "L_Shoulder": [
            -0.2412216444678115,
            0.0036476237781691867,
            0.7069617817600424
        ],
        "L_Elbow": [
            -0.4881521275212134,
            0.21654278375210814,
            0.6289961854702449
        ],
        "L_Wrist": [
            -0.8340755426706556,
            0.05127272535915396,
            0.6129260050525056
        ],
        "R_Shoulder": [
            -0.04980294791367752,
            -0.25837869334604896,
            0.6666981015640434
        ],
        "R_Elbow": [
            -0.4519242519405096,
            -0.49113959476504376,
            0.5968286617260482
        ],
        "R_Wrist": [
            -0.7930938059525291,
            -0.21889531800465623,
            0.6163664389500494
        ]
    }
}