{
    "video": "edition12_sequence_7.mp4",
    "peak_id": 2,
    "frame_idx": 460,
    "timestamp": 18.4,
    "total_score": 0.48,
    "skeleton_3d": {
        "Pelvis": [
            0.0,
            0.0,
            0.0
        ],
        "R_Hip": [
            0.15311466799395618,
            0.055494857889145245,
            0.015579552265071473
        ],
        "R_Knee": [
            0.5968335979842047,
            0.08848877897614048,
            -0.2520434540524401
        ],
        "R_Ankle": [
            1.1685243048940057,
            0.18805032996595808,
            -0.2619595603779061
        ],
        "L_Hip": [
            -0.14776250272424382,
            -0.060272473015040504,
            -0.015194324654154276
        ],
        "L_Knee": [
            -0.5722038609181668,
            -0.10585553750366408,
            -0.286297078997043
        ],
        "L_Ankle": [
            -1.1605193092804413,
            -0.2682422828508935,
            -0.545063393716037
        ],
        "Spine": [
            -0.032138193454811524,
            0.0073455149573087505,
            0.3751397893970985
        ],
        "Thorax": [
            -0.06492538188834833,
            -0.017894063714660728,
            0.7519106015647381
        ],
        "Neck": [
            -0.1334663398401248,
            -0.05414413320998065,
            1.0192240084124848
        ],
        "Head": [
            -0.09430062315783255,
            0.02284233520241696,
            1.1048754129999299
        ],
        "L_Shoulder": [
            -0.21008406125247744,
            0.022422424756162424,
            0.7842374418393211
        ],
        "L_Elbow": [
            -0.28080167547640683,
            -0.03485445353965484,
            1.1474000511476155
        ],
        "L_Wrist": [
            -0.26695259543561456,
            -0.12084409619443365,
            1.4572366477244756
        ],
        "R_Shoulder": [
            0.06580724248329425,
            0.1771777500906252,
            0.7146051328243146
        ],
        "R_Elbow": [
            0.2610277099437631,
            0.30340600608644197,
            1.0136457346578363
        ],
        "R_Wrist": [
            0.3025631299360076,
            0.18913580329489374,
            1.0851819898857364
        ]
    }
}