{
    "video": "edition12_sequence_9.mp4",
    "peak_id": 2,
    "frame_idx": 1336,
    "timestamp": 53.44,
    "total_score": 0.623,
    "skeleton_3d": {
        "Pelvis": [
            0.0,
            0.0,
            0.0
        ],
        "R_Hip": [
            0.10670787295827942,
            0.1538226772982043,
            0.06879999953374619
        ],
        "R_Knee": [
            0.6496415970264403,
            0.30601345932149354,
            -0.1306064364969014
        ],
        "R_Ankle": [
            1.2338480602206887,
            0.5360804345474404,
            -0.3440245536353559
        ],
        "L_Hip": [
            -0.09990219699132878,
            -0.11013796180933783,
            -0.061586480674429116
        ],
        "L_Knee": [
            -0.17222129348146212,
            -0.14444868434447072,
            -0.6750691258981201
        ],
        "L_Ankle": [
            0.07836923278847137,
            -0.1564475762945772,
            -1.2326095550224754
        ],
        "Spine": [
            -0.1459176344877706,
            -0.07521891175266666,
            0.3202909209448445
        ],
        "Thorax": [
            -0.29504744544386335,
            -0.13809993410838925,
            0.6460794689389652
        ],
        "Neck": [
            -0.38297046217630415,
            -0.20425305356426351,
            0.9172238920742003
        ],
        "Head": [
            -0.3833992314655841,
            -0.1752209037268434,
            0.9671763143808616
        ],
        "L_Shoulder": [
            -0.4105442523584001,
            -0.13198059595386932,
            0.5802606335808843
        ],
        "L_Elbow": [
            -0.4569384161789619,
            0.2622463475085964,
            0.3975835608031927
        ],
        "L_Wrist": [
            -0.6616844365921712,
            0.16681000509446048,
            0.33657466904989986
        ],
        "R_Shoulder": [
            -0.16650437932264522,
            0.010895840984261019,
            0.7120195712033172
        ],
        "R_Elbow": [
            -0.09545969822243947,
            0.08398164588908298,
            1.0663032818334197
        ],
        "R_Wrist": [
            -0.1050842769599992,
            0.047311921252109965,
            1.4103547190151755
        ]
    }
}