{
    "video": "edition12_sequence_2.mp4",
    "peak_id": 13,
    "frame_idx": 2272,
    "timestamp": 90.88,
    "total_score": 0.75,
    "skeleton_3d": {
        "Pelvis": [
            0.0,
            0.0,
            0.0
        ],
        "R_Hip": [
            -0.17404692596094526,
            -0.06270087979908007,
            0.03940343648159939
        ],
        "R_Knee": [
            -0.4322429945525171,
            0.2888747564628517,
            0.3313405670382128
        ],
        "R_Ankle": [
            -0.6742427632114809,
            0.6728808534403335,
            0.48763598873004654
        ],
        "L_Hip": [
            0.1668311317521155,
            0.061424356456868286,
            -0.03479804893094385
        ],
        "L_Knee": [
            0.10841944956074487,
            0.11134890536301073,
            -0.6060267734647351
        ],
        "L_Ankle": [
            -0.031092825876326273,
            -0.1269994057907889,
            -1.120892713064096
        ],
        "Spine": [
            0.027903855153381764,
            -0.08245792829501501,
            0.3258942350170042
        ],
        "Thorax": [
            0.05112628371553285,
            -0.16504980545072997,
            0.6302780274324944
        ],
        "Neck": [
            -0.02318021607051326,
            -0.14343057495859685,
            0.8671748195660577
        ],
        "Head": [
            -0.01876874205513212,
            -0.26703428035768034,
            0.8902666077716915
        ],
        "L_Shoulder": [
            0.2643382359122281,
            -0.04898895545173394,
            0.587121006551187
        ],
        "L_Elbow": [
            0.4918549379649954,
            0.10518863395773839,
            0.4095571500699653
        ],
        "L_Wrist": [
            0.7218899489792575,
            0.2683050727296839,
            0.2743925193391854
        ],
        "R_Shoulder": [
            -0.1750213165755133,
            -0.2299933860727498,
            0.6537559020521555
        ],
        "R_Elbow": [
            -0.44236790967370726,
            -0.17420119714363355,
            0.5105476032758011
        ],
        "R_Wrist": [
            -0.6234690315651111,
            -0.20766449557233344,
            0.9960679591089827
        ]
    }
}