{
    "video": "edition12_sequence_0.mp4",
    "peak_id": 1,
    "frame_idx": 486,
    "timestamp": 19.44,
    "total_score": 0.4,
    "skeleton_3d": {
        "Pelvis": [
            0.0,
            0.0,
            0.0
        ],
        "R_Hip": [
            0.14961300543546874,
            0.17446699531195953,
            0.04425831534797421
        ],
        "R_Knee": [
            0.6121157699443487,
            -0.20170864701775537,
            -0.18533988737809878
        ],
        "R_Ankle": [
            0.44776464659795545,
            0.07990025600536214,
            -0.7726438086481672
        ],
        "L_Hip": [
            -0.15363880800821264,
            -0.1668586607296329,
            -0.04110329510253136
        ],
        "L_Knee": [
            -0.05153537891785653,
            -0.2244819184313962,
            -0.7058428573442979
        ],
        "L_Ankle": [
            0.17301968547356605,
            -0.28098683122433626,
            -1.338309486004106
        ],
        "Spine": [
            0.020350884187656116,
            -0.05034457070387834,
            0.37136305454548796
        ],
        "Thorax": [
            0.02999347085162355,
            -0.23010688589034428,
            0.7134620193083658
        ],
        "Neck": [
            0.07314161277147398,
            -0.2728924599587458,
            0.9983261128394985
        ],
        "Head": [
            0.0460294311470342,
            -0.1703730223482768,
            1.0669377501509185
        ],
        "L_Shoulder": [
            -0.225395086493996,
            -0.2810802700343955,
            0.6753213784218446
        ],
        "L_Elbow": [
            -0.5695823910009747,
            -0.25111029473700247,
            0.4703199439337538
        ],
        "L_Wrist": [
            -0.9820016272739889,
            -0.3205208488181177,
            0.28681079427644335
        ],
        "R_Shoulder": [
            0.29654484140986015,
            -0.060013086365933783,
            0.7261705669274018
        ],
        "R_Elbow": [
            0.5261849408050554,
            0.2509105112038924,
            0.4970263262945157
        ],
        "R_Wrist": [
            0.5126018341810219,
            -0.043259788256106504,
            0.3184415296279395
        ]
    }
}