{
    "video": "edition12_sequence_0.mp4",
    "peak_id": 8,
    "frame_idx": 1591,
    "timestamp": 63.64,
    "total_score": 0.4,
    "skeleton_3d": {
        "Pelvis": [
            0.0,
            0.0,
            0.0
        ],
        "R_Hip": [
            0.15822596286551463,
            0.14534462997789885,
            0.026870968818777093
        ],
        "R_Knee": [
            0.514858457828244,
            -0.2508784075533743,
            -0.20970897356200494
        ],
        "R_Ankle": [
            0.41008601906207376,
            0.19476289403509478,
            -0.5788293047828434
        ],
        "L_Hip": [
            -0.15879459798051598,
            -0.1385729595005449,
            -0.022816898081522367
        ],
        "L_Knee": [
            -0.23218442863720215,
            -0.23184429531749873,
            -0.6340606899509977
        ],
        "L_Ankle": [
            -0.013719174408716303,
            -0.20758220940915195,
            -1.16061963125652
        ],
        "Spine": [
            -0.003871889877404002,
            -0.018817728251844912,
            0.34218228590292477
        ],
        "Thorax": [
            -0.02160895292418947,
            -0.18466063911841019,
            0.658069967821155
        ],
        "Neck": [
            -0.10487867104327735,
            -0.25225404074853264,
            0.920928284344574
        ],
        "Head": [
            -0.12273332701585896,
            -0.160544711669036,
            0.991433183535137
        ],
        "L_Shoulder": [
            -0.24224754703601373,
            -0.21849188612813591,
            0.5799103355285011
        ],
        "L_Elbow": [
            -0.3333464722693277,
            -0.10002816959929389,
            0.21906249861313476
        ],
        "L_Wrist": [
            -0.4669305529462574,
            -0.07163650695193641,
            -0.09563496064736697
        ],
        "R_Shoulder": [
            0.2230088668858492,
            -0.061905175830630925,
            0.7079578315726323
        ],
        "R_Elbow": [
            0.42229137389196564,
            0.1429820965530038,
            0.40117036590481053
        ],
        "R_Wrist": [
            0.5928019661481819,
            -0.09618247385557661,
            0.3995970984304194
        ]
    }
}