{
    "video": "edition12_sequence_5.mp4",
    "peak_id": 2,
    "frame_idx": 135,
    "timestamp": 5.4,
    "total_score": 0.576,
    "skeleton_3d": {
        "Pelvis": [
            0.0,
            0.0,
            0.0
        ],
        "R_Hip": [
            0.03977080830570887,
            0.1607348550426453,
            0.05214802169729289
        ],
        "R_Knee": [
            0.452940887941887,
            0.4006004628093453,
            -0.22281228557194854
        ],
        "R_Ankle": [
            0.9715819394803805,
            0.5596532823991199,
            -0.4588352052136749
        ],
        "L_Hip": [
            -0.037660288519972086,
            -0.12693849076659094,
            -0.04840812427443778
        ],
        "L_Knee": [
            -0.03586299989865427,
            -0.08790598262547078,
            -0.6804260609650278
        ],
        "L_Ankle": [
            -0.08303573728061182,
            -0.007364968593850192,
            -1.240825755738893
        ],
        "Spine": [
            -0.08218461347660767,
            -0.06493617211651184,
            0.33506242893544674
        ],
        "Thorax": [
            -0.16396720985873975,
            -0.14524664562611123,
            0.6692303841457385
        ],
        "Neck": [
            -0.2844469185351771,
            -0.19598803361432363,
            0.9197322792122292
        ],
        "Head": [
            -0.27393453721599986,
            -0.18300875176458448,
            0.9819522378713726
        ],
        "L_Shoulder": [
            -0.15341731712011591,
            -0.04205468643589541,
            0.6561020742219961
        ],
        "L_Elbow": [
            -0.3840081532883821,
            0.2471145719143103,
            0.5400980922638172
        ],
        "L_Wrist": [
            -0.6743591580916628,
            0.18785534418151503,
            0.5287546593752531
        ],
        "R_Shoulder": [
            -0.14965602457772567,
            -0.21809177426371731,
            0.6403336930439394
        ],
        "R_Elbow": [
            -0.5067900887632162,
            -0.29296530524179326,
            0.36249997797296857
        ],
        "R_Wrist": [
            -0.7785188934595313,
            -0.14970866013339534,
            0.09826867442818583
        ]
    }
}