{
    "video": "edition12_sequence_5.mp4",
    "peak_id": 0,
    "frame_idx": 10,
    "timestamp": 0.4,
    "total_score": 0.656,
    "skeleton_3d": {
        "Pelvis": [
            0.0,
            0.0,
            0.0
        ],
        "R_Hip": [
            0.05184701614219719,
            0.1174340065446436,
            0.07267792354084024
        ],
        "R_Knee": [
            0.5362158258064905,
            0.31509872527188754,
            -0.089205416273261
        ],
        "R_Ankle": [
            1.087328641087631,
            0.46318259932085426,
            -0.24874563645509476
        ],
        "L_Hip": [
            -0.04596705774821865,
            -0.08511808789632719,
            -0.0658396612342364
        ],
        "L_Knee": [
            -0.06352416692111355,
            -0.06124039429012882,
            -0.6815457376328994
        ],
        "L_Ankle": [
            0.02658570054176882,
            -0.014864217000010883,
            -1.2717575586238548
        ],
        "Spine": [
            -0.12497353855156285,
            -0.10120212420364302,
            0.30287764094336755
        ],
        "Thorax": [
            -0.24226614517974765,
            -0.22915919094006212,
            0.6098564700439811
        ],
        "Neck": [
            -0.37169829840803326,
            -0.287999273585148,
            0.856265118845768
        ],
        "Head": [
            -0.3465423824787376,
            -0.2733546250971083,
            0.9045501306097352
        ],
        "L_Shoulder": [
            -0.2536202832862683,
            -0.08838870704281968,
            0.6242800908478024
        ],
        "L_Elbow": [
            -0.45540423427277865,
            0.18549041586935186,
            0.6744227906637797
        ],
        "L_Wrist": [
            -0.7259621743431026,
            0.1624556871698981,
            0.7112034057056558
        ],
        "R_Shoulder": [
            -0.21433671506219526,
            -0.3242326848980675,
            0.5564965922833864
        ],
        "R_Elbow": [
            -0.638694413158939,
            -0.4449329754811277,
            0.36138064066310693
        ],
        "R_Wrist": [
            -0.902872280432457,
            -0.13614264921919111,
            0.2447543212978945
        ]
    }
}