{
    "video": "edition12_sequence_0.mp4",
    "peak_id": 7,
    "frame_idx": 1498,
    "timestamp": 59.92,
    "total_score": 0.423,
    "skeleton_3d": {
        "Pelvis": [
            0.0,
            0.0,
            0.0
        ],
        "R_Hip": [
            0.17465850066372401,
            0.0919036464437461,
            0.025997681149000165
        ],
        "R_Knee": [
            0.5595155763232814,
            -0.38020703549061485,
            -0.20962884072267562
        ],
        "R_Ankle": [
            0.07501363963126019,
            -0.14965548016268362,
            -0.6897052622922493
        ],
        "L_Hip": [
            -0.18054954150447122,
            -0.07442490415864882,
            -0.023752010912989258
        ],
        "L_Knee": [
            -0.3756583700330133,
            -0.44686544697193903,
            -0.5933080912551771
        ],
        "L_Ankle": [
            -0.005621520353804678,
            -0.31179455815762447,
            -1.1788495783313415
        ],
        "Spine": [
            -0.041439690964463614,
            -0.10514925993099818,
            0.3309729009991643
        ],
        "Thorax": [
            -0.09647368087194479,
            -0.3485527818743806,
            0.6329423501637906
        ],
        "Neck": [
            -0.20199260169393546,
            -0.4453714292928433,
            0.8481770235266471
        ],
        "Head": [
            -0.22752134609590938,
            -0.3407219002515827,
            0.9179404553138516
        ],
        "L_Shoulder": [
            -0.3453037538587304,
            -0.3452872253731857,
            0.5672878474116239
        ],
        "L_Elbow": [
            -0.6698562827086547,
            -0.373822396352981,
            0.31115173124839113
        ],
        "L_Wrist": [
            -1.0176247485904006,
            -0.4777768632235486,
            0.027832080687552
        ],
        "R_Shoulder": [
            0.1577227978358452,
            -0.22244206378093923,
            0.6767532261911012
        ],
        "R_Elbow": [
            0.40634612701594214,
            0.036613802794847605,
            0.40693309813831086
        ],
        "R_Wrist": [
            0.665125410374691,
            0.022471581276560768,
            0.22006267022616405
        ]
    }
}