{
    "video": "edition12_sequence_0.mp4",
    "peak_id": 0,
    "frame_idx": 377,
    "timestamp": 15.08,
    "total_score": 0.408,
    "skeleton_3d": {
        "Pelvis": [
            0.0,
            0.0,
            0.0
        ],
        "R_Hip": [
            0.08325143322340146,
            0.10986839768728589,
            0.027317501159066036
        ],
        "R_Knee": [
            -0.028273289964379843,
            0.4482561251423444,
            -0.2779493159667454
        ],
        "R_Ankle": [
            -0.17523034325796288,
            0.7476165275072163,
            -0.6606170354169024
        ],
        "L_Hip": [
            -0.08687722050696274,
            -0.05965113324301921,
            -0.028204699820741457
        ],
        "L_Knee": [
            -0.016060664346133405,
            -0.1283484257602962,
            -0.6292520708093374
        ],
        "L_Ankle": [
            -0.021305526175983743,
            -0.16713472680368627,
            -1.2334752097346124
        ],
        "Spine": [
            -0.10967891210262434,
            -0.08762429042954835,
            0.3014960325909932
        ],
        "Thorax": [
            -0.2359212278216853,
            -0.2524869141104933,
            0.5838568982494722
        ],
        "Neck": [
            -0.5113234618673685,
            -0.3090947398034256,
            0.7301261686853028
        ],
        "Head": [
            -0.5204621407061787,
            -0.3279703716428817,
            0.7825058907005138
        ],
        "L_Shoulder": [
            -0.37709990109097186,
            -0.2161031614047339,
            0.4499850116852909
        ],
        "L_Elbow": [
            -0.5901109449903028,
            -0.08665733495743863,
            0.21200243560090287
        ],
        "L_Wrist": [
            -0.6342818918239935,
            -0.2999934159468596,
            0.07775000853014316
        ],
        "R_Shoulder": [
            -0.06580738768389785,
            -0.12750735610279235,
            0.6987557827308559
        ],
        "R_Elbow": [
            0.13971153315825802,
            0.2301577416401661,
            0.6950258960760249
        ],
        "R_Wrist": [
            0.31965381152532546,
            0.27288475553193736,
            0.8886849667232352
        ]
    }
}