{
    "video": "edition12_sequence_2.mp4",
    "peak_id": 1,
    "frame_idx": 227,
    "timestamp": 9.08,
    "total_score": 0.795,
    "skeleton_3d": {
        "Pelvis": [
            0.0,
            0.0,
            0.0
        ],
        "R_Hip": [
            0.07396205493396384,
            -0.1461266097770892,
            -0.0639594269711267
        ],
        "R_Knee": [
            0.024562113674042017,
            -0.11934807214784432,
            -0.7133543392399937
        ],
        "R_Ankle": [
            0.06843750907799491,
            -0.06990283168542925,
            -1.2968778604945235
        ],
        "L_Hip": [
            -0.07635499693174817,
            0.14023452982428244,
            0.0702021394527806
        ],
        "L_Knee": [
            -0.6469968764651872,
            0.011674744754961646,
            -0.03794410681368623
        ],
        "L_Ankle": [
            -0.7645916259539508,
            0.4294237851286648,
            0.15728851195466867
        ],
        "Spine": [
            0.05406675587586416,
            -0.06684919506041331,
            0.3347959663257808
        ],
        "Thorax": [
            0.08667306749212889,
            -0.10635598018007404,
            0.6785760194557299
        ],
        "Neck": [
            0.1022655273676467,
            -0.1603763717546337,
            0.9494608832935383
        ],
        "Head": [
            0.07923513079391586,
            -0.11335198254586445,
            0.9973253771070776
        ],
        "L_Shoulder": [
            -0.05385942330789382,
            -0.10608994883317291,
            0.6455948263943332
        ],
        "L_Elbow": [
            0.10890821695593818,
            -0.10489441792149441,
            0.5877087095224123
        ],
        "L_Wrist": [
            0.27391738517058517,
            0.06795927137763974,
            0.7837714853060137
        ],
        "R_Shoulder": [
            0.22769909741204858,
            -0.1283589747731007,
            0.6597653143508092
        ],
        "R_Elbow": [
            0.24650769565484498,
            0.18952346245238885,
            0.3181425813595561
        ],
        "R_Wrist": [
            0.3159217886657237,
            0.025447877514706323,
            0.17933717078405348
        ]
    }
}