{
    "video": "edition12_sequence_0.mp4",
    "peak_id": 5,
    "frame_idx": 1008,
    "timestamp": 40.32,
    "total_score": 0.731,
    "skeleton_3d": {
        "Pelvis": [
            0.0,
            0.0,
            0.0
        ],
        "R_Hip": [
            0.040414798497454205,
            0.17685767137305866,
            0.06955712873373511
        ],
        "R_Knee": [
            0.4995310658811315,
            0.16495744178868063,
            0.1817214744535853
        ],
        "R_Ankle": [
            0.8387159982701462,
            0.6471445694021797,
            0.19271616924536838
        ],
        "L_Hip": [
            -0.04585087684383065,
            -0.18210020202601399,
            -0.060743848681641475
        ],
        "L_Knee": [
            0.0748063697020884,
            -0.1635229822661638,
            -0.7514755893778045
        ],
        "L_Ankle": [
            0.04775805216489442,
            -0.14131037794732454,
            -1.38578285080941
        ],
        "Spine": [
            -0.06132551400799377,
            -0.02440588441491793,
            0.31191216611948314
        ],
        "Thorax": [
            -0.10676749241625709,
            0.18550543517984086,
            0.6078680638300094
        ],
        "Neck": [
            -0.09969316978953795,
            0.11997949008720843,
            0.8757425694076384
        ],
        "Head": [
            -0.02430611137120006,
            0.189823198210214,
            0.9011169370689553
        ],
        "L_Shoulder": [
            -0.24723652532361295,
            -0.06787774635007122,
            0.665126228590626
        ],
        "L_Elbow": [
            -0.2703034791130235,
            -0.41345718581140106,
            0.983845735865434
        ],
        "L_Wrist": [
            -0.27377975837003016,
            -0.4008445383241403,
            1.2984949512844803
        ],
        "R_Shoulder": [
            0.015064779460167713,
            0.3079320947828264,
            0.5310087100057885
        ],
        "R_Elbow": [
            0.20178233837634485,
            0.6418221137085864,
            0.4446067181485464
        ],
        "R_Wrist": [
            0.43981317258135955,
            0.5498718958072558,
            0.4564946807798574
        ]
    }
}