{
    "video": "edition12_sequence_5.mp4",
    "peak_id": 3,
    "frame_idx": 226,
    "timestamp": 9.04,
    "total_score": 0.41,
    "skeleton_3d": {
        "Pelvis": [
            0.0,
            0.0,
            0.0
        ],
        "R_Hip": [
            0.11064289672183107,
            0.16900581357947045,
            0.001510192653744584
        ],
        "R_Knee": [
            -0.14538015079923552,
            0.16979608589688305,
            -0.5424741334427232
        ],
        "R_Ankle": [
            -0.5966680120661058,
            0.2168180169483421,
            -0.8191220964974965
        ],
        "L_Hip": [
            -0.1145015124408421,
            -0.1592584121702137,
            -0.0028669552544827747
        ],
        "L_Knee": [
            0.24139086609041577,
            0.014266900053724786,
            -0.5030583830030996
        ],
        "L_Ankle": [
            0.3100893515647443,
            0.07034583088354608,
            -1.0575573279891246
        ],
        "Spine": [
            0.03382394421091408,
            -0.011312386409572061,
            0.3578355383373567
        ],
        "Thorax": [
            0.05363992398764118,
            -0.10780795834026684,
            0.7036701937670148
        ],
        "Neck": [
            -0.09958336365015225,
            -0.18291064738661472,
            0.9673155423618236
        ],
        "Head": [
            -0.11183171077155643,
            -0.15882122165848564,
            1.0399786532362087
        ],
        "L_Shoulder": [
            -0.15105290661636683,
            -0.09180951455092295,
            0.630548943622204
        ],
        "L_Elbow": [
            -0.2991775576533348,
            0.08032369104356565,
            0.31617892046468876
        ],
        "L_Wrist": [
            -0.4758480291282777,
            -0.150407897696832,
            0.18168116809941762
        ],
        "R_Shoulder": [
            0.2805536854744919,
            -0.034260695022760385,
            0.7406274785442135
        ],
        "R_Elbow": [
            0.5865715169570983,
            0.056531944936020116,
            0.5046900560522005
        ],
        "R_Wrist": [
            0.9430685752467619,
            0.01812817357647966,
            0.4447502577918719
        ]
    }
}