{
    "video": "PdL2023_MockrishAlexander_VarClassique.mp4",
    "peak_id": 7,
    "frame_idx": 1345,
    "timestamp": 53.8,
    "total_score": 0.829,
    "skeleton_3d": {
        "Pelvis": [
            0.0,
            0.0,
            0.0
        ],
        "R_Hip": [
            0.003780530976272914,
            -0.2001056041786538,
            0.005981673506787527
        ],
        "R_Knee": [
            -0.6820728377413704,
            -0.06642154660521185,
            0.020465694164484294
        ],
        "R_Ankle": [
            -1.2028957397959323,
            -0.02196290702014072,
            0.12459188972430135
        ],
        "L_Hip": [
            0.0005885403378946259,
            0.2128583679844914,
            -0.005706308385159735
        ],
        "L_Knee": [
            0.06549655123461526,
            0.26985237963077546,
            -0.6666304274057906
        ],
        "L_Ankle": [
            0.15996064344732702,
            0.3620058885474729,
            -1.2974956158535615
        ],
        "Spine": [
            0.038407722282935784,
            -0.02713372460221696,
            0.3544990843260417
        ],
        "Thorax": [
            0.09440313445202342,
            -0.061789359763487026,
            0.7340856452083465
        ],
        "Neck": [
            0.1472700369287745,
            -0.120943853516676,
            0.9752162007905139
        ],
        "Head": [
            0.17530683507193928,
            -0.1341146940362485,
            1.0246084724205453
        ],
        "L_Shoulder": [
            -0.020696020911153336,
            0.12548742934018042,
            0.7312890932761386
        ],
        "L_Elbow": [
            -0.09920099708487298,
            0.5805713346668118,
            0.5121124145880876
        ],
        "L_Wrist": [
            -0.21539189644839837,
            0.7589545641699372,
            0.6147379061566853
        ],
        "R_Shoulder": [
            0.17698249033802066,
            -0.28631909587583193,
            0.646475198948695
        ],
        "R_Elbow": [
            -0.05719224784920025,
            -0.7078515495172247,
            0.5239224274638647
        ],
        "R_Wrist": [
            -0.3673206509248018,
            -0.8619697030304693,
            0.6344779829488594
        ]
    }
}