{
    "video": "PdL2023_MiyazakiKeisuke_VarClassique.mp4",
    "peak_id": 3,
    "frame_idx": 710,
    "timestamp": 28.4,
    "total_score": 0.761,
    "skeleton_3d": {
        "Pelvis": [
            0.0,
            0.0,
            0.0
        ],
        "R_Hip": [
            0.05975124631874318,
            -0.0035124431353035688,
            0.04277787883593661
        ],
        "R_Knee": [
            0.5454037807525958,
            0.08535769183004159,
            0.21304332056889036
        ],
        "R_Ankle": [
            0.9023071526378236,
            -0.10713766229329581,
            0.416238340490132
        ],
        "L_Hip": [
            -0.04848284144478887,
            0.06790978600837484,
            -0.04485660075559403
        ],
        "L_Knee": [
            0.023316396090028283,
            0.06597450835746961,
            -0.5779512704183202
        ],
        "L_Ankle": [
            0.01349456208818198,
            0.023186171721444732,
            -1.0518624037621893
        ],
        "Spine": [
            -0.12396536628223163,
            0.023560633149077942,
            0.2797496005122289
        ],
        "Thorax": [
            -0.20993552248538377,
            0.15423189819088126,
            0.5798348437033582
        ],
        "Neck": [
            -0.3275817287617361,
            0.08665135093269,
            0.7804613849701751
        ],
        "Head": [
            -0.30640273281251085,
            0.2974167085052839,
            0.8113732341356126
        ],
        "L_Shoulder": [
            -0.3686854766660283,
            0.17323770004577826,
            0.5404383957943104
        ],
        "L_Elbow": [
            -0.5861244140409901,
            0.12550402903110103,
            0.7529788829040789
        ],
        "L_Wrist": [
            -0.708048546604223,
            0.2475370229383219,
            1.006092150411547
        ],
        "R_Shoulder": [
            -0.04385185553165364,
            0.04870633889060014,
            0.5543373311239548
        ],
        "R_Elbow": [
            0.24468102338654718,
            -0.11921299114137464,
            0.641794081804915
        ],
        "R_Wrist": [
            0.5378757396229925,
            -0.23239472497639088,
            0.8146019441941272
        ]
    }
}