{
    "video": "PdL2023_SproutEmily_VarClassique.mp4",
    "peak_id": 7,
    "frame_idx": 2084,
    "timestamp": 83.36,
    "total_score": 0.857,
    "skeleton_3d": {
        "Pelvis": [
            0.0,
            0.0,
            0.0
        ],
        "R_Hip": [
            0.1001936823310735,
            0.0686424906248658,
            0.05704350239059557
        ],
        "R_Knee": [
            0.6152944578925061,
            -0.02822479707427927,
            0.1639956872763112
        ],
        "R_Ankle": [
            0.9047326315890322,
            -0.3494117784274471,
            0.39383474025659965
        ],
        "L_Hip": [
            -0.09209138364800445,
            -0.05671540727661203,
            -0.059397518718703995
        ],
        "L_Knee": [
            -0.06567035592890753,
            -0.3449963625108696,
            -0.5952580811150712
        ],
        "L_Ankle": [
            -0.17486976429752352,
            -0.7176598779395328,
            -1.0557346229715834
        ],
        "Spine": [
            -0.10812016056483598,
            0.13727992203610528,
            0.3043336739852702
        ],
        "Thorax": [
            -0.1789401699515284,
            0.3532302582392869,
            0.6233478572317501
        ],
        "Neck": [
            -0.15448087786762044,
            0.31375842683625416,
            0.8022862130208166
        ],
        "Head": [
            -0.16117655546517312,
            0.5246160768381148,
            0.8367910720156673
        ],
        "L_Shoulder": [
            -0.32759570827482676,
            0.1538681636597805,
            0.6126547237524306
        ],
        "L_Elbow": [
            -0.3777044852240261,
            -0.2049419089534482,
            0.9390996142367737
        ],
        "L_Wrist": [
            -0.2978611766979149,
            -0.020051330841954155,
            1.2075625437544233
        ],
        "R_Shoulder": [
            -0.034772419212458223,
            0.34549484836256583,
            0.596310806374689
        ],
        "R_Elbow": [
            0.09652349113681115,
            0.17986279932135626,
            0.9081826064568378
        ],
        "R_Wrist": [
            0.08110717929987582,
            0.13924002236992006,
            1.217374760824748
        ]
    }
}