{
    "video": "PdL2023_SaitoAn_VarClassique.mp4",
    "peak_id": 7,
    "frame_idx": 2086,
    "timestamp": 83.44,
    "total_score": 0.837,
    "skeleton_3d": {
        "Pelvis": [
            0.0,
            0.0,
            0.0
        ],
        "R_Hip": [
            0.11303424153306409,
            0.08184513261647462,
            0.06437288599310126
        ],
        "R_Knee": [
            0.6343213277196628,
            -0.11340309543542731,
            0.1391450425998942
        ],
        "R_Ankle": [
            1.0518525695113943,
            -0.5224484328691563,
            0.20851585617954124
        ],
        "L_Hip": [
            -0.10485124107931887,
            -0.08255122155107704,
            -0.06391638402976954
        ],
        "L_Knee": [
            -0.07378114235096647,
            -0.5480756357266771,
            -0.5793325379234117
        ],
        "L_Ankle": [
            -0.14107610436316054,
            -0.9724852687762421,
            -1.0596938913065557
        ],
        "Spine": [
            -0.10858400570559396,
            0.14674664556584516,
            0.3121117826911993
        ],
        "Thorax": [
            -0.1789693353870685,
            0.35454639983942055,
            0.642050630632036
        ],
        "Neck": [
            -0.1006628895475816,
            0.29772812628656853,
            0.8488472839861273
        ],
        "Head": [
            -0.11212521382908544,
            0.5083969358880065,
            0.8853272048390063
        ],
        "L_Shoulder": [
            -0.3412111232609391,
            0.1523605848436231,
            0.6219195681636821
        ],
        "L_Elbow": [
            -0.44150989219110837,
            -0.24579676207629564,
            0.9310201653154889
        ],
        "L_Wrist": [
            -0.343684096777458,
            -0.05119622712567623,
            1.1976929391300195
        ],
        "R_Shoulder": [
            -0.021373638640493253,
            0.3660235954570914,
            0.613938472924741
        ],
        "R_Elbow": [
            0.16983933561933515,
            0.2595389299986512,
            0.9206293211339769
        ],
        "R_Wrist": [
            0.15682730487904467,
            0.2355848742481986,
            1.2085626153201392
        ]
    }
}