{
    "video": "PdL2023_LazarescuAlecsiaMaria_VarClassique.mp4",
    "peak_id": 5,
    "frame_idx": 2109,
    "timestamp": 84.36,
    "total_score": 0.9,
    "skeleton_3d": {
        "Pelvis": [
            0.0,
            0.0,
            0.0
        ],
        "R_Hip": [
            0.09327979839703392,
            -0.1296209661546056,
            -0.09051925320053253
        ],
        "R_Knee": [
            0.07571104366766114,
            -0.4492867973001791,
            -0.6625639494994388
        ],
        "R_Ankle": [
            0.1895453115832082,
            -0.5900664259306262,
            -1.231139928770998
        ],
        "L_Hip": [
            -0.09789347942158878,
            0.14280636752202602,
            0.09264925268503538
        ],
        "L_Knee": [
            -0.6269244634736924,
            -0.10074451757080209,
            0.3524029675623869
        ],
        "L_Ankle": [
            -0.8633318467826793,
            -0.41282896363598715,
            0.6372135660450216
        ],
        "Spine": [
            0.14849767422382548,
            0.03979975994703673,
            0.31856716224334036
        ],
        "Thorax": [
            0.2762960420250244,
            0.2623392399581396,
            0.6564914841001689
        ],
        "Neck": [
            0.19049255428865472,
            0.19537013294214073,
            0.8771879531211001
        ],
        "Head": [
            0.19218785884403275,
            0.44495180792939587,
            0.917258561338049
        ],
        "L_Shoulder": [
            0.09036932199380397,
            0.3585068064970942,
            0.6108332690605226
        ],
        "L_Elbow": [
            -0.13592801037304125,
            0.41099104694843047,
            0.9487998757546346
        ],
        "L_Wrist": [
            -0.12694350272787405,
            0.2507801752161178,
            1.2757387555950566
        ],
        "R_Shoulder": [
            0.47685965706487393,
            0.0029033853855165016,
            0.6374923285514026
        ],
        "R_Elbow": [
            0.6287627769358616,
            -0.3539195818368853,
            1.0061147620909974
        ],
        "R_Wrist": [
            0.5138531081150047,
            -0.11110559222274895,
            1.3061598052340673
        ]
    }
}