{
    "video": "PdL2023_YanChunHung_VarClassique.mp4",
    "peak_id": 9,
    "frame_idx": 1881,
    "timestamp": 75.24,
    "total_score": 0.839,
    "skeleton_3d": {
        "Pelvis": [
            0.0,
            0.0,
            0.0
        ],
        "R_Hip": [
            0.03558774258165005,
            0.0978780794680371,
            2.2132418563573694e-05
        ],
        "R_Knee": [
            -0.05541967729851733,
            0.24775045084671096,
            -0.3858386813702944
        ],
        "R_Ankle": [
            -0.41382328027571974,
            0.024099094255908164,
            -0.7536305346623421
        ],
        "L_Hip": [
            -0.03151824533360174,
            -0.11601911652509835,
            -0.005842418685696539
        ],
        "L_Knee": [
            0.36527195148173125,
            0.12531379889154484,
            -0.02516617935204404
        ],
        "L_Ankle": [
            0.6295077477908972,
            0.23517820245701784,
            0.018970001846054935
        ],
        "Spine": [
            -0.08465866588909088,
            -0.015331908227402455,
            0.31903953334736407
        ],
        "Thorax": [
            -0.15384307121966884,
            -0.11730205455604112,
            0.6657912839042135
        ],
        "Neck": [
            -0.1170945069012694,
            -0.2021646187249932,
            0.8567757023948993
        ],
        "Head": [
            -0.14276297294554152,
            -0.18423621258143882,
            0.8855007026766211
        ],
        "L_Shoulder": [
            -0.24882011693373116,
            -0.24509930649338793,
            0.5630088719100641
        ],
        "L_Elbow": [
            -0.3480409864304729,
            -0.6178235402037723,
            0.46284204395038725
        ],
        "L_Wrist": [
            -0.31797542285728003,
            -0.9796831405827424,
            0.49833272665479494
        ],
        "R_Shoulder": [
            -0.06153921793138577,
            0.054685511911089515,
            0.7075054947456807
        ],
        "R_Elbow": [
            -0.06081250873984599,
            0.33968152245596145,
            0.9322189993738037
        ],
        "R_Wrist": [
            -0.09848125535078035,
            0.4094862259290708,
            1.1833541133077758
        ]
    }
}