{
    "video": "PdL2023_ParkSooha_VarClassique.mp4",
    "peak_id": 1,
    "frame_idx": 379,
    "timestamp": 15.16,
    "total_score": 0.539,
    "skeleton_3d": {
        "Pelvis": [
            0.0,
            0.0,
            0.0
        ],
        "R_Hip": [
            0.08981171922936669,
            -0.19334888371382233,
            -0.008696987563600173
        ],
        "R_Knee": [
            -0.2567210165626478,
            -0.6178768776686175,
            -0.28367073181227287
        ],
        "R_Ankle": [
            -0.6308924191450854,
            -0.8991751924120646,
            -0.5491596616734841
        ],
        "L_Hip": [
            -0.08049379125905455,
            0.2067178290522866,
            0.013575190208314328
        ],
        "L_Knee": [
            -0.20212004049818677,
            0.3413045258727074,
            -0.563787283638209
        ],
        "L_Ankle": [
            0.04913152338305947,
            0.5417429210508071,
            -1.071686993389745
        ],
        "Spine": [
            -0.004464981773981808,
            -0.04697187501347882,
            0.34552804338343374
        ],
        "Thorax": [
            0.01905393247120798,
            -0.09019303294645498,
            0.7316370387521796
        ],
        "Neck": [
            0.13779271242182428,
            -0.1355406558942784,
            0.9898566138000491
        ],
        "Head": [
            0.1335808079511687,
            -0.1322189635265453,
            1.0512986684618055
        ],
        "L_Shoulder": [
            -0.17184549146276254,
            0.07334663420622285,
            0.6915591672918069
        ],
        "L_Elbow": [
            -0.43516084354378093,
            0.35760020680790533,
            0.573525498189089
        ],
        "L_Wrist": [
            -0.717889512843753,
            0.07211936609019261,
            0.514593674720123
        ],
        "R_Shoulder": [
            0.1821727389123086,
            -0.2816373157139494,
            0.6535638405328693
        ],
        "R_Elbow": [
            0.11060965898913724,
            -0.742443743716443,
            0.42720455019219244
        ],
        "R_Wrist": [
            -0.0473470136325998,
            -1.118321061058178,
            0.24685231408300418
        ]
    }
}