{
    "video": "PdL2023_SproutEmily_VarClassique.mp4",
    "peak_id": 10,
    "frame_idx": 2285,
    "timestamp": 91.4,
    "total_score": 0.897,
    "skeleton_3d": {
        "Pelvis": [
            0.0,
            0.0,
            0.0
        ],
        "R_Hip": [
            0.10141562269885125,
            0.09082521341762395,
            0.06811575893796366
        ],
        "R_Knee": [
            0.6410732849124506,
            -0.10068143540500235,
            0.24109310760880562
        ],
        "R_Ankle": [
            0.9562745396584686,
            -0.48579432830500846,
            0.4514570922068464
        ],
        "L_Hip": [
            -0.09099018702098535,
            -0.08317495168173482,
            -0.06906401035098411
        ],
        "L_Knee": [
            -0.0565188613338027,
            -0.382029615570605,
            -0.6239920686903284
        ],
        "L_Ankle": [
            -0.1430725693190219,
            -0.730760781155318,
            -1.1047610043433227
        ],
        "Spine": [
            -0.13624015982449206,
            0.12426102525109446,
            0.31221737973743524
        ],
        "Thorax": [
            -0.23088644863342997,
            0.33855145462099084,
            0.638697611924516
        ],
        "Neck": [
            -0.192145681758085,
            0.293309991017223,
            0.8331581809831655
        ],
        "Head": [
            -0.19931782204780493,
            0.5087547245276696,
            0.8713562839331989
        ],
        "L_Shoulder": [
            -0.3976621438559072,
            0.13436127276764534,
            0.6196882986557938
        ],
        "L_Elbow": [
            -0.45746737494782364,
            -0.2400200722994587,
            0.9553145001497101
        ],
        "L_Wrist": [
            -0.36155480836370646,
            -0.043619266314082465,
            1.2415419961593295
        ],
        "R_Shoulder": [
            -0.06853332036976675,
            0.35252345439313504,
            0.6126268045124441
        ],
        "R_Elbow": [
            0.07017758715175454,
            0.22511490138091392,
            0.9568743519533213
        ],
        "R_Wrist": [
            0.008799874864804812,
            0.20020058846501917,
            1.2593243916797456
        ]
    }
}