{
    "video": "PdL2023_TanabeHaruka_VarClassique.mp4",
    "peak_id": 3,
    "frame_idx": 856,
    "timestamp": 34.24,
    "total_score": 0.649,
    "skeleton_3d": {
        "Pelvis": [
            0.0,
            0.0,
            0.0
        ],
        "R_Hip": [
            -0.006464421225122556,
            -0.19340804926604668,
            -0.03673789731386766
        ],
        "R_Knee": [
            -0.022174253123215137,
            -0.1796220574634799,
            -0.6296079573829153
        ],
        "R_Ankle": [
            -0.07030469967552361,
            -0.08517098490083551,
            -1.1790015172229276
        ],
        "L_Hip": [
            0.009766659373062682,
            0.169747128080952,
            0.029395525281306494
        ],
        "L_Knee": [
            0.6044565400081212,
            0.43326451996440485,
            0.03839936033885256
        ],
        "L_Ankle": [
            1.0202263426467262,
            0.5217644304394758,
            0.17214729070044424
        ],
        "Spine": [
            -0.10372798400572435,
            -0.14575653369099725,
            0.3042520572396045
        ],
        "Thorax": [
            -0.17321548050778612,
            -0.312823351432222,
            0.6221197668477209
        ],
        "Neck": [
            -0.26619941450570467,
            -0.2740610133398621,
            0.7957752255391877
        ],
        "Head": [
            -0.21564216855718704,
            -0.2948234192656382,
            0.8375229216778414
        ],
        "L_Shoulder": [
            -0.19801181492788883,
            -0.0613408549109864,
            0.6286217349321541
        ],
        "L_Elbow": [
            -0.32069190396334973,
            0.22314980853052413,
            0.8568106994367037
        ],
        "L_Wrist": [
            -0.38114300589817923,
            0.2403374913791945,
            1.1429629631472182
        ],
        "R_Shoulder": [
            -0.14781821334668588,
            -0.506764783240126,
            0.5594051581238967
        ],
        "R_Elbow": [
            -0.2873692652471932,
            -0.7350490081648254,
            0.8398967987999515
        ],
        "R_Wrist": [
            -0.37619477081912667,
            -0.49009243207707975,
            1.1190750795670246
        ]
    }
}