{
    "video": "PdL2023_IjimaKanata_VarClassique.mp4",
    "peak_id": 4,
    "frame_idx": 1624,
    "timestamp": 64.96,
    "total_score": 0.649,
    "skeleton_3d": {
        "Pelvis": [
            0.0,
            0.0,
            0.0
        ],
        "R_Hip": [
            0.08169308221057232,
            0.03886637227974632,
            -0.05061741567424836
        ],
        "R_Knee": [
            -0.17375908436586987,
            -0.01906794511693665,
            -0.380639748582274
        ],
        "R_Ankle": [
            -0.39632200204993795,
            -0.22228199765863776,
            -0.7332402109038598
        ],
        "L_Hip": [
            -0.08926584836849791,
            -0.002742626180585958,
            0.05196135759344614
        ],
        "L_Knee": [
            0.17617963673812267,
            0.2782387149631831,
            -0.11371790045351725
        ],
        "L_Ankle": [
            0.34084934349495455,
            0.7519409995605774,
            -0.20000212688422214
        ],
        "Spine": [
            0.1791316300131392,
            -0.06288449565311474,
            0.3684368128533356
        ],
        "Thorax": [
            0.3835299198393422,
            -0.13394126508756898,
            0.753922407628241
        ],
        "Neck": [
            0.47791585868246117,
            -0.19858717100332327,
            1.0267103322740618
        ],
        "Head": [
            0.4935910430820104,
            -0.1833971876112935,
            1.0855092891055318
        ],
        "L_Shoulder": [
            0.18828562062890858,
            -0.18032299428685508,
            0.8085713042274917
        ],
        "L_Elbow": [
            0.04732679140689862,
            -0.13196856404282714,
            0.9229738266862888
        ],
        "L_Wrist": [
            0.05899031736741653,
            0.11530526185387831,
            0.9485714395785277
        ],
        "R_Shoulder": [
            0.5498987999641544,
            -0.1307528567433931,
            0.6436426174188294
        ],
        "R_Elbow": [
            0.7487148320476912,
            -0.6139773592836111,
            0.6480965613718334
        ],
        "R_Wrist": [
            0.9800203442904933,
            -0.6646266288684495,
            0.7286003159761801
        ]
    }
}