{
    "video": "PdL2023_KimSooMin_VarClassique.mp4",
    "peak_id": 10,
    "frame_idx": 3713,
    "timestamp": 148.52,
    "total_score": 0.6,
    "skeleton_3d": {
        "Pelvis": [
            0.0,
            0.0,
            0.0
        ],
        "R_Hip": [
            0.06984971369295022,
            0.024749279045049217,
            -0.0024123637093979374
        ],
        "R_Knee": [
            -0.0397241102495426,
            -0.09326105787640748,
            -0.5874035255970209
        ],
        "R_Ankle": [
            -0.12274718428917687,
            -0.3409720027314939,
            -1.0876301403516508
        ],
        "L_Hip": [
            -0.07055585490631136,
            0.013095347343336608,
            -0.00015532723379223663
        ],
        "L_Knee": [
            -0.034992937292134686,
            -0.07116046192129788,
            0.44788897355622537
        ],
        "L_Ankle": [
            0.5331759532586603,
            -0.158228451537486,
            0.3571694837467272
        ],
        "Spine": [
            -0.03387627947654581,
            0.04935185009527968,
            0.2997589010120303
        ],
        "Thorax": [
            -0.04450312419460793,
            0.2060386432748282,
            0.6104668746359075
        ],
        "Neck": [
            0.04511154014581834,
            0.11144108863641863,
            0.8448586651694041
        ],
        "Head": [
            0.04111021988763386,
            0.3290663848844248,
            0.8564810553853183
        ],
        "L_Shoulder": [
            -0.22943594337075068,
            0.08686586331504868,
            0.5534881335550572
        ],
        "L_Elbow": [
            -0.5135753733389266,
            -0.2091788288747012,
            0.4938322936593995
        ],
        "L_Wrist": [
            -0.7625018898095915,
            -0.4916779268881353,
            0.49335313509757256
        ],
        "R_Shoulder": [
            0.13214615399733856,
            0.17720832147025303,
            0.6026611820143458
        ],
        "R_Elbow": [
            0.3281678627562989,
            0.08959291815335274,
            0.8741300624126109
        ],
        "R_Wrist": [
            0.5508036976247719,
            0.09915544439404429,
            1.1487042895903163
        ]
    }
}