{
    "video": "PdL2023_GyvesWilliam_VarClassique.mp4",
    "peak_id": 7,
    "frame_idx": 1560,
    "timestamp": 62.4,
    "total_score": 0.4,
    "skeleton_3d": {
        "Pelvis": [
            0.0,
            0.0,
            0.0
        ],
        "R_Hip": [
            0.1307213688601215,
            0.11451160297801098,
            -0.011165897101135974
        ],
        "R_Knee": [
            0.3732968251022724,
            -0.49840465441238807,
            -0.43979054934881906
        ],
        "R_Ankle": [
            0.21697487337408108,
            -0.5497717675090064,
            -0.9885720775768561
        ],
        "L_Hip": [
            -0.12954054655881636,
            -0.12770444244356913,
            0.012586816817576249
        ],
        "L_Knee": [
            -0.3762036871203705,
            -0.14591629626266822,
            -0.48309233389757655
        ],
        "L_Ankle": [
            -0.6143358158863638,
            -0.4231379614307456,
            -0.8735706296877033
        ],
        "Spine": [
            0.039141618277468024,
            0.15597407482040024,
            0.319005032583831
        ],
        "Thorax": [
            0.08059111902563795,
            0.3506593396731982,
            0.6747199451033429
        ],
        "Neck": [
            0.21775704038235424,
            0.22682391120263337,
            0.8710553859389286
        ],
        "Head": [
            0.19517323808578582,
            0.45379186870059357,
            0.904577579210897
        ],
        "L_Shoulder": [
            -0.13304120454812463,
            0.2769150502559524,
            0.6316507347958421
        ],
        "L_Elbow": [
            -0.49439916593295236,
            0.24121048025650624,
            0.5195699798971197
        ],
        "L_Wrist": [
            -0.8588002207672246,
            0.18152643159162085,
            0.5039785605697968
        ],
        "R_Shoulder": [
            0.2924265221878433,
            0.2559367710490709,
            0.6500711591915614
        ],
        "R_Elbow": [
            0.5144866964911244,
            0.0692650050591505,
            0.8879014616246027
        ],
        "R_Wrist": [
            0.6506812776547244,
            0.19600347319210298,
            1.1686549348541215
        ]
    }
}