{
    "video": "PdL2023_MiyazakiKeisuke_VarClassique.mp4",
    "peak_id": 1,
    "frame_idx": 523,
    "timestamp": 20.92,
    "total_score": 0.85,
    "skeleton_3d": {
        "Pelvis": [
            0.0,
            0.0,
            0.0
        ],
        "R_Hip": [
            0.0467343033532144,
            -0.21978413683580725,
            0.05074758514470219
        ],
        "R_Knee": [
            0.4789624470164262,
            0.016751282907997784,
            0.45596225886691644
        ],
        "R_Ankle": [
            0.9190470626681018,
            -0.047234519196025816,
            0.8804994701471779
        ],
        "L_Hip": [
            -0.03372550186460954,
            0.23266429211225126,
            -0.050225233265879334
        ],
        "L_Knee": [
            -0.2569579327105311,
            0.46847833142048945,
            -0.5978361563398148
        ],
        "L_Ankle": [
            -0.1046374242111936,
            0.5197203580667139,
            -1.1513963698744851
        ],
        "Spine": [
            -0.29147950423718927,
            0.0482009478421499,
            0.2275632886754763
        ],
        "Thorax": [
            -0.5454392105044146,
            0.071554682292443,
            0.4706783618180745
        ],
        "Neck": [
            -0.6773705453774295,
            0.025843223600053693,
            0.73087478959402
        ],
        "Head": [
            -0.6418935018103348,
            0.1501988678088013,
            0.7676845027458727
        ],
        "L_Shoulder": [
            -0.693704278791077,
            0.20944182683840912,
            0.4093591610259712
        ],
        "L_Elbow": [
            -1.0692142639128763,
            0.2846030086327364,
            0.4707769649028445
        ],
        "L_Wrist": [
            -1.3783103857583046,
            0.15400947467753257,
            0.609454258341952
        ],
        "R_Shoulder": [
            -0.3733466252929304,
            -0.09057098240320151,
            0.4762264151394407
        ],
        "R_Elbow": [
            0.002402825088583556,
            -0.09552105079776785,
            0.49327884076857864
        ],
        "R_Wrist": [
            0.3539667390399189,
            -0.1466826441167077,
            0.5768433253080941
        ]
    }
}