{
    "video": "PdL2023_KimSeehyun_VarClassique.mp4",
    "peak_id": 3,
    "frame_idx": 1257,
    "timestamp": 50.28,
    "total_score": 0.817,
    "skeleton_3d": {
        "Pelvis": [
            0.0,
            0.0,
            0.0
        ],
        "R_Hip": [
            0.11195835525454706,
            -0.03421326638400534,
            0.08172345621185488
        ],
        "R_Knee": [
            0.6259708901739985,
            -0.006715091178851377,
            0.23225281767332331
        ],
        "R_Ankle": [
            1.0847238702119137,
            -0.2144877821114589,
            0.43770058439087256
        ],
        "L_Hip": [
            -0.09540044488858984,
            0.08889733332504447,
            -0.08018345794535275
        ],
        "L_Knee": [
            -0.07964898209645159,
            0.03765627370701044,
            -0.6492786895578962
        ],
        "L_Ankle": [
            -0.13706503527658315,
            0.09154334548325084,
            -1.1204832541654641
        ],
        "Spine": [
            -0.18175750785508152,
            0.0671765906810996,
            0.2701966287405491
        ],
        "Thorax": [
            -0.3109683234861141,
            0.27385170607074977,
            0.5672760910376174
        ],
        "Neck": [
            -0.41406172281255343,
            0.16454793729078807,
            0.8173380129775398
        ],
        "Head": [
            -0.38610556228694004,
            0.4167790093554582,
            0.8370776813946323
        ],
        "L_Shoulder": [
            -0.4927660473764871,
            0.21274253500724064,
            0.5191331336759407
        ],
        "L_Elbow": [
            -0.8240469567483069,
            0.14367918150269215,
            0.6542570676903358
        ],
        "L_Wrist": [
            -1.0751304559207653,
            0.2220092866823223,
            0.8318436901904943
        ],
        "R_Shoulder": [
            -0.12269429872239006,
            0.2057283431426745,
            0.5528392514263224
        ],
        "R_Elbow": [
            0.20580802169431275,
            0.2255562218904245,
            0.5740896524063867
        ],
        "R_Wrist": [
            0.5394055156798864,
            0.05187158178694119,
            0.6566257423395261
        ]
    }
}