{
    "video": "Pdl2023_DeBenitoMillan_VarClassique.mp4",
    "peak_id": 3,
    "frame_idx": 623,
    "timestamp": 24.92,
    "total_score": 0.865,
    "skeleton_3d": {
        "Pelvis": [
            0.0,
            0.0,
            0.0
        ],
        "R_Hip": [
            0.07244100686153446,
            -0.018682946179953166,
            -0.06922763657924585
        ],
        "R_Knee": [
            0.06473324340616636,
            -0.23935664558229325,
            -0.6196844127186054
        ],
        "R_Ankle": [
            0.1312078871800888,
            -0.27407192870910113,
            -1.2035258048225645
        ],
        "L_Hip": [
            -0.08198368618319947,
            0.06938442099437198,
            0.07215914416393966
        ],
        "L_Knee": [
            -0.5717255053473539,
            0.05313940991745706,
            0.2649332647502445
        ],
        "L_Ankle": [
            -0.9907903475694602,
            -0.13933065172363734,
            0.5030337323829353
        ],
        "Spine": [
            0.18567422741900633,
            0.05084095312836569,
            0.2627117243283859
        ],
        "Thorax": [
            0.3563872782417451,
            0.29467635384050417,
            0.5463739436849491
        ],
        "Neck": [
            0.4655048264540145,
            0.23373265790374123,
            0.7581307721924536
        ],
        "Head": [
            0.44340430972639006,
            0.4435261300831849,
            0.7759254058423362
        ],
        "L_Shoulder": [
            0.18900244609714784,
            0.3386233472834125,
            0.4869429156702358
        ],
        "L_Elbow": [
            -0.18340075566190736,
            0.4809539621260016,
            0.46023021872472114
        ],
        "L_Wrist": [
            -0.5255489700171322,
            0.4728121191697073,
            0.5305655500330603
        ],
        "R_Shoulder": [
            0.518408274588695,
            0.06988801811332583,
            0.5468701909235828
        ],
        "R_Elbow": [
            0.629567864549899,
            -0.3201890394750327,
            0.8102782251903794
        ],
        "R_Wrist": [
            0.5763066179860187,
            -0.20473022563616405,
            1.1146080994998226
        ]
    }
}