{
    "video": "PdL2023_YanChunHung_VarClassique.mp4",
    "peak_id": 1,
    "frame_idx": 462,
    "timestamp": 18.48,
    "total_score": 0.578,
    "skeleton_3d": {
        "Pelvis": [
            0.0,
            0.0,
            0.0
        ],
        "R_Hip": [
            0.09466440671443095,
            -0.03157587966456325,
            0.05789938190451064
        ],
        "R_Knee": [
            0.6065531192757201,
            0.03587826026931553,
            0.05090340212627337
        ],
        "R_Ankle": [
            1.062716088355019,
            -0.21635556917150484,
            0.08956595486444296
        ],
        "L_Hip": [
            -0.08272063559151996,
            0.05988028285502572,
            -0.0555266910830826
        ],
        "L_Knee": [
            -0.09677680202892226,
            -0.3722928938134496,
            -0.5340612018260378
        ],
        "L_Ankle": [
            -0.15612127532666364,
            -0.837231951082074,
            -1.0377364757318468
        ],
        "Spine": [
            -0.13179530375466755,
            0.17640420564589454,
            0.2743691239705823
        ],
        "Thorax": [
            -0.22546517404551913,
            0.4274609068867374,
            0.5754577551273817
        ],
        "Neck": [
            -0.24278541367368214,
            0.3281292834279711,
            0.7861257826174102
        ],
        "Head": [
            -0.23937948521161295,
            0.5722737529961346,
            0.8204994485259851
        ],
        "L_Shoulder": [
            -0.419419711398136,
            0.26930589305661745,
            0.5695707429213606
        ],
        "L_Elbow": [
            -0.5538170478862066,
            0.00032861723124268826,
            0.8364273789737007
        ],
        "L_Wrist": [
            -0.5506061381404278,
            0.17079707936269176,
            1.124246178145004
        ],
        "R_Shoulder": [
            -0.02717903341034794,
            0.3979327268176766,
            0.5231575182255295
        ],
        "R_Elbow": [
            0.2804962140792028,
            0.19328637258445627,
            0.4655646961999246
        ],
        "R_Wrist": [
            0.5936881804807361,
            -0.044360021829075,
            0.5071883655091163
        ]
    }
}