{
    "video": "PdL2023_ParkSooha_VarClassique.mp4",
    "peak_id": 9,
    "frame_idx": 1340,
    "timestamp": 53.6,
    "total_score": 0.56,
    "skeleton_3d": {
        "Pelvis": [
            0.0,
            0.0,
            0.0
        ],
        "R_Hip": [
            0.09942509162391966,
            -0.02385130517570234,
            0.005201182164742288
        ],
        "R_Knee": [
            -0.024188026786103614,
            0.10087326403994902,
            -0.4508343862101028
        ],
        "R_Ankle": [
            -0.024652487922356164,
            0.0018037300757677082,
            0.17121435533189308
        ],
        "L_Hip": [
            -0.0961505196337695,
            0.08000320965241611,
            -0.008482135138890403
        ],
        "L_Knee": [
            -0.056859458429740876,
            0.07911464629392849,
            -0.5335970313384227
        ],
        "L_Ankle": [
            0.00969720243568716,
            -0.13192096846973728,
            -1.008455530783758
        ],
        "Spine": [
            -0.002762987327561264,
            0.18289298124253034,
            0.2947287498783258
        ],
        "Thorax": [
            0.016391121873482017,
            0.4788808644566377,
            0.6297850076721679
        ],
        "Neck": [
            0.09091408982036445,
            0.3505282458890535,
            0.8907707513925983
        ],
        "Head": [
            0.07303151496832487,
            0.6007962945418429,
            0.905824950228931
        ],
        "L_Shoulder": [
            -0.18179633302414624,
            0.3867543293732564,
            0.5640063264169118
        ],
        "L_Elbow": [
            -0.5301360892684381,
            0.21618527615101144,
            0.5356543901424875
        ],
        "L_Wrist": [
            -0.8122494847852281,
            -0.050679430080635454,
            0.5722310973606038
        ],
        "R_Shoulder": [
            0.2006388151704799,
            0.3121005221027125,
            0.6358341545895957
        ],
        "R_Elbow": [
            0.32147705741895566,
            -0.06701951379936841,
            0.9674130417089671
        ],
        "R_Wrist": [
            0.3979788753931809,
            -0.017991404639525355,
            1.2896558172076764
        ]
    }
}