{
    "video": "PdL2023_GyvesWilliam_VarClassique.mp4",
    "peak_id": 6,
    "frame_idx": 1444,
    "timestamp": 57.76,
    "total_score": 0.45,
    "skeleton_3d": {
        "Pelvis": [
            0.0,
            0.0,
            0.0
        ],
        "R_Hip": [
            0.14820962070827146,
            -0.14201432777803874,
            0.00421702682848934
        ],
        "R_Knee": [
            0.17921842711727456,
            -0.1771139149809528,
            0.41866811367221635
        ],
        "R_Ankle": [
            0.3127050827671617,
            -0.19759743983935943,
            0.34270657317518927
        ],
        "L_Hip": [
            -0.1391481552407614,
            0.1589655816472337,
            -0.0015733482081698176
        ],
        "L_Knee": [
            -0.2755729035405341,
            -0.044768469523563656,
            -0.5689443144021006
        ],
        "L_Ankle": [
            -0.0043136466153613886,
            0.002522459548388696,
            -1.0808147663432617
        ],
        "Spine": [
            -0.01036286610713691,
            0.08392817058316536,
            0.3375910651052269
        ],
        "Thorax": [
            -0.0022450441621127315,
            0.2065244738008831,
            0.6799097658307942
        ],
        "Neck": [
            0.017912778102398722,
            0.04973013417350231,
            0.9161272886729634
        ],
        "Head": [
            0.018418128071836747,
            0.27886344018209025,
            0.967783375097423
        ],
        "L_Shoulder": [
            -0.24875300069233375,
            0.19617431103663743,
            0.6255081168178757
        ],
        "L_Elbow": [
            -0.5607507947094006,
            0.2514390699941906,
            0.3308188907885176
        ],
        "L_Wrist": [
            -0.31658719120128276,
            -0.16118513623994982,
            0.14075672612687526
        ],
        "R_Shoulder": [
            0.2472320577927311,
            0.06104733150226268,
            0.6586622941269046
        ],
        "R_Elbow": [
            0.49873583416704614,
            -0.34423833095740636,
            0.7788303189471145
        ],
        "R_Wrist": [
            0.6554693658022217,
            -0.49934837265592696,
            0.9893346695501087
        ]
    }
}