{
    "video": "PdL2023_KimSooMin_VarClassique.mp4",
    "peak_id": 9,
    "frame_idx": 2798,
    "timestamp": 111.92,
    "total_score": 0.642,
    "skeleton_3d": {
        "Pelvis": [
            0.0,
            0.0,
            0.0
        ],
        "R_Hip": [
            0.1293017868897239,
            -0.16059211466282933,
            -0.011643078860645334
        ],
        "R_Knee": [
            -0.13255140842132804,
            -0.6523050408883677,
            -0.32138491639389843
        ],
        "R_Ankle": [
            -0.4518544144331738,
            -1.0424589986619899,
            -0.6301938593477914
        ],
        "L_Hip": [
            -0.11998251704133013,
            0.1674547061512605,
            0.017925404237845655
        ],
        "L_Knee": [
            -0.2604601067503163,
            -0.012370440326904916,
            -0.4787774790435968
        ],
        "L_Ankle": [
            -0.01615073202366842,
            0.3785624122006917,
            -0.9027848460585471
        ],
        "Spine": [
            0.0023442790784128846,
            0.05636037891664555,
            0.32945794817812757
        ],
        "Thorax": [
            -0.0015045425473741315,
            0.1505366765159553,
            0.7016415984398132
        ],
        "Neck": [
            -0.17959216231027852,
            0.06345406835561357,
            0.9174649016794133
        ],
        "Head": [
            -0.15380157075751502,
            0.21985400710678432,
            0.9844507707584993
        ],
        "L_Shoulder": [
            -0.1399348111585554,
            0.2767688209127485,
            0.6250198225467353
        ],
        "L_Elbow": [
            -0.12826807520384212,
            0.5775594296948114,
            0.5129198966060863
        ],
        "L_Wrist": [
            -0.2170318600088002,
            0.8744330135121221,
            0.535580852653028
        ],
        "R_Shoulder": [
            0.15836492518353865,
            -0.08800519715845982,
            0.6838228771484651
        ],
        "R_Elbow": [
            -0.1323937518635904,
            -0.496187507352257,
            0.6590924097059887
        ],
        "R_Wrist": [
            -0.4616279586079215,
            -0.7397671043170956,
            0.7106439514843714
        ]
    }
}