{
    "video": "PdL2023_MockrishAlexander_VarClassique.mp4",
    "peak_id": 4,
    "frame_idx": 1134,
    "timestamp": 45.36,
    "total_score": 0.594,
    "skeleton_3d": {
        "Pelvis": [
            0.0,
            0.0,
            0.0
        ],
        "R_Hip": [
            0.12755169548418102,
            -0.003682002486111677,
            -0.026280044376665385
        ],
        "R_Knee": [
            0.046786179749736596,
            -0.1195464705237165,
            -0.5706035008384658
        ],
        "R_Ankle": [
            0.009025480103672443,
            0.047084948910956693,
            -1.1148454646253436
        ],
        "L_Hip": [
            -0.1215087623944701,
            0.04338419950264157,
            0.0300377621647598
        ],
        "L_Knee": [
            -0.5451406220207763,
            0.2180472089920508,
            -0.07350480073763226
        ],
        "L_Ankle": [
            -0.9493304587673965,
            0.11978722963673168,
            -0.05789591865897258
        ],
        "Spine": [
            -0.028050106445206474,
            0.044159542851692726,
            0.30823713740679304
        ],
        "Thorax": [
            -0.080121969871629,
            0.20951801548511784,
            0.6499364208702371
        ],
        "Neck": [
            -0.29443808425486984,
            0.1322264670596248,
            0.7967478130555802
        ],
        "Head": [
            -0.275917207209244,
            0.38676975757970977,
            0.8361064864820834
        ],
        "L_Shoulder": [
            -0.25348455738901726,
            0.2206163924348694,
            0.5227608827376559
        ],
        "L_Elbow": [
            -0.4511052891027071,
            0.1295005047451031,
            0.23239909889839352
        ],
        "L_Wrist": [
            -0.18670496701259703,
            -0.18041478226159416,
            0.12247264461910325
        ],
        "R_Shoulder": [
            0.1252355099810143,
            0.07074518164985961,
            0.6920558949785481
        ],
        "R_Elbow": [
            0.34306809174497244,
            -0.1632040691198625,
            0.9226730008181045
        ],
        "R_Wrist": [
            0.49979641609900155,
            -0.17922264094505347,
            1.1847715528522755
        ]
    }
}