{
    "video": "PdL2023_KimSeehyun_VarClassique.mp4",
    "peak_id": 0,
    "frame_idx": 708,
    "timestamp": 28.32,
    "total_score": 0.972,
    "skeleton_3d": {
        "Pelvis": [
            0.0,
            0.0,
            0.0
        ],
        "R_Hip": [
            0.0774648259068457,
            0.14465950805583908,
            0.0920720997227721
        ],
        "R_Knee": [
            0.21802314790037033,
            -0.030698943702692636,
            0.684287283955451
        ],
        "R_Ankle": [
            0.16675768535282953,
            -0.16714938295068385,
            1.234434533899906
        ],
        "L_Hip": [
            -0.058077404422599024,
            -0.1565854624568374,
            -0.09280339309573955
        ],
        "L_Knee": [
            -0.02857710864564772,
            -0.18886957440056312,
            -0.7097797634051857
        ],
        "L_Ankle": [
            -0.10280358941403885,
            -0.08677082416133454,
            -1.2260382445078015
        ],
        "Spine": [
            -0.14416390397118714,
            -0.015698132735148623,
            0.302320302890616
        ],
        "Thorax": [
            -0.23306912698800938,
            0.1522371818728752,
            0.6271085192342261
        ],
        "Neck": [
            -0.10434254594197656,
            0.1293298131762496,
            0.7927811084237572
        ],
        "Head": [
            -0.11318910856888206,
            0.31022189382453674,
            0.8449085151126983
        ],
        "L_Shoulder": [
            -0.4261852121981852,
            -0.08415480182979575,
            0.6290406733038559
        ],
        "L_Elbow": [
            -0.5335268533924878,
            -0.3875700354211369,
            1.0154590348658776
        ],
        "L_Wrist": [
            -0.6033191269593534,
            -0.12923712796740794,
            1.3224252015376985
        ],
        "R_Shoulder": [
            -0.056084506165144044,
            0.19149020269171688,
            0.5684721487126406
        ],
        "R_Elbow": [
            0.19339568323177925,
            0.4260906591347532,
            0.5531208744523667
        ],
        "R_Wrist": [
            0.21649856819261326,
            0.3666135559416993,
            0.7232151848722551
        ]
    }
}