{
    "video": "PdL2023_SproutEmily_VarClassique.mp4",
    "peak_id": 11,
    "frame_idx": 2784,
    "timestamp": 111.36,
    "total_score": 0.443,
    "skeleton_3d": {
        "Pelvis": [
            0.0,
            0.0,
            0.0
        ],
        "R_Hip": [
            0.09645731683368572,
            0.16037817459169035,
            0.014190053799775245
        ],
        "R_Knee": [
            0.48641715337427205,
            0.21412884595346063,
            -0.28818721359705557
        ],
        "R_Ankle": [
            0.5340907160099961,
            0.5714008565411961,
            -0.8245237448181768
        ],
        "L_Hip": [
            -0.10080878625515585,
            -0.16286387653752032,
            -0.009668570222455706
        ],
        "L_Knee": [
            -0.045153405902967486,
            -0.1476113984122662,
            -0.5675763697207227
        ],
        "L_Ankle": [
            0.004803645410879702,
            0.04705415344099002,
            -1.0752294905395434
        ],
        "Spine": [
            0.029996248858076783,
            -0.013969060566619933,
            0.31735164499797314
        ],
        "Thorax": [
            0.07809438179578126,
            0.06428911415383153,
            0.6655198877970647
        ],
        "Neck": [
            0.23563751890546097,
            -0.07188410479845987,
            0.9076200457266264
        ],
        "Head": [
            0.2090744047668351,
            0.05691367223485512,
            0.9599761764127714
        ],
        "L_Shoulder": [
            -0.09051228205504856,
            -0.07940865928744169,
            0.6439660849288232
        ],
        "L_Elbow": [
            -0.36769942875195366,
            -0.3928427452201229,
            0.5335538844942038
        ],
        "L_Wrist": [
            -0.6393753963102066,
            -0.6687932293455763,
            0.5056363694793641
        ],
        "R_Shoulder": [
            0.23159659671073485,
            0.12780836052456818,
            0.5900430575581299
        ],
        "R_Elbow": [
            0.6148332576011608,
            0.1611173794200549,
            0.5761859408514006
        ],
        "R_Wrist": [
            0.9698078446642423,
            0.08515057661327756,
            0.6771573655195479
        ]
    }
}