{
    "video": "PdL2023_MockrishAlexander_VarClassique.mp4",
    "peak_id": 5,
    "frame_idx": 1185,
    "timestamp": 47.4,
    "total_score": 0.616,
    "skeleton_3d": {
        "Pelvis": [
            0.0,
            0.0,
            0.0
        ],
        "R_Hip": [
            0.1360015719975389,
            0.04029295183323864,
            -0.06041038617137554
        ],
        "R_Knee": [
            0.03824813680690974,
            -0.04750843567871833,
            -0.6644639434804054
        ],
        "R_Ankle": [
            -0.028694982820306487,
            0.1552630876102774,
            -1.2298411230428483
        ],
        "L_Hip": [
            -0.1316043334010425,
            0.01830602855752469,
            0.06602934963177612
        ],
        "L_Knee": [
            -0.676437548228169,
            0.134187288711017,
            -0.021882030581222137
        ],
        "L_Ankle": [
            -1.1701699803363181,
            0.176339019016351,
            -0.005705406086911626
        ],
        "Spine": [
            0.1386691268847134,
            -0.10302761291152923,
            0.3090374973123207
        ],
        "Thorax": [
            0.28255456516269273,
            -0.11537124895822902,
            0.6518543060292161
        ],
        "Neck": [
            0.45864486889064165,
            -0.24252184767605037,
            0.8051838662671532
        ],
        "Head": [
            0.44405818160200833,
            -0.04679392280364831,
            0.8668137005944605
        ],
        "L_Shoulder": [
            0.07270571746162198,
            -0.12021463799481594,
            0.6946502483221733
        ],
        "L_Elbow": [
            -0.25841273929677644,
            0.07175560747265801,
            0.8418052801701266
        ],
        "L_Wrist": [
            -0.546891756354697,
            0.1503338702969498,
            1.0007914839877128
        ],
        "R_Shoulder": [
            0.4705885030064711,
            -0.14955077912300474,
            0.5369654059632328
        ],
        "R_Elbow": [
            0.5955452225561351,
            -0.10006337526956927,
            0.1782435394426714
        ],
        "R_Wrist": [
            0.36595893090748405,
            -0.4182070660299311,
            0.04124209512476984
        ]
    }
}