{
    "video": "PdL2023_KimSooMin_VarClassique.mp4",
    "peak_id": 7,
    "frame_idx": 2618,
    "timestamp": 104.72,
    "total_score": 0.445,
    "skeleton_3d": {
        "Pelvis": [
            0.0,
            0.0,
            0.0
        ],
        "R_Hip": [
            0.1071089424623424,
            -0.18660200358482323,
            -0.006337092804489788
        ],
        "R_Knee": [
            -0.15846039131232365,
            -0.6751527274894031,
            -0.33201589442132107
        ],
        "R_Ankle": [
            -0.5374685260288046,
            -0.5918294430915553,
            -0.7015803984312153
        ],
        "L_Hip": [
            -0.09194863378519384,
            0.1950129069091573,
            0.01699657386823427
        ],
        "L_Knee": [
            -0.41792757193492247,
            0.18235939080022706,
            -0.4637093271474054
        ],
        "L_Ankle": [
            -0.08419140339992025,
            0.4160218000527134,
            -0.9425087086606215
        ],
        "Spine": [
            -0.12401653853063023,
            0.029978581106140177,
            0.3157643460857164
        ],
        "Thorax": [
            -0.2626227316264084,
            0.14458131677786135,
            0.6555648579798764
        ],
        "Neck": [
            -0.5188896799429633,
            0.0785011285167884,
            0.8216104280783927
        ],
        "Head": [
            -0.5070016389784137,
            0.2089140032567041,
            0.8979377023967735
        ],
        "L_Shoulder": [
            -0.38616083719738586,
            0.26013733418962415,
            0.5119114808156664
        ],
        "L_Elbow": [
            -0.6228830360997298,
            0.370855556165104,
            0.1961218035979747
        ],
        "L_Wrist": [
            -0.8620960856686583,
            0.20215399928790684,
            -0.0863724754317227
        ],
        "R_Shoulder": [
            -0.0954803147178269,
            -0.10064529294771007,
            0.7088986768008134
        ],
        "R_Elbow": [
            -0.2375598193974286,
            -0.5016469191358435,
            0.46148827942295434
        ],
        "R_Wrist": [
            -0.5071363865276715,
            -0.50552728793766,
            0.2602770292255959
        ]
    }
}