{
    "video": "PdL2023_SaitoAn_VarClassique.mp4",
    "peak_id": 10,
    "frame_idx": 2254,
    "timestamp": 90.16,
    "total_score": 0.604,
    "skeleton_3d": {
        "Pelvis": [
            0.0,
            0.0,
            0.0
        ],
        "R_Hip": [
            0.10474822114101663,
            0.13885567144255093,
            0.02928109123063645
        ],
        "R_Knee": [
            0.5449058842967806,
            0.23987481529585356,
            -0.008112347173850216
        ],
        "R_Ankle": [
            0.4417229304534569,
            0.2116114055033143,
            -0.05948808824251215
        ],
        "L_Hip": [
            -0.10333000347533466,
            -0.1599056940827622,
            -0.027340705487702007
        ],
        "L_Knee": [
            -0.08298023103723834,
            -0.650981420576549,
            -0.5098287625763748
        ],
        "L_Ankle": [
            -0.13306608028599934,
            -1.2035285984511186,
            -0.9648055627981106
        ],
        "Spine": [
            -0.017224449336967006,
            0.15866629827702042,
            0.30007564434917033
        ],
        "Thorax": [
            -0.007503161694676311,
            0.401998041112807,
            0.6183184060921405
        ],
        "Neck": [
            0.011840070049080692,
            0.3335976004000758,
            0.8577677888306617
        ],
        "Head": [
            0.019096861308680112,
            0.54879043934567,
            0.8595924363509413
        ],
        "L_Shoulder": [
            -0.17292597734173903,
            0.2188474212729384,
            0.6421213831411721
        ],
        "L_Elbow": [
            -0.2792438314300878,
            -0.15104576578862625,
            0.9486610023748971
        ],
        "L_Wrist": [
            -0.1826862117327026,
            -0.10434729685568618,
            1.2161057440181156
        ],
        "R_Shoulder": [
            0.15668740992962985,
            0.39993287055102106,
            0.5406657228311756
        ],
        "R_Elbow": [
            0.47919063340902684,
            0.4253605241132513,
            0.47746246674577186
        ],
        "R_Wrist": [
            0.7757924333259125,
            0.3521628650409634,
            0.4961182458558439
        ]
    }
}