{
    "video": "edition4_sequence_2.mp4",
    "peak_id": 18,
    "frame_idx": 2455,
    "timestamp": 98.2,
    "total_score": 0.962,
    "skeleton_3d": {
        "Pelvis": [
            0.0,
            0.0,
            0.0
        ],
        "R_Hip": [
            0.10581487158588315,
            0.16040435647122403,
            0.06592522821368506
        ],
        "R_Knee": [
            0.48189677674721243,
            0.13836129334711553,
            0.285635113101677
        ],
        "R_Ankle": [
            0.8718213145568423,
            0.4618077931107239,
            0.5435266621380539
        ],
        "L_Hip": [
            -0.10698539758873775,
            -0.1654880570031264,
            -0.059634934775141396
        ],
        "L_Knee": [
            -0.11193020531947573,
            -0.1438051416374158,
            -0.6435847627773845
        ],
        "L_Ankle": [
            -0.17211149028813086,
            -0.2253424786118977,
            -1.1601498927624003
        ],
        "Spine": [
            -0.06392347983193922,
            -0.07032166403188847,
            0.3127406310971761
        ],
        "Thorax": [
            -0.1303052854614315,
            -0.16144450625234355,
            0.6141648202949875
        ],
        "Neck": [
            -0.17674560841115183,
            -0.19958717306100918,
            0.8555482093409833
        ],
        "Head": [
            -0.18710655913285554,
            -0.10604170564229613,
            0.8843548453953954
        ],
        "L_Shoulder": [
            -0.30612410124297457,
            -0.20958025545272316,
            0.558090252468962
        ],
        "L_Elbow": [
            -0.6685435110340565,
            -0.22767906452053646,
            0.551881334982087
        ],
        "L_Wrist": [
            -0.9708520719836246,
            -0.2460780601192023,
            0.6517600591296162
        ],
        "R_Shoulder": [
            0.06188734109388743,
            -0.0572018452437633,
            0.6759896923844257
        ],
        "R_Elbow": [
            0.11443283987187607,
            0.08157479865306344,
            1.0646505924071674
        ],
        "R_Wrist": [
            0.09720913223445539,
            -0.0031280906663824783,
            1.3916511755889975
        ]
    }
}