{
    "video": "edition4_sequence_2.mp4",
    "peak_id": 8,
    "frame_idx": 1058,
    "timestamp": 42.32,
    "total_score": 0.4,
    "skeleton_3d": {
        "Pelvis": [
            0.0,
            0.0,
            0.0
        ],
        "R_Hip": [
            0.1426744953622778,
            0.11538354979805283,
            0.0341020451274573
        ],
        "R_Knee": [
            0.442827934819427,
            0.25744331515119445,
            -0.40763186802185297
        ],
        "R_Ankle": [
            0.7815651877821126,
            0.5183017891257544,
            -0.7762842052661804
        ],
        "L_Hip": [
            -0.14192564136559496,
            -0.11382983346522431,
            -0.030986418429895735
        ],
        "L_Knee": [
            -0.12395288494130237,
            -0.041289001500234034,
            -0.6072441215727311
        ],
        "L_Ankle": [
            -0.11074351345691656,
            -0.022919990514649203,
            -1.1367786022378623
        ],
        "Spine": [
            -0.027365867079207285,
            -0.02980798165364146,
            0.3345343776965237
        ],
        "Thorax": [
            -0.032989279017304717,
            -0.10425571108022848,
            0.6598404756234199
        ],
        "Neck": [
            -0.01765381527746926,
            -0.17225356513040216,
            0.8981799500792497
        ],
        "Head": [
            -0.008177089529828208,
            -0.0827722145818,
            0.9637742648547535
        ],
        "L_Shoulder": [
            -0.23160900085103356,
            -0.11439960286866482,
            0.6699851607646562
        ],
        "L_Elbow": [
            -0.5600531288112764,
            -0.059132112827974016,
            0.6753013349898661
        ],
        "L_Wrist": [
            -0.8821605703416018,
            -0.15242338034391892,
            0.7100281158446089
        ],
        "R_Shoulder": [
            0.1533936271361487,
            -0.07509684003057106,
            0.6333655111756272
        ],
        "R_Elbow": [
            -0.05334809727249401,
            -0.3550876147520599,
            0.596924519900724
        ],
        "R_Wrist": [
            -0.3556707172189751,
            -0.2729722134010559,
            0.6840508559474088
        ]
    }
}