{
    "video": "edition4_sequence_1.mp4",
    "peak_id": 8,
    "frame_idx": 1274,
    "timestamp": 50.96,
    "total_score": 0.75,
    "skeleton_3d": {
        "Pelvis": [
            0.0,
            0.0,
            0.0
        ],
        "R_Hip": [
            0.0951776564044853,
            -0.12083315042255738,
            -0.09396289026067559
        ],
        "R_Knee": [
            0.1681105487336901,
            -0.019245418170685993,
            -0.6289840199210627
        ],
        "R_Ankle": [
            0.21942870453329522,
            -0.10057954702414204,
            -1.140608463042879
        ],
        "L_Hip": [
            -0.08772249077881376,
            0.10160006677816041,
            0.09729627752071895
        ],
        "L_Knee": [
            -0.4440161867546853,
            -0.11044499886378922,
            0.3877230875372229
        ],
        "L_Ankle": [
            -0.7007178397359302,
            -0.13309386132295947,
            0.8000486554774766
        ],
        "Spine": [
            0.10259882545381185,
            -0.01813631837844085,
            0.30342968623567956
        ],
        "Thorax": [
            0.17368919388528878,
            0.04999439878236241,
            0.6006085797324789
        ],
        "Neck": [
            0.12773644856183136,
            -0.005777847279603068,
            0.8180790261381994
        ],
        "Head": [
            0.12103020104261503,
            0.030469970703325657,
            0.8630547550018369
        ],
        "L_Shoulder": [
            0.03688952654664001,
            0.11564331242613178,
            0.5843966580867718
        ],
        "L_Elbow": [
            -0.09950612414577252,
            0.04123624064719358,
            0.9111500957240513
        ],
        "L_Wrist": [
            -0.08445218612473844,
            -0.04127894857114832,
            1.1632533643696104
        ],
        "R_Shoulder": [
            0.3145068484883978,
            -0.064727142406449,
            0.6102967803267514
        ],
        "R_Elbow": [
            0.24034582276527988,
            -0.28747110101573375,
            0.9594824504913739
        ],
        "R_Wrist": [
            0.0923239434202619,
            -0.18857199840993716,
            1.1814801065991156
        ]
    }
}