{
    "video": "edition4_sequence_2.mp4",
    "peak_id": 2,
    "frame_idx": 482,
    "timestamp": 19.28,
    "total_score": 0.407,
    "skeleton_3d": {
        "Pelvis": [
            0.0,
            0.0,
            0.0
        ],
        "R_Hip": [
            0.12004812043130937,
            0.10547845371205969,
            -0.004701066886509102
        ],
        "R_Knee": [
            0.17069953429174642,
            0.028859557617978985,
            -0.5758442744117673
        ],
        "R_Ankle": [
            0.00186762035389969,
            -0.1569329531727528,
            -1.1054179219366058
        ],
        "L_Hip": [
            -0.12828517556932284,
            -0.1115032561141733,
            0.011035425918045757
        ],
        "L_Knee": [
            0.08352588685128712,
            -0.07382052853812647,
            0.1610872164228115
        ],
        "L_Ankle": [
            0.3583794364904749,
            0.47620241432186006,
            -0.025734642541303983
        ],
        "Spine": [
            -0.024524588017569987,
            0.017757280441667904,
            0.3276588733192204
        ],
        "Thorax": [
            -0.050175156275691676,
            -0.012149385989625786,
            0.6567308729419239
        ],
        "Neck": [
            -0.10369677659908406,
            -0.06731694409815817,
            0.8850519296272029
        ],
        "Head": [
            -0.11887882470222164,
            0.019627145761411377,
            0.9248875030770904
        ],
        "L_Shoulder": [
            -0.2260989189260928,
            -0.04143111808916296,
            0.6121665829122125
        ],
        "L_Elbow": [
            -0.5063142199729493,
            -0.14671566929943375,
            0.8306255717468702
        ],
        "L_Wrist": [
            -0.7157772056977751,
            -0.20282213293800894,
            1.1108110565199656
        ],
        "R_Shoulder": [
            0.131899341265265,
            0.10903209056678298,
            0.6961287971416563
        ],
        "R_Elbow": [
            0.30789937592997924,
            0.17214620390321092,
            1.0240283672314123
        ],
        "R_Wrist": [
            0.3035674530833229,
            0.02652729986112313,
            1.3425839917087081
        ]
    }
}