{
    "video": "edition4_sequence_4.mp4",
    "peak_id": 10,
    "frame_idx": 1630,
    "timestamp": 65.2,
    "total_score": 0.613,
    "skeleton_3d": {
        "Pelvis": [
            0.0,
            0.0,
            0.0
        ],
        "R_Hip": [
            0.12087012764419124,
            0.15192994529202355,
            0.03962796610566765
        ],
        "R_Knee": [
            0.40869658472239545,
            0.38972007654424434,
            -0.1398610409180072
        ],
        "R_Ankle": [
            0.6675040804373072,
            0.7825727176918114,
            -0.21945575556580962
        ],
        "L_Hip": [
            -0.12171489670217496,
            -0.1396173638798905,
            -0.03490026013710404
        ],
        "L_Knee": [
            -0.21399240005527814,
            -0.22741306198991826,
            -0.6034091998526245
        ],
        "L_Ankle": [
            -0.30142353561700436,
            -0.26352166407024663,
            -1.1058752111015264
        ],
        "Spine": [
            0.02460661580542031,
            -0.03992426022985785,
            0.3131949790418636
        ],
        "Thorax": [
            0.03063205717134891,
            -0.14573752577520135,
            0.6117052154048254
        ],
        "Neck": [
            0.14667842654878388,
            -0.16526429883329943,
            0.8063612364696434
        ],
        "Head": [
            0.14089581306562957,
            -0.07016434362972956,
            0.860246019833886
        ],
        "L_Shoulder": [
            -0.15460258536938215,
            -0.21019619917024934,
            0.5498413530291334
        ],
        "L_Elbow": [
            -0.3369238003664146,
            -0.006142448023090261,
            0.3885901012537717
        ],
        "L_Wrist": [
            -0.5221944678643703,
            -0.021259274463521407,
            0.2766425436238583
        ],
        "R_Shoulder": [
            0.23369099572604346,
            0.03386818512677431,
            0.6655127806141894
        ],
        "R_Elbow": [
            0.4222198295096242,
            0.2485098682948593,
            0.822839590720724
        ],
        "R_Wrist": [
            0.6053975673407469,
            0.22409412306151374,
            1.0124570783074673
        ]
    }
}