{
    "video": "edition4_sequence_2.mp4",
    "peak_id": 20,
    "frame_idx": 2547,
    "timestamp": 101.88,
    "total_score": 0.746,
    "skeleton_3d": {
        "Pelvis": [
            0.0,
            0.0,
            0.0
        ],
        "R_Hip": [
            -0.04958303885652208,
            0.11256890148990477,
            -0.04569042719675994
        ],
        "R_Knee": [
            -0.054113975575386476,
            0.03067357935724407,
            -0.6435005278313963
        ],
        "R_Ankle": [
            -0.11403356993015769,
            -0.13335262971463302,
            -1.1976199680786948
        ],
        "L_Hip": [
            0.040851049045798976,
            -0.13810257134209133,
            0.050734380127070766
        ],
        "L_Knee": [
            0.39346058819509583,
            0.358256990775284,
            0.15237445773822714
        ],
        "L_Ankle": [
            0.608993347578974,
            0.8396937486207705,
            0.2870969519395626
        ],
        "Spine": [
            -0.028894819920703186,
            -0.015659733493828685,
            0.31701374086335954
        ],
        "Thorax": [
            -0.05210714164973491,
            -0.1281155456410872,
            0.6442673271456186
        ],
        "Neck": [
            0.055394289996796776,
            -0.09532256427557881,
            0.8329925534939383
        ],
        "Head": [
            0.026666782504534248,
            -0.1619826529789814,
            0.8649736284888607
        ],
        "L_Shoulder": [
            0.000832047458303474,
            -0.24624007441523724,
            0.6069536140596573
        ],
        "L_Elbow": [
            0.09516458291783673,
            -0.422636589196441,
            0.7153997030726319
        ],
        "L_Wrist": [
            0.1964608353465041,
            -0.22338943833624483,
            0.8878343663464561
        ],
        "R_Shoulder": [
            -0.1188463655397406,
            0.0588658095660027,
            0.6610940827192544
        ],
        "R_Elbow": [
            -0.08010023676305757,
            0.21445186907336802,
            0.9815808536016859
        ],
        "R_Wrist": [
            -0.09164156698611392,
            0.0738830737254133,
            1.3123202416340027
        ]
    }
}