{
    "video": "edition14_sequence_4.mp4",
    "peak_id": 5,
    "frame_idx": 1515,
    "timestamp": 60.6,
    "total_score": 0.85,
    "skeleton_3d": {
        "Pelvis": [
            0.0,
            0.0,
            0.0
        ],
        "R_Hip": [
            0.0573721410210824,
            0.12623326428480885,
            0.028003695530443892
        ],
        "R_Knee": [
            -0.043574797062314694,
            0.5203964257974104,
            0.22239820839359628
        ],
        "R_Ankle": [
            0.010413434028075692,
            0.8654446426607719,
            0.47969982439589387
        ],
        "L_Hip": [
            -0.0688278334217693,
            -0.1464926674176366,
            -0.023908744459608174
        ],
        "L_Knee": [
            -0.026692027341815326,
            -0.1204136923825191,
            -0.7875488432739458
        ],
        "L_Ankle": [
            0.0081464091467995,
            -0.08024339102804048,
            -1.402019571037221
        ],
        "Spine": [
            0.02253348165413752,
            -0.06620967583537231,
            0.34159072118948874
        ],
        "Thorax": [
            0.029737632175243993,
            -0.18454635587786444,
            0.6803356517248187
        ],
        "Neck": [
            0.028611119950620253,
            -0.1871666571030314,
            0.9384390554071045
        ],
        "Head": [
            0.004578252295179171,
            -0.17629716643089804,
            0.9918530308804823
        ],
        "L_Shoulder": [
            -0.04931566536733546,
            -0.25287842775756475,
            0.6282991611622097
        ],
        "L_Elbow": [
            0.10898546660569773,
            -0.17420826056859912,
            0.7144003022322529
        ],
        "L_Wrist": [
            0.4388128465019974,
            -0.14945116939627945,
            0.8127906772843767
        ],
        "R_Shoulder": [
            0.12236878443275441,
            -0.04574741836268275,
            0.6787213915610043
        ],
        "R_Elbow": [
            0.21518441650652678,
            -0.24872722119452303,
            0.7375074727079496
        ],
        "R_Wrist": [
            -0.39969660772411986,
            -0.3471772975880905,
            0.7902542890296952
        ]
    }
}