{
    "video": "edition14_sequence_5.mp4",
    "peak_id": 12,
    "frame_idx": 1471,
    "timestamp": 58.84,
    "total_score": 0.4,
    "skeleton_3d": {
        "Pelvis": [
            0.0,
            0.0,
            0.0
        ],
        "R_Hip": [
            0.1361485668784269,
            0.16833188822664027,
            0.010374403355433612
        ],
        "R_Knee": [
            0.48970621005703496,
            -0.04439456043785743,
            -0.1912573038966167
        ],
        "R_Ankle": [
            0.42078177851070697,
            0.289939067421988,
            -0.7403405426087128
        ],
        "L_Hip": [
            -0.13803944267021698,
            -0.16117701927194414,
            -0.01137326222244266
        ],
        "L_Knee": [
            -0.15046272506518338,
            -0.14712779294726366,
            -0.640529441552849
        ],
        "L_Ankle": [
            0.04227487028839277,
            -0.17728800163464126,
            -1.1724439762940926
        ],
        "Spine": [
            0.04569614330023316,
            -0.018124751461051275,
            0.3568474810383756
        ],
        "Thorax": [
            0.09130363341859672,
            -0.10208774200607981,
            0.6881870148339209
        ],
        "Neck": [
            0.1869781411014098,
            -0.136808735921852,
            0.9883219163112135
        ],
        "Head": [
            0.18740617748370483,
            -0.06453152399480196,
            1.0438281192220284
        ],
        "L_Shoulder": [
            -0.1466330933343561,
            -0.2068427066135036,
            0.7000277121013274
        ],
        "L_Elbow": [
            -0.4972360844473854,
            -0.3249592782082994,
            0.674619809231333
        ],
        "L_Wrist": [
            -0.8336289486633326,
            -0.3838807582785357,
            0.7632028609861183
        ],
        "R_Shoulder": [
            0.33462898782170414,
            0.057630146184298056,
            0.6429311008239221
        ],
        "R_Elbow": [
            0.7120753328289859,
            0.16770574417536294,
            0.5703957607950527
        ],
        "R_Wrist": [
            0.988478916638882,
            0.051283748435854266,
            0.800947324618982
        ]
    }
}