{
    "video": "edition14_sequence_9.mp4",
    "peak_id": 9,
    "frame_idx": 1529,
    "timestamp": 61.16,
    "total_score": 0.795,
    "skeleton_3d": {
        "Pelvis": [
            0.0,
            0.0,
            0.0
        ],
        "R_Hip": [
            0.08912105513554239,
            0.17152616472467447,
            0.10432994877282621
        ],
        "R_Knee": [
            0.7666824576428671,
            0.20031495505771343,
            0.15615447059270354
        ],
        "R_Ankle": [
            1.4130487742045252,
            0.4221288434784972,
            0.22383106704323769
        ],
        "L_Hip": [
            -0.08992905604129854,
            -0.15647295756324653,
            -0.0925007242490475
        ],
        "L_Knee": [
            0.04207094337511202,
            -0.04329560329414662,
            -0.7440875402392231
        ],
        "L_Ankle": [
            0.2747277904310847,
            -0.020601743280488354,
            -1.401883902674386
        ],
        "Spine": [
            -0.14461777112213958,
            -0.1384788121827266,
            0.3109784212650396
        ],
        "Thorax": [
            -0.2759832021845092,
            -0.2702176725483256,
            0.6320321071281587
        ],
        "Neck": [
            -0.3806292287979953,
            -0.32550910232618,
            0.8898373473220691
        ],
        "Head": [
            -0.36897592744109037,
            -0.3289420840668625,
            0.9424926504964499
        ],
        "L_Shoulder": [
            -0.40937167880916564,
            -0.23318842510751203,
            0.551440420458781
        ],
        "L_Elbow": [
            -0.4179829010059461,
            -0.2051044753215006,
            0.46324155189977667
        ],
        "L_Wrist": [
            -0.3602530349885531,
            -0.31082392518277296,
            0.4928906283427107
        ],
        "R_Shoulder": [
            -0.1541472827735883,
            -0.11647673912925144,
            0.6949533646165409
        ],
        "R_Elbow": [
            -0.024442183283998675,
            0.11803192458256828,
            0.9295155464401456
        ],
        "R_Wrist": [
            0.13203970400258655,
            0.1147846796701951,
            1.2517482888107478
        ]
    }
}