{
    "video": "edition14_sequence_1.mp4",
    "peak_id": 10,
    "frame_idx": 1830,
    "timestamp": 73.2,
    "total_score": 0.932,
    "skeleton_3d": {
        "Pelvis": [
            0.0,
            0.0,
            0.0
        ],
        "R_Hip": [
            0.07016063657267851,
            -0.16979848940939687,
            -0.053013636019910076
        ],
        "R_Knee": [
            0.019948930660952983,
            -0.18189100759926285,
            -0.7644501866102887
        ],
        "R_Ankle": [
            0.15777731507315765,
            -0.2533528892232375,
            -1.3516784719246915
        ],
        "L_Hip": [
            -0.07243957655740967,
            0.16424239909997276,
            0.053780840085159244
        ],
        "L_Knee": [
            -0.6442092638178741,
            -0.018605370283349208,
            0.10102831451058533
        ],
        "L_Ankle": [
            -1.2233370331360063,
            -0.060319917964291335,
            0.19403149076542184
        ],
        "Spine": [
            0.08653485334073337,
            0.023952086772646496,
            0.3384359260593178
        ],
        "Thorax": [
            0.1424731015262472,
            0.18220896327544467,
            0.6509827782478013
        ],
        "Neck": [
            0.22346208177472873,
            0.14208496505141935,
            0.8902491577667152
        ],
        "Head": [
            0.18376586695038,
            0.23848595490464358,
            0.9219106354511706
        ],
        "L_Shoulder": [
            -0.07301992627056829,
            0.15427847763581268,
            0.5968285827916195
        ],
        "L_Elbow": [
            -0.4034450755948168,
            -0.06359360120736458,
            0.5627368796416513
        ],
        "L_Wrist": [
            -0.7394626422938678,
            -0.26338999481789255,
            0.5402929218458251
        ],
        "R_Shoulder": [
            0.36597883466828984,
            0.10950049282315966,
            0.6862433074867368
        ],
        "R_Elbow": [
            0.5674127728861181,
            -0.07831880476267647,
            0.9670289242622929
        ],
        "R_Wrist": [
            0.6309915414619249,
            0.007554031978179291,
            1.2850782337311533
        ]
    }
}