{
    "video": "edition14_sequence_5.mp4",
    "peak_id": 18,
    "frame_idx": 1988,
    "timestamp": 79.52,
    "total_score": 0.846,
    "skeleton_3d": {
        "Pelvis": [
            0.0,
            0.0,
            0.0
        ],
        "R_Hip": [
            0.06698017508842365,
            0.17414896724348014,
            0.05985183385886079
        ],
        "R_Knee": [
            0.35967877224645955,
            0.428915249023177,
            0.0489530259522603
        ],
        "R_Ankle": [
            0.7660990403298372,
            0.7587892764997219,
            0.05891141364888002
        ],
        "L_Hip": [
            -0.07056106511832835,
            -0.17241699246811162,
            -0.05772701699432134
        ],
        "L_Knee": [
            -0.01913019946888329,
            -0.1681011128690737,
            -0.7326966433374106
        ],
        "L_Ankle": [
            -0.053163189225837584,
            -0.1367696462735504,
            -1.3971428506495662
        ],
        "Spine": [
            -0.09774065440761912,
            -0.06547497362788213,
            0.34458129504719615
        ],
        "Thorax": [
            -0.18735968098652503,
            -0.12962813616004276,
            0.676710630458174
        ],
        "Neck": [
            -0.27949899897970004,
            -0.19798835895289715,
            0.9555056831598789
        ],
        "Head": [
            -0.26370686808821364,
            -0.1405951774443241,
            1.014105097583345
        ],
        "L_Shoulder": [
            -0.3999520492446594,
            -0.20625290306534078,
            0.6515209312674878
        ],
        "L_Elbow": [
            -0.7569028026141649,
            -0.3603719254361641,
            0.7715169074056446
        ],
        "L_Wrist": [
            -1.0621326557015978,
            -0.45440686511533757,
            0.9180645125291231
        ],
        "R_Shoulder": [
            0.01346935628351034,
            0.04525643269965047,
            0.6630953338518665
        ],
        "R_Elbow": [
            0.17100059706451698,
            0.46869091200197066,
            0.7694033574722963
        ],
        "R_Wrist": [
            0.28273376651419885,
            0.47440335141429363,
            0.9582796647981875
        ]
    }
}