{
    "video": "edition14_sequence_6.mp4",
    "peak_id": 6,
    "frame_idx": 595,
    "timestamp": 23.8,
    "total_score": 1.0,
    "skeleton_3d": {
        "Pelvis": [
            0.0,
            0.0,
            0.0
        ],
        "R_Hip": [
            0.08338990634528876,
            0.17530432086942985,
            0.06655751583133207
        ],
        "R_Knee": [
            0.383471917424757,
            0.10517204539393912,
            0.5710995628250863
        ],
        "R_Ankle": [
            0.6958355168377189,
            0.13167243071975193,
            0.9943486610258956
        ],
        "L_Hip": [
            -0.08763060946015724,
            -0.1811015550536967,
            -0.06574687610691406
        ],
        "L_Knee": [
            -0.05148851270014733,
            -0.10354220429728904,
            -0.7457562383596147
        ],
        "L_Ankle": [
            -0.05829409018292601,
            -0.05510539403614587,
            -1.3761780637655572
        ],
        "Spine": [
            -0.11214993521741451,
            -0.12059685988785925,
            0.31699091306016797
        ],
        "Thorax": [
            -0.21295402761945464,
            -0.26688832627835934,
            0.6235054237804044
        ],
        "Neck": [
            -0.27151543432853376,
            -0.28409107047365834,
            0.9048631992035532
        ],
        "Head": [
            -0.27155153129307397,
            -0.24054193312918143,
            0.9557979252850797
        ],
        "L_Shoulder": [
            -0.40217816334081535,
            -0.2769235761305822,
            0.5326894554538543
        ],
        "L_Elbow": [
            -0.6956694531782314,
            -0.2036169999718958,
            0.4240781829160582
        ],
        "L_Wrist": [
            -1.031372691952391,
            -0.2205742025695088,
            0.38387115748903283
        ],
        "R_Shoulder": [
            -0.00645982385339947,
            -0.14877803031764109,
            0.6982074016777589
        ],
        "R_Elbow": [
            0.11571381290440298,
            -0.00023716498146385918,
            1.0228352458460528
        ],
        "R_Wrist": [
            0.006263729259646373,
            -0.08698573968518182,
            1.3497293567221762
        ]
    }
}