{
    "video": "edition14_sequence_6.mp4",
    "peak_id": 7,
    "frame_idx": 668,
    "timestamp": 26.72,
    "total_score": 1.0,
    "skeleton_3d": {
        "Pelvis": [
            0.0,
            0.0,
            0.0
        ],
        "R_Hip": [
            0.09134461981828872,
            -0.16476427130520171,
            -0.09112601600697082
        ],
        "R_Knee": [
            0.11856017627540995,
            -0.09393086795326207,
            -0.8236473535207481
        ],
        "R_Ankle": [
            0.2317775538131208,
            -0.04073732439845557,
            -1.4832485732399994
        ],
        "L_Hip": [
            -0.08809481710785333,
            0.15220571984797318,
            0.09186612350856989
        ],
        "L_Knee": [
            -0.5058060723661634,
            -0.0478088960914655,
            0.5253494505636409
        ],
        "L_Ankle": [
            -1.0102548248907388,
            -0.1240895489619628,
            0.9813599085379723
        ],
        "Spine": [
            0.16296422413166967,
            -0.06954158924363384,
            0.3369694528242743
        ],
        "Thorax": [
            0.2982961304307378,
            -0.08595478693789345,
            0.6500716204062248
        ],
        "Neck": [
            0.34290449304802195,
            -0.09622838087175023,
            0.9197849546099756
        ],
        "Head": [
            0.3481316422143577,
            -0.03035363947373593,
            0.9688273385856844
        ],
        "L_Shoulder": [
            0.06471981219343124,
            -0.11995017124125455,
            0.7394358073959436
        ],
        "L_Elbow": [
            -0.11766449071370583,
            -0.2181978250369317,
            1.0641153708957651
        ],
        "L_Wrist": [
            -0.02977856156265229,
            -0.2580541999426882,
            1.3844562873946162
        ],
        "R_Shoulder": [
            0.5115989995108224,
            -0.05834734278125166,
            0.5604153708259589
        ],
        "R_Elbow": [
            0.8968998977519166,
            -0.040301146862416,
            0.5045490712976912
        ],
        "R_Wrist": [
            1.0758701438383895,
            0.029152280573497155,
            0.5595262467215169
        ]
    }
}