{
    "video": "edition14_sequence_3.mp4",
    "peak_id": 7,
    "frame_idx": 955,
    "timestamp": 38.2,
    "total_score": 0.617,
    "skeleton_3d": {
        "Pelvis": [
            0.0,
            0.0,
            0.0
        ],
        "R_Hip": [
            0.09779690968991524,
            0.17976767788380205,
            0.04878743745215475
        ],
        "R_Knee": [
            0.41529229347326646,
            0.01641567686463029,
            0.3795982454418357
        ],
        "R_Ankle": [
            0.4377877939948585,
            0.36041063688879776,
            -0.04635238176977187
        ],
        "L_Hip": [
            -0.10512768713850298,
            -0.1805950432568701,
            -0.045093623747831074
        ],
        "L_Knee": [
            -0.009480209054195882,
            -0.26414266212816784,
            -0.7027460349766342
        ],
        "L_Ankle": [
            -0.03644295985595361,
            -0.4108074699981534,
            -1.289980195067787
        ],
        "Spine": [
            -0.08433630453965843,
            -0.046346145176728436,
            0.3303627693344515
        ],
        "Thorax": [
            -0.1657312008989463,
            -0.1525206706791826,
            0.6446871794562943
        ],
        "Neck": [
            -0.2409327113917679,
            -0.18935802618982628,
            0.9621318027297807
        ],
        "Head": [
            -0.22389400718246402,
            -0.11415146001964338,
            1.0048221234673727
        ],
        "L_Shoulder": [
            -0.3437781827657281,
            -0.2444541189522846,
            0.5653502908892568
        ],
        "L_Elbow": [
            -0.6730666432982676,
            -0.09614681960284957,
            0.43820232935533554
        ],
        "L_Wrist": [
            -1.034770929928586,
            -0.07901614734029291,
            0.35577722177398546
        ],
        "R_Shoulder": [
            0.03298972470904965,
            0.04498412683113014,
            0.6982864144304565
        ],
        "R_Elbow": [
            0.13730788094231056,
            0.24848320706931973,
            1.0248895707970165
        ],
        "R_Wrist": [
            0.18537999286835305,
            0.14308578067912436,
            1.3664483564758625
        ]
    }
}