{
    "video": "edition14_sequence_5.mp4",
    "peak_id": 20,
    "frame_idx": 2108,
    "timestamp": 84.32,
    "total_score": 0.989,
    "skeleton_3d": {
        "Pelvis": [
            0.0,
            0.0,
            0.0
        ],
        "R_Hip": [
            0.08790193110159322,
            0.14119434079783486,
            0.06951859151964855
        ],
        "R_Knee": [
            0.4473375558038759,
            0.16200310972437262,
            0.17820765163362315
        ],
        "R_Ankle": [
            0.8114738402645433,
            0.4105188087555978,
            0.46331278605972076
        ],
        "L_Hip": [
            -0.0918166529001775,
            -0.1428011128480809,
            -0.06363458361837762
        ],
        "L_Knee": [
            -0.033246941397940474,
            -0.12334683676078617,
            -0.6887967827714369
        ],
        "L_Ankle": [
            0.0607568456974511,
            -0.11392943725797594,
            -1.2577864822892524
        ],
        "Spine": [
            -0.04728467149165261,
            -0.1227670407175899,
            0.28918139066953236
        ],
        "Thorax": [
            -0.09766719340384623,
            -0.2546947942203354,
            0.5784613369618062
        ],
        "Neck": [
            -0.12342036259804755,
            -0.2997601614357321,
            0.7988493933530028
        ],
        "Head": [
            -0.14511439338810325,
            -0.21397652251032223,
            0.8273308900362254
        ],
        "L_Shoulder": [
            -0.23600243720338196,
            -0.26978903533317783,
            0.4977540943671765
        ],
        "L_Elbow": [
            -0.4122163862257577,
            -0.12199761405946598,
            0.4279703515605241
        ],
        "L_Wrist": [
            -0.662323060372074,
            -0.19236609956051076,
            0.4137927909595326
        ],
        "R_Shoulder": [
            0.0485184667156406,
            -0.14192387075966295,
            0.6436288163492145
        ],
        "R_Elbow": [
            0.154244765814015,
            0.007579482707707094,
            0.8632105281595999
        ],
        "R_Wrist": [
            0.09619710797425421,
            -0.038409988365988045,
            1.1499114226086213
        ]
    }
}