{
    "video": "edition14_sequence_1.mp4",
    "peak_id": 2,
    "frame_idx": 366,
    "timestamp": 14.64,
    "total_score": 0.559,
    "skeleton_3d": {
        "Pelvis": [
            0.0,
            0.0,
            0.0
        ],
        "R_Hip": [
            0.11327627884452049,
            -0.12214030563822567,
            -0.06081423454422166
        ],
        "R_Knee": [
            0.07425729498870422,
            -0.16194391928496782,
            -0.7553269238915995
        ],
        "R_Ankle": [
            0.094322237493654,
            -0.1371690383029698,
            -1.3281865218905775
        ],
        "L_Hip": [
            -0.11009357434843797,
            0.120807322002641,
            0.06267030911021257
        ],
        "L_Knee": [
            -0.5309221300090856,
            -0.04798226253028761,
            -0.1547804928084939
        ],
        "L_Ankle": [
            -0.9901126422191621,
            0.21181382346586597,
            -0.3007695707132938
        ],
        "Spine": [
            0.08008987114235255,
            -0.04565817348930282,
            0.32920098939250064
        ],
        "Thorax": [
            0.14678277592612285,
            -0.15519393278401877,
            0.6309384368394492
        ],
        "Neck": [
            0.2790542168807612,
            -0.18846580509022026,
            0.917019085852259
        ],
        "Head": [
            0.2738222244086107,
            -0.09702223209403361,
            0.9783211158984514
        ],
        "L_Shoulder": [
            -0.08626851289550208,
            -0.14422145325976862,
            0.6259064077638767
        ],
        "L_Elbow": [
            -0.39905106496607884,
            -0.07249673735498016,
            0.5292628750103435
        ],
        "L_Wrist": [
            -0.7234059074944382,
            -0.2406208504937117,
            0.4346404810719516
        ],
        "R_Shoulder": [
            0.37989119525971765,
            -0.08102590009234031,
            0.5904216098440852
        ],
        "R_Elbow": [
            0.6838324934851756,
            0.1332830010647287,
            0.45829306782088963
        ],
        "R_Wrist": [
            0.8522410373173156,
            0.226950423820956,
            0.3030741297052734
        ]
    }
}