{
    "video": "edition14_sequence_8.mp4",
    "peak_id": 6,
    "frame_idx": 1236,
    "timestamp": 49.44,
    "total_score": 0.529,
    "skeleton_3d": {
        "Pelvis": [
            0.0,
            0.0,
            0.0
        ],
        "R_Hip": [
            0.1296537180068748,
            -0.0462473362373075,
            -0.024340500666626082
        ],
        "R_Knee": [
            0.11571015546894829,
            -0.11776855098093032,
            -0.7316086524307593
        ],
        "R_Ankle": [
            0.004226875994989008,
            -0.08466699432776383,
            -1.3250672126490717
        ],
        "L_Hip": [
            -0.13052562223624598,
            0.05742620370037639,
            0.02660507650255498
        ],
        "L_Knee": [
            -0.46367620690432,
            0.045128945057655544,
            -0.23420291259581602
        ],
        "L_Ankle": [
            -0.9131680684206711,
            0.36728558592558425,
            -0.3672715450634588
        ],
        "Spine": [
            -0.027149355277748442,
            -0.052387827367367606,
            0.34435993271619014
        ],
        "Thorax": [
            -0.07451333078969362,
            -0.14852534130868456,
            0.6691554101373203
        ],
        "Neck": [
            -0.26715983940138727,
            -0.23069344010279672,
            0.8894596115257762
        ],
        "Head": [
            -0.2575680345409298,
            -0.14981168156885488,
            0.9487913754414598
        ],
        "L_Shoulder": [
            -0.24174421352373415,
            -0.05720940945829917,
            0.5727649941346739
        ],
        "L_Elbow": [
            -0.5400179116006479,
            -0.19983708263960598,
            0.5013339016126171
        ],
        "L_Wrist": [
            -0.7887000276890657,
            -0.35396211449117454,
            0.5129127959279491
        ],
        "R_Shoulder": [
            0.11190620920146381,
            -0.09217915662347013,
            0.7278773701869747
        ],
        "R_Elbow": [
            0.3770894641725594,
            0.0899207172592183,
            0.8175968393593979
        ],
        "R_Wrist": [
            0.6389248702971445,
            0.1138315496094001,
            0.9231261143089025
        ]
    }
}