{
    "video": "edition14_sequence_7.mp4",
    "peak_id": 3,
    "frame_idx": 915,
    "timestamp": 36.6,
    "total_score": 0.547,
    "skeleton_3d": {
        "Pelvis": [
            0.0,
            0.0,
            0.0
        ],
        "R_Hip": [
            0.0977995800377458,
            0.06676526189983484,
            -0.006664040106818401
        ],
        "R_Knee": [
            0.06720896174472665,
            0.010562034734582925,
            -0.6905249310129605
        ],
        "R_Ankle": [
            0.001158025270235493,
            -0.05472168320988446,
            -1.2744200820109974
        ],
        "L_Hip": [
            -0.10523063361068999,
            -0.09666596272377462,
            0.007948045641261581
        ],
        "L_Knee": [
            0.019912562218532277,
            0.4077452920513552,
            0.038322398351156195
        ],
        "L_Ankle": [
            0.45366667380110576,
            0.7250606834293927,
            0.32419638217542435
        ],
        "Spine": [
            -0.015272275976976364,
            -0.03687387425521058,
            0.35461606616119035
        ],
        "Thorax": [
            -0.0038489371880999278,
            -0.06696260138982163,
            0.7135571014311495
        ],
        "Neck": [
            -0.0546460680440319,
            -0.1368535232717342,
            0.9827974758095357
        ],
        "Head": [
            -0.04762028050203032,
            -0.0261542353703201,
            1.0252458195570076
        ],
        "L_Shoulder": [
            -0.19345966943969317,
            -0.13489480108962318,
            0.7269731037667534
        ],
        "L_Elbow": [
            -0.3956634508243166,
            -0.2757983655621176,
            0.9833286624477064
        ],
        "L_Wrist": [
            -0.4735123524054273,
            -0.30075585917452735,
            1.3208811000573935
        ],
        "R_Shoulder": [
            0.15738315320114443,
            0.07534509792548237,
            0.6716248719580824
        ],
        "R_Elbow": [
            0.39531852777245624,
            0.4304948271027917,
            0.6633834861462575
        ],
        "R_Wrist": [
            0.5809790482553622,
            0.1561073832290998,
            0.6861589696421317
        ]
    }
}