{
    "video": "edition14_sequence_1.mp4",
    "peak_id": 9,
    "frame_idx": 1575,
    "timestamp": 63.0,
    "total_score": 0.4,
    "skeleton_3d": {
        "Pelvis": [
            0.0,
            0.0,
            0.0
        ],
        "R_Hip": [
            0.11880041184190224,
            0.17828690842189063,
            0.02659546324501038
        ],
        "R_Knee": [
            0.5752443414189133,
            -0.06337518569169819,
            -0.14012813456255319
        ],
        "R_Ankle": [
            0.2858406627613753,
            0.20677415725322212,
            -0.6221013061590241
        ],
        "L_Hip": [
            -0.12470445696248095,
            -0.17792007005193095,
            -0.026543491456738327
        ],
        "L_Knee": [
            -0.09611248372845943,
            -0.11235036310722692,
            -0.6876193911255695
        ],
        "L_Ankle": [
            -0.0064730815443274975,
            -0.07063942995845958,
            -1.2356841363830184
        ],
        "Spine": [
            -0.006899243961549176,
            -0.01310495033203583,
            0.36004435793783107
        ],
        "Thorax": [
            -0.014325356611663178,
            -0.11689404666978462,
            0.6965120139632847
        ],
        "Neck": [
            -0.18047092287827704,
            -0.18994974001347134,
            0.9151667221240051
        ],
        "Head": [
            -0.19419797145563342,
            -0.09976448257221053,
            0.9570096086448228
        ],
        "L_Shoulder": [
            -0.24382192169927938,
            -0.18092871187771284,
            0.6560171956736467
        ],
        "L_Elbow": [
            -0.5357422842310183,
            -0.3419685699768105,
            0.7576706153783981
        ],
        "L_Wrist": [
            -0.7704121489206456,
            -0.3137074109176808,
            1.027031998549735
        ],
        "R_Shoulder": [
            0.2313475681243362,
            0.01228547797685567,
            0.7214948525856612
        ],
        "R_Elbow": [
            0.5424065167008225,
            0.2487141660533732,
            0.7902405355225212
        ],
        "R_Wrist": [
            0.8050134663659793,
            0.17697880599616336,
            1.0158814513759657
        ]
    }
}