{
    "video": "edition14_sequence_8.mp4",
    "peak_id": 5,
    "frame_idx": 651,
    "timestamp": 26.04,
    "total_score": 0.656,
    "skeleton_3d": {
        "Pelvis": [
            0.0,
            0.0,
            0.0
        ],
        "R_Hip": [
            0.01462525137729654,
            0.0871091931464791,
            0.04791408466397489
        ],
        "R_Knee": [
            0.15878380354151264,
            0.5880515666609266,
            0.0601730748467493
        ],
        "R_Ankle": [
            0.5694637677363888,
            0.8781656831613214,
            0.0681697437077611
        ],
        "L_Hip": [
            -0.018509357037200774,
            -0.06775496856300413,
            -0.04253643646403947
        ],
        "L_Knee": [
            -0.16864060579402787,
            -0.13387936645134346,
            -0.7044672206061257
        ],
        "L_Ankle": [
            0.008014111193144859,
            -0.18895131895742442,
            -1.2928228879406274
        ],
        "Spine": [
            -0.07841914254953726,
            -0.1022612875478844,
            0.3376507495745555
        ],
        "Thorax": [
            -0.1574268798118057,
            -0.25795746231480965,
            0.6631260111254481
        ],
        "Neck": [
            -0.240890548794169,
            -0.2470762850456637,
            0.9039763642724369
        ],
        "Head": [
            -0.2344973669826853,
            -0.22678415520591258,
            0.9556374582409642
        ],
        "L_Shoulder": [
            -0.385801560130783,
            -0.20651156377986207,
            0.6663399164494763
        ],
        "L_Elbow": [
            -0.6192737334482189,
            -0.2431418324957069,
            0.9444782951891811
        ],
        "L_Wrist": [
            -0.5110743099235779,
            -0.2852852084696015,
            1.2758591787225226
        ],
        "R_Shoulder": [
            0.05810890010909649,
            -0.1712570340678116,
            0.6682287025426357
        ],
        "R_Elbow": [
            0.22159410033696167,
            -0.2769717225931369,
            0.9675325318244209
        ],
        "R_Wrist": [
            -0.4651652048800491,
            -0.4283524866753742,
            1.2812958787761566
        ]
    }
}