{
    "video": "edition14_sequence_3.mp4",
    "peak_id": 5,
    "frame_idx": 669,
    "timestamp": 26.76,
    "total_score": 0.7,
    "skeleton_3d": {
        "Pelvis": [
            0.0,
            0.0,
            0.0
        ],
        "R_Hip": [
            0.02056458683938697,
            0.14372416662874707,
            -0.017873244350055974
        ],
        "R_Knee": [
            0.03261611737592408,
            0.02512353216190033,
            -0.704761404490127
        ],
        "R_Ankle": [
            -0.07701740560451938,
            -0.09592684453705727,
            -1.3331773576846588
        ],
        "L_Hip": [
            -0.02228377865068894,
            -0.13758070963593935,
            0.020007399120997617
        ],
        "L_Knee": [
            0.04449313528021193,
            0.10590967287114701,
            0.22695958061434593
        ],
        "L_Ankle": [
            -0.05868446961797909,
            0.7417560845238876,
            0.45743208186544476
        ],
        "Spine": [
            -0.04791668121448202,
            0.001736115656515355,
            0.31715214194024877
        ],
        "Thorax": [
            -0.09074102754524005,
            0.12013918487926023,
            0.6307581302716664
        ],
        "Neck": [
            -0.06333758880324887,
            0.05552688807919592,
            0.8558520647303057
        ],
        "Head": [
            -0.04296965074533288,
            0.10478452402927631,
            0.8926061219472016
        ],
        "L_Shoulder": [
            -0.2537521406954929,
            -0.07169026942369337,
            0.6311543960909812
        ],
        "L_Elbow": [
            -0.4241809696440292,
            -0.31468603117571825,
            0.916729809886596
        ],
        "L_Wrist": [
            -0.5797995648333919,
            -0.30831337879372833,
            1.2367506817729992
        ],
        "R_Shoulder": [
            0.053504758034851434,
            0.22279585719047393,
            0.6050983660657576
        ],
        "R_Elbow": [
            0.258023037579493,
            0.5412216039136077,
            0.6284414816367512
        ],
        "R_Wrist": [
            0.5514647188646503,
            0.3870954451537222,
            0.669979706917134
        ]
    }
}