{
    "video": "edition14_sequence_1.mp4",
    "peak_id": 8,
    "frame_idx": 674,
    "timestamp": 26.96,
    "total_score": 0.567,
    "skeleton_3d": {
        "Pelvis": [
            0.0,
            0.0,
            0.0
        ],
        "R_Hip": [
            0.13443017563932216,
            -0.09572711285979991,
            -0.015152496933542769
        ],
        "R_Knee": [
            0.18104104265377394,
            -0.10191176761545728,
            -0.6187111942153487
        ],
        "R_Ankle": [
            0.2654599900780714,
            -0.08801290000806856,
            -1.1683920580159153
        ],
        "L_Hip": [
            -0.1355835155864946,
            0.09390440537900858,
            0.013399415378287215
        ],
        "L_Knee": [
            -0.43358623652238837,
            0.1228125529150226,
            -0.5082089328815314
        ],
        "L_Ankle": [
            -0.7659323758952788,
            0.35156057375509536,
            -0.8406541043895011
        ],
        "Spine": [
            0.004279178466108058,
            -0.03637565649411378,
            0.3275693862324269
        ],
        "Thorax": [
            -0.01629771919532631,
            -0.11558828438538106,
            0.6348844764865492
        ],
        "Neck": [
            -0.14046144059444815,
            -0.21669147492724078,
            0.8646707511011926
        ],
        "Head": [
            -0.141900972773782,
            -0.13973909352811625,
            0.9352249578367205
        ],
        "L_Shoulder": [
            -0.22383283789262773,
            -0.05066378313367025,
            0.5786783240091838
        ],
        "L_Elbow": [
            -0.42607841113722694,
            0.06800788285561875,
            0.35012714646201826
        ],
        "L_Wrist": [
            -0.5304959504723001,
            -0.273028791792498,
            0.30843761563680294
        ],
        "R_Shoulder": [
            0.20488897690487393,
            -0.08656905814170399,
            0.653729595472432
        ],
        "R_Elbow": [
            0.48555097998402774,
            0.1417867690896885,
            0.6061872074373911
        ],
        "R_Wrist": [
            0.7706231045394991,
            0.14475037101190713,
            0.6801351990207718
        ]
    }
}