{
    "video": "edition14_sequence_4.mp4",
    "peak_id": 10,
    "frame_idx": 2519,
    "timestamp": 100.76,
    "total_score": 1.0,
    "skeleton_3d": {
        "Pelvis": [
            0.0,
            0.0,
            0.0
        ],
        "R_Hip": [
            0.12761171617356815,
            0.15125722870964006,
            0.06146964351991904
        ],
        "R_Knee": [
            0.2427301270423092,
            -0.012242905272729344,
            0.5254876639020515
        ],
        "R_Ankle": [
            0.42743418063832195,
            0.022162073408442146,
            1.0539041875041795
        ],
        "L_Hip": [
            -0.13054338377748706,
            -0.15835338798465934,
            -0.05689899318644922
        ],
        "L_Knee": [
            -0.09083956173580944,
            -0.13516246273821428,
            -0.7254958271172485
        ],
        "L_Ankle": [
            -0.10391955694921569,
            -0.22743177208319723,
            -1.3293885591505388
        ],
        "Spine": [
            -0.03674940964523428,
            -0.05962913969153543,
            0.34626724594540526
        ],
        "Thorax": [
            -0.04915045910939801,
            -0.1173112834872632,
            0.6931639560488548
        ],
        "Neck": [
            -0.0890405747713792,
            -0.18983222712260134,
            0.9468900968141726
        ],
        "Head": [
            -0.10655850829160092,
            -0.09930246820604702,
            0.9855540070394576
        ],
        "L_Shoulder": [
            -0.2391119423770017,
            -0.19391383934622589,
            0.6928420653578392
        ],
        "L_Elbow": [
            -0.39050984398353017,
            -0.3689492154783767,
            0.9139034595970681
        ],
        "L_Wrist": [
            -0.5282638476877162,
            -0.30622598174527804,
            1.1516621928866624
        ],
        "R_Shoulder": [
            0.1347019973641704,
            0.03935311562318196,
            0.6758768954794432
        ],
        "R_Elbow": [
            0.2916814101154241,
            0.42951604077279487,
            0.5751776879624123
        ],
        "R_Wrist": [
            0.342197081329753,
            0.6547890439267189,
            0.30659298403428675
        ]
    }
}