{
    "video": "edition14_sequence_5.mp4",
    "peak_id": 8,
    "frame_idx": 816,
    "timestamp": 32.64,
    "total_score": 0.594,
    "skeleton_3d": {
        "Pelvis": [
            0.0,
            0.0,
            0.0
        ],
        "R_Hip": [
            0.12697059587473492,
            -0.1125568816513257,
            -0.01886765763637185
        ],
        "R_Knee": [
            0.21359692110947745,
            -0.12087107917344256,
            -0.6818570780138191
        ],
        "R_Ankle": [
            0.32540907171054145,
            -0.13928800826178747,
            -1.2587433922062754
        ],
        "L_Hip": [
            -0.13069565651572534,
            0.10921586883719808,
            0.015940732853560756
        ],
        "L_Knee": [
            -0.5411638682918202,
            0.1147452114156119,
            -0.4516644371702155
        ],
        "L_Ankle": [
            -0.9831553094354589,
            0.30602390442000127,
            -0.7946897422940016
        ],
        "Spine": [
            -0.006067942488904455,
            -0.03013915267099077,
            0.33025071445391585
        ],
        "Thorax": [
            -0.01438605031958977,
            -0.13308284892002076,
            0.6334343263265063
        ],
        "Neck": [
            -0.08458627663003415,
            -0.23147832144023064,
            0.8604172077137875
        ],
        "Head": [
            -0.07880389489418053,
            -0.10709690509221849,
            0.9149929060065547
        ],
        "L_Shoulder": [
            -0.23819209381755346,
            -0.08963946189086153,
            0.6177537913340783
        ],
        "L_Elbow": [
            -0.591963736241333,
            -0.19203419034346528,
            0.608670356279119
        ],
        "L_Wrist": [
            -0.942280654767961,
            -0.2670237133371737,
            0.6743094829188907
        ],
        "R_Shoulder": [
            0.202634128702205,
            -0.09902572705199578,
            0.6213853182724798
        ],
        "R_Elbow": [
            0.5327472906409908,
            0.014771953700017175,
            0.6009832762582478
        ],
        "R_Wrist": [
            0.8415529129741548,
            0.04365406372618314,
            0.6039315830412214
        ]
    }
}