{
    "video": "edition14_sequence_1.mp4",
    "peak_id": 4,
    "frame_idx": 466,
    "timestamp": 18.64,
    "total_score": 0.599,
    "skeleton_3d": {
        "Pelvis": [
            0.0,
            0.0,
            0.0
        ],
        "R_Hip": [
            0.10415927223662198,
            -0.12765183593420715,
            -0.05884058703075194
        ],
        "R_Knee": [
            0.07934559076715773,
            -0.13680650768048125,
            -0.7549189889149016
        ],
        "R_Ankle": [
            0.09315654455492658,
            -0.11045304316938151,
            -1.3463557173450458
        ],
        "L_Hip": [
            -0.10170968748363879,
            0.12586346570056234,
            0.06115516401781563
        ],
        "L_Knee": [
            -0.5464358969317478,
            -0.03174150590779282,
            -0.14010454794437724
        ],
        "L_Ankle": [
            -1.0062414175714185,
            0.2095340163126233,
            -0.26702062483018907
        ],
        "Spine": [
            0.08047073675094506,
            -0.0472435392042418,
            0.3288708788578303
        ],
        "Thorax": [
            0.14541333347653426,
            -0.1503846292456543,
            0.6329285309065433
        ],
        "Neck": [
            0.26844788931987756,
            -0.178606464443619,
            0.9164655823921664
        ],
        "Head": [
            0.25411443854354965,
            -0.09492227402114987,
            0.9822769955050747
        ],
        "L_Shoulder": [
            -0.08515917448074513,
            -0.1398038395444796,
            0.6196453850673282
        ],
        "L_Elbow": [
            -0.3868510376552,
            -0.11090861942629539,
            0.5465745881054056
        ],
        "L_Wrist": [
            -0.7136115808609483,
            -0.27623597067029826,
            0.524829751960017
        ],
        "R_Shoulder": [
            0.379363242990732,
            -0.06601952235547938,
            0.60327065429741
        ],
        "R_Elbow": [
            0.6632911442319938,
            0.19389868187387593,
            0.49587698106690276
        ],
        "R_Wrist": [
            0.907085715399269,
            0.3441037136932087,
            0.37874298084902014
        ]
    }
}