{
    "video": "edition33_sequence_5.mp4",
    "peak_id": 4,
    "frame_idx": 783,
    "timestamp": 31.32,
    "total_score": 0.541,
    "skeleton_3d": {
        "Pelvis": [
            0.0,
            0.0,
            0.0
        ],
        "R_Hip": [
            -0.11907026081882852,
            -0.004551977883631394,
            -0.04661166435350365
        ],
        "R_Knee": [
            0.05922790615868129,
            0.18240869920764013,
            -0.6868588875635284
        ],
        "R_Ankle": [
            0.1454875737002688,
            0.11533927547246221,
            -1.2480914141591752
        ],
        "L_Hip": [
            0.12693656693707833,
            0.012969174023719101,
            0.04231238725903442
        ],
        "L_Knee": [
            0.3623946716451719,
            0.7346227287196057,
            -0.13061214010255084
        ],
        "L_Ankle": [
            0.5423602920561365,
            1.3608475897419505,
            -0.20868993535194882
        ],
        "Spine": [
            -0.07255838087950686,
            -0.3018990445497888,
            0.2913687332170328
        ],
        "Thorax": [
            -0.1284838308190673,
            -0.6827252592531444,
            0.604444368623806
        ],
        "Neck": [
            -0.13562198193251426,
            -0.6879167963850084,
            0.825009237022007
        ],
        "Head": [
            -0.1353825163339068,
            -0.9701928049809635,
            0.8664250587348947
        ],
        "L_Shoulder": [
            0.10260254669580637,
            -0.669530744425874,
            0.6228541575325066
        ],
        "L_Elbow": [
            0.2821235879209956,
            -0.18698267909076507,
            0.8588337669881708
        ],
        "L_Wrist": [
            0.2759154691865265,
            0.08299278842110056,
            1.2190120080490232
        ],
        "R_Shoulder": [
            -0.3559651874442824,
            -0.5268171788561502,
            0.5216609922171963
        ],
        "R_Elbow": [
            -0.5117179296176235,
            -0.0023293324603013343,
            0.1964663693996569
        ],
        "R_Wrist": [
            -0.33051362566903125,
            0.4603998343354439,
            0.212535434484543
        ]
    }
}