{
    "video": "edition33_sequence_0.mp4",
    "peak_id": 3,
    "frame_idx": 456,
    "timestamp": 18.24,
    "total_score": 0.518,
    "skeleton_3d": {
        "Pelvis": [
            0.0,
            0.0,
            0.0
        ],
        "R_Hip": [
            0.08314883882046499,
            -0.20146278121030126,
            0.025286479199671072
        ],
        "R_Knee": [
            0.6187825759270292,
            -0.11175782672286148,
            -0.24645235118469352
        ],
        "R_Ankle": [
            1.196607163761928,
            -0.0745572965668282,
            -0.20742869563202634
        ],
        "L_Hip": [
            -0.08446873928518393,
            0.21899760951816033,
            -0.0282165702646394
        ],
        "L_Knee": [
            -0.059925215826322854,
            0.19965321375939118,
            -0.669568475274274
        ],
        "L_Ankle": [
            -0.10727026971862345,
            0.2855606762314366,
            -1.2357069997137986
        ],
        "Spine": [
            -0.05311245267588834,
            0.11374001807254785,
            0.3138255482155968
        ],
        "Thorax": [
            -0.056534357606837976,
            0.2244343211473571,
            0.6603816014093559
        ],
        "Neck": [
            -0.11309451468026664,
            0.20307639820608972,
            0.8700133278881134
        ],
        "Head": [
            -0.0920914236016326,
            0.3663542956492683,
            0.9179510743904632
        ],
        "L_Shoulder": [
            -0.17883592313113988,
            0.3623351890455582,
            0.6232683612940765
        ],
        "L_Elbow": [
            -0.4781471614187918,
            0.6955972704568806,
            0.6021016275329805
        ],
        "L_Wrist": [
            -0.8459193573664119,
            0.8224225270022907,
            0.6629969316000962
        ],
        "R_Shoulder": [
            0.03147803437825831,
            -0.012709229240493213,
            0.6196752842226041
        ],
        "R_Elbow": [
            -0.4405167016680939,
            -0.27571777987841706,
            0.585608472681154
        ],
        "R_Wrist": [
            -0.871743331604907,
            -0.24113743961236267,
            0.6492366255393316
        ]
    }
}