{
    "video": "edition33_sequence_6.mp4",
    "peak_id": 13,
    "frame_idx": 3001,
    "timestamp": 120.04,
    "total_score": 0.75,
    "skeleton_3d": {
        "Pelvis": [
            0.0,
            0.0,
            0.0
        ],
        "R_Hip": [
            0.10627903509197416,
            0.0012714456036082556,
            0.0455127083401902
        ],
        "R_Knee": [
            0.4855265449603165,
            -0.03413795979519022,
            0.41087871565534784
        ],
        "R_Ankle": [
            0.9227628805760973,
            -0.20732158930305253,
            0.7785818635024017
        ],
        "L_Hip": [
            -0.09482388913339551,
            0.06250410195787667,
            -0.049765363093442
        ],
        "L_Knee": [
            -0.1669165375637372,
            -0.06244863968688146,
            -0.655324590427271
        ],
        "L_Ankle": [
            -0.26770196809430996,
            -0.31359148610771637,
            -1.1836353314801473
        ],
        "Spine": [
            -0.12000315453498704,
            0.09666828890681645,
            0.29113533611544684
        ],
        "Thorax": [
            -0.1929398900102881,
            0.331234221583743,
            0.5967867406849335
        ],
        "Neck": [
            -0.26031465199998116,
            0.25518399490865956,
            0.8189255581697764
        ],
        "Head": [
            -0.2533330812456095,
            0.5179716908650721,
            0.8398908080270526
        ],
        "L_Shoulder": [
            -0.40042551089763806,
            0.266719285934886,
            0.5066650858152473
        ],
        "L_Elbow": [
            -0.6946795735497799,
            0.24816293706302367,
            0.38481120603550517
        ],
        "L_Wrist": [
            -0.9713476684665061,
            0.12734393131043661,
            0.33788632949075653
        ],
        "R_Shoulder": [
            0.018111695153975677,
            0.15586502396852117,
            0.6210881787083007
        ],
        "R_Elbow": [
            0.1841294639918378,
            -0.23782571722437157,
            0.9452168502995241
        ],
        "R_Wrist": [
            0.25262481687448746,
            -0.22851179714617803,
            1.2617837035382957
        ]
    }
}