{
    "video": "edition33_sequence_5.mp4",
    "peak_id": 3,
    "frame_idx": 581,
    "timestamp": 23.24,
    "total_score": 0.467,
    "skeleton_3d": {
        "Pelvis": [
            0.0,
            0.0,
            0.0
        ],
        "R_Hip": [
            0.05510439495345812,
            0.12069131778455895,
            -0.04078664364212673
        ],
        "R_Knee": [
            -0.0029036001369223074,
            0.014717890826981665,
            -0.6586289399710662
        ],
        "R_Ankle": [
            0.041915804964294395,
            -0.18639356404865223,
            -1.2032775729658045
        ],
        "L_Hip": [
            -0.053910346053090946,
            -0.07534167775549315,
            0.04572583356694821
        ],
        "L_Knee": [
            -0.6541386377325503,
            0.042381203249670034,
            -0.04061359250303348
        ],
        "L_Ankle": [
            -1.177821951013585,
            0.12824596609379077,
            -0.16240305649559986
        ],
        "Spine": [
            0.10369925855943829,
            -0.16330455368191038,
            0.27899887464802153
        ],
        "Thorax": [
            0.20155239246432582,
            -0.3279092609494183,
            0.6019741720493024
        ],
        "Neck": [
            0.33418429163800295,
            -0.4077468632577389,
            0.7748637685905044
        ],
        "Head": [
            0.2986396246224272,
            -0.361800809182332,
            0.8222808365357295
        ],
        "L_Shoulder": [
            0.09497332116446455,
            -0.5099860886175638,
            0.5437216110293701
        ],
        "L_Elbow": [
            0.3660754573930272,
            -0.8657464997494136,
            0.4382836319721875
        ],
        "L_Wrist": [
            0.715527235929632,
            -0.6065320476429248,
            0.5008833769761872
        ],
        "R_Shoulder": [
            0.32103462231763014,
            -0.10813820768765729,
            0.5943550650943009
        ],
        "R_Elbow": [
            0.540837231808309,
            0.00828114683824345,
            0.7528101483177989
        ],
        "R_Wrist": [
            0.7356184837366955,
            -0.031005971300529234,
            1.0380529065610358
        ]
    }
}