{
    "video": "edition33_sequence_6.mp4",
    "peak_id": 2,
    "frame_idx": 872,
    "timestamp": 34.88,
    "total_score": 0.966,
    "skeleton_3d": {
        "Pelvis": [
            0.0,
            0.0,
            0.0
        ],
        "R_Hip": [
            0.060271683963228025,
            -0.15225793617642416,
            -0.08319250507049845
        ],
        "R_Knee": [
            0.07577657722053303,
            -0.11070448929953138,
            -0.7837861109403785
        ],
        "R_Ankle": [
            0.2081411059333825,
            0.06599437489421488,
            -1.3813426175186034
        ],
        "L_Hip": [
            -0.06506851925552942,
            0.1694627875806643,
            0.08857820686659469
        ],
        "L_Knee": [
            -0.6828608266628063,
            0.10402170079824263,
            0.31318866983068716
        ],
        "L_Ankle": [
            -1.0913827191112226,
            0.07769631173644094,
            0.6486957609815319
        ],
        "Spine": [
            0.12583765842727462,
            -0.2332751119261847,
            0.2917099089420425
        ],
        "Thorax": [
            0.24076274152458227,
            -0.4067055519575503,
            0.627044168516862
        ],
        "Neck": [
            0.17953526131743766,
            -0.5150334254319232,
            0.7711126257871717
        ],
        "Head": [
            0.18361312633621402,
            -0.48437938391129876,
            0.8330170556177694
        ],
        "L_Shoulder": [
            0.1853563507662014,
            -0.26708872745218704,
            0.5977302723789856
        ],
        "L_Elbow": [
            0.1626562078142802,
            0.15790341732564384,
            0.38253098179252915
        ],
        "L_Wrist": [
            0.27064667045509727,
            -0.1202758682439231,
            0.6220250980279859
        ],
        "R_Shoulder": [
            0.30564545386054087,
            -0.5147571544171535,
            0.588796592643822
        ],
        "R_Elbow": [
            0.20209935779228486,
            -0.7314153926318601,
            0.25769468252803096
        ],
        "R_Wrist": [
            0.2687499606863108,
            -0.6501207132096931,
            0.5752773226969486
        ]
    }
}