{
    "video": "edition33_sequence_6.mp4",
    "peak_id": 6,
    "frame_idx": 1328,
    "timestamp": 53.12,
    "total_score": 0.889,
    "skeleton_3d": {
        "Pelvis": [
            0.0,
            0.0,
            0.0
        ],
        "R_Hip": [
            0.10365824717827456,
            -0.011012853467861522,
            -0.06022279070252054
        ],
        "R_Knee": [
            0.10025922571714899,
            -0.07767373693078758,
            -0.7321943348343569
        ],
        "R_Ankle": [
            0.09797377823824242,
            0.12225876209167535,
            -1.3329477685079274
        ],
        "L_Hip": [
            -0.1021184633334832,
            0.07859782652654003,
            0.06902913128932953
        ],
        "L_Knee": [
            -0.5929588293142065,
            0.09468967041439434,
            0.21888247895666013
        ],
        "L_Ankle": [
            -1.1537506117458187,
            0.12129629694233669,
            0.2887788413684695
        ],
        "Spine": [
            0.08070232935441479,
            -0.17025763890721338,
            0.2991631596571574
        ],
        "Thorax": [
            0.14254825873681418,
            -0.17127020216699698,
            0.6400237861268775
        ],
        "Neck": [
            0.2073982076577526,
            -0.2509637650919095,
            0.8819414715001539
        ],
        "Head": [
            0.1911853163094435,
            -0.06580643688201239,
            0.9143388844814027
        ],
        "L_Shoulder": [
            -0.08105503985060021,
            -0.1910093589140288,
            0.5930856409394449
        ],
        "L_Elbow": [
            -0.4573034716027121,
            0.006106907425496423,
            0.4257478271725515
        ],
        "L_Wrist": [
            -0.7577157007068812,
            -0.2217607770489525,
            0.3509927249567482
        ],
        "R_Shoulder": [
            0.37028598596539253,
            -0.2151724369476859,
            0.6041793023587151
        ],
        "R_Elbow": [
            0.7501925634472371,
            -0.4435818021506862,
            0.6003655304452228
        ],
        "R_Wrist": [
            1.0442834084643766,
            -0.7514720576596716,
            0.6437998654150026
        ]
    }
}