{
    "video": "edition33_sequence_6.mp4",
    "peak_id": 8,
    "frame_idx": 1618,
    "timestamp": 64.72,
    "total_score": 0.695,
    "skeleton_3d": {
        "Pelvis": [
            0.0,
            0.0,
            0.0
        ],
        "R_Hip": [
            0.11971671333956449,
            -0.09824672891756718,
            0.018154760583510274
        ],
        "R_Knee": [
            0.1588050714839974,
            -0.6123662216024689,
            0.18617515493599407
        ],
        "R_Ankle": [
            0.018815176476753674,
            -1.1447417579139414,
            0.07044794272544849
        ],
        "L_Hip": [
            -0.11075468281805018,
            0.12219629014791282,
            -0.02141167073276954
        ],
        "L_Knee": [
            -0.11820103978192778,
            0.024009025418807547,
            -0.5978970739083399
        ],
        "L_Ankle": [
            -0.08715753286586347,
            -0.26753076905211176,
            -1.0910405993721377
        ],
        "Spine": [
            -0.056133678953713954,
            0.23227814276228653,
            0.27948957304619165
        ],
        "Thorax": [
            -0.09147771289657303,
            0.5185983307969665,
            0.5912479835808861
        ],
        "Neck": [
            -0.16519113096104662,
            0.4735352639101598,
            0.7799264162612929
        ],
        "Head": [
            -0.15806901271051213,
            0.7061305142460605,
            0.7977269925593259
        ],
        "L_Shoulder": [
            -0.2753212589143898,
            0.45999553708176427,
            0.5286105552709582
        ],
        "L_Elbow": [
            -0.5612274758138722,
            0.527265520630894,
            0.4762982872267107
        ],
        "L_Wrist": [
            -0.7897085669620918,
            0.33872827669502936,
            0.4731138617884075
        ],
        "R_Shoulder": [
            0.09371661699827398,
            0.380171592699604,
            0.6058569381167943
        ],
        "R_Elbow": [
            0.2292705487303516,
            -0.025211942441010236,
            0.8871958620905723
        ],
        "R_Wrist": [
            0.31446986019719103,
            -0.17557405736957707,
            1.2012004643085188
        ]
    }
}