{
    "video": "edition33_sequence_6.mp4",
    "peak_id": 15,
    "frame_idx": 3164,
    "timestamp": 126.56,
    "total_score": 0.462,
    "skeleton_3d": {
        "Pelvis": [
            0.0,
            0.0,
            0.0
        ],
        "R_Hip": [
            -0.11834065644711947,
            0.17583566085935393,
            0.02536693334413962
        ],
        "R_Knee": [
            0.041165438251195674,
            0.6543530334943158,
            -0.46299709239691955
        ],
        "R_Ankle": [
            -0.022883841703763987,
            0.2961561894754759,
            -0.07438517882473544
        ],
        "L_Hip": [
            0.13157734914840075,
            -0.17753423595449758,
            -0.023289722077822633
        ],
        "L_Knee": [
            0.1141153935544407,
            0.0464273359711745,
            -0.5830240826090727
        ],
        "L_Ankle": [
            0.02913884449163055,
            0.10449537406782551,
            -1.1266016258088785
        ],
        "Spine": [
            0.016614599617214256,
            -0.1889544673786588,
            0.32564004873358915
        ],
        "Thorax": [
            0.03962146729219953,
            -0.43818365067298,
            0.6817697497990427
        ],
        "Neck": [
            0.06940353694121708,
            -0.4437171664861316,
            0.8848415854524777
        ],
        "Head": [
            0.05319322113405057,
            -0.6791431515005311,
            0.9290784205103089
        ],
        "L_Shoulder": [
            0.24727863478492135,
            -0.5148795193876292,
            0.6172440810987153
        ],
        "L_Elbow": [
            0.6107372467463252,
            -0.7197895827069302,
            0.5224862384576339
        ],
        "L_Wrist": [
            1.0192981340741647,
            -0.686780244521775,
            0.4258574763144558
        ],
        "R_Shoulder": [
            -0.17113116317241844,
            -0.25049095779179253,
            0.6766379524284355
        ],
        "R_Elbow": [
            -0.42071727661075536,
            0.16508454971396622,
            0.6452236571421486
        ],
        "R_Wrist": [
            -0.6511546419420273,
            0.3567263632936155,
            0.27992787987883316
        ]
    }
}