{
    "video": "edition33_sequence_6.mp4",
    "peak_id": 14,
    "frame_idx": 3047,
    "timestamp": 121.88,
    "total_score": 0.964,
    "skeleton_3d": {
        "Pelvis": [
            0.0,
            0.0,
            0.0
        ],
        "R_Hip": [
            0.07109644622023654,
            0.11639194202340199,
            0.07405072367038096
        ],
        "R_Knee": [
            0.32272359697518044,
            -0.10368088137108691,
            0.5116872983208688
        ],
        "R_Ankle": [
            0.8074812041042098,
            -0.31394555741296376,
            0.6838611147881646
        ],
        "L_Hip": [
            -0.06250268973331252,
            -0.0949671086733754,
            -0.06984705396721011
        ],
        "L_Knee": [
            0.01688597679288295,
            -0.1918948501257853,
            -0.638197447563716
        ],
        "L_Ankle": [
            0.060437614047989155,
            -0.02087545959230118,
            -1.186936307877205
        ],
        "Spine": [
            -0.11855915391565483,
            -0.20707832243265384,
            0.25660286163194346
        ],
        "Thorax": [
            -0.2073811044779788,
            -0.39505912314542496,
            0.5370297089770474
        ],
        "Neck": [
            -0.2484254767146814,
            -0.45817685664028424,
            0.6903309254149378
        ],
        "Head": [
            -0.26532924099674216,
            -0.39957699737310154,
            0.7358599899473556
        ],
        "L_Shoulder": [
            -0.37788797910232513,
            -0.3976543202835262,
            0.4195079406732962
        ],
        "L_Elbow": [
            -0.3477793354756778,
            -0.846084595007042,
            0.3260624887891003
        ],
        "L_Wrist": [
            -0.23517086147802488,
            -1.115693195050641,
            0.41162193999275976
        ],
        "R_Shoulder": [
            -0.031881496275478004,
            -0.33486100493386567,
            0.6013078232672999
        ],
        "R_Elbow": [
            0.036063378771464163,
            -0.08599122338375031,
            0.8518152750155527
        ],
        "R_Wrist": [
            -0.04673150250142528,
            0.02792021503440428,
            1.1137783632059457
        ]
    }
}