{
    "video": "edition33_sequence_2.mp4",
    "peak_id": 2,
    "frame_idx": 953,
    "timestamp": 38.12,
    "total_score": 0.903,
    "skeleton_3d": {
        "Pelvis": [
            0.0,
            0.0,
            0.0
        ],
        "R_Hip": [
            0.07362221378373966,
            -0.058061205138703935,
            -0.06381296787107699
        ],
        "R_Knee": [
            0.02479261089025344,
            -0.11849599738564404,
            -0.7551321020977283
        ],
        "R_Ankle": [
            0.12607966690001643,
            0.11523587455032579,
            -1.3776370152242172
        ],
        "L_Hip": [
            -0.07266149151786432,
            0.11682740640503082,
            0.07075039752363088
        ],
        "L_Knee": [
            -0.5907980871724416,
            0.4119021902494,
            0.046168958023087237
        ],
        "L_Ankle": [
            -1.1252975781182828,
            0.5449197611741544,
            0.14862185944308792
        ],
        "Spine": [
            0.07971166362617578,
            -0.227602667069104,
            0.2819506975826513
        ],
        "Thorax": [
            0.1487673204025442,
            -0.2926916170534149,
            0.614345816975782
        ],
        "Neck": [
            0.12554813286771752,
            -0.3859328168001717,
            0.8762563981004671
        ],
        "Head": [
            0.1128549742042512,
            -0.25884669024952833,
            0.9231975286232498
        ],
        "L_Shoulder": [
            -0.024260221999747762,
            -0.22060670515983258,
            0.5441130122130392
        ],
        "L_Elbow": [
            -0.20795153580211065,
            0.2778588948925416,
            0.473730938336362
        ],
        "L_Wrist": [
            -0.4438131807206876,
            0.5880069339491397,
            0.2435109490954234
        ],
        "R_Shoulder": [
            0.3418512545112441,
            -0.40070985293743216,
            0.5934169378768694
        ],
        "R_Elbow": [
            0.5981945509751557,
            -0.7691737295795621,
            0.6201013219776075
        ],
        "R_Wrist": [
            0.8880387489934309,
            -1.0464957142217182,
            0.7484982706430069
        ]
    }
}