{
    "video": "edition33_sequence_10.mp4",
    "peak_id": 10,
    "frame_idx": 1639,
    "timestamp": 65.56,
    "total_score": 0.401,
    "skeleton_3d": {
        "Pelvis": [
            0.0,
            0.0,
            0.0
        ],
        "R_Hip": [
            0.11441478162728506,
            0.16414844421685512,
            -0.0005280269922606803
        ],
        "R_Knee": [
            0.08299734738208493,
            0.39733531818820805,
            -0.5753239358053434
        ],
        "R_Ankle": [
            -0.06098093873741335,
            0.8341961550630957,
            -1.0716789290117619
        ],
        "L_Hip": [
            -0.11735969114808545,
            -0.15243231276370922,
            0.005501357747060216
        ],
        "L_Knee": [
            0.08062738760617606,
            -0.3464207071504995,
            -0.5030444804037894
        ],
        "L_Ankle": [
            -0.09907404219095603,
            -0.36096217928444924,
            -0.7546598331218883
        ],
        "Spine": [
            0.057014116488033145,
            0.049890974639548294,
            0.30440522463566155
        ],
        "Thorax": [
            0.14869568343723047,
            0.16390093442747145,
            0.6450334857596609
        ],
        "Neck": [
            0.3216295054376031,
            -0.013080287080307824,
            0.8275407976687124
        ],
        "Head": [
            0.29583653674225274,
            0.1612955019168567,
            0.8891721668445035
        ],
        "L_Shoulder": [
            -0.06517255384187329,
            -0.0002626776164150409,
            0.6566068332350063
        ],
        "L_Elbow": [
            -0.4154029487125621,
            0.0024864216442219735,
            0.49739592929162996
        ],
        "L_Wrist": [
            -0.38804124599882006,
            -0.13353210974667792,
            0.19353091759130917
        ],
        "R_Shoulder": [
            0.3234057440769773,
            0.1431038817122533,
            0.5403938003907155
        ],
        "R_Elbow": [
            0.4248902551422204,
            0.24386520744868956,
            0.20948259195406893
        ],
        "R_Wrist": [
            0.38367137139147445,
            -0.18633830212372288,
            0.17146565637125394
        ]
    }
}