{
    "video": "edition33_sequence_6.mp4",
    "peak_id": 3,
    "frame_idx": 984,
    "timestamp": 39.36,
    "total_score": 0.9,
    "skeleton_3d": {
        "Pelvis": [
            0.0,
            0.0,
            0.0
        ],
        "R_Hip": [
            0.05929787798613529,
            0.1901088576553896,
            0.08611889508030598
        ],
        "R_Knee": [
            0.6953466346456711,
            0.018664711991162146,
            0.34583745355297824
        ],
        "R_Ankle": [
            1.1970363727753834,
            -0.15060428563508596,
            0.8049000457759118
        ],
        "L_Hip": [
            -0.04289592628988962,
            -0.19465887515939403,
            -0.08134377622133981
        ],
        "L_Knee": [
            -0.012458959463889467,
            -0.14419062959671297,
            -0.7713493611126581
        ],
        "L_Ankle": [
            -0.1753105674798853,
            0.15617665797055555,
            -1.4124155968715841
        ],
        "Spine": [
            -0.14330016475973295,
            -0.19825198780687966,
            0.2956327739155718
        ],
        "Thorax": [
            -0.2479459649823782,
            -0.23802962482895265,
            0.6354737681940268
        ],
        "Neck": [
            -0.19753186415571675,
            -0.3272818772544022,
            0.8407700570656588
        ],
        "Head": [
            -0.2046545928069645,
            -0.2528355276446337,
            0.9023955700254748
        ],
        "L_Shoulder": [
            -0.33928887049143797,
            -0.41721049068423427,
            0.5820817871601719
        ],
        "L_Elbow": [
            -0.10981191980070547,
            -0.8995772074084869,
            0.3900499551897745
        ],
        "L_Wrist": [
            -0.25207570855690786,
            -1.1123756795898763,
            0.48555639957931535
        ],
        "R_Shoulder": [
            -0.15444961883197655,
            -0.058924443869065916,
            0.6039933470473722
        ],
        "R_Elbow": [
            0.09240778543156482,
            0.351581986615678,
            0.4991607896292493
        ],
        "R_Wrist": [
            0.3559455145038244,
            0.20079458286794055,
            0.49247022882156616
        ]
    }
}