{
    "video": "edition22_sequence_14.mp4",
    "peak_id": 1,
    "frame_idx": 1034,
    "timestamp": 41.36,
    "total_score": 0.944,
    "skeleton_3d": {
        "Pelvis": [
            0.0,
            0.0,
            0.0
        ],
        "R_Hip": [
            0.09904993431194331,
            -0.10165923656015247,
            -0.08121608199603284
        ],
        "R_Knee": [
            0.18144270195633866,
            -0.008209920834726566,
            -0.7414387030590845
        ],
        "R_Ankle": [
            0.021044012296095246,
            -0.004880384639484583,
            -1.3706588453029172
        ],
        "L_Hip": [
            -0.0957817220847386,
            0.09975545868490446,
            0.0822347483275381
        ],
        "L_Knee": [
            -0.7079891023522917,
            -0.044681920274770665,
            0.2741561091597517
        ],
        "L_Ankle": [
            -1.352205860445801,
            -0.10377920139799982,
            0.4650461733539435
        ],
        "Spine": [
            0.2062008054002187,
            -0.00443215133410593,
            0.31221657451878976
        ],
        "Thorax": [
            0.39168576738344385,
            -0.007506558097249082,
            0.6071343387157814
        ],
        "Neck": [
            0.5226293463101486,
            -0.042561714604807545,
            0.854012946150221
        ],
        "Head": [
            0.5016210256681012,
            0.037385068414783056,
            0.9190870682721711
        ],
        "L_Shoulder": [
            0.1659026350578404,
            -0.03249981236040096,
            0.5996150248786221
        ],
        "L_Elbow": [
            -0.23737365956179088,
            -0.18294031646832218,
            0.6010433198799467
        ],
        "L_Wrist": [
            -0.6550067326177169,
            -0.3686748206621823,
            0.7001098782976599
        ],
        "R_Shoulder": [
            0.6051898066947184,
            0.07239858270809965,
            0.5889359936824174
        ],
        "R_Elbow": [
            0.8956598298592203,
            0.1209634157713723,
            0.7880305123240412
        ],
        "R_Wrist": [
            1.1051811481944542,
            0.050908801872810695,
            1.0709485220018857
        ]
    }
}