{
    "video": "edition22_sequence_5.mp4",
    "peak_id": 10,
    "frame_idx": 2680,
    "timestamp": 107.2,
    "total_score": 0.812,
    "skeleton_3d": {
        "Pelvis": [
            0.0,
            0.0,
            0.0
        ],
        "R_Hip": [
            0.06406573916845507,
            -0.10758764443669815,
            -0.02516946357588571
        ],
        "R_Knee": [
            0.03103935178215692,
            -0.19377813432780616,
            -0.6583483459721416
        ],
        "R_Ankle": [
            0.13300094897107043,
            -0.34037339729251026,
            -1.2810376706536621
        ],
        "L_Hip": [
            -0.06674988995335313,
            0.12398217821266563,
            0.024488461882479037
        ],
        "L_Knee": [
            0.03635043925272167,
            0.5452408644673339,
            0.16168247964099663
        ],
        "L_Ankle": [
            0.12833436242872467,
            0.9391863201802471,
            0.41006331852701144
        ],
        "Spine": [
            0.09885674274255526,
            0.04028053494493945,
            0.2952689834865832
        ],
        "Thorax": [
            0.19321210075389184,
            0.2461823645971229,
            0.5700990530517275
        ],
        "Neck": [
            0.28625617289538796,
            0.1726064984855042,
            0.8212044596682828
        ],
        "Head": [
            0.2550541506201777,
            0.2669553844564473,
            0.8399944968371685
        ],
        "L_Shoulder": [
            0.04048143815765199,
            0.319963681178437,
            0.4893810554652007
        ],
        "L_Elbow": [
            -0.21831586225124355,
            0.44712422724102013,
            0.4262689150024348
        ],
        "L_Wrist": [
            -0.5456988857874875,
            0.28072553039472536,
            0.38345814182583327
        ],
        "R_Shoulder": [
            0.33948007340721364,
            0.11230098673781282,
            0.6221396990973362
        ],
        "R_Elbow": [
            0.4634986997953563,
            -0.04438385413215228,
            0.9193427498314709
        ],
        "R_Wrist": [
            0.5467229687294012,
            -0.004231375570948878,
            1.2103041451766456
        ]
    }
}