{
    "video": "edition22_sequence_7.mp4",
    "peak_id": 13,
    "frame_idx": 2159,
    "timestamp": 86.36,
    "total_score": 0.554,
    "skeleton_3d": {
        "Pelvis": [
            0.0,
            0.0,
            0.0
        ],
        "R_Hip": [
            0.13258677915186703,
            0.16611049320423582,
            0.04069487424428406
        ],
        "R_Knee": [
            0.5443788491562223,
            0.2258934104949552,
            -0.25177332957906756
        ],
        "R_Ankle": [
            0.7033415422487204,
            0.3433864384008449,
            -0.8804438053132796
        ],
        "L_Hip": [
            -0.1396006464287083,
            -0.1588805419822302,
            -0.03986974956913595
        ],
        "L_Knee": [
            -0.05535604114211277,
            -0.16311057453695424,
            -0.6712508659618479
        ],
        "L_Ankle": [
            0.044044992292362826,
            -0.11559940060561386,
            -1.2604614378781032
        ],
        "Spine": [
            0.0940616885917903,
            -0.0878414938141257,
            0.3253541735913769
        ],
        "Thorax": [
            0.19097506249513302,
            -0.23735622618486055,
            0.6179840399333904
        ],
        "Neck": [
            0.4548139695915735,
            -0.20806842635304215,
            0.8433221135360054
        ],
        "Head": [
            0.44977803349185297,
            -0.20721458530944756,
            0.9174484275938437
        ],
        "L_Shoulder": [
            -0.016024337456984776,
            -0.3466357832670605,
            0.6369513486543
        ],
        "L_Elbow": [
            -0.08757015552681888,
            -0.24940618333046358,
            0.4016088562049893
        ],
        "L_Wrist": [
            -0.058907279485532864,
            -0.15362675359337138,
            0.12576329076213402
        ],
        "R_Shoulder": [
            0.3868889046841136,
            -0.03512887703837272,
            0.5563066624267552
        ],
        "R_Elbow": [
            0.6589423718016191,
            0.06971109232114703,
            0.3123545388472434
        ],
        "R_Wrist": [
            0.8688650990226469,
            -0.029143936079677003,
            0.004078365023741094
        ]
    }
}