{
    "video": "edition22_sequence_1.mp4",
    "peak_id": 3,
    "frame_idx": 945,
    "timestamp": 37.8,
    "total_score": 0.403,
    "skeleton_3d": {
        "Pelvis": [
            0.0,
            0.0,
            0.0
        ],
        "R_Hip": [
            0.11524734258660725,
            -0.13233535003970373,
            -0.02934453600603902
        ],
        "R_Knee": [
            0.049444320532166554,
            -0.052043920976995395,
            -0.7432707489352889
        ],
        "R_Ankle": [
            -0.16657243948142028,
            -0.006009181839311015,
            -1.275491358986266
        ],
        "L_Hip": [
            -0.11012757301209197,
            0.12927549158922313,
            0.028939972979661374
        ],
        "L_Knee": [
            -0.5254038709305717,
            -0.3299429976778227,
            0.0014605877650064672
        ],
        "L_Ankle": [
            -0.1532685164258225,
            -0.18532967734676054,
            -0.689908202475947
        ],
        "Spine": [
            -0.011394113661297167,
            -0.022429831915652183,
            0.3596799863347964
        ],
        "Thorax": [
            -0.014625585692627686,
            -0.1858810436190345,
            0.6888349937519528
        ],
        "Neck": [
            -0.13249264469506275,
            -0.2598039353695417,
            0.9288804819011095
        ],
        "Head": [
            -0.12126039894932479,
            -0.1686595670807926,
            0.9938047400570568
        ],
        "L_Shoulder": [
            -0.2704958416585407,
            -0.17429777545414052,
            0.6828651650556848
        ],
        "L_Elbow": [
            -0.298108084065687,
            -0.24738799603247857,
            0.4794312540352338
        ],
        "L_Wrist": [
            -0.06572490694589249,
            -0.2551928653024502,
            0.5353029683042544
        ],
        "R_Shoulder": [
            0.226752961594239,
            -0.10681420616029867,
            0.6815856975162511
        ],
        "R_Elbow": [
            0.48078108922987317,
            0.2026962616783367,
            0.5441607263630033
        ],
        "R_Wrist": [
            0.5252213229554732,
            -0.05968982882151414,
            0.6038830811034046
        ]
    }
}