{
    "video": "edition22_sequence_0.mp4",
    "peak_id": 1,
    "frame_idx": 495,
    "timestamp": 19.8,
    "total_score": 0.636,
    "skeleton_3d": {
        "Pelvis": [
            0.0,
            0.0,
            0.0
        ],
        "R_Hip": [
            0.10389949557852012,
            -0.12433056986382902,
            -0.05078720870067147
        ],
        "R_Knee": [
            0.06125317645336107,
            -0.1252023572910729,
            -0.7136799401629037
        ],
        "R_Ankle": [
            0.10222147676350339,
            -0.1142856974888688,
            -1.2966883902830382
        ],
        "L_Hip": [
            -0.10323801715730395,
            0.11902671026341373,
            0.05475836796750114
        ],
        "L_Knee": [
            -0.5435508421474046,
            -0.1288668385390385,
            -0.12197448907486809
        ],
        "L_Ankle": [
            -1.041612109823024,
            0.05725693914050932,
            -0.24609437719508837
        ],
        "Spine": [
            0.05724681637251918,
            -0.04301760826102996,
            0.33279894540235677
        ],
        "Thorax": [
            0.09751978453412948,
            -0.16071228192532253,
            0.6532105523713838
        ],
        "Neck": [
            0.15624940985729738,
            -0.2036336683067718,
            0.9385983237473622
        ],
        "Head": [
            0.14040051636222298,
            -0.13253266687370044,
            1.0022913030817886
        ],
        "L_Shoulder": [
            -0.08077093249779213,
            -0.167947706906182,
            0.6173195591442031
        ],
        "L_Elbow": [
            0.09067509316628475,
            -0.2189900773684654,
            0.4618191948826412
        ],
        "L_Wrist": [
            0.29568845943813127,
            0.18197881807186417,
            0.33481136214160595
        ],
        "R_Shoulder": [
            0.2791663234006429,
            -0.031792240001033534,
            0.635708574243687
        ],
        "R_Elbow": [
            0.5586099112475273,
            0.24452665600777815,
            0.5573758228915201
        ],
        "R_Wrist": [
            0.8180943302044572,
            0.2492713046085521,
            0.48549946189734344
        ]
    }
}