{
    "video": "edition22_sequence_7.mp4",
    "peak_id": 5,
    "frame_idx": 1283,
    "timestamp": 51.32,
    "total_score": 0.788,
    "skeleton_3d": {
        "Pelvis": [
            0.0,
            0.0,
            0.0
        ],
        "R_Hip": [
            0.08752673101047395,
            -0.16345296947984303,
            -0.04745075294803201
        ],
        "R_Knee": [
            0.013679008510447536,
            -0.1723115850618094,
            -0.715845391074081
        ],
        "R_Ankle": [
            0.012971086829287463,
            -0.22223837270487198,
            -1.3221070317112125
        ],
        "L_Hip": [
            -0.08691488895953518,
            0.15497733286309479,
            0.051840447101149274
        ],
        "L_Knee": [
            -0.5940512037489496,
            -0.09427274823384041,
            0.1918383029047856
        ],
        "L_Ankle": [
            -1.0780198660663367,
            -0.1478206525240572,
            0.3159893937742885
        ],
        "Spine": [
            0.08133052696868454,
            0.018249462677379365,
            0.33489308427650577
        ],
        "Thorax": [
            0.13464461925918844,
            0.1669263777887739,
            0.6517843264616798
        ],
        "Neck": [
            0.03692629942737669,
            0.07004628863662536,
            0.9238351036395976
        ],
        "Head": [
            0.043012280363693214,
            0.1319688865821,
            0.964300877517208
        ],
        "L_Shoulder": [
            -0.06480641571149211,
            0.2017830302216204,
            0.5936716629766103
        ],
        "L_Elbow": [
            -0.4199512076839255,
            0.0379224488362368,
            0.6277068552225479
        ],
        "L_Wrist": [
            -0.7690751062415107,
            -0.19592823426751407,
            0.678320150261037
        ],
        "R_Shoulder": [
            0.34515705747670944,
            0.06430597259822289,
            0.6782565660187063
        ],
        "R_Elbow": [
            0.48475739269416385,
            -0.22358284007606455,
            1.0346888719205536
        ],
        "R_Wrist": [
            0.5568597802081421,
            -0.16516188529619247,
            1.3899730893120024
        ]
    }
}