{
    "video": "edition22_sequence_5.mp4",
    "peak_id": 4,
    "frame_idx": 1133,
    "timestamp": 45.32,
    "total_score": 0.522,
    "skeleton_3d": {
        "Pelvis": [
            0.0,
            0.0,
            0.0
        ],
        "R_Hip": [
            0.12297610391634682,
            -0.08137716562362639,
            -0.04126403205801394
        ],
        "R_Knee": [
            0.06680378991756322,
            -0.1187223366186722,
            -0.7122533810131385
        ],
        "R_Ankle": [
            0.0027982902733195837,
            -0.08616825216126042,
            -1.3344610248576096
        ],
        "L_Hip": [
            -0.1228234953052402,
            0.08911024220637989,
            0.0450567338006303
        ],
        "L_Knee": [
            -0.49713276972398174,
            0.028026940327734062,
            -0.28192878622071355
        ],
        "L_Ankle": [
            -0.9554211745633128,
            0.2893375995608777,
            -0.5058044417839677
        ],
        "Spine": [
            0.06277575276304383,
            -0.047582473386809036,
            0.32709658173218814
        ],
        "Thorax": [
            0.11350471413833618,
            -0.18009680216097468,
            0.6309169776696659
        ],
        "Neck": [
            0.22508217349721904,
            -0.20503715455068736,
            0.9189829105172456
        ],
        "Head": [
            0.2076459531356923,
            -0.11021177743935624,
            0.9790649675340266
        ],
        "L_Shoulder": [
            -0.11226521684948743,
            -0.16876559696735408,
            0.6188806014810968
        ],
        "L_Elbow": [
            -0.4150119740649265,
            -0.17065129219138206,
            0.5808361441419164
        ],
        "L_Wrist": [
            -0.7432997862941266,
            -0.3389915997495937,
            0.5517312939746175
        ],
        "R_Shoulder": [
            0.3374554401287471,
            -0.05554982551156094,
            0.5962203677818986
        ],
        "R_Elbow": [
            0.5844628101454401,
            0.13872148059918168,
            0.5858498160146901
        ],
        "R_Wrist": [
            0.8098161837866192,
            0.21545189814723362,
            0.6416374193846209
        ]
    }
}