{
    "video": "edition22_sequence_3.mp4",
    "peak_id": 13,
    "frame_idx": 2982,
    "timestamp": 119.28,
    "total_score": 0.4,
    "skeleton_3d": {
        "Pelvis": [
            0.0,
            0.0,
            0.0
        ],
        "R_Hip": [
            0.1009066348455764,
            -0.12111617187353592,
            -0.027718831000203514
        ],
        "R_Knee": [
            -0.04665813867150297,
            -0.15274208359632999,
            -0.6377477579986711
        ],
        "R_Ankle": [
            -0.18436190592316207,
            -0.16336237540151513,
            -1.2005098490625428
        ],
        "L_Hip": [
            -0.10103674286807415,
            0.12092042886170515,
            0.026045315861788234
        ],
        "L_Knee": [
            -0.06489829669499675,
            0.3852951460517611,
            -0.36040286352904227
        ],
        "L_Ankle": [
            0.06419807829606304,
            0.7662996788540367,
            -0.6006181507867339
        ],
        "Spine": [
            0.03094151953969214,
            -0.026962319863802948,
            0.33595739354186815
        ],
        "Thorax": [
            0.0657807371612579,
            -0.13560528062546076,
            0.6674487992305459
        ],
        "Neck": [
            -0.04317458475857185,
            -0.1944097199438893,
            0.9229600526324628
        ],
        "Head": [
            -0.01989061423495508,
            -0.1338292896521425,
            0.9920017731774069
        ],
        "L_Shoulder": [
            -0.13096388088654942,
            -0.030461647176376387,
            0.6831315041550502
        ],
        "L_Elbow": [
            -0.3770129461765393,
            0.1932142845251826,
            0.6325160472442704
        ],
        "L_Wrist": [
            -0.6417556244381016,
            0.06605177120458997,
            0.5404024256037546
        ],
        "R_Shoulder": [
            0.26476119499622225,
            -0.11787450057418623,
            0.6029413671922759
        ],
        "R_Elbow": [
            0.4622892946122393,
            0.08515383973081594,
            0.426128771271965
        ],
        "R_Wrist": [
            0.5921182487922021,
            0.0652692216867826,
            0.2562352204451023
        ]
    }
}