{
    "video": "edition22_sequence_0.mp4",
    "peak_id": 0,
    "frame_idx": 453,
    "timestamp": 18.12,
    "total_score": 0.553,
    "skeleton_3d": {
        "Pelvis": [
            0.0,
            0.0,
            0.0
        ],
        "R_Hip": [
            0.11897797665111788,
            -0.11734317455208795,
            -0.040252027157102355
        ],
        "R_Knee": [
            0.04097523706108278,
            -0.13525743737744012,
            -0.7031884703480266
        ],
        "R_Ankle": [
            0.05811681950335397,
            -0.10008948812413733,
            -1.273112031948739
        ],
        "L_Hip": [
            -0.11946365388802875,
            0.11366096715814157,
            0.04138417038809486
        ],
        "L_Knee": [
            -0.5130996352851459,
            -0.010533036966318009,
            -0.3081064377465183
        ],
        "L_Ankle": [
            -0.9459285358490216,
            0.1846467590253547,
            -0.6365457726751675
        ],
        "Spine": [
            0.046208149972952785,
            -0.026919385452802768,
            0.3347989234518935
        ],
        "Thorax": [
            0.0726185310795982,
            -0.15022948064198013,
            0.6529481400584551
        ],
        "Neck": [
            0.10079383781213126,
            -0.20724537828337394,
            0.9369339879406493
        ],
        "Head": [
            0.08297544424856546,
            -0.13122775968505832,
            1.003562407075227
        ],
        "L_Shoulder": [
            -0.12003409701252787,
            -0.13599570506058206,
            0.613825152102284
        ],
        "L_Elbow": [
            0.012020341053559069,
            -0.15643776063319892,
            0.43901776743375326
        ],
        "L_Wrist": [
            0.2330129147643425,
            0.21568285626342748,
            0.33532578082094977
        ],
        "R_Shoulder": [
            0.2668201477730203,
            -0.04429006633046156,
            0.643235836932262
        ],
        "R_Elbow": [
            0.5372246225253902,
            0.2229116249376453,
            0.5581527174717583
        ],
        "R_Wrist": [
            0.7356865269445542,
            0.11863507186356413,
            0.48634180974698227
        ]
    }
}