{
    "video": "edition22_sequence_9.mp4",
    "peak_id": 5,
    "frame_idx": 766,
    "timestamp": 30.64,
    "total_score": 0.799,
    "skeleton_3d": {
        "Pelvis": [
            0.0,
            0.0,
            0.0
        ],
        "R_Hip": [
            0.0534147651358259,
            -0.1961639000474637,
            0.012141186697296705
        ],
        "R_Knee": [
            -0.5262185163537142,
            0.05979354065981824,
            -0.010254953068159671
        ],
        "R_Ankle": [
            -1.1188196155824974,
            0.1981165687716621,
            -0.022996132519001677
        ],
        "L_Hip": [
            -0.04371639508908537,
            0.1947437120716788,
            -0.014830487550409758
        ],
        "L_Knee": [
            -0.4116325156588156,
            0.14107437308740953,
            -0.610302731589919
        ],
        "L_Ankle": [
            -0.2894690167380952,
            0.0029963957018457163,
            -1.314214281330699
        ],
        "Spine": [
            -0.04721139774973968,
            -0.0440818970849657,
            0.3978362207460766
        ],
        "Thorax": [
            -0.1108028156173518,
            -0.13802651246226325,
            0.7936562607145132
        ],
        "Neck": [
            -0.15041422182319078,
            -0.1996045123393805,
            1.044094877050144
        ],
        "Head": [
            -0.1296994335459653,
            -0.15148926012139138,
            1.108144565023992
        ],
        "L_Shoulder": [
            -0.24567785332126035,
            0.04248439714811437,
            0.7986674822424147
        ],
        "L_Elbow": [
            -0.6123800911158478,
            0.08434037239885893,
            0.782089015803343
        ],
        "L_Wrist": [
            -0.9965197593342833,
            -0.09670548587884364,
            0.8430893047090872
        ],
        "R_Shoulder": [
            0.029098263948285106,
            -0.2797054423506596,
            0.7604162519166481
        ],
        "R_Elbow": [
            -0.06583074979628215,
            -0.5363209071618912,
            0.7254862122481984
        ],
        "R_Wrist": [
            -0.24556798285335688,
            -0.2613816636573861,
            0.7278808499934593
        ]
    }
}