{
    "video": "edition22_sequence_7.mp4",
    "peak_id": 19,
    "frame_idx": 3019,
    "timestamp": 120.76,
    "total_score": 0.677,
    "skeleton_3d": {
        "Pelvis": [
            0.0,
            0.0,
            0.0
        ],
        "R_Hip": [
            0.09524787197794021,
            -0.15535741695408894,
            -0.04932359933652503
        ],
        "R_Knee": [
            0.17094265850120158,
            -0.05809076746066581,
            -0.7256638910140396
        ],
        "R_Ankle": [
            0.06527121133443052,
            -0.01420038230919633,
            -1.3250967764847092
        ],
        "L_Hip": [
            -0.09294479339260066,
            0.14200355415564966,
            0.04920809826709534
        ],
        "L_Knee": [
            -0.5264513832610085,
            -0.12820141698602922,
            0.35110479354242946
        ],
        "L_Ankle": [
            0.06761579811659638,
            0.23712832407466464,
            0.22673550670738657
        ],
        "Spine": [
            0.02146332062784706,
            -0.060901654424297,
            0.3542756376073023
        ],
        "Thorax": [
            0.037472860519917814,
            -0.1876255423805525,
            0.7009611564079351
        ],
        "Neck": [
            0.09862862791286725,
            -0.22395442213366765,
            0.977332341811992
        ],
        "Head": [
            0.09538006125335735,
            -0.14423169151401674,
            1.0369515026520633
        ],
        "L_Shoulder": [
            -0.1483005422391626,
            -0.08055778495072193,
            0.6891603442024977
        ],
        "L_Elbow": [
            -0.2379058755755202,
            0.2688832057783928,
            0.5705445959338497
        ],
        "L_Wrist": [
            -0.2890895800024905,
            -0.10251213905429839,
            0.5776793914070125
        ],
        "R_Shoulder": [
            0.19968880811900036,
            -0.2506398967892296,
            0.6810501308743667
        ],
        "R_Elbow": [
            -0.24568105087504807,
            -0.40152389787522663,
            0.6004059253624435
        ],
        "R_Wrist": [
            0.7293213116429706,
            -0.14624834584807633,
            0.6082742658628275
        ]
    }
}