{
    "video": "edition22_sequence_6.mp4",
    "peak_id": 4,
    "frame_idx": 1534,
    "timestamp": 61.36,
    "total_score": 0.968,
    "skeleton_3d": {
        "Pelvis": [
            0.0,
            0.0,
            0.0
        ],
        "R_Hip": [
            0.08655144914671589,
            -0.15732667736759878,
            -0.03307054654790603
        ],
        "R_Knee": [
            0.01685032633308515,
            -0.16202986159097937,
            -0.6371598285537241
        ],
        "R_Ankle": [
            0.03955373430781609,
            -0.17331149485298766,
            -1.2434386149644736
        ],
        "L_Hip": [
            -0.08489273791123356,
            0.1510881923657755,
            0.03495637427264226
        ],
        "L_Knee": [
            -0.5969777404836705,
            -0.04704786775611816,
            0.2945771935330658
        ],
        "L_Ankle": [
            -1.1356831144200663,
            -0.16734496993241846,
            0.5213431837111404
        ],
        "Spine": [
            0.09336801654404561,
            0.020441186020403963,
            0.31957288350979096
        ],
        "Thorax": [
            0.1552112248109859,
            0.12218836464338584,
            0.6180249647264925
        ],
        "Neck": [
            0.221494694221113,
            0.06035745422291547,
            0.9013122753373685
        ],
        "Head": [
            0.1957079008516437,
            0.1329070004037162,
            0.9353390020930696
        ],
        "L_Shoulder": [
            -0.029369061983305213,
            0.16674328821340292,
            0.5816774078943218
        ],
        "L_Elbow": [
            -0.36210244582906254,
            0.03898816227114065,
            0.5810263536313482
        ],
        "L_Wrist": [
            -0.6982566446351709,
            -0.22968878067829557,
            0.604760848937351
        ],
        "R_Shoulder": [
            0.3382832521538313,
            0.06855040495829937,
            0.6260369455092628
        ],
        "R_Elbow": [
            0.5094018563393469,
            -0.17562654180618806,
            0.9502641981079482
        ],
        "R_Wrist": [
            0.5897105144960705,
            -0.10264650132275659,
            1.2603965718408348
        ]
    }
}