{
    "video": "edition22_sequence_6.mp4",
    "peak_id": 0,
    "frame_idx": 200,
    "timestamp": 8.0,
    "total_score": 0.998,
    "skeleton_3d": {
        "Pelvis": [
            0.0,
            0.0,
            0.0
        ],
        "R_Hip": [
            0.11402948218018427,
            0.14805193461762303,
            0.06068497918031403
        ],
        "R_Knee": [
            0.351712038680578,
            0.08510539737407066,
            0.46327649767515194
        ],
        "R_Ankle": [
            0.684940726276418,
            0.20323085490816598,
            0.8911011346192299
        ],
        "L_Hip": [
            -0.11236872572116395,
            -0.1573447976881723,
            -0.05476534053263291
        ],
        "L_Knee": [
            -0.1848273728352267,
            -0.06905112717207014,
            -0.6717583221753306
        ],
        "L_Ankle": [
            -0.03594449234672569,
            -0.044527395130459974,
            -1.1412589637840094
        ],
        "Spine": [
            -0.05243207252253123,
            -0.054087982197564714,
            0.33046887764362665
        ],
        "Thorax": [
            -0.08517156190141752,
            -0.12863241192317285,
            0.6454035942857979
        ],
        "Neck": [
            -0.1525083435266539,
            -0.18433694316905672,
            0.9109457770334636
        ],
        "Head": [
            -0.17483360366957015,
            -0.12833688909413685,
            0.9522000054483154
        ],
        "L_Shoulder": [
            -0.30850335242030064,
            -0.16082743342523526,
            0.6343390039877262
        ],
        "L_Elbow": [
            -0.5633478033767604,
            -0.34995317383218166,
            0.8738452362575245
        ],
        "L_Wrist": [
            -0.7243604375955215,
            -0.3915009539258252,
            1.1922375999409396
        ],
        "R_Shoulder": [
            0.12749601885604767,
            0.014500595232439977,
            0.6611747923419512
        ],
        "R_Elbow": [
            0.4252161813891065,
            0.265712924280855,
            0.5663156570091917
        ],
        "R_Wrist": [
            0.6699211602450772,
            0.12527776372001231,
            0.7155833297290914
        ]
    }
}