{
    "video": "edition22_sequence_2.mp4",
    "peak_id": 2,
    "frame_idx": 875,
    "timestamp": 35.0,
    "total_score": 0.601,
    "skeleton_3d": {
        "Pelvis": [
            0.0,
            0.0,
            0.0
        ],
        "R_Hip": [
            0.09226863927811164,
            0.12284584770702933,
            -0.004110725779686186
        ],
        "R_Knee": [
            0.0644907876751176,
            0.024771879179924856,
            -0.6973964524610299
        ],
        "R_Ankle": [
            -0.0025573086654096756,
            -0.0962083162698883,
            -1.3502904618342035
        ],
        "L_Hip": [
            -0.10177178549333958,
            -0.15824748349823203,
            0.006011956291611968
        ],
        "L_Knee": [
            0.17566845574896672,
            0.4420166824995055,
            0.04534202198919279
        ],
        "L_Ankle": [
            0.4282269622480823,
            1.001595287729984,
            0.1172971202535848
        ],
        "Spine": [
            -0.053602220291885175,
            -0.0017204345917787654,
            0.37609472228321544
        ],
        "Thorax": [
            -0.09564379499029253,
            0.010420157560678567,
            0.7603918508577201
        ],
        "Neck": [
            -0.0644900322738595,
            -0.044948248100034886,
            1.0011435730382658
        ],
        "Head": [
            -0.07514932392978205,
            0.06693089397544211,
            1.0552077173843273
        ],
        "L_Shoulder": [
            -0.28861135158701895,
            -0.10609030003121608,
            0.7443056802603808
        ],
        "L_Elbow": [
            -0.5279052256425707,
            -0.2805134195788211,
            1.026616863269714
        ],
        "L_Wrist": [
            -0.530292293618197,
            -0.25218970281821185,
            1.3634900534664125
        ],
        "R_Shoulder": [
            0.08488499638682445,
            0.16595477386188262,
            0.7581100812392848
        ],
        "R_Elbow": [
            0.23934840029181892,
            0.1800359263926213,
            1.1537266916480367
        ],
        "R_Wrist": [
            0.04984326732837443,
            -0.008906051117744607,
            1.4673858975821887
        ]
    }
}