{
    "video": "edition22_sequence_4.mp4",
    "peak_id": 8,
    "frame_idx": 2552,
    "timestamp": 102.08,
    "total_score": 0.85,
    "skeleton_3d": {
        "Pelvis": [
            0.0,
            0.0,
            0.0
        ],
        "R_Hip": [
            0.11272246631529494,
            0.15362967251137014,
            0.047435963254457245
        ],
        "R_Knee": [
            0.10778095580393132,
            0.11311360673620327,
            0.6747834734931234
        ],
        "R_Ankle": [
            0.12650181659755513,
            0.06270450047259891,
            1.344181141034594
        ],
        "L_Hip": [
            -0.11670874963645952,
            -0.15891805936567552,
            -0.0451021750100544
        ],
        "L_Knee": [
            -0.06328039099601404,
            -0.17857734911284714,
            -0.7393345752214189
        ],
        "L_Ankle": [
            -0.09132383087154432,
            -0.31276422553796324,
            -1.3449241370306426
        ],
        "Spine": [
            -0.09175409600977331,
            -0.0371826451970614,
            0.33453108015914806
        ],
        "Thorax": [
            -0.1700866373153097,
            -0.13076297946163387,
            0.666093226399767
        ],
        "Neck": [
            -0.12916059696375176,
            -0.1925990042367169,
            0.9166182999836746
        ],
        "Head": [
            -0.13706970698991594,
            -0.1062775326865574,
            0.9657138649678936
        ],
        "L_Shoulder": [
            -0.3717250144117529,
            -0.17154787802453358,
            0.6222061975507378
        ],
        "L_Elbow": [
            -0.6547222765932452,
            0.035056066976207646,
            0.570795266718734
        ],
        "L_Wrist": [
            -0.9142462639158299,
            0.0653475806257838,
            0.4861108035369211
        ],
        "R_Shoulder": [
            0.04147348901264485,
            -0.017541280304546096,
            0.6926994372080229
        ],
        "R_Elbow": [
            0.1204576692223922,
            0.430030069668176,
            0.6684805737972511
        ],
        "R_Wrist": [
            0.09091930828752982,
            0.6409578182565955,
            0.3586322110352421
        ]
    }
}