{
    "video": "edition22_sequence_7.mp4",
    "peak_id": 3,
    "frame_idx": 892,
    "timestamp": 35.68,
    "total_score": 0.855,
    "skeleton_3d": {
        "Pelvis": [
            0.0,
            0.0,
            0.0
        ],
        "R_Hip": [
            0.08786585859796853,
            0.1800506292647089,
            0.060739600624322924
        ],
        "R_Knee": [
            0.6354090526474729,
            0.28389673439772906,
            -0.130701937550281
        ],
        "R_Ankle": [
            1.2448890578130103,
            0.4628290326993504,
            -0.07050948637815686
        ],
        "L_Hip": [
            -0.08534560061820727,
            -0.17620160610698063,
            -0.05512601775078526
        ],
        "L_Knee": [
            -0.05000200439121496,
            -0.10560938741989973,
            -0.7551773461953609
        ],
        "L_Ankle": [
            -0.1341321279671332,
            -0.003066379767710711,
            -1.3894898593144311
        ],
        "Spine": [
            -0.038428833014603564,
            -0.09587296757155822,
            0.33824700439841826
        ],
        "Thorax": [
            -0.057402279973784186,
            -0.17311824789132496,
            0.6776451430418541
        ],
        "Neck": [
            0.026431029233151365,
            -0.1944988559673698,
            0.957739101307816
        ],
        "Head": [
            0.06730781911632373,
            -0.15255579547337722,
            0.9950023179954172
        ],
        "L_Shoulder": [
            -0.14503086468700602,
            -0.22743488120725303,
            0.6861800624232561
        ],
        "L_Elbow": [
            -0.4432100469356935,
            0.07372187174689297,
            0.6022797326001159
        ],
        "L_Wrist": [
            -0.7542224578235801,
            -0.17809355349489103,
            0.7454665364061521
        ],
        "R_Shoulder": [
            0.008373772917362798,
            -0.025191152956744643,
            0.603780185592482
        ],
        "R_Elbow": [
            -0.39347710186671375,
            -0.169857306560915,
            0.5253797679616398
        ],
        "R_Wrist": [
            -0.7195622450870057,
            -0.03681955947222835,
            0.7183407771079711
        ]
    }
}