{
    "video": "edition22_sequence_2.mp4",
    "peak_id": 6,
    "frame_idx": 1896,
    "timestamp": 75.84,
    "total_score": 0.979,
    "skeleton_3d": {
        "Pelvis": [
            0.0,
            0.0,
            0.0
        ],
        "R_Hip": [
            0.0877976752095509,
            -0.13159211142586666,
            -0.07134377567341127
        ],
        "R_Knee": [
            -0.004822011518579162,
            -0.11526343233359373,
            -0.6925741482006565
        ],
        "R_Ankle": [
            -0.01745311853585696,
            -0.06279441752599296,
            -1.2734036009785488
        ],
        "L_Hip": [
            -0.08415312650323906,
            0.12084140862555545,
            0.07506219463212473
        ],
        "L_Knee": [
            -0.4143127410733788,
            -0.06198953927765537,
            0.404519346096666
        ],
        "L_Ankle": [
            -0.7122561109787999,
            -0.09953573345260938,
            0.7076872031694937
        ],
        "Spine": [
            0.1292992951136616,
            -0.025324528580681165,
            0.2884312078429185
        ],
        "Thorax": [
            0.22254521798487348,
            0.09653359435606525,
            0.5598685564680579
        ],
        "Neck": [
            0.26198735501012793,
            0.03414155681907952,
            0.8253860440825014
        ],
        "Head": [
            0.2640853592289303,
            0.09757136078477055,
            0.8601324735979154
        ],
        "L_Shoulder": [
            0.022159094692574793,
            0.10707530653835565,
            0.5396884669172685
        ],
        "L_Elbow": [
            -0.21577155655453756,
            0.30134321035613165,
            0.3931170851292403
        ],
        "L_Wrist": [
            -0.4368554820836334,
            -0.037676858532222905,
            0.5461722408285734
        ],
        "R_Shoulder": [
            0.42318805223130007,
            0.06101380911196243,
            0.5625802584364225
        ],
        "R_Elbow": [
            0.5887673116123427,
            -0.15874004836339006,
            0.8509569227891518
        ],
        "R_Wrist": [
            0.7343981521343432,
            -0.11668290579453369,
            1.1973673041369435
        ]
    }
}