{
    "video": "edition22_sequence_4.mp4",
    "peak_id": 7,
    "frame_idx": 1943,
    "timestamp": 77.72,
    "total_score": 0.944,
    "skeleton_3d": {
        "Pelvis": [
            0.0,
            0.0,
            0.0
        ],
        "R_Hip": [
            0.0869261495763433,
            0.18276223432241076,
            0.070299417349441
        ],
        "R_Knee": [
            0.6749406504230978,
            0.22475090765118758,
            0.09355414396241936
        ],
        "R_Ankle": [
            1.2716087758039707,
            0.403949283886423,
            0.1712094358263325
        ],
        "L_Hip": [
            -0.08674850353453872,
            -0.18378382212371938,
            -0.06476708333135504
        ],
        "L_Knee": [
            -0.012079926628295184,
            -0.10911361086714819,
            -0.7536772601561998
        ],
        "L_Ankle": [
            -0.09936226258721495,
            -0.02884056010708168,
            -1.3530598197530725
        ],
        "Spine": [
            -0.04307198377361013,
            -0.08662823423100385,
            0.3413247689326406
        ],
        "Thorax": [
            -0.06024407822279555,
            -0.09608794495891403,
            0.6682024406430838
        ],
        "Neck": [
            -0.12050517594111262,
            -0.17045591182255276,
            0.9590283434439062
        ],
        "Head": [
            -0.08421390685639923,
            -0.09880084175614239,
            0.997311041852064
        ],
        "L_Shoulder": [
            -0.2566933989352992,
            -0.23098983394213812,
            0.6726261069212062
        ],
        "L_Elbow": [
            -0.5768541959227134,
            -0.5089898341290312,
            0.8597240374985327
        ],
        "L_Wrist": [
            -0.8874878245620916,
            -0.5953835985112733,
            1.0714172159684254
        ],
        "R_Shoulder": [
            0.11790140890439157,
            0.052017026710146054,
            0.6312413829331114
        ],
        "R_Elbow": [
            0.44266275624541185,
            0.3122657470126007,
            0.6981220124911973
        ],
        "R_Wrist": [
            0.781325929617721,
            0.2594101797378447,
            0.781053725578413
        ]
    }
}