{
    "video": "edition22_sequence_5.mp4",
    "peak_id": 4,
    "frame_idx": 1133,
    "timestamp": 45.32,
    "total_score": 0.522,
    "skeleton_3d": {
        "Pelvis": [
            0.0,
            0.0,
            0.0
        ],
        "R_Hip": [
            0.12318827546839212,
            -0.0818049802689738,
            -0.041342816900544976
        ],
        "R_Knee": [
            0.0669500027288548,
            -0.11914600167473001,
            -0.7138236250182547
        ],
        "R_Ankle": [
            0.002815934986623241,
            -0.08726880853587039,
            -1.3375593772472174
        ],
        "L_Hip": [
            -0.12304985516212265,
            0.08941872502849028,
            0.04513476203548993
        ],
        "L_Knee": [
            -0.49826149939872,
            0.027579126560112518,
            -0.2825570464481421
        ],
        "L_Ankle": [
            -0.9576246601501347,
            0.28863959902299746,
            -0.50705286328602
        ],
        "Spine": [
            0.06287605412720562,
            -0.047513914961364215,
            0.32774427424487934
        ],
        "Thorax": [
            0.11371626473601332,
            -0.17885293861947643,
            0.6321197707281647
        ],
        "Neck": [
            0.22566117577266187,
            -0.2039924611934574,
            0.921286285319511
        ],
        "Head": [
            0.20814122678249455,
            -0.10559177162592126,
            0.9778157582561452
        ],
        "L_Shoulder": [
            -0.11244744575559752,
            -0.16806261146945095,
            0.6203913897632272
        ],
        "L_Elbow": [
            -0.41583268905077625,
            -0.1709591883036514,
            0.5820757559536046
        ],
        "L_Wrist": [
            -0.7449826549946058,
            -0.34045210065406895,
            0.5529955168597879
        ],
        "R_Shoulder": [
            0.33816679560492285,
            -0.0552279453088838,
            0.5976131308888635
        ],
        "R_Elbow": [
            0.5858745003264675,
            0.13775686048150912,
            0.5872062376279148
        ],
        "R_Wrist": [
            0.8117162110880247,
            0.21641715515800494,
            0.6432136914623129
        ]
    }
}