{
    "video": "edition22_sequence_5.mp4",
    "peak_id": 3,
    "frame_idx": 901,
    "timestamp": 36.04,
    "total_score": 0.745,
    "skeleton_3d": {
        "Pelvis": [
            0.0,
            0.0,
            0.0
        ],
        "R_Hip": [
            0.06488608466377914,
            0.17913806016583197,
            0.05835135881824307
        ],
        "R_Knee": [
            0.552371039824888,
            0.30011841824058044,
            -0.07244905278223604
        ],
        "R_Ankle": [
            1.1421716349584863,
            0.46678825174108,
            0.05174236968761439
        ],
        "L_Hip": [
            -0.06479740256216512,
            -0.17817309413383559,
            -0.054613722198729724
        ],
        "L_Knee": [
            -0.003850886786120135,
            -0.12595814723104698,
            -0.76116882719658
        ],
        "L_Ankle": [
            -0.06978051062982134,
            -0.04844505766737209,
            -1.36409241235628
        ],
        "Spine": [
            -0.05773601047105731,
            -0.07146090381841295,
            0.33838172633620317
        ],
        "Thorax": [
            -0.10161684112968423,
            -0.09572138530084918,
            0.6723870094261966
        ],
        "Neck": [
            -0.07613483673180907,
            -0.14410079269299766,
            0.9464895308255765
        ],
        "Head": [
            -0.05095630241849912,
            -0.09766345281032597,
            0.9886862275965888
        ],
        "L_Shoulder": [
            -0.2686584813088402,
            -0.24126702802833708,
            0.6546345249165646
        ],
        "L_Elbow": [
            -0.6134405772524204,
            -0.47956062342859307,
            0.7113526018633551
        ],
        "L_Wrist": [
            -0.9844701038603927,
            -0.6425527520835137,
            0.7913827688479982
        ],
        "R_Shoulder": [
            0.05034672965687854,
            0.08820283546486674,
            0.6397952994923812
        ],
        "R_Elbow": [
            0.13266865235167927,
            0.514612517907661,
            0.6734277968082287
        ],
        "R_Wrist": [
            0.2735808651384961,
            0.4021360782926902,
            0.7205082212803933
        ]
    }
}