{
    "video": "edition22_sequence_3.mp4",
    "peak_id": 3,
    "frame_idx": 1168,
    "timestamp": 46.72,
    "total_score": 1.0,
    "skeleton_3d": {
        "Pelvis": [
            0.0,
            0.0,
            0.0
        ],
        "R_Hip": [
            0.09446043584286058,
            -0.14458338174864566,
            -0.07576555374173069
        ],
        "R_Knee": [
            0.0337882224014656,
            -0.07441998976957373,
            -0.7342749645837723
        ],
        "R_Ankle": [
            0.05760084633153698,
            0.01769250173954587,
            -1.335334404808351
        ],
        "L_Hip": [
            -0.09030338011957816,
            0.13779266424780906,
            0.07726283206316248
        ],
        "L_Knee": [
            -0.49884113083568593,
            -0.10145081403983641,
            0.36009748047764445
        ],
        "L_Ankle": [
            -1.0145233144540267,
            -0.19034020934818882,
            0.5961470821218374
        ],
        "Spine": [
            0.1267915525145587,
            -0.04312003076774267,
            0.334255670574185
        ],
        "Thorax": [
            0.22176573103989192,
            -0.08214705657565562,
            0.645952159079211
        ],
        "Neck": [
            0.33242865137478195,
            -0.11287091578155649,
            0.9351452347559239
        ],
        "Head": [
            0.31616413408525146,
            -0.05138862004732007,
            0.9929578102682851
        ],
        "L_Shoulder": [
            -0.01055934262373382,
            -0.10424107783744439,
            0.6553224398353197
        ],
        "L_Elbow": [
            -0.3694915575075728,
            -0.21948216669943826,
            0.7013679151880003
        ],
        "L_Wrist": [
            -0.6984447997812956,
            -0.40664005684553406,
            0.7636722208352568
        ],
        "R_Shoulder": [
            0.45791426543041625,
            -0.02606880322771187,
            0.610650439282569
        ],
        "R_Elbow": [
            0.738948468898417,
            -0.0640703403431593,
            0.8076014002589964
        ],
        "R_Wrist": [
            0.9661773579164534,
            -0.06152300557657616,
            1.0795181714838964
        ]
    }
}