{
    "video": "edition22_sequence_7.mp4",
    "peak_id": 7,
    "frame_idx": 1426,
    "timestamp": 57.04,
    "total_score": 0.629,
    "skeleton_3d": {
        "Pelvis": [
            0.0,
            0.0,
            0.0
        ],
        "R_Hip": [
            0.11459335883472711,
            0.15291226346261727,
            0.031176367825108364
        ],
        "R_Knee": [
            0.5353906937761176,
            0.27721731666623767,
            -0.3299118825738634
        ],
        "R_Ankle": [
            0.9911450723892908,
            0.46448729496443153,
            -0.6967720718963322
        ],
        "L_Hip": [
            -0.11508380118859317,
            -0.14854003638561786,
            -0.028887522523883224
        ],
        "L_Knee": [
            -0.15368494104849312,
            -0.11915185651053767,
            -0.6741522463678475
        ],
        "L_Ankle": [
            -0.17588636812515052,
            -0.047668086011468956,
            -1.2550708158018826
        ],
        "Spine": [
            -0.006380244540743632,
            -0.03407663705830035,
            0.318506752316515
        ],
        "Thorax": [
            0.01941706254339635,
            -0.09283540227169111,
            0.6326457971411805
        ],
        "Neck": [
            0.15528693188889958,
            -0.10033365737181457,
            0.8644126712587644
        ],
        "Head": [
            0.18306148513524673,
            -0.03700340833043089,
            0.9211075232074809
        ],
        "L_Shoulder": [
            -0.057989706970094416,
            -0.18722310444353513,
            0.6465593583977739
        ],
        "L_Elbow": [
            -0.0864963227769585,
            0.07684172950825312,
            0.3276742837340681
        ],
        "L_Wrist": [
            -0.07734074560088612,
            0.2521321492999111,
            0.10762570180639464
        ],
        "R_Shoulder": [
            0.07830257823625825,
            0.0864095381683396,
            0.5538403017611503
        ],
        "R_Elbow": [
            -0.17209983763971795,
            0.19125173281534988,
            0.34860655250925204
        ],
        "R_Wrist": [
            -0.47771823963679677,
            0.13776347141367107,
            0.4231639807978265
        ]
    }
}