{
    "video": "edition22_sequence_5.mp4",
    "peak_id": 11,
    "frame_idx": 2783,
    "timestamp": 111.32,
    "total_score": 0.779,
    "skeleton_3d": {
        "Pelvis": [
            0.0,
            0.0,
            0.0
        ],
        "R_Hip": [
            0.09958949739640793,
            0.1661656169254248,
            0.013707653205841695
        ],
        "R_Knee": [
            -0.028079661514853957,
            0.04152624351358707,
            -0.6697451502109973
        ],
        "R_Ankle": [
            -0.1039915510830885,
            0.016414015823657355,
            -1.348064412601194
        ],
        "L_Hip": [
            -0.10246801527797465,
            -0.16173410956722595,
            -0.013898913426358447
        ],
        "L_Knee": [
            0.3743721368860179,
            0.24622449415177533,
            0.010261045434015067
        ],
        "L_Ankle": [
            0.581009311904646,
            0.7890183841099713,
            0.0921790756324192
        ],
        "Spine": [
            -0.04163980741359143,
            -0.04198316843118766,
            0.31787076391696134
        ],
        "Thorax": [
            -0.061091744024360115,
            -0.12654243021278563,
            0.6211942814980377
        ],
        "Neck": [
            0.04417010039734856,
            -0.16624331324593722,
            0.9347773353583118
        ],
        "Head": [
            0.04743805253545571,
            -0.05932834063732123,
            0.9772636654378161
        ],
        "L_Shoulder": [
            -0.26532802979667236,
            -0.24303253110279346,
            0.5911510334977705
        ],
        "L_Elbow": [
            -0.5935350956678731,
            -0.38780182892708703,
            0.5014531089953691
        ],
        "L_Wrist": [
            -0.9321140795470024,
            -0.5664063274508409,
            0.4946178449967014
        ],
        "R_Shoulder": [
            0.1327466411245852,
            0.06304734456553152,
            0.5653513276232035
        ],
        "R_Elbow": [
            0.28461492775187547,
            0.5011446880558666,
            0.48927543694334025
        ],
        "R_Wrist": [
            0.4109058070091919,
            0.14065588257271822,
            0.49721137785544994
        ]
    }
}