{
    "video": "edition22_sequence_5.mp4",
    "peak_id": 7,
    "frame_idx": 1297,
    "timestamp": 51.88,
    "total_score": 0.779,
    "skeleton_3d": {
        "Pelvis": [
            0.0,
            0.0,
            0.0
        ],
        "R_Hip": [
            0.09564737974132995,
            -0.151742578689692,
            -0.05291182945790456
        ],
        "R_Knee": [
            -0.0015306843353138902,
            -0.1677210740491572,
            -0.7058267217744053
        ],
        "R_Ankle": [
            -0.00977702594119902,
            -0.21447540360615377,
            -1.3051356399502922
        ],
        "L_Hip": [
            -0.09320016918641286,
            0.14214351864275973,
            0.05863101133953013
        ],
        "L_Knee": [
            -0.5324409628586884,
            -0.15986599212894756,
            0.20853220953476154
        ],
        "L_Ankle": [
            -1.0310897701094879,
            -0.21815923980645327,
            0.3695059050461532
        ],
        "Spine": [
            0.09052080871177667,
            0.021959632977597083,
            0.32009496383607977
        ],
        "Thorax": [
            0.15569832553732416,
            0.17910084615675104,
            0.6232993879432596
        ],
        "Neck": [
            0.08888370365027515,
            0.08982362987093138,
            0.8931424479821846
        ],
        "Head": [
            0.09809459029624704,
            0.1606957754634788,
            0.9274636665039021
        ],
        "L_Shoulder": [
            -0.04862064611808052,
            0.20005843920432442,
            0.5876555121369705
        ],
        "L_Elbow": [
            -0.38304296358851375,
            0.03979576403915858,
            0.6454498028192408
        ],
        "L_Wrist": [
            -0.7122868273981587,
            -0.1857451516914271,
            0.7200274066710382
        ],
        "R_Shoulder": [
            0.3653101356694634,
            0.08988303898181467,
            0.6348574683925797
        ],
        "R_Elbow": [
            0.4951398475531694,
            -0.1801968842321865,
            1.002038913728021
        ],
        "R_Wrist": [
            0.5500270612469046,
            -0.09169185382754265,
            1.3299471588008625
        ]
    }
}