{
    "video": "edition22_sequence_5.mp4",
    "peak_id": 13,
    "frame_idx": 3093,
    "timestamp": 123.72,
    "total_score": 0.4,
    "skeleton_3d": {
        "Pelvis": [
            0.0,
            0.0,
            0.0
        ],
        "R_Hip": [
            -0.06333429552279286,
            0.12309061426876697,
            -0.005203234550710505
        ],
        "R_Knee": [
            0.008658608114021717,
            0.01143953741724392,
            -0.6647039179116292
        ],
        "R_Ankle": [
            0.02973962257795013,
            -0.02876670685933498,
            -1.297022644731923
        ],
        "L_Hip": [
            0.05823102480258578,
            -0.14286900245279807,
            0.0001593293237142669
        ],
        "L_Knee": [
            0.33046612918657203,
            0.31419542695809266,
            -0.3375140368934079
        ],
        "L_Ankle": [
            0.07048602305826963,
            0.3426197159895561,
            -0.566185112972858
        ],
        "Spine": [
            0.009070638393117631,
            -0.055845349914508687,
            0.32916129576969366
        ],
        "Thorax": [
            0.011402007162644483,
            -0.1534209608307463,
            0.6600740715822776
        ],
        "Neck": [
            -0.09917163710828916,
            -0.14270608977727928,
            0.9132608307966112
        ],
        "Head": [
            -0.09390925128648656,
            -0.21678752599451795,
            0.98318396900892
        ],
        "L_Shoulder": [
            0.09755286442217409,
            -0.00533038227549099,
            0.6267636486684868
        ],
        "L_Elbow": [
            -0.03451169291941284,
            0.2101504963114423,
            0.34684726616305606
        ],
        "L_Wrist": [
            -0.3475801914386687,
            0.10849073420967928,
            0.19788151519382557
        ],
        "R_Shoulder": [
            -0.06641782817480131,
            -0.18780693457856068,
            0.6172504208864548
        ],
        "R_Elbow": [
            -0.22529057314664158,
            -0.019516285798847087,
            0.27959294605559615
        ],
        "R_Wrist": [
            -0.4417538447523261,
            0.13958513317028334,
            0.176099929485795
        ]
    }
}