{
    "video": "edition22_sequence_9.mp4",
    "peak_id": 3,
    "frame_idx": 595,
    "timestamp": 23.8,
    "total_score": 0.617,
    "skeleton_3d": {
        "Pelvis": [
            0.0,
            0.0,
            0.0
        ],
        "R_Hip": [
            0.06926623886547878,
            0.1684942498655417,
            0.050448375025837155
        ],
        "R_Knee": [
            0.5966291729283126,
            0.24024790695367856,
            -0.1872034825432414
        ],
        "R_Ankle": [
            0.9785198457212626,
            0.5514056311545151,
            -0.3771734435557327
        ],
        "L_Hip": [
            -0.06701464551621339,
            -0.162346338346663,
            -0.047454657777054134
        ],
        "L_Knee": [
            -0.012232092786575196,
            -0.09148795228957006,
            -0.6933846938007233
        ],
        "L_Ankle": [
            -0.022527711930359632,
            -0.00033726847373655427,
            -1.2356641853057608
        ],
        "Spine": [
            -0.08014593573382103,
            -0.05685021051368753,
            0.32236255229525135
        ],
        "Thorax": [
            -0.1488784525162953,
            -0.12665038489490169,
            0.64365964839793
        ],
        "Neck": [
            -0.25669171584115164,
            -0.19194807995463603,
            0.8798168426507061
        ],
        "Head": [
            -0.22835677676598928,
            -0.10887426792047065,
            0.9142812282644867
        ],
        "L_Shoulder": [
            -0.20165318332798748,
            -0.18188208012759385,
            0.6339710220314028
        ],
        "L_Elbow": [
            -0.3997409667884802,
            -0.004725466597239758,
            0.7535515025984751
        ],
        "L_Wrist": [
            -0.616887915036074,
            0.19187317116417377,
            0.8522576278849806
        ],
        "R_Shoulder": [
            -0.09014122224808233,
            0.045212647557405436,
            0.6174632808939129
        ],
        "R_Elbow": [
            -0.3392772791601468,
            0.2500228577127313,
            0.6532229958495063
        ],
        "R_Wrist": [
            -0.5863937197091047,
            0.18134008295270906,
            0.8097029953320288
        ]
    }
}