{
    "video": "edition22_sequence_5.mp4",
    "peak_id": 1,
    "frame_idx": 665,
    "timestamp": 26.6,
    "total_score": 0.854,
    "skeleton_3d": {
        "Pelvis": [
            0.0,
            0.0,
            0.0
        ],
        "R_Hip": [
            0.06815316237993156,
            0.17763929181915525,
            0.0640280452149747
        ],
        "R_Knee": [
            0.5417811659134004,
            0.30652736493704447,
            -0.08925394825615099
        ],
        "R_Ankle": [
            1.1318472106391817,
            0.47726833556205,
            -0.01925017983377387
        ],
        "L_Hip": [
            -0.06964484457992287,
            -0.176518763170835,
            -0.05961192540820307
        ],
        "L_Knee": [
            0.00040360242870723977,
            -0.13020187413019924,
            -0.7572940414466186
        ],
        "L_Ankle": [
            -0.04830296159867634,
            -0.051104904102079844,
            -1.3598023318945234
        ],
        "Spine": [
            -0.05699899634974543,
            -0.08012546373795082,
            0.3388832824230546
        ],
        "Thorax": [
            -0.1005878413412163,
            -0.1270420582505832,
            0.6772252894612325
        ],
        "Neck": [
            -0.08633770629972946,
            -0.16076577004250395,
            0.9650046578382497
        ],
        "Head": [
            -0.06213013798655164,
            -0.11671078652947871,
            1.0098312809624534
        ],
        "L_Shoulder": [
            -0.2705871626628266,
            -0.2466543332233887,
            0.6532422792829883
        ],
        "L_Elbow": [
            -0.6094506305405419,
            -0.44570961791372626,
            0.7261851515660639
        ],
        "L_Wrist": [
            -0.967676990259259,
            -0.6015724424907987,
            0.8773489755102207
        ],
        "R_Shoulder": [
            0.05724841663777411,
            0.06070234964058614,
            0.6464254313108331
        ],
        "R_Elbow": [
            0.08057729846678234,
            0.4672852950781405,
            0.683499788089414
        ],
        "R_Wrist": [
            0.14801959389593575,
            0.2565150497661525,
            0.794210794727718
        ]
    }
}