{
    "video": "edition22_sequence_3.mp4",
    "peak_id": 7,
    "frame_idx": 1461,
    "timestamp": 58.44,
    "total_score": 0.659,
    "skeleton_3d": {
        "Pelvis": [
            0.0,
            0.0,
            0.0
        ],
        "R_Hip": [
            0.1295829279867883,
            -0.0891720048288728,
            -0.025312907903000344
        ],
        "R_Knee": [
            0.1665267050448149,
            -0.1902411189803776,
            -0.6212234172740831
        ],
        "R_Ankle": [
            0.23974564065947557,
            -0.2501227751314717,
            -1.1777141711252448
        ],
        "L_Hip": [
            -0.13195303481247753,
            0.08605098319061323,
            0.024977331425017475
        ],
        "L_Knee": [
            -0.5074739616306322,
            0.05825754827560258,
            -0.36494240727939475
        ],
        "L_Ankle": [
            -0.9586679474460514,
            0.20047798914517245,
            -0.6123355870792645
        ],
        "Spine": [
            -0.010048729000597043,
            -0.017228331456437165,
            0.3146582898223267
        ],
        "Thorax": [
            -0.04467635510778414,
            -0.07894523575114507,
            0.6051231415510128
        ],
        "Neck": [
            -0.22469110293204572,
            -0.16066323826782986,
            0.7996828609304577
        ],
        "Head": [
            -0.21873442454797937,
            -0.09834665692143031,
            0.853651903924582
        ],
        "L_Shoulder": [
            -0.21337355113222894,
            -0.05241550804694173,
            0.5239253878713818
        ],
        "L_Elbow": [
            -0.14961559975818867,
            -0.3356559398677982,
            0.44500477428519664
        ],
        "L_Wrist": [
            0.09658318465376715,
            -0.19864397455855504,
            0.6233892372661783
        ],
        "R_Shoulder": [
            0.1426501105040508,
            -0.031616384154500486,
            0.6553160186434454
        ],
        "R_Elbow": [
            0.4412227313873932,
            0.10489719351885053,
            0.7882534747921305
        ],
        "R_Wrist": [
            0.6826971394281177,
            0.007553877575798128,
            0.9738791805823117
        ]
    }
}