{
    "video": "edition9_sequence_3.mp4",
    "peak_id": 4,
    "frame_idx": 715,
    "timestamp": 28.6,
    "total_score": 0.52,
    "skeleton_3d": {
        "Pelvis": [
            0.0,
            0.0,
            0.0
        ],
        "R_Hip": [
            0.15183938187220525,
            -0.05763566411095973,
            0.057509299515238164
        ],
        "R_Knee": [
            -0.1398694418505869,
            -0.08473871496185487,
            0.4377075724527395
        ],
        "R_Ankle": [
            -0.11641481317375245,
            0.4604788557006779,
            0.045197197022039774
        ],
        "L_Hip": [
            -0.14371581297391697,
            0.06838021727694948,
            -0.04884197685417051
        ],
        "L_Knee": [
            -0.2509659496772927,
            -0.23317508288927655,
            -0.6535118913383521
        ],
        "L_Ankle": [
            -0.03649468803190966,
            -0.4206773746751883,
            -1.2595774467685739
        ],
        "Spine": [
            -0.060251732668187986,
            0.04620652479800621,
            0.32778244759523856
        ],
        "Thorax": [
            -0.1298516955241714,
            0.06604884998230855,
            0.643146801998249
        ],
        "Neck": [
            -0.22610429592197173,
            -0.04484541354368858,
            0.8541705688677695
        ],
        "Head": [
            -0.23193520647820143,
            0.0569547602120626,
            0.8911769950573472
        ],
        "L_Shoulder": [
            -0.3209265733131239,
            0.11485853914407201,
            0.5860172347683625
        ],
        "L_Elbow": [
            -0.5737120396646408,
            -0.0821027550094055,
            0.8626252135873013
        ],
        "L_Wrist": [
            -0.7061186276385056,
            -0.17566917902348703,
            1.116628615230379
        ],
        "R_Shoulder": [
            0.06876306949662359,
            0.006214178162508383,
            0.6976289235639828
        ],
        "R_Elbow": [
            -0.06093431988048702,
            -0.16557742495267788,
            1.0658134467974492
        ],
        "R_Wrist": [
            -0.23404788088815912,
            -0.17625498659866892,
            1.3658300461454576
        ]
    }
}