{
    "video": "edition9_sequence_2.mp4",
    "peak_id": 7,
    "frame_idx": 1125,
    "timestamp": 45.0,
    "total_score": 0.707,
    "skeleton_3d": {
        "Pelvis": [
            0.0,
            0.0,
            0.0
        ],
        "R_Hip": [
            -0.008540390649208687,
            -0.05986488141879543,
            0.03798491370541123
        ],
        "R_Knee": [
            -0.45332156305480986,
            0.17532197730506938,
            0.14504183633243936
        ],
        "R_Ankle": [
            -0.98116183523186,
            0.26986214105139456,
            0.1622509857630841
        ],
        "L_Hip": [
            0.0010788790433655195,
            -0.010742946041142646,
            -0.03603443529364653
        ],
        "L_Knee": [
            -0.008381665981269557,
            -0.04273472391058411,
            -0.6794568999769611
        ],
        "L_Ankle": [
            -0.1472459625509088,
            -0.040025542540457,
            -1.2715229746906707
        ],
        "Spine": [
            0.059844053886086,
            -0.022862399239568926,
            0.336664049040052
        ],
        "Thorax": [
            0.10980203900100667,
            -0.07707770445572036,
            0.6778337542787884
        ],
        "Neck": [
            0.0018540478114782537,
            -0.07785150236867866,
            0.9561302450185533
        ],
        "Head": [
            0.025223744229024906,
            -0.11085989992769128,
            1.0051326231301485
        ],
        "L_Shoulder": [
            0.1911590629522958,
            0.06764015359748163,
            0.6274807907768815
        ],
        "L_Elbow": [
            0.2723694805991224,
            0.41807929996379556,
            0.5248016553135862
        ],
        "L_Wrist": [
            0.2511626715097841,
            0.4504692424634898,
            0.5303525933101255
        ],
        "R_Shoulder": [
            0.020674242569354087,
            -0.1753883650655807,
            0.6586305688559531
        ],
        "R_Elbow": [
            -0.21742129249464343,
            -0.28071393645340664,
            0.7408404452253644
        ],
        "R_Wrist": [
            -0.3436813004121382,
            -0.09601381807615944,
            0.8096822498311208
        ]
    }
}