{
    "video": "edition9_sequence_4.mp4",
    "peak_id": 12,
    "frame_idx": 1019,
    "timestamp": 40.76,
    "total_score": 0.677,
    "skeleton_3d": {
        "Pelvis": [
            0.0,
            0.0,
            0.0
        ],
        "R_Hip": [
            0.1407606078596741,
            0.15462967440024405,
            0.046457687186712414
        ],
        "R_Knee": [
            0.6119119422731338,
            0.27078364230297997,
            -0.27220420176145704
        ],
        "R_Ankle": [
            1.086605794817872,
            0.504017536357253,
            -0.48651619017311676
        ],
        "L_Hip": [
            -0.14429122734299735,
            -0.1489865232522593,
            -0.04232818565004794
        ],
        "L_Knee": [
            -0.16795699227013838,
            -0.2032122017694922,
            -0.6855953754608805
        ],
        "L_Ankle": [
            -0.19300427965103523,
            -0.14396862245574601,
            -1.2440636089209647
        ],
        "Spine": [
            -0.005066191701435088,
            -0.05244294309385827,
            0.32610363624336886
        ],
        "Thorax": [
            0.010244712601310966,
            -0.16819233212551832,
            0.6272853928807918
        ],
        "Neck": [
            0.19050273175192395,
            -0.17479392060831955,
            0.8651021542834814
        ],
        "Head": [
            0.1886000534858533,
            -0.11822078044096436,
            0.9309092786993539
        ],
        "L_Shoulder": [
            -0.19946970437858366,
            -0.24707532542605365,
            0.6412837671706947
        ],
        "L_Elbow": [
            -0.5074555252388545,
            -0.1897829380724415,
            0.5131871461878669
        ],
        "L_Wrist": [
            -0.8354023340882177,
            -0.3018752316999775,
            0.5006718551495581
        ],
        "R_Shoulder": [
            0.19708047325761258,
            0.03323005154419381,
            0.5638870118781008
        ],
        "R_Elbow": [
            0.37057270910430123,
            0.37318131999440757,
            0.3722266708512678
        ],
        "R_Wrist": [
            0.5833328306397576,
            0.3444370432039254,
            0.21193921418895642
        ]
    }
}