{
    "video": "edition9_sequence_2.mp4",
    "peak_id": 3,
    "frame_idx": 658,
    "timestamp": 26.32,
    "total_score": 0.987,
    "skeleton_3d": {
        "Pelvis": [
            0.0,
            0.0,
            0.0
        ],
        "R_Hip": [
            0.036696869373630515,
            -0.10676628820252304,
            0.016975886140052066
        ],
        "R_Knee": [
            -0.22615584889067974,
            0.33084283456084346,
            0.10487020853036212
        ],
        "R_Ankle": [
            -0.5383909680120931,
            0.6174838211995544,
            0.25916614583015357
        ],
        "L_Hip": [
            -0.04899993911322109,
            0.08897171810385589,
            -0.020326772364089418
        ],
        "L_Knee": [
            0.21367054853315778,
            0.21004833730503272,
            -0.4449075747731166
        ],
        "L_Ankle": [
            0.587279607814753,
            0.011493300545185213,
            -0.7945456305324136
        ],
        "Spine": [
            -0.014281638659765946,
            -0.04585523746873635,
            0.3848609296246669
        ],
        "Thorax": [
            -0.0345908211471699,
            -0.12915147555836784,
            0.769879362293029
        ],
        "Neck": [
            -0.1498226512892162,
            -0.1962115917680593,
            1.16193421653021
        ],
        "Head": [
            -0.10618765960186341,
            -0.19079861308940124,
            1.205332224886513
        ],
        "L_Shoulder": [
            -0.24521021910336807,
            -0.03722898311434349,
            0.7790997483327675
        ],
        "L_Elbow": [
            -0.5063134460742755,
            0.10303040076710684,
            0.9588962894712902
        ],
        "L_Wrist": [
            -0.6989372916167951,
            -0.052956978850522834,
            1.2231971600978107
        ],
        "R_Shoulder": [
            0.18781896001455184,
            -0.11897385041949704,
            0.7515533988103229
        ],
        "R_Elbow": [
            0.5534797326898299,
            -0.13587141108522857,
            0.7567057933672865
        ],
        "R_Wrist": [
            0.8628708276031065,
            -0.16147567901436463,
            0.8695378883895013
        ]
    }
}