{
    "video": "edition9_sequence_11.mp4",
    "peak_id": 2,
    "frame_idx": 206,
    "timestamp": 8.24,
    "total_score": 0.805,
    "skeleton_3d": {
        "Pelvis": [
            0.0,
            0.0,
            0.0
        ],
        "R_Hip": [
            0.11251548183471838,
            0.1694480297946644,
            0.0678935701808425
        ],
        "R_Knee": [
            0.6385343587483814,
            0.15079316691622432,
            -0.09027396877579309
        ],
        "R_Ankle": [
            1.1385502048928777,
            0.33560437437090807,
            -0.13362666195109854
        ],
        "L_Hip": [
            -0.11324374227232423,
            -0.16577740588348652,
            -0.06077681126587913
        ],
        "L_Knee": [
            -0.009899134186675729,
            -0.10924319878751522,
            -0.6702550074416248
        ],
        "L_Ankle": [
            0.02862069424286182,
            -0.023248487811689523,
            -1.1985640609073729
        ],
        "Spine": [
            -0.05841425150717319,
            -0.03947928823332723,
            0.3389862330399783
        ],
        "Thorax": [
            -0.10949334863103403,
            -0.09571258158832296,
            0.6647493254681516
        ],
        "Neck": [
            -0.04133919536365953,
            -0.15426940303652448,
            0.900296738297117
        ],
        "Head": [
            -0.06465819022862099,
            -0.06200499940732517,
            0.9605607559641216
        ],
        "L_Shoulder": [
            -0.3168601292441749,
            -0.2196158566522864,
            0.6235918763711529
        ],
        "L_Elbow": [
            -0.6017608792452986,
            -0.32380178444957414,
            0.5856602655621371
        ],
        "L_Wrist": [
            -0.8992136176981677,
            -0.33919312655168343,
            0.6233137510293904
        ],
        "R_Shoulder": [
            0.08834325198681,
            0.060847045236248204,
            0.6901499914463042
        ],
        "R_Elbow": [
            0.41391319066360166,
            0.2873593581832003,
            0.8166883305313084
        ],
        "R_Wrist": [
            0.7187909971526439,
            0.23706989872451878,
            0.9454169066826923
        ]
    }
}