{
    "video": "edition9_sequence_1.mp4",
    "peak_id": 4,
    "frame_idx": 668,
    "timestamp": 26.72,
    "total_score": 0.409,
    "skeleton_3d": {
        "Pelvis": [
            0.0,
            0.0,
            0.0
        ],
        "R_Hip": [
            0.09084378235642666,
            0.031478673430704165,
            -0.04702146209010721
        ],
        "R_Knee": [
            0.05433508971938216,
            -0.06977800311686284,
            -0.6880830675372265
        ],
        "R_Ankle": [
            0.11157183687637039,
            -0.044301778670342365,
            -1.3869745589320428
        ],
        "L_Hip": [
            -0.09146132090253127,
            -0.013214832878412913,
            0.05600211311296909
        ],
        "L_Knee": [
            0.11114346706545462,
            0.524030772770102,
            0.04881029805201388
        ],
        "L_Ankle": [
            -0.3604278187615573,
            0.514604248322322,
            -0.0297228060330291
        ],
        "Spine": [
            0.06385918750479262,
            -0.10185071748712657,
            0.306446031079319
        ],
        "Thorax": [
            0.11816902989832832,
            -0.24529297549856413,
            0.5979361935628119
        ],
        "Neck": [
            0.19962842233195066,
            -0.250703043368654,
            0.9020105684176527
        ],
        "Head": [
            0.16951407727667703,
            -0.17532426260932957,
            0.9452339902667923
        ],
        "L_Shoulder": [
            -0.11215970403571596,
            -0.25471798459311434,
            0.599204980843397
        ],
        "L_Elbow": [
            -0.32863129035940997,
            -0.3089409189105229,
            0.6359209108765997
        ],
        "L_Wrist": [
            -0.6253388140132715,
            -0.33666795337193534,
            0.7867541373209289
        ],
        "R_Shoulder": [
            0.35860446356675374,
            -0.09844611688092908,
            0.5588986396456689
        ],
        "R_Elbow": [
            0.7294661827825507,
            -0.008226282822139627,
            0.6455384211992469
        ],
        "R_Wrist": [
            1.0278020433757202,
            -0.053788872300398506,
            0.8471767669609438
        ]
    }
}