{
    "video": "edition9_sequence_3.mp4",
    "peak_id": 1,
    "frame_idx": 232,
    "timestamp": 9.28,
    "total_score": 1.0,
    "skeleton_3d": {
        "Pelvis": [
            0.0,
            0.0,
            0.0
        ],
        "R_Hip": [
            0.07199941351468565,
            -0.13740667196749612,
            -0.1051071219756483
        ],
        "R_Knee": [
            0.03136688253408854,
            -0.006662547462649791,
            -0.78951771721669
        ],
        "R_Ankle": [
            -0.20370199783836773,
            0.007105608445206594,
            -1.4284844133504537
        ],
        "L_Hip": [
            -0.06752877244194208,
            0.13047339782086292,
            0.10197505707238454
        ],
        "L_Knee": [
            -0.6429646787137209,
            -0.051605980024261935,
            0.37085174761304796
        ],
        "L_Ankle": [
            -1.3291927288393834,
            -0.13685652204915746,
            0.7197926313050327
        ],
        "Spine": [
            0.1781040709812199,
            -0.10093221588632328,
            0.28998028459580527
        ],
        "Thorax": [
            0.32979833234338074,
            -0.21094646605044787,
            0.5574408552706606
        ],
        "Neck": [
            0.4691008392242434,
            -0.19133867865926207,
            0.8920787819598104
        ],
        "Head": [
            0.45723647073829704,
            -0.1558559429451353,
            0.9549653345064961
        ],
        "L_Shoulder": [
            0.09250452025130039,
            -0.2407758951797313,
            0.5632487657434817
        ],
        "L_Elbow": [
            -0.2691719681547912,
            -0.34306852335224564,
            0.487968812186051
        ],
        "L_Wrist": [
            -0.6448806640112698,
            -0.49458205850607817,
            0.5562237825202
        ],
        "R_Shoulder": [
            0.5690160618232816,
            -0.0778273110255139,
            0.5206936633475484
        ],
        "R_Elbow": [
            0.9246400255921486,
            -0.0369066504594192,
            0.625138619131699
        ],
        "R_Wrist": [
            1.125446470721362,
            -0.10616665714082302,
            0.9653707733610173
        ]
    }
}