{
    "video": "edition9_sequence_6.mp4",
    "peak_id": 1,
    "frame_idx": 690,
    "timestamp": 27.6,
    "total_score": 0.511,
    "skeleton_3d": {
        "Pelvis": [
            0.0,
            0.0,
            0.0
        ],
        "R_Hip": [
            -0.05117054312633473,
            -0.16687613221339603,
            0.044863798681553387
        ],
        "R_Knee": [
            -0.5010585247594616,
            0.19095361756491652,
            0.03756369004476879
        ],
        "R_Ankle": [
            -0.2860527051359572,
            0.683382436815271,
            0.071181105462589
        ],
        "L_Hip": [
            0.04779886189493144,
            0.14097006911678917,
            -0.03832697497050426
        ],
        "L_Knee": [
            -0.012045391895673718,
            0.011654645366420783,
            -0.6955932788602344
        ],
        "L_Ankle": [
            -0.12127580155547056,
            -0.13460593653925823,
            -1.2770314496649486
        ],
        "Spine": [
            0.05438666512628543,
            -0.021518728967817972,
            0.3307982810125942
        ],
        "Thorax": [
            0.09572834763377687,
            -0.0887467967827151,
            0.6658537275133826
        ],
        "Neck": [
            -0.046875982685463356,
            -0.1109995606115538,
            0.9013446069102334
        ],
        "Head": [
            -0.019113067214739505,
            -0.17135188633549892,
            0.9736502466527227
        ],
        "L_Shoulder": [
            0.1501936458820122,
            0.11593949206121086,
            0.6348641098169875
        ],
        "L_Elbow": [
            -0.04672298559840773,
            0.32805780096093845,
            0.3929323375571693
        ],
        "L_Wrist": [
            -0.3593090955368625,
            0.034550312351764305,
            0.406931790495788
        ],
        "R_Shoulder": [
            0.03378966110237599,
            -0.2532144937542375,
            0.6158885302619259
        ],
        "R_Elbow": [
            -0.25154345537504247,
            -0.2884997221105905,
            0.4628520876278974
        ],
        "R_Wrist": [
            -0.49617094169151943,
            -0.04748246632497509,
            0.41902167851591937
        ]
    }
}