{
    "video": "edition9_sequence_3.mp4",
    "peak_id": 2,
    "frame_idx": 578,
    "timestamp": 23.12,
    "total_score": 0.881,
    "skeleton_3d": {
        "Pelvis": [
            0.0,
            0.0,
            0.0
        ],
        "R_Hip": [
            0.10153789445382971,
            0.15952097040239047,
            0.08705231046163145
        ],
        "R_Knee": [
            0.6574051375039545,
            0.18098179510351778,
            0.07899377548029804
        ],
        "R_Ankle": [
            1.2860484409650583,
            0.3387161231270976,
            0.08498297982559828
        ],
        "L_Hip": [
            -0.09976002198513853,
            -0.15783095481438583,
            -0.0758156757579829
        ],
        "L_Knee": [
            -0.09169808159642741,
            -0.08278423056092134,
            -0.7126506274988444
        ],
        "L_Ankle": [
            -0.07258351026293756,
            0.008641206429096824,
            -1.2886353935225026
        ],
        "Spine": [
            -0.08530027438482128,
            -0.09204415119057746,
            0.3294832353838066
        ],
        "Thorax": [
            -0.1486430605230118,
            -0.14829527507688187,
            0.672528354443973
        ],
        "Neck": [
            -0.18943163637430235,
            -0.22083430467125276,
            0.9404139500618977
        ],
        "Head": [
            -0.15795875620323246,
            -0.16270252812524744,
            0.9854551565719337
        ],
        "L_Shoulder": [
            -0.24891363722313078,
            -0.24666811948724732,
            0.6609917283321017
        ],
        "L_Elbow": [
            -0.37477844058002996,
            0.1612524688486061,
            0.45199322598689895
        ],
        "L_Wrist": [
            -0.4608021076409382,
            -0.10229009503557132,
            0.4197365761873158
        ],
        "R_Shoulder": [
            -0.050189784729321035,
            0.04160299414620317,
            0.6415457214523822
        ],
        "R_Elbow": [
            -0.11090334984146707,
            0.3443973681998087,
            0.6428740144057613
        ],
        "R_Wrist": [
            -0.2948992328849468,
            0.12378058885541597,
            0.8078873809767472
        ]
    }
}