{
    "video": "edition9_sequence_4.mp4",
    "peak_id": 16,
    "frame_idx": 2165,
    "timestamp": 86.6,
    "total_score": 1.0,
    "skeleton_3d": {
        "Pelvis": [
            0.0,
            0.0,
            0.0
        ],
        "R_Hip": [
            0.08467478322276199,
            0.15020458195589304,
            0.0549718243178838
        ],
        "R_Knee": [
            0.39965043913966003,
            0.1169222231885909,
            0.41108982303762076
        ],
        "R_Ankle": [
            0.7192062580912811,
            0.21746036337494942,
            0.7946347855090957
        ],
        "L_Hip": [
            -0.08841241915452333,
            -0.15695190833045644,
            -0.05419399542282848
        ],
        "L_Knee": [
            -0.08929802443774956,
            -0.09509806467154897,
            -0.6343957135269284
        ],
        "L_Ankle": [
            -0.10256010163345425,
            -0.09807223326001005,
            -1.1460831172581716
        ],
        "Spine": [
            -0.08364913662242188,
            -0.09387769537241257,
            0.27920307012027534
        ],
        "Thorax": [
            -0.1639264165827828,
            -0.23492222320889253,
            0.5465722215943755
        ],
        "Neck": [
            -0.24653293562779063,
            -0.25111373968759215,
            0.783655256167332
        ],
        "Head": [
            -0.25243601254918174,
            -0.2138104572289092,
            0.8209672151270752
        ],
        "L_Shoulder": [
            -0.32239746369888705,
            -0.24633990290420088,
            0.46613406376435423
        ],
        "L_Elbow": [
            -0.5867234425010933,
            -0.170614185900068,
            0.4048753762781784
        ],
        "L_Wrist": [
            -0.8971201656334186,
            -0.16029220583866066,
            0.40973566727213484
        ],
        "R_Shoulder": [
            0.009581936842844656,
            -0.14240849970316544,
            0.61975257693745
        ],
        "R_Elbow": [
            0.05981470403471249,
            0.016099435492446745,
            0.9352707666956489
        ],
        "R_Wrist": [
            -0.011553871624451812,
            -0.045104188587000035,
            1.22373816434808
        ]
    }
}