{
    "video": "edition9_sequence_3.mp4",
    "peak_id": 17,
    "frame_idx": 2389,
    "timestamp": 95.56,
    "total_score": 0.594,
    "skeleton_3d": {
        "Pelvis": [
            0.0,
            0.0,
            0.0
        ],
        "R_Hip": [
            0.14482615734450371,
            0.15901962991672722,
            0.04182423750474864
        ],
        "R_Knee": [
            0.5455814058256588,
            0.25967693227027094,
            -0.4180539994008217
        ],
        "R_Ankle": [
            1.0141743307188418,
            0.5189451970305062,
            -0.7717054868605785
        ],
        "L_Hip": [
            -0.14637814393116363,
            -0.15469761981207386,
            -0.03900721426291237
        ],
        "L_Knee": [
            -0.02474809109590084,
            -0.1868734719811133,
            -0.7093584223326913
        ],
        "L_Ankle": [
            0.09456698314284277,
            -0.17694014156901713,
            -1.335417671926415
        ],
        "Spine": [
            -0.017240112271940614,
            -0.05182628129781653,
            0.3438621971403424
        ],
        "Thorax": [
            -0.01872640789760249,
            -0.13175396389824479,
            0.6609964734564132
        ],
        "Neck": [
            0.0849953407000444,
            -0.18192602781872666,
            0.8928972282503372
        ],
        "Head": [
            0.0738364316030465,
            -0.0687832548812677,
            0.9589598140330376
        ],
        "L_Shoulder": [
            -0.25380658199326095,
            -0.23691948568316987,
            0.6560001054475072
        ],
        "L_Elbow": [
            -0.632729254490825,
            -0.36175016017196937,
            0.6109102953754071
        ],
        "L_Wrist": [
            -0.9666434951956481,
            -0.4263908865736451,
            0.4909808861047547
        ],
        "R_Shoulder": [
            0.2075065391237606,
            0.030984480483261453,
            0.6416439435935821
        ],
        "R_Elbow": [
            0.5338550756423986,
            0.30055764998248974,
            0.5945043911993175
        ],
        "R_Wrist": [
            0.8884687859053184,
            0.3252489071366366,
            0.6068276030744378
        ]
    }
}