{
    "video": "edition9_sequence_1.mp4",
    "peak_id": 10,
    "frame_idx": 1982,
    "timestamp": 79.28,
    "total_score": 0.949,
    "skeleton_3d": {
        "Pelvis": [
            0.0,
            0.0,
            0.0
        ],
        "R_Hip": [
            0.08465801844397723,
            -0.1672534052660212,
            -0.07260625949828665
        ],
        "R_Knee": [
            0.020865583891589434,
            -0.16002909593478704,
            -0.7712298323339744
        ],
        "R_Ankle": [
            0.048421215574115654,
            -0.26153801411212785,
            -1.3891329275157405
        ],
        "L_Hip": [
            -0.08160867617017831,
            0.15824434098134255,
            0.07844828487937357
        ],
        "L_Knee": [
            -0.6769836570161653,
            -0.027377319957254075,
            0.15339811831475592
        ],
        "L_Ankle": [
            -1.2748195453919346,
            -0.01861967298664908,
            0.25721924402322666
        ],
        "Spine": [
            0.16186701565554484,
            0.019245403742697408,
            0.30407678214026684
        ],
        "Thorax": [
            0.30876438179396803,
            0.1613335931343371,
            0.5895297930083314
        ],
        "Neck": [
            0.27377083176385997,
            0.0955296567026625,
            0.888773954272253
        ],
        "Head": [
            0.2657264942174007,
            0.15626215838211774,
            0.9184483814338966
        ],
        "L_Shoulder": [
            0.10802334475133613,
            0.23332967599969837,
            0.6445259453745356
        ],
        "L_Elbow": [
            -0.01021469841275048,
            0.14717421016803242,
            1.0224787455953324
        ],
        "L_Wrist": [
            -0.07354291943446004,
            0.0731121880093269,
            1.4187278414836602
        ],
        "R_Shoulder": [
            0.49201195956044813,
            0.06769861095335042,
            0.5124146449224325
        ],
        "R_Elbow": [
            0.7240550804611282,
            0.22705755652528678,
            0.427699403763045
        ],
        "R_Wrist": [
            0.9199960489545937,
            0.5541417103863125,
            0.3963342885958891
        ]
    }
}