{
    "video": "edition9_sequence_3.mp4",
    "peak_id": 15,
    "frame_idx": 2269,
    "timestamp": 90.76,
    "total_score": 0.957,
    "skeleton_3d": {
        "Pelvis": [
            0.0,
            0.0,
            0.0
        ],
        "R_Hip": [
            0.07671987567080929,
            -0.15569136489232446,
            -0.08235069360294732
        ],
        "R_Knee": [
            0.07309491257409566,
            -0.09340397486345649,
            -0.7429520739219787
        ],
        "R_Ankle": [
            0.2019603729385233,
            -0.06500483196945754,
            -1.3309737944957707
        ],
        "L_Hip": [
            -0.0758696477910458,
            0.1476978471327009,
            0.08205124363945437
        ],
        "L_Knee": [
            -0.6194991865713433,
            -0.03969046326897284,
            0.1621282231122046
        ],
        "L_Ankle": [
            -1.2690138091535643,
            -0.08874807196627775,
            0.2482621451955701
        ],
        "Spine": [
            0.12572240928987935,
            -0.08192028176478976,
            0.2967668527472058
        ],
        "Thorax": [
            0.22091739259414833,
            -0.06355149840479393,
            0.5710676863413371
        ],
        "Neck": [
            0.2635826901880614,
            -0.11048046448602054,
            0.9047680398594935
        ],
        "Head": [
            0.2406010451147026,
            -0.058662501550439936,
            0.9469167889797734
        ],
        "L_Shoulder": [
            0.010624813737451864,
            -0.030254024587263617,
            0.5405472337736877
        ],
        "L_Elbow": [
            -0.2597289949121384,
            0.16889082406602207,
            0.44836537754182
        ],
        "L_Wrist": [
            -0.5955275060849755,
            -0.14879917232690476,
            0.40188844225112613
        ],
        "R_Shoulder": [
            0.43694395001072533,
            -0.0624530697567665,
            0.5530831057502864
        ],
        "R_Elbow": [
            0.807936731820409,
            -0.0910783399734602,
            0.6618577894445821
        ],
        "R_Wrist": [
            1.0321564855288081,
            -0.12344518131677971,
            0.9600504755264769
        ]
    }
}