{
    "video": "edition9_sequence_11.mp4",
    "peak_id": 8,
    "frame_idx": 762,
    "timestamp": 30.48,
    "total_score": 0.762,
    "skeleton_3d": {
        "Pelvis": [
            0.0,
            0.0,
            0.0
        ],
        "R_Hip": [
            0.03619518514960797,
            0.07325853274390173,
            -0.02985716449227306
        ],
        "R_Knee": [
            0.016837352978512087,
            -0.008217899787861806,
            -0.6585416285475623
        ],
        "R_Ankle": [
            0.008314281093999043,
            -0.06409777024139315,
            -1.2347132383548625
        ],
        "L_Hip": [
            -0.04142194384349538,
            -0.08414725597358126,
            0.03314849677731854
        ],
        "L_Knee": [
            0.21082853850710034,
            0.432347215610838,
            0.0792156206342855
        ],
        "L_Ankle": [
            0.5400993778420417,
            0.8135077634465957,
            0.0911585666269072
        ],
        "Spine": [
            -0.08338567864302072,
            -0.031184550768223962,
            0.31304566784603527
        ],
        "Thorax": [
            -0.1611192135923838,
            -0.027730302146322196,
            0.6236022612658019
        ],
        "Neck": [
            -0.18980079665367997,
            -0.04227325265797914,
            0.8877978135423422
        ],
        "Head": [
            -0.17712899694036582,
            -0.015036810432574236,
            0.9319710154043235
        ],
        "L_Shoulder": [
            -0.30137739216867643,
            -0.14153983136761167,
            0.6324223862142383
        ],
        "L_Elbow": [
            -0.4996971287480894,
            -0.23024454702884342,
            0.8726660855320159
        ],
        "L_Wrist": [
            -0.6869503582277066,
            -0.18187994131496768,
            1.1171659718006801
        ],
        "R_Shoulder": [
            -0.03236057390214852,
            0.12783519859154482,
            0.5734055594390348
        ],
        "R_Elbow": [
            0.17352226995481096,
            0.44622277802971966,
            0.6774592958996883
        ],
        "R_Wrist": [
            0.41238795632048614,
            0.4297843110067624,
            0.8319595438315015
        ]
    }
}