{
    "video": "edition9_sequence_4.mp4",
    "peak_id": 2,
    "frame_idx": 237,
    "timestamp": 9.48,
    "total_score": 0.838,
    "skeleton_3d": {
        "Pelvis": [
            0.0,
            0.0,
            0.0
        ],
        "R_Hip": [
            0.06166022157957898,
            -0.14960840003103953,
            -0.08895298746267911
        ],
        "R_Knee": [
            0.059388580719266205,
            -0.0861728306702312,
            -0.7478366003328203
        ],
        "R_Ankle": [
            0.14919453968274435,
            0.021323013335784385,
            -1.390198482262004
        ],
        "L_Hip": [
            -0.059269100168231864,
            0.1418362623789366,
            0.09060193484139138
        ],
        "L_Knee": [
            -0.6764780804798052,
            -0.05481693093441307,
            0.19291364236189035
        ],
        "L_Ankle": [
            -0.840967315054142,
            0.046500866340952664,
            0.4801981965196914
        ],
        "Spine": [
            0.17674789785750014,
            -0.05851563480101409,
            0.3010963647988606
        ],
        "Thorax": [
            0.3412949264991247,
            -0.051284825819110896,
            0.595109463160726
        ],
        "Neck": [
            0.490677193768152,
            -0.0482109180043686,
            0.8548589701353871
        ],
        "Head": [
            0.5240889514378297,
            -0.02478730224312978,
            0.9112523530236757
        ],
        "L_Shoulder": [
            0.24956484294753806,
            0.07565842906625171,
            0.579232555918707
        ],
        "L_Elbow": [
            0.4868961336883512,
            0.36731630940004,
            0.40912323088858865
        ],
        "L_Wrist": [
            0.8583750531330254,
            0.43634009797758905,
            0.4455625300412226
        ],
        "R_Shoulder": [
            0.39446291338167716,
            -0.1369292759258591,
            0.5591720129294717
        ],
        "R_Elbow": [
            0.128653639233946,
            -0.22249536869512018,
            0.3390487693226378
        ],
        "R_Wrist": [
            0.06555094134427127,
            -0.21436916087301436,
            0.039387049425031365
        ]
    }
}