{
    "video": "edition9_sequence_6.mp4",
    "peak_id": 0,
    "frame_idx": 649,
    "timestamp": 25.96,
    "total_score": 0.43,
    "skeleton_3d": {
        "Pelvis": [
            0.0,
            0.0,
            0.0
        ],
        "R_Hip": [
            0.11787861018540065,
            -0.015507654439600076,
            -0.045018187678574254
        ],
        "R_Knee": [
            0.11828039686365763,
            -0.04271292116066195,
            -0.7034366141981655
        ],
        "R_Ankle": [
            -0.14614963888868623,
            -0.12394926115679537,
            -1.2681650648557807
        ],
        "L_Hip": [
            -0.12013216909644724,
            0.01392135776943719,
            0.05117557882380443
        ],
        "L_Knee": [
            -0.4638645242732696,
            -0.1680519011188504,
            -0.12649207051653524
        ],
        "L_Ankle": [
            -0.9452419982720331,
            0.15760770744839286,
            -0.2166672900845734
        ],
        "Spine": [
            0.03576198603053625,
            -0.02953860330566539,
            0.34727534229457513
        ],
        "Thorax": [
            0.06257033092726812,
            -0.13176692690330308,
            0.6803791856137859
        ],
        "Neck": [
            -0.03855232702425404,
            -0.1905612446779413,
            0.9778595999355757
        ],
        "Head": [
            -0.03769047218704042,
            -0.1330546819873241,
            1.031485429473857
        ],
        "L_Shoulder": [
            -0.16830073441730542,
            -0.1257205237248533,
            0.6396710618601591
        ],
        "L_Elbow": [
            -0.4654953943676545,
            -0.3233032400129894,
            0.7127710405747308
        ],
        "L_Wrist": [
            -0.6399463030278615,
            -0.42570653915562295,
            0.9825243658697815
        ],
        "R_Shoulder": [
            0.30064883421989524,
            -0.032006034742640806,
            0.680442514556019
        ],
        "R_Elbow": [
            0.6436376112230565,
            0.07914741198721206,
            0.705231300483816
        ],
        "R_Wrist": [
            0.9706490904339358,
            0.005665565650604963,
            0.8479441705732781
        ]
    }
}