{
    "video": "edition9_sequence_2.mp4",
    "peak_id": 6,
    "frame_idx": 1073,
    "timestamp": 42.92,
    "total_score": 0.719,
    "skeleton_3d": {
        "Pelvis": [
            0.0,
            0.0,
            0.0
        ],
        "R_Hip": [
            0.1153831087698863,
            0.1596402391893308,
            0.07072123289462531
        ],
        "R_Knee": [
            0.5920452345089187,
            0.14390659112817383,
            -0.03484415610703506
        ],
        "R_Ankle": [
            1.0319462693211225,
            0.39454491891545007,
            -0.27882844621446495
        ],
        "L_Hip": [
            -0.11948224243263582,
            -0.15671575898153586,
            -0.06456756545727185
        ],
        "L_Knee": [
            -0.03281873078205985,
            -0.12614110078209512,
            -0.681814701047245
        ],
        "L_Ankle": [
            0.07456616209154343,
            -0.07027416348594029,
            -1.2671610618330833
        ],
        "Spine": [
            -0.030510542657615956,
            -0.07153020866874031,
            0.33370226833284505
        ],
        "Thorax": [
            -0.044490122031062056,
            -0.13564996698952356,
            0.6635818855764953
        ],
        "Neck": [
            0.01116665823691238,
            -0.18040332111242707,
            0.9367562841488513
        ],
        "Head": [
            0.0074524276959523576,
            -0.0977799503392049,
            0.9982760670995731
        ],
        "L_Shoulder": [
            -0.2380219231212087,
            -0.2379472345408198,
            0.6468913282374406
        ],
        "L_Elbow": [
            -0.5693097355474226,
            -0.2972009211900971,
            0.602187872496837
        ],
        "L_Wrist": [
            -0.9202183601484658,
            -0.4509980890668217,
            0.6019458977772665
        ],
        "R_Shoulder": [
            0.1357504251652578,
            0.04950061663956149,
            0.6278842038396212
        ],
        "R_Elbow": [
            0.33661313873460863,
            0.4290000126422169,
            0.5182786103633825
        ],
        "R_Wrist": [
            0.5259780973769999,
            0.36366007161349845,
            0.4475135208227795
        ]
    }
}