{
    "video": "edition9_sequence_7.mp4",
    "peak_id": 6,
    "frame_idx": 1809,
    "timestamp": 72.36,
    "total_score": 0.572,
    "skeleton_3d": {
        "Pelvis": [
            0.0,
            0.0,
            0.0
        ],
        "R_Hip": [
            0.04762775298535008,
            0.06557212822009038,
            0.027362845707174135
        ],
        "R_Knee": [
            -0.019494949039822743,
            0.5160761756220745,
            0.1484041301030608
        ],
        "R_Ankle": [
            0.0201597360438649,
            0.9506802672244681,
            0.023882622482294856
        ],
        "L_Hip": [
            -0.053337238339643156,
            -0.0680342392169102,
            -0.026879082565208674
        ],
        "L_Knee": [
            -0.008055303359545747,
            -0.13787026620153206,
            -0.6196484286182437
        ],
        "L_Ankle": [
            0.028745902644061485,
            -0.2927448685333258,
            -1.2272811812925524
        ],
        "Spine": [
            0.020677735480818967,
            -0.033703218262388576,
            0.3227179097001484
        ],
        "Thorax": [
            0.039682478961457,
            -0.05752235244049826,
            0.6593275496712697
        ],
        "Neck": [
            -0.05232696707312856,
            -0.0909854031373558,
            0.907354583799905
        ],
        "Head": [
            -0.027635935146335115,
            -0.05816892156450937,
            0.9531749057685103
        ],
        "L_Shoulder": [
            -0.03328891265013842,
            0.04595008515025593,
            0.6765559333035198
        ],
        "L_Elbow": [
            -0.13283864722008074,
            0.0033815767781926248,
            1.082187458185079
        ],
        "L_Wrist": [
            -0.05932214929799201,
            -0.035588158077810995,
            1.3457913738587166
        ],
        "R_Shoulder": [
            0.11802017628365524,
            -0.1594057878033282,
            0.6259938800975879
        ],
        "R_Elbow": [
            -0.10428868624423585,
            0.10654714955855367,
            0.3095186796931437
        ],
        "R_Wrist": [
            -0.05930055773647373,
            0.3672529168566582,
            0.2740537827926625
        ]
    }
}