{
    "video": "edition9_sequence_4.mp4",
    "peak_id": 1,
    "frame_idx": 128,
    "timestamp": 5.12,
    "total_score": 0.997,
    "skeleton_3d": {
        "Pelvis": [
            0.0,
            0.0,
            0.0
        ],
        "R_Hip": [
            0.0549700741937715,
            0.15439547308250218,
            0.09757437254996133
        ],
        "R_Knee": [
            0.5275927553822665,
            0.14728165510332397,
            0.28940030406390754
        ],
        "R_Ankle": [
            0.9861854998024739,
            0.19325452858774828,
            0.6409572486112296
        ],
        "L_Hip": [
            -0.054326362252833806,
            -0.16101615545563164,
            -0.09765675719124996
        ],
        "L_Knee": [
            -0.041801360071170406,
            -0.02014701371549803,
            -0.7218069843706317
        ],
        "L_Ankle": [
            -0.13911510106909913,
            0.04864657084320962,
            -1.2846027373107252
        ],
        "Spine": [
            -0.1669605047966889,
            -0.11328178086419324,
            0.2879135486769315
        ],
        "Thorax": [
            -0.33190170354935694,
            -0.25147677305016114,
            0.5772104937967498
        ],
        "Neck": [
            -0.4908975067667775,
            -0.3058155950976574,
            0.8385682558543415
        ],
        "Head": [
            -0.49398451070323934,
            -0.3063000208219543,
            0.8939041135698197
        ],
        "L_Shoulder": [
            -0.4131697657278361,
            -0.22477209913233584,
            0.5385078632300582
        ],
        "L_Elbow": [
            -0.674246744390485,
            0.004878083269354714,
            0.4435765553469465
        ],
        "L_Wrist": [
            -1.0376775140157721,
            -0.15496477918844498,
            0.42554652030203993
        ],
        "R_Shoulder": [
            -0.23231442816800857,
            -0.23617775861257417,
            0.5753689903460609
        ],
        "R_Elbow": [
            -0.628221057006581,
            -0.23556504175011395,
            0.42119334409098735
        ],
        "R_Wrist": [
            -1.0034606616225499,
            -0.07651517046066036,
            0.4165263600418807
        ]
    }
}