{
    "video": "edition9_sequence_3.mp4",
    "peak_id": 8,
    "frame_idx": 1181,
    "timestamp": 47.24,
    "total_score": 0.954,
    "skeleton_3d": {
        "Pelvis": [
            0.0,
            0.0,
            0.0
        ],
        "R_Hip": [
            0.05796368428837002,
            -0.16555721161980122,
            -0.058844243841438756
        ],
        "R_Knee": [
            -0.01782293798711673,
            -0.13732278203510476,
            -0.7836071006550589
        ],
        "R_Ankle": [
            0.04057691233897598,
            -0.11363214335218157,
            -1.4833788017216072
        ],
        "L_Hip": [
            -0.0552059359579614,
            0.15687581610549714,
            0.06426547166813165
        ],
        "L_Knee": [
            -0.4910502854213282,
            -0.0022266252122507793,
            0.14489351483772842
        ],
        "L_Ankle": [
            -1.072530615722344,
            0.055888489228393776,
            0.15236963344643245
        ],
        "Spine": [
            -0.001408228061477341,
            -0.130398893739079,
            0.32171162867289094
        ],
        "Thorax": [
            -0.032406926329045765,
            -0.26314260780832016,
            0.6417726677641306
        ],
        "Neck": [
            0.019551807323619514,
            -0.26704908757284485,
            0.9475330484517539
        ],
        "Head": [
            -0.016215959073366225,
            -0.25979630163176554,
            1.0065327042010759
        ],
        "L_Shoulder": [
            -0.23897792683137453,
            -0.26328742868248095,
            0.5644680219046672
        ],
        "L_Elbow": [
            -0.4386336766300578,
            -0.2699022487416997,
            0.3470960341068732
        ],
        "L_Wrist": [
            -0.3807532168573584,
            -0.5045307143111165,
            0.4733572728684512
        ],
        "R_Shoulder": [
            0.17671198764806637,
            -0.14749263509716015,
            0.6517413631354175
        ],
        "R_Elbow": [
            0.3965410233195022,
            0.08992054564668137,
            0.8414801927521254
        ],
        "R_Wrist": [
            0.5837184344544314,
            0.12639162647429378,
            1.0777979282002665
        ]
    }
}