{
    "video": "edition9_sequence_4.mp4",
    "peak_id": 11,
    "frame_idx": 952,
    "timestamp": 38.08,
    "total_score": 0.748,
    "skeleton_3d": {
        "Pelvis": [
            0.0,
            0.0,
            0.0
        ],
        "R_Hip": [
            0.13401585214847272,
            0.16322383250033262,
            0.046337265297182476
        ],
        "R_Knee": [
            0.6113023761584832,
            0.2762295609307824,
            -0.21743981706073867
        ],
        "R_Ankle": [
            1.0989907298501973,
            0.49025902619164596,
            -0.33553347879190243
        ],
        "L_Hip": [
            -0.13802556762501364,
            -0.15713117182563902,
            -0.04246042499733895
        ],
        "L_Knee": [
            -0.22645143696674275,
            -0.1968164098409964,
            -0.6566323224789083
        ],
        "L_Ankle": [
            -0.35071950592878504,
            -0.18305438204364707,
            -1.1757641730784423
        ],
        "Spine": [
            -0.00023515206203267587,
            -0.042556098333212104,
            0.3250528397038284
        ],
        "Thorax": [
            0.012695178316431938,
            -0.15129869572885107,
            0.6240017727712218
        ],
        "Neck": [
            0.16475222406794088,
            -0.16031651079959017,
            0.8731919325086483
        ],
        "Head": [
            0.16225249977928724,
            -0.09261271469763634,
            0.9394824659111476
        ],
        "L_Shoulder": [
            -0.2057798876401651,
            -0.23380766442807047,
            0.6323304436404996
        ],
        "L_Elbow": [
            -0.49716463563477664,
            -0.14592738917585468,
            0.5045595890461811
        ],
        "L_Wrist": [
            -0.8361904596020512,
            -0.23405268195924436,
            0.5159448702771569
        ],
        "R_Shoulder": [
            0.21722066619347838,
            0.043787445943886075,
            0.571699378337935
        ],
        "R_Elbow": [
            0.4282770200659452,
            0.381161928388445,
            0.45970580654276066
        ],
        "R_Wrist": [
            0.6782224468985588,
            0.3894405443012182,
            0.40115295984852106
        ]
    }
}