{
    "video": "edition9_sequence_3.mp4",
    "peak_id": 5,
    "frame_idx": 775,
    "timestamp": 31.0,
    "total_score": 0.526,
    "skeleton_3d": {
        "Pelvis": [
            0.0,
            0.0,
            0.0
        ],
        "R_Hip": [
            0.1449067599100974,
            -0.08994325904446332,
            0.05879203978054793
        ],
        "R_Knee": [
            -0.3295111837293304,
            -0.09467265773911568,
            0.4938532043426444
        ],
        "R_Ankle": [
            -0.12340788335681718,
            0.3346497085593529,
            0.061611764010167956
        ],
        "L_Hip": [
            -0.13782941878560043,
            0.10336087818878724,
            -0.05028560849020406
        ],
        "L_Knee": [
            -0.32828243084656805,
            -0.24747048550696285,
            -0.6096243199554819
        ],
        "L_Ankle": [
            -0.18946742456888455,
            -0.45621810349294534,
            -1.2525769497702446
        ],
        "Spine": [
            -0.04879576353191748,
            0.08460079258566766,
            0.32728991248285644
        ],
        "Thorax": [
            -0.12783032047320564,
            0.13907539649278972,
            0.641219677954165
        ],
        "Neck": [
            -0.23721770851970975,
            0.02297552872902078,
            0.8745617132452594
        ],
        "Head": [
            -0.2482160659802481,
            0.1234163787922943,
            0.9092137318530313
        ],
        "L_Shoulder": [
            -0.3080043966242548,
            0.19054622789774336,
            0.5642290993933264
        ],
        "L_Elbow": [
            -0.597694272034132,
            -0.03625140131307744,
            0.7998159182549004
        ],
        "L_Wrist": [
            -0.7385127973635813,
            -0.10620790186425201,
            1.1126271521732687
        ],
        "R_Shoulder": [
            0.06595580478006652,
            0.06661474204694949,
            0.7176874874802733
        ],
        "R_Elbow": [
            -0.047227785424797795,
            -0.11896875512236137,
            1.1185817359602248
        ],
        "R_Wrist": [
            -0.19811225396041773,
            -0.12804571851109472,
            1.4316402586992283
        ]
    }
}