{
    "video": "edition9_sequence_7.mp4",
    "peak_id": 3,
    "frame_idx": 1133,
    "timestamp": 45.32,
    "total_score": 0.669,
    "skeleton_3d": {
        "Pelvis": [
            0.0,
            0.0,
            0.0
        ],
        "R_Hip": [
            0.03641025407478154,
            -0.1709132227174081,
            0.018518165053727262
        ],
        "R_Knee": [
            -0.4945836959515342,
            0.0681049733989611,
            0.021442706509887968
        ],
        "R_Ankle": [
            -0.8487363874524492,
            0.3897943250422246,
            0.04189908369095263
        ],
        "L_Hip": [
            -0.03058476587198779,
            0.16042840488999643,
            -0.020185356432085428
        ],
        "L_Knee": [
            -0.07410771447304276,
            0.003155950392396648,
            -0.6833612332353779
        ],
        "L_Ankle": [
            -0.11742941141893073,
            -0.021970330634988055,
            -1.3308420088247876
        ],
        "Spine": [
            0.01820163098610235,
            0.0008812016078721323,
            0.32307349055475476
        ],
        "Thorax": [
            0.009462975211991452,
            0.0030785580318706553,
            0.6454017774928505
        ],
        "Neck": [
            -0.09129288026519349,
            -0.07355406795971173,
            0.8950696085156803
        ],
        "Head": [
            -0.08191465075877502,
            -0.03984009858887032,
            0.9494442324314968
        ],
        "L_Shoulder": [
            -0.07898474319522757,
            0.14243093327809384,
            0.5700362862394902
        ],
        "L_Elbow": [
            -0.31966543049709933,
            0.2959955437445024,
            0.36969350742964424
        ],
        "L_Wrist": [
            -0.6283167122316266,
            0.04860277092613175,
            0.2644895627009753
        ],
        "R_Shoulder": [
            0.10377685756251477,
            -0.14069358166195126,
            0.6333270790245877
        ],
        "R_Elbow": [
            0.18270037541201636,
            -0.07583472178578919,
            0.4784643748553751
        ],
        "R_Wrist": [
            0.06617536643901137,
            -0.022017928977287014,
            0.4401716256574237
        ]
    }
}