{
    "video": "edition9_sequence_11.mp4",
    "peak_id": 7,
    "frame_idx": 664,
    "timestamp": 26.56,
    "total_score": 0.965,
    "skeleton_3d": {
        "Pelvis": [
            0.0,
            0.0,
            0.0
        ],
        "R_Hip": [
            0.06661458300313465,
            0.16564452813356456,
            0.08570144535197406
        ],
        "R_Knee": [
            0.5509621839858775,
            0.18674463271618577,
            0.17709408026424805
        ],
        "R_Ankle": [
            1.1340153734414395,
            0.3007919696305122,
            0.2830847578426254
        ],
        "L_Hip": [
            -0.06651262121457072,
            -0.17144109342465227,
            -0.08024921888880159
        ],
        "L_Knee": [
            0.01783358069164316,
            -0.11062412368357043,
            -0.7070442792383511
        ],
        "L_Ankle": [
            0.02641897995511635,
            -0.03675879994838172,
            -1.2724364190626494
        ],
        "Spine": [
            -0.14821653952982122,
            -0.03023833746191173,
            0.2902365746160604
        ],
        "Thorax": [
            -0.28699614552357744,
            0.09526084361775505,
            0.5676810627146054
        ],
        "Neck": [
            -0.271411081369339,
            0.014715219321470716,
            0.8373476774710035
        ],
        "Head": [
            -0.23416619326878685,
            0.06538919633995642,
            0.8695119251813916
        ],
        "L_Shoulder": [
            -0.4388581967141557,
            -0.1228705709380904,
            0.561884021657558
        ],
        "L_Elbow": [
            -0.6648544340559048,
            -0.41501867031161815,
            0.8230084514869375
        ],
        "L_Wrist": [
            -0.889207607226811,
            -0.4797097251107094,
            1.087519100529077
        ],
        "R_Shoulder": [
            -0.14021576340631914,
            0.2079052238683769,
            0.5420600628225916
        ],
        "R_Elbow": [
            0.13848569835756153,
            0.5507826787751641,
            0.560598167712619
        ],
        "R_Wrist": [
            0.4153471288433134,
            0.5378788258327546,
            0.5975797386423266
        ]
    }
}