{
    "video": "edition9_sequence_6.mp4",
    "peak_id": 7,
    "frame_idx": 1055,
    "timestamp": 42.2,
    "total_score": 0.606,
    "skeleton_3d": {
        "Pelvis": [
            0.0,
            0.0,
            0.0
        ],
        "R_Hip": [
            0.13292375422847985,
            0.15311531991610694,
            0.03910760383616571
        ],
        "R_Knee": [
            0.6216519603422878,
            0.29868540308704383,
            -0.2688805299109062
        ],
        "R_Ankle": [
            1.065437869531191,
            0.5789461939721597,
            -0.4245800009889991
        ],
        "L_Hip": [
            -0.13143328835665716,
            -0.1468923995846976,
            -0.03664255388500639
        ],
        "L_Knee": [
            -0.27848350883912826,
            -0.16595809013020466,
            -0.6336572233553006
        ],
        "L_Ankle": [
            -0.27694626650676823,
            -0.12703951632710722,
            -1.2049505003756287
        ],
        "Spine": [
            -0.03682494545940368,
            -0.033649304215944816,
            0.3314995122345405
        ],
        "Thorax": [
            -0.06213743182138598,
            -0.1547211751724026,
            0.6410242179506844
        ],
        "Neck": [
            -0.20929586011125445,
            -0.24471179814892313,
            0.8969722979365266
        ],
        "Head": [
            -0.20424662175570427,
            -0.1703080650916082,
            0.9524388515734624
        ],
        "L_Shoulder": [
            -0.267190295779273,
            -0.1652715884667991,
            0.6094351108129804
        ],
        "L_Elbow": [
            -0.5867462432515623,
            -0.07523151999072443,
            0.6554385183379076
        ],
        "L_Wrist": [
            -0.6848429860049767,
            -0.13005330828599737,
            0.6451260467683301
        ],
        "R_Shoulder": [
            0.14020054771922894,
            0.02473932575078097,
            0.6362655324239228
        ],
        "R_Elbow": [
            0.38826336780328835,
            0.33133338628047737,
            0.6280487654621115
        ],
        "R_Wrist": [
            0.6656348929173191,
            0.4733449080079811,
            0.6469063330349786
        ]
    }
}