{
    "video": "edition27_sequence_10.mp4",
    "peak_id": 7,
    "frame_idx": 1239,
    "timestamp": 49.56,
    "total_score": 0.849,
    "skeleton_3d": {
        "Pelvis": [
            0.0,
            0.0,
            0.0
        ],
        "R_Hip": [
            0.05278881338396366,
            0.191214912283331,
            0.06809407134380162
        ],
        "R_Knee": [
            0.6710288864756044,
            0.24188993712451068,
            0.09999468379763533
        ],
        "R_Ankle": [
            1.2293205451479585,
            0.49615002018234333,
            0.12094107848497652
        ],
        "L_Hip": [
            -0.0555322435390162,
            -0.194791459826929,
            -0.06310481862610999
        ],
        "L_Knee": [
            0.033471083122345334,
            -0.1369036021029617,
            -0.7342166934169956
        ],
        "L_Ankle": [
            0.03739440969365274,
            -0.07850184943026718,
            -1.3347833434305076
        ],
        "Spine": [
            -0.10615799032033169,
            -0.008083779211653193,
            0.3275422882571213
        ],
        "Thorax": [
            -0.20014345662937025,
            0.16074677768925855,
            0.6488810800216639
        ],
        "Neck": [
            -0.21198883938264657,
            0.11374355856534996,
            0.8984557261468128
        ],
        "Head": [
            -0.1886411801911509,
            0.18421548649164574,
            0.9399306957376229
        ],
        "L_Shoulder": [
            -0.32461757975134325,
            -0.09532601392250974,
            0.6844526062482673
        ],
        "L_Elbow": [
            -0.41251323876272583,
            -0.44479134611457444,
            1.0002046773952182
        ],
        "L_Wrist": [
            -0.4685745140733297,
            -0.32198419980755477,
            1.2469927389916484
        ],
        "R_Shoulder": [
            -0.0821634165241031,
            0.2916203402714837,
            0.5932847851235223
        ],
        "R_Elbow": [
            0.16701941112368637,
            0.638845490138197,
            0.5508103579900052
        ],
        "R_Wrist": [
            0.4085486279030723,
            0.5375744412545248,
            0.5328979537481818
        ]
    }
}