{
    "video": "edition27_sequence_5.mp4",
    "peak_id": 7,
    "frame_idx": 1129,
    "timestamp": 45.16,
    "total_score": 0.874,
    "skeleton_3d": {
        "Pelvis": [
            0.0,
            0.0,
            0.0
        ],
        "R_Hip": [
            0.07884699139445689,
            -0.1698635116469791,
            -0.06067561879412596
        ],
        "R_Knee": [
            -0.007881246814793495,
            -0.21046814041728,
            -0.7690140685275199
        ],
        "R_Ankle": [
            0.06917099241217331,
            -0.26132682331007995,
            -1.3567685394275961
        ],
        "L_Hip": [
            -0.07910617484665906,
            0.16478419394689403,
            0.06450592694883378
        ],
        "L_Knee": [
            -0.7009516449984385,
            -0.05244427285770291,
            0.1065255898713102
        ],
        "L_Ankle": [
            -1.253092471125519,
            -0.09419414388545226,
            0.1698081293928765
        ],
        "Spine": [
            0.11599464978584488,
            0.07910909130944747,
            0.32580975448425736
        ],
        "Thorax": [
            0.2119618274481107,
            0.32553979080834516,
            0.6351639402888142
        ],
        "Neck": [
            0.1505359905926205,
            0.26398132360845594,
            0.8473385320955313
        ],
        "Head": [
            0.15550271145185846,
            0.36596798121466606,
            0.8848625058032574
        ],
        "L_Shoulder": [
            0.011486761633402566,
            0.3464887277481163,
            0.5777432771998274
        ],
        "L_Elbow": [
            -0.26797614469553244,
            0.12109675712316405,
            0.6416157056765884
        ],
        "L_Wrist": [
            -0.5233479785359451,
            -0.1129049857544472,
            0.7885409321038827
        ],
        "R_Shoulder": [
            0.4073793707777737,
            0.17561436399089586,
            0.6651641118577227
        ],
        "R_Elbow": [
            0.5441157588551832,
            -0.08903496702105605,
            1.0184991672891772
        ],
        "R_Wrist": [
            0.6163016026839276,
            -0.04437789411944937,
            1.3645014717986137
        ]
    }
}