{
    "video": "edition27_sequence_11.mp4",
    "peak_id": 1,
    "frame_idx": 669,
    "timestamp": 26.76,
    "total_score": 1.0,
    "skeleton_3d": {
        "Pelvis": [
            0.0,
            0.0,
            0.0
        ],
        "R_Hip": [
            0.05476654310992141,
            0.1861722562933191,
            0.07337970141336324
        ],
        "R_Knee": [
            0.5898426138028547,
            0.1901343028612823,
            0.22697971679600992
        ],
        "R_Ankle": [
            1.1701342319102719,
            0.24097943444192535,
            0.6049188906951244
        ],
        "L_Hip": [
            -0.05314047097146592,
            -0.18900672310120015,
            -0.07190148244302713
        ],
        "L_Knee": [
            -0.009446967216752283,
            -0.11551848322366955,
            -0.7693019547563071
        ],
        "L_Ankle": [
            -0.06336119603642731,
            -0.03811566281182034,
            -1.4385303197912251
        ],
        "Spine": [
            -0.1249025399649684,
            -0.08060865915985443,
            0.33674306244412505
        ],
        "Thorax": [
            -0.23401662838104845,
            -0.05588433849472042,
            0.6585130286807847
        ],
        "Neck": [
            -0.3156512571195999,
            -0.153922663496565,
            0.9188932671110112
        ],
        "Head": [
            -0.2869134628486596,
            -0.0952814695542973,
            0.959127730136182
        ],
        "L_Shoulder": [
            -0.4536994527339989,
            -0.19516623751063394,
            0.635348742570075
        ],
        "L_Elbow": [
            -0.7864821502996625,
            -0.4971228160023791,
            0.6789118945410092
        ],
        "L_Wrist": [
            -1.1126285675330039,
            -0.5978401175499255,
            0.8869212642681356
        ],
        "R_Shoulder": [
            -0.029880443219801926,
            0.030142644324913044,
            0.6549363947704596
        ],
        "R_Elbow": [
            0.22063849653082043,
            0.44600056700870927,
            0.6681266221408179
        ],
        "R_Wrist": [
            0.2163924112161784,
            0.029926547223932686,
            0.739700439197942
        ]
    }
}