{
    "video": "edition27_sequence_2.mp4",
    "peak_id": 0,
    "frame_idx": 420,
    "timestamp": 16.8,
    "total_score": 0.531,
    "skeleton_3d": {
        "Pelvis": [
            0.0,
            0.0,
            0.0
        ],
        "R_Hip": [
            0.137756596293427,
            0.10710028214468996,
            -0.020341267522020933
        ],
        "R_Knee": [
            -0.006926065839338965,
            -0.015466023350675501,
            -0.7023017299088975
        ],
        "R_Ankle": [
            -0.19469853201017578,
            -0.11649937856549492,
            -1.2732574720899215
        ],
        "L_Hip": [
            -0.14352099066969212,
            -0.1232841887820971,
            0.023577031409673523
        ],
        "L_Knee": [
            0.08370269532582876,
            0.12727872114010327,
            -0.20625316373435845
        ],
        "L_Ankle": [
            0.24825381751265532,
            0.6759329962248676,
            -0.3159099796549668
        ],
        "Spine": [
            0.0004555005084578118,
            -0.017007239613649142,
            0.34986387987895623
        ],
        "Thorax": [
            -0.01076698147556284,
            -0.14703623256032858,
            0.6800326682711864
        ],
        "Neck": [
            0.07486544189650583,
            -0.17436228809730972,
            0.9599794057841922
        ],
        "Head": [
            0.05994894733588398,
            -0.058124906646739444,
            1.0152347314966765
        ],
        "L_Shoulder": [
            -0.24534806023348624,
            -0.20843419862344642,
            0.6208978444913437
        ],
        "L_Elbow": [
            -0.5570606173105788,
            -0.2115417523746676,
            0.4032212733347268
        ],
        "L_Wrist": [
            -0.9132395427191649,
            -0.3455301458000134,
            0.2433007932458947
        ],
        "R_Shoulder": [
            0.23082268226106745,
            0.028044323543148075,
            0.6971677794045739
        ],
        "R_Elbow": [
            0.48836445361122505,
            0.12717397570972444,
            0.7760521277019854
        ],
        "R_Wrist": [
            0.6464808602675536,
            -0.08597961755978575,
            1.025741425633152
        ]
    }
}