{
    "video": "edition27_sequence_10.mp4",
    "peak_id": 8,
    "frame_idx": 1382,
    "timestamp": 55.28,
    "total_score": 0.595,
    "skeleton_3d": {
        "Pelvis": [
            0.0,
            0.0,
            0.0
        ],
        "R_Hip": [
            0.14377640205352737,
            -0.12787179562459064,
            -0.052259363141200894
        ],
        "R_Knee": [
            0.06968865025443911,
            -0.20713184866675002,
            -0.7510935944136423
        ],
        "R_Ankle": [
            -0.07521424932082273,
            -0.1752863702950984,
            -1.4010021834308495
        ],
        "L_Hip": [
            -0.13993444976215758,
            0.12341687495892098,
            0.053016716975207136
        ],
        "L_Knee": [
            -0.638983088779024,
            -0.2426428638435304,
            -0.1252011111729908
        ],
        "L_Ankle": [
            -1.1354730198840348,
            -0.08942363919329774,
            -0.43723283937833285
        ],
        "Spine": [
            0.014290554257415869,
            -0.033777273277883414,
            0.38372410222365766
        ],
        "Thorax": [
            0.0029205435234515016,
            -0.09061552966105199,
            0.7438225754116489
        ],
        "Neck": [
            -0.09835245225982996,
            -0.1867560156228516,
            1.004635923104121
        ],
        "Head": [
            -0.09520599268446756,
            -0.0773333596652912,
            1.0664048617448136
        ],
        "L_Shoulder": [
            -0.23762466397020024,
            -0.058014801667107735,
            0.6769316471622983
        ],
        "L_Elbow": [
            -0.5925014173866435,
            -0.23262540876824672,
            0.5788084254261258
        ],
        "L_Wrist": [
            -0.9711734629028392,
            -0.4315403986507074,
            0.5773064918793844
        ],
        "R_Shoulder": [
            0.2587500023413917,
            -0.06671678612367479,
            0.7891691903504051
        ],
        "R_Elbow": [
            0.6028347071975922,
            -0.04772239175060813,
            0.9394190542728769
        ],
        "R_Wrist": [
            0.9056599205178366,
            -0.08206553559655823,
            1.1292022254030962
        ]
    }
}