{
    "video": "edition27_sequence_5.mp4",
    "peak_id": 4,
    "frame_idx": 953,
    "timestamp": 38.12,
    "total_score": 0.464,
    "skeleton_3d": {
        "Pelvis": [
            0.0,
            0.0,
            0.0
        ],
        "R_Hip": [
            0.10087466814116497,
            -0.13640855963942664,
            -0.04752538226969038
        ],
        "R_Knee": [
            0.01076072763132522,
            -0.15294702629294496,
            -0.7417054717622897
        ],
        "R_Ankle": [
            -0.008736770513854533,
            -0.11970225014656467,
            -1.3968558620902214
        ],
        "L_Hip": [
            -0.10017109283502058,
            0.13775521833310667,
            0.04967128562598027
        ],
        "L_Knee": [
            -0.6317497745874185,
            0.02186068191550681,
            -0.20820444922706005
        ],
        "L_Ankle": [
            -0.903612536614471,
            0.3864988903185388,
            -0.4166297862148507
        ],
        "Spine": [
            0.05182644131215172,
            -0.04414285590906155,
            0.3382448970265539
        ],
        "Thorax": [
            0.08258184292645947,
            -0.11767606954953135,
            0.6611184484151517
        ],
        "Neck": [
            0.17751100636414716,
            -0.1704204826956856,
            0.9231282888631348
        ],
        "Head": [
            0.16338853941713416,
            -0.04995793860237188,
            0.9812723192497541
        ],
        "L_Shoulder": [
            -0.12037368787646334,
            -0.07441828793282386,
            0.6250330344265683
        ],
        "L_Elbow": [
            -0.3900752277686272,
            -0.04262545721535405,
            0.5167171102870053
        ],
        "L_Wrist": [
            -0.6927925320494716,
            -0.2696862476625748,
            0.4871047696482162
        ],
        "R_Shoulder": [
            0.2871465755800172,
            -0.05045068490383698,
            0.6491656594626178
        ],
        "R_Elbow": [
            0.6027964865655016,
            0.17868978239496905,
            0.6209963105992168
        ],
        "R_Wrist": [
            0.8933689729066289,
            0.3066749917063094,
            0.6133542312541714
        ]
    }
}