{
    "video": "edition27_sequence_11.mp4",
    "peak_id": 14,
    "frame_idx": 2738,
    "timestamp": 109.52,
    "total_score": 0.9,
    "skeleton_3d": {
        "Pelvis": [
            0.0,
            0.0,
            0.0
        ],
        "R_Hip": [
            0.06528982732891157,
            -0.16196833298953073,
            -0.0588759509563308
        ],
        "R_Knee": [
            0.007755504838925223,
            -0.1246119657073689,
            -0.6870947626647737
        ],
        "R_Ankle": [
            0.06368974212117579,
            -0.1646320790386249,
            -1.2506792499098995
        ],
        "L_Hip": [
            -0.06495250249878516,
            0.15141689283108245,
            0.060622892507435626
        ],
        "L_Knee": [
            -0.5400269335966454,
            -0.025613385397674323,
            0.35685330421409295
        ],
        "L_Ankle": [
            -0.9755020310888107,
            -0.17071347796123323,
            0.8014150906563507
        ],
        "Spine": [
            0.11141137161327969,
            0.012276831749439238,
            0.30338642983371145
        ],
        "Thorax": [
            0.1951665190574234,
            0.18874658881389925,
            0.5918248242923161
        ],
        "Neck": [
            0.27227872821496474,
            0.17289218615698146,
            0.7968420193904927
        ],
        "Head": [
            0.2675505407841793,
            0.21321869103676266,
            0.8320648112270292
        ],
        "L_Shoulder": [
            0.031817853519803284,
            0.22312767841933878,
            0.54349414539951
        ],
        "L_Elbow": [
            -0.2481151021282627,
            0.0469563859376625,
            0.6704837974758994
        ],
        "L_Wrist": [
            -0.5267104164407884,
            -0.16760505795774838,
            0.8206026632755276
        ],
        "R_Shoulder": [
            0.3542677016453603,
            0.08116403356837301,
            0.6193299586918218
        ],
        "R_Elbow": [
            0.38855539886909973,
            -0.16389643377301769,
            0.9814272858306711
        ],
        "R_Wrist": [
            0.3483223720390037,
            -0.08093200896986846,
            1.2711011268576522
        ]
    }
}