{
    "video": "edition27_sequence_7.mp4",
    "peak_id": 3,
    "frame_idx": 752,
    "timestamp": 30.08,
    "total_score": 0.923,
    "skeleton_3d": {
        "Pelvis": [
            0.0,
            0.0,
            0.0
        ],
        "R_Hip": [
            0.09621127394912025,
            -0.13599240946598973,
            -0.06812032302597736
        ],
        "R_Knee": [
            0.04678173303846386,
            -0.15365860085301639,
            -0.7008296569148812
        ],
        "R_Ankle": [
            0.09364496446721687,
            -0.23886939976309232,
            -1.2652747283924828
        ],
        "L_Hip": [
            -0.09194603271236096,
            0.12506739330447414,
            0.07389123861565433
        ],
        "L_Knee": [
            -0.44365044427845357,
            -0.06911277191576998,
            0.33669709114945884
        ],
        "L_Ankle": [
            -0.9352603931444091,
            -0.09333275248564235,
            0.39526024255822684
        ],
        "Spine": [
            0.09308890890953908,
            -0.0014327534326164125,
            0.29999860141713713
        ],
        "Thorax": [
            0.1515783600460021,
            0.18865648430200227,
            0.5790881013762939
        ],
        "Neck": [
            0.18170089936710085,
            0.11119976818154606,
            0.8661900029138918
        ],
        "Head": [
            0.15906147049686384,
            0.1848297313095566,
            0.8824161418465091
        ],
        "L_Shoulder": [
            -0.03845787616914207,
            0.20471710415172828,
            0.5078193845521449
        ],
        "L_Elbow": [
            -0.3803791913979369,
            0.09314175114299512,
            0.4797495228788963
        ],
        "L_Wrist": [
            -0.7294812736038183,
            -0.13826842297085992,
            0.49659693289677137
        ],
        "R_Shoulder": [
            0.35057003412643006,
            0.10384819579630403,
            0.6290684745769217
        ],
        "R_Elbow": [
            0.49760787166379694,
            -0.10685394639228371,
            0.9843801567958625
        ],
        "R_Wrist": [
            0.5916690650574158,
            -0.05286395678471988,
            1.29169500435307
        ]
    }
}