{
    "video": "edition27_sequence_5.mp4",
    "peak_id": 9,
    "frame_idx": 1316,
    "timestamp": 52.64,
    "total_score": 0.614,
    "skeleton_3d": {
        "Pelvis": [
            0.0,
            0.0,
            0.0
        ],
        "R_Hip": [
            0.15087017676209125,
            -0.08140690547569515,
            -0.02180880256867462
        ],
        "R_Knee": [
            0.1976188597649759,
            -0.22322202880848804,
            -0.6478243770487565
        ],
        "R_Ankle": [
            0.31702923036552777,
            -0.23880905903831173,
            -1.239733643614375
        ],
        "L_Hip": [
            -0.15070779469928264,
            0.08190270261309383,
            0.020305812394897912
        ],
        "L_Knee": [
            -0.5306219844039441,
            0.04497364292596284,
            -0.44335558890309773
        ],
        "L_Ankle": [
            -0.9712449801628479,
            0.20172705832046006,
            -0.7723203743200779
        ],
        "Spine": [
            0.011433463380286174,
            -0.004852240499367564,
            0.325186552623809
        ],
        "Thorax": [
            -0.0022137992466294346,
            -0.11019620611402661,
            0.6222844638425096
        ],
        "Neck": [
            -0.1561067000850929,
            -0.22543477800545203,
            0.8434016866382316
        ],
        "Head": [
            -0.16092555534574732,
            -0.13125041474841964,
            0.9115633436433579
        ],
        "L_Shoulder": [
            -0.2115097137394838,
            -0.04133630009031646,
            0.5497423155127381
        ],
        "L_Elbow": [
            -0.4486505353370728,
            -0.057980430785666906,
            0.34279164573341486
        ],
        "L_Wrist": [
            -0.7238311843283353,
            -0.27744782476982366,
            0.24244988500302214
        ],
        "R_Shoulder": [
            0.22000466279946698,
            -0.09729421032882005,
            0.6498852581294247
        ],
        "R_Elbow": [
            0.4716849074557481,
            0.11272955074904314,
            0.45086783442901895
        ],
        "R_Wrist": [
            0.7747352618243837,
            0.1424142584228468,
            0.3593594611632
        ]
    }
}