{
    "video": "edition27_sequence_13.mp4",
    "peak_id": 3,
    "frame_idx": 1605,
    "timestamp": 64.2,
    "total_score": 0.533,
    "skeleton_3d": {
        "Pelvis": [
            0.0,
            0.0,
            0.0
        ],
        "R_Hip": [
            0.11001026928855913,
            -0.11147432492503606,
            -0.023286514562185327
        ],
        "R_Knee": [
            0.05439688699766285,
            -0.13198058965569917,
            -0.6582983533734889
        ],
        "R_Ankle": [
            0.052559736703062944,
            -0.12798938200060028,
            -1.2522844119130732
        ],
        "L_Hip": [
            -0.1095444128456888,
            0.11209694187757233,
            0.02367787798057778
        ],
        "L_Knee": [
            -0.4286536436368907,
            0.14716629951778384,
            -0.29951046321252645
        ],
        "L_Ankle": [
            -0.7522376999905458,
            0.47034025306897626,
            -0.5270291757687517
        ],
        "Spine": [
            0.01899075371595978,
            -0.03777784039810237,
            0.3186704504968741
        ],
        "Thorax": [
            0.04781275000777605,
            -0.15520907691443905,
            0.6237342256634866
        ],
        "Neck": [
            0.06657598920400984,
            -0.22057497008650756,
            0.8520170356883799
        ],
        "Head": [
            0.09279677593254201,
            -0.09233726374298708,
            0.9085632799205307
        ],
        "L_Shoulder": [
            -0.15108485997162377,
            -0.11100662265894681,
            0.6503363765826424
        ],
        "L_Elbow": [
            -0.4563068136313021,
            -0.0759390986179594,
            0.6438189337085336
        ],
        "L_Wrist": [
            -0.5024034003332819,
            -0.36639116604759503,
            0.5585697717021779
        ],
        "R_Shoulder": [
            0.22611578911788,
            -0.09208442263397816,
            0.5562722474263877
        ],
        "R_Elbow": [
            0.39261383527133065,
            0.14854762315726927,
            0.5063021212435171
        ],
        "R_Wrist": [
            0.497505783461735,
            0.3828391622875364,
            0.4381260661245838
        ]
    }
}