{
    "video": "edition27_sequence_5.mp4",
    "peak_id": 17,
    "frame_idx": 2764,
    "timestamp": 110.56,
    "total_score": 1.0,
    "skeleton_3d": {
        "Pelvis": [
            0.0,
            0.0,
            0.0
        ],
        "R_Hip": [
            0.07107477234133648,
            0.16552914211798703,
            0.07915780992568489
        ],
        "R_Knee": [
            0.43950459201915737,
            0.15580047696731655,
            0.5300383418934739
        ],
        "R_Ankle": [
            0.749329154090672,
            0.16357113757179956,
            0.9931766941546454
        ],
        "L_Hip": [
            -0.07462826818954821,
            -0.1714616936215216,
            -0.07927969068067232
        ],
        "L_Knee": [
            0.03409381062672693,
            -0.1037383327368354,
            -0.747077007203069
        ],
        "L_Ankle": [
            0.049477109092188346,
            -0.07307631703211431,
            -1.3409748800081103
        ],
        "Spine": [
            -0.15517109061817286,
            -0.13710507402027738,
            0.2754507364524512
        ],
        "Thorax": [
            -0.2944853396404127,
            -0.30622159892207257,
            0.5402116444962686
        ],
        "Neck": [
            -0.45891752619090775,
            -0.31099802399583193,
            0.7140271817779389
        ],
        "Head": [
            -0.4621113141239485,
            -0.301216517955989,
            0.760536601664137
        ],
        "L_Shoulder": [
            -0.4494421606687859,
            -0.31511898035397073,
            0.41273887617235266
        ],
        "L_Elbow": [
            -0.7110134240346895,
            -0.4807084873973505,
            0.3426844883033216
        ],
        "L_Wrist": [
            -1.02359693365914,
            -0.4384271155052835,
            0.41975294674077046
        ],
        "R_Shoulder": [
            -0.13582109651996707,
            -0.2121451069606814,
            0.6576473772749016
        ],
        "R_Elbow": [
            -0.18801989623812831,
            -0.026338973156733052,
            0.9850363487341907
        ],
        "R_Wrist": [
            -0.3638055369464092,
            -0.11860244752706631,
            1.3166180642012155
        ]
    }
}