{
    "video": "edition27_sequence_7.mp4",
    "peak_id": 11,
    "frame_idx": 2234,
    "timestamp": 89.36,
    "total_score": 0.682,
    "skeleton_3d": {
        "Pelvis": [
            0.0,
            0.0,
            0.0
        ],
        "R_Hip": [
            -0.06556259052155486,
            -0.045640855528062164,
            -0.0348551496801996
        ],
        "R_Knee": [
            0.02525026019621723,
            -0.025723686737001983,
            -0.632057065139545
        ],
        "R_Ankle": [
            -0.01767501184179382,
            -0.10437922881063127,
            -1.2088568361319136
        ],
        "L_Hip": [
            0.06897097219423719,
            0.05060112351198094,
            0.04430424887640662
        ],
        "L_Knee": [
            0.1196348948414571,
            0.21799378944763076,
            0.5159797015465853
        ],
        "L_Ankle": [
            0.7047369800742176,
            0.25021923674705615,
            1.0599353031802994
        ],
        "Spine": [
            -0.09698134205790158,
            -0.08005887851015524,
            0.30307725714442124
        ],
        "Thorax": [
            -0.1870880365768614,
            -0.18796009324185423,
            0.6178354402568642
        ],
        "Neck": [
            -0.1632357725440183,
            -0.1365306521345767,
            0.8519771075722213
        ],
        "Head": [
            -0.15020652293808492,
            -0.21801730816051662,
            0.9036840668841557
        ],
        "L_Shoulder": [
            -0.07157750786060002,
            -0.18804257821770165,
            0.6325868358805811
        ],
        "L_Elbow": [
            -0.5149849277838129,
            -0.1745281182702021,
            0.45351222709242783
        ],
        "L_Wrist": [
            -0.8391900198797329,
            -0.29511984926107365,
            0.29186743550502653
        ],
        "R_Shoulder": [
            -0.3149180425677679,
            -0.16069464340900153,
            0.5792724690165552
        ],
        "R_Elbow": [
            -0.5579029284459303,
            -0.25557013503800197,
            0.43794148331602273
        ],
        "R_Wrist": [
            -0.8506281972701855,
            -0.2775185696923203,
            0.2965176743140783
        ]
    }
}