{
    "video": "edition27_sequence_5.mp4",
    "peak_id": 6,
    "frame_idx": 1070,
    "timestamp": 42.8,
    "total_score": 0.456,
    "skeleton_3d": {
        "Pelvis": [
            0.0,
            0.0,
            0.0
        ],
        "R_Hip": [
            0.10586934372938908,
            -0.12974261133705767,
            -0.042829924832161984
        ],
        "R_Knee": [
            0.05837618349348001,
            -0.2131661110179985,
            -0.6647298954167988
        ],
        "R_Ankle": [
            -0.004176730249710306,
            -0.22817998500846548,
            -1.2545695984955378
        ],
        "L_Hip": [
            -0.10415543368774721,
            0.13006116111219954,
            0.04562447995717364
        ],
        "L_Knee": [
            -0.6123146051081753,
            -0.0034428897645198773,
            -0.2036373754332525
        ],
        "L_Ankle": [
            -1.0076642259468809,
            0.2308846063457434,
            -0.36684010592470084
        ],
        "Spine": [
            0.034696884543148794,
            -0.013185316779486785,
            0.3275086558556222
        ],
        "Thorax": [
            0.0425625184304075,
            0.0940709542652417,
            0.6420358510978657
        ],
        "Neck": [
            -0.022771039675748707,
            -0.009004537568812606,
            0.8627039101609371
        ],
        "Head": [
            -0.030944066201271055,
            0.09512878418956631,
            0.9077080619321963
        ],
        "L_Shoulder": [
            -0.140343188365728,
            0.1141147913017061,
            0.5679117279791324
        ],
        "L_Elbow": [
            -0.3926163395749738,
            -0.1539790771701077,
            0.5180194665293383
        ],
        "L_Wrist": [
            -0.6494334027071331,
            -0.3249232916567555,
            0.5983821126019662
        ],
        "R_Shoulder": [
            0.24043666792618668,
            0.0018355130066432053,
            0.697367978884371
        ],
        "R_Elbow": [
            0.41093717102369254,
            -0.2258189643450077,
            0.9441732539861906
        ],
        "R_Wrist": [
            0.5809281112436347,
            -0.20672101102939944,
            1.225391882703653
        ]
    }
}