{
    "video": "edition27_sequence_13.mp4",
    "peak_id": 7,
    "frame_idx": 2660,
    "timestamp": 106.4,
    "total_score": 0.469,
    "skeleton_3d": {
        "Pelvis": [
            0.0,
            0.0,
            0.0
        ],
        "R_Hip": [
            0.12390307450359606,
            0.1818214669921062,
            0.038851941833885864
        ],
        "R_Knee": [
            0.6185571881035091,
            0.02363281317435369,
            0.13252989962361594
        ],
        "R_Ankle": [
            0.5507434470808801,
            0.3597545273226012,
            -0.19602772324266984
        ],
        "L_Hip": [
            -0.12768019547824633,
            -0.17494798004725795,
            -0.03154266442917911
        ],
        "L_Knee": [
            -0.03073665743637284,
            -0.13447903416081367,
            -0.6942609639945337
        ],
        "L_Ankle": [
            0.09939068191427657,
            -0.07188509936542524,
            -1.2746596660680967
        ],
        "Spine": [
            -0.019306498707964328,
            -0.030438371770141085,
            0.36087588627219663
        ],
        "Thorax": [
            -0.030545926352000242,
            -0.10226174930489558,
            0.706854872716347
        ],
        "Neck": [
            -0.02071769683432804,
            -0.16699814285625017,
            0.9526483831889042
        ],
        "Head": [
            -0.045785993018514395,
            -0.0665716067567956,
            1.0273335837373079
        ],
        "L_Shoulder": [
            -0.24670998237460268,
            -0.26643990919112215,
            0.6584441862350666
        ],
        "L_Elbow": [
            -0.16993036636221776,
            -0.46756317749200016,
            0.33345586734831645
        ],
        "L_Wrist": [
            0.058986521877328925,
            -0.5434174271186616,
            0.28524494050634813
        ],
        "R_Shoulder": [
            0.19783434983917186,
            0.05395182555157753,
            0.7342697642319891
        ],
        "R_Elbow": [
            0.4967830213483932,
            0.31942696448626984,
            0.6744126097438647
        ],
        "R_Wrist": [
            0.8489040150157281,
            0.3047254032159426,
            0.6979865492843431
        ]
    }
}