{
    "video": "edition11_sequence_8.mp4",
    "peak_id": 5,
    "frame_idx": 463,
    "timestamp": 18.52,
    "total_score": 0.934,
    "skeleton_3d": {
        "Pelvis": [
            0.0,
            0.0,
            0.0
        ],
        "R_Hip": [
            0.0958804368230232,
            -0.1425974355999705,
            -0.07196208741801965
        ],
        "R_Knee": [
            0.004154493623883619,
            -0.18075758163184666,
            -0.6899125974370358
        ],
        "R_Ankle": [
            -0.01899302632200306,
            -0.24129304328929857,
            -1.279034102575714
        ],
        "L_Hip": [
            -0.09185663764954251,
            0.13135197913111962,
            0.0766467716519212
        ],
        "L_Knee": [
            -0.5401577615945957,
            -0.12720791138660784,
            0.3159914422961515
        ],
        "L_Ankle": [
            -1.0171258129920375,
            -0.21237117988435056,
            0.5020895151352682
        ],
        "Spine": [
            0.09205421809812793,
            0.011127903112463306,
            0.3180227933536823
        ],
        "Thorax": [
            0.15794765730839339,
            0.20478985018286883,
            0.623710208572875
        ],
        "Neck": [
            0.1388636831011147,
            0.13290443534102928,
            0.8445428036778246
        ],
        "Head": [
            0.13100842729034287,
            0.22197428565232602,
            0.8768368220066057
        ],
        "L_Shoulder": [
            -0.018455740738068903,
            0.23122855081361046,
            0.5642505313029448
        ],
        "L_Elbow": [
            -0.30091322879289595,
            0.30901913433110445,
            0.5370997506483238
        ],
        "L_Wrist": [
            -0.6093629490136159,
            0.08257385092922043,
            0.5071609185822852
        ],
        "R_Shoulder": [
            0.3356401085013912,
            0.09464683217352149,
            0.6592846566078608
        ],
        "R_Elbow": [
            0.4652530571283565,
            -0.13849654975737408,
            1.024554262487613
        ],
        "R_Wrist": [
            0.5160832410345663,
            -0.04821501992779711,
            1.3314161324496125
        ]
    }
}