{
    "video": "edition11_sequence_12.mp4",
    "peak_id": 5,
    "frame_idx": 1487,
    "timestamp": 59.48,
    "total_score": 0.617,
    "skeleton_3d": {
        "Pelvis": [
            0.0,
            0.0,
            0.0
        ],
        "R_Hip": [
            -0.11272891778009334,
            -0.08252218077121934,
            0.01481925572932053
        ],
        "R_Knee": [
            -0.5825434123732806,
            0.147707022340286,
            -0.19369458066477094
        ],
        "R_Ankle": [
            -0.6339155931532654,
            0.5685281919052945,
            -0.18221664541234867
        ],
        "L_Hip": [
            0.09310400653521739,
            0.0918901208770103,
            -0.020706695913096
        ],
        "L_Knee": [
            0.5449504311430792,
            -0.04074166876194566,
            -0.5189819025485574
        ],
        "L_Ankle": [
            1.0201264361004205,
            -0.16309653724249834,
            -0.9252380131821172
        ],
        "Spine": [
            0.04943393623070025,
            -0.0725638263006058,
            0.3120408952636989
        ],
        "Thorax": [
            0.10355189682469339,
            -0.06226446891358016,
            0.6105144256655
        ],
        "Neck": [
            0.18232087309948292,
            0.005621132544434833,
            0.8319309159329985
        ],
        "Head": [
            0.1658955623666866,
            -0.04971477227850581,
            0.8928742301189819
        ],
        "L_Shoulder": [
            -0.07850915533354054,
            -0.018696180819691304,
            0.6067166564707441
        ],
        "L_Elbow": [
            -0.3574007702217551,
            -0.10396927826334139,
            0.8163995905486384
        ],
        "L_Wrist": [
            0.5711026978465557,
            0.0027521416736169466,
            0.5213866703944205
        ],
        "R_Shoulder": [
            0.2730544057875624,
            -0.038614840409358996,
            0.6173074253468505
        ],
        "R_Elbow": [
            -0.35882015435481573,
            -0.2694123505366934,
            0.8272554907159635
        ],
        "R_Wrist": [
            -0.5703048419015496,
            -0.05578786350412272,
            1.0282802370994832
        ]
    }
}