{
    "video": "edition11_sequence_8.mp4",
    "peak_id": 7,
    "frame_idx": 710,
    "timestamp": 28.4,
    "total_score": 0.423,
    "skeleton_3d": {
        "Pelvis": [
            0.0,
            0.0,
            0.0
        ],
        "R_Hip": [
            0.1490288874215854,
            0.15601934795917546,
            0.013380891418820774
        ],
        "R_Knee": [
            0.5101590914146363,
            0.22489755749969034,
            -0.42659873138802706
        ],
        "R_Ankle": [
            0.933122042701244,
            0.27833211776681516,
            -0.8597743206312435
        ],
        "L_Hip": [
            -0.15092602255950427,
            -0.1539766435679953,
            -0.012626222434273568
        ],
        "L_Knee": [
            -0.36243530179697564,
            -0.05181821600018141,
            -0.5746435701731831
        ],
        "L_Ankle": [
            -0.6202894185421215,
            0.0578402432039027,
            -1.024190438796068
        ],
        "Spine": [
            0.001325929591604819,
            -0.018275976949885902,
            0.3717011159640501
        ],
        "Thorax": [
            0.014985801215471233,
            -0.07879719625288777,
            0.7404496258547972
        ],
        "Neck": [
            0.07423003207559424,
            -0.11847610389452826,
            1.0019489197349314
        ],
        "Head": [
            0.0722688190985911,
            -0.040102025426008554,
            1.0721139537241449
        ],
        "L_Shoulder": [
            -0.18221482631892305,
            -0.13500440818951479,
            0.7461812350719668
        ],
        "L_Elbow": [
            -0.47646622130691485,
            0.04217712899671622,
            0.757452444016271
        ],
        "L_Wrist": [
            -0.765572643539345,
            0.05733809527735875,
            0.838506411749144
        ],
        "R_Shoulder": [
            0.20418639863738444,
            0.0970397083802641,
            0.7200408189694839
        ],
        "R_Elbow": [
            0.2540183832696437,
            0.4380510027626417,
            0.5706790392118073
        ],
        "R_Wrist": [
            0.26937659946078113,
            0.33559889973143325,
            0.6268350336826105
        ]
    }
}