{
    "video": "edition11_sequence_8.mp4",
    "peak_id": 11,
    "frame_idx": 2029,
    "timestamp": 81.16,
    "total_score": 0.994,
    "skeleton_3d": {
        "Pelvis": [
            0.0,
            0.0,
            0.0
        ],
        "R_Hip": [
            0.0669669555888183,
            0.1729610073449287,
            0.04830203659733073
        ],
        "R_Knee": [
            0.5356525511698736,
            0.11391180417207401,
            0.5011170187694659
        ],
        "R_Ankle": [
            0.9503662403004759,
            0.16394190891824084,
            0.8585015073045298
        ],
        "L_Hip": [
            -0.06884802322055024,
            -0.17698379542691026,
            -0.04505080731116126
        ],
        "L_Knee": [
            0.001861945938159162,
            -0.06164572719657221,
            -0.6128798019820209
        ],
        "L_Ankle": [
            0.04690514639097194,
            0.0260026148248162,
            -1.1039266305301916
        ],
        "Spine": [
            -0.08281027961628631,
            -0.05838116118965027,
            0.3146954672919356
        ],
        "Thorax": [
            -0.16259436198523483,
            -0.17158455661945088,
            0.6308351646378596
        ],
        "Neck": [
            -0.2640130497237435,
            -0.2006263585409134,
            0.8471246426284121
        ],
        "Head": [
            -0.2729907310516629,
            -0.1981284043594904,
            0.8996804253372064
        ],
        "L_Shoulder": [
            -0.26794557342735076,
            -0.25796402668983176,
            0.5427999961206549
        ],
        "L_Elbow": [
            -0.23924051560041512,
            0.03512688986018009,
            0.2527149475579325
        ],
        "L_Wrist": [
            -0.3049524903049309,
            0.1674219047843958,
            0.05992683331116089
        ],
        "R_Shoulder": [
            -0.041407052463768815,
            -0.04478523345664404,
            0.7212774524032146
        ],
        "R_Elbow": [
            0.04509461360856722,
            0.08249786190788645,
            1.0512588115867825
        ],
        "R_Wrist": [
            -0.030049690391454408,
            -0.0259931423167854,
            1.269413485409163
        ]
    }
}