{
    "video": "edition11_sequence_2.mp4",
    "peak_id": 11,
    "frame_idx": 1524,
    "timestamp": 60.96,
    "total_score": 0.4,
    "skeleton_3d": {
        "Pelvis": [
            0.0,
            0.0,
            0.0
        ],
        "R_Hip": [
            0.13802734078560533,
            0.16681888745060003,
            0.017164201103272804
        ],
        "R_Knee": [
            0.4995491838626277,
            -0.06055564690889372,
            -0.3071929788215011
        ],
        "R_Ankle": [
            0.390423481841805,
            0.1441465911963649,
            -0.8637403195289971
        ],
        "L_Hip": [
            -0.14148640707744103,
            -0.16202705371413137,
            -0.01645546724978306
        ],
        "L_Knee": [
            -0.13422239583452197,
            -0.07768189402526293,
            -0.5996348566772668
        ],
        "L_Ankle": [
            0.05352250924539303,
            -0.06088613602298713,
            -1.0858295879201711
        ],
        "Spine": [
            0.07564687445575914,
            -0.03069436268431401,
            0.3505666150744721
        ],
        "Thorax": [
            0.1582539215248999,
            -0.1362803507514465,
            0.6766392519709118
        ],
        "Neck": [
            0.3574208302742392,
            -0.1348527287416588,
            0.9015980898531681
        ],
        "Head": [
            0.3548723070036809,
            -0.09591001068516335,
            0.9733955045968504
        ],
        "L_Shoulder": [
            -0.028885686780700366,
            -0.2565640871316253,
            0.7027656042502077
        ],
        "L_Elbow": [
            -0.4108686293887312,
            -0.41602657742501387,
            0.6667813818396271
        ],
        "L_Wrist": [
            -0.263307298168478,
            -0.1995018061685441,
            0.3363078822669401
        ],
        "R_Shoulder": [
            0.3416754345705314,
            0.06446087624094489,
            0.6267375786138892
        ],
        "R_Elbow": [
            0.714261588400032,
            0.12323056369849536,
            0.5049591045386549
        ],
        "R_Wrist": [
            0.659793956780026,
            -0.12747271522989212,
            0.25061451694491765
        ]
    }
}