{
    "video": "edition11_sequence_4.mp4",
    "peak_id": 2,
    "frame_idx": 554,
    "timestamp": 22.16,
    "total_score": 0.709,
    "skeleton_3d": {
        "Pelvis": [
            0.0,
            0.0,
            0.0
        ],
        "R_Hip": [
            0.08597145480020588,
            0.1570166273989668,
            0.09512930781329648
        ],
        "R_Knee": [
            0.4638426712786368,
            0.040680852148365886,
            0.3490104372884281
        ],
        "R_Ankle": [
            0.968445680977099,
            0.2832264954223136,
            0.5008590649446425
        ],
        "L_Hip": [
            -0.089443476433027,
            -0.1647401879280541,
            -0.08287758019190854
        ],
        "L_Knee": [
            -0.04600783162834152,
            -0.1388005193220171,
            -0.7309090325286154
        ],
        "L_Ankle": [
            0.0036320917567952945,
            -0.13813517566838884,
            -1.3655274238607538
        ],
        "Spine": [
            -0.049184469513723475,
            -0.08725982520935632,
            0.32649122873603414
        ],
        "Thorax": [
            -0.06866390822358118,
            -0.02308685175455944,
            0.6571670102006593
        ],
        "Neck": [
            -0.022480449237782297,
            -0.13619274227480946,
            0.8977077123678018
        ],
        "Head": [
            -0.042543590635660086,
            -0.05971189145185601,
            0.9431501616041156
        ],
        "L_Shoulder": [
            -0.19867215310735595,
            -0.22282612343408384,
            0.6734434043310688
        ],
        "L_Elbow": [
            -0.26452599483440187,
            -0.5229835651839306,
            0.9706275695962073
        ],
        "L_Wrist": [
            -0.4043147525772683,
            -0.5085672152738415,
            1.238474627975542
        ],
        "R_Shoulder": [
            0.043593825974127365,
            0.11605007143964621,
            0.6156670397406293
        ],
        "R_Elbow": [
            0.18898805831497917,
            0.4093366935533855,
            0.3956838607738975
        ],
        "R_Wrist": [
            0.18712640257048757,
            0.04547866176719047,
            0.3293529503377039
        ]
    }
}