{
    "video": "edition11_sequence_4.mp4",
    "peak_id": 4,
    "frame_idx": 980,
    "timestamp": 39.2,
    "total_score": 0.9,
    "skeleton_3d": {
        "Pelvis": [
            0.0,
            0.0,
            0.0
        ],
        "R_Hip": [
            0.019421574436944384,
            0.16307264172364724,
            0.10432421868589188
        ],
        "R_Knee": [
            0.4602491386043352,
            0.09319033317255462,
            0.4040118387218197
        ],
        "R_Ankle": [
            0.9479537217130929,
            0.2504753241207144,
            0.6210135035340679
        ],
        "L_Hip": [
            -0.025786316725108775,
            -0.17262950388583176,
            -0.09217892325377333
        ],
        "L_Knee": [
            0.001075864158705255,
            -0.07992879915103757,
            -0.7575892500527995
        ],
        "L_Ankle": [
            0.02260732103263728,
            -0.014038340183613036,
            -1.3566434952328097
        ],
        "Spine": [
            -0.05092873494433436,
            -0.11784766646808718,
            0.3235349479334995
        ],
        "Thorax": [
            -0.0860504557124509,
            -0.17334840556160117,
            0.6750333625744809
        ],
        "Neck": [
            -0.06974735914573621,
            -0.21603175930228802,
            0.928174416348009
        ],
        "Head": [
            -0.09481800632087418,
            -0.24512285513915746,
            0.9837432240451711
        ],
        "L_Shoulder": [
            -0.1389849109525498,
            -0.3370503214088671,
            0.6369270285281587
        ],
        "L_Elbow": [
            -0.12042839619018045,
            -0.5194979901518239,
            0.32939557643625905
        ],
        "L_Wrist": [
            -0.051662628328401676,
            -0.5518247133999503,
            -0.007052769695883091
        ],
        "R_Shoulder": [
            -0.024754999108498387,
            0.05020527430620644,
            0.6631334821281196
        ],
        "R_Elbow": [
            -0.05504365848867608,
            0.3549957155061658,
            0.3947808737091975
        ],
        "R_Wrist": [
            0.12489248544347153,
            0.23557397116110035,
            0.4221411292766645
        ]
    }
}