{
    "video": "edition11_sequence_10.mp4",
    "peak_id": 5,
    "frame_idx": 379,
    "timestamp": 15.16,
    "total_score": 0.461,
    "skeleton_3d": {
        "Pelvis": [
            0.0,
            0.0,
            0.0
        ],
        "R_Hip": [
            0.1586730547036101,
            0.12025843399621262,
            0.0646503723830579
        ],
        "R_Knee": [
            0.48604958909037727,
            0.3101745260541683,
            -0.2013652803341278
        ],
        "R_Ankle": [
            1.0823858261868755,
            0.5765003920967219,
            -0.2024314720152753
        ],
        "L_Hip": [
            -0.15388355249756952,
            -0.11663175938706938,
            -0.053651142258591696
        ],
        "L_Knee": [
            -0.0727035789007895,
            -0.1307418196093798,
            -0.7188780327050577
        ],
        "L_Ankle": [
            0.04189963834924221,
            -0.04959879142313769,
            -1.3255162511518244
        ],
        "Spine": [
            -0.09591827080532304,
            -0.030835107478573456,
            0.35450873398155913
        ],
        "Thorax": [
            -0.16272593938552515,
            -0.05519506504915224,
            0.7018084053530673
        ],
        "Neck": [
            -0.14010304054881637,
            -0.16085685556868726,
            0.9459217807764367
        ],
        "Head": [
            -0.15205727993147494,
            -0.012534328271253904,
            0.9939544511025334
        ],
        "L_Shoulder": [
            -0.41647336040882676,
            -0.1857105855259754,
            0.6845130741882104
        ],
        "L_Elbow": [
            -0.4114631240151569,
            -0.45234372712064447,
            0.3987198660339291
        ],
        "L_Wrist": [
            -0.3488858100931222,
            -0.4332628769049863,
            0.6825403400366677
        ],
        "R_Shoulder": [
            0.0640668684948284,
            0.07177097825222893,
            0.7196133301724795
        ],
        "R_Elbow": [
            0.4108424902967029,
            0.21699670590744446,
            0.5472244851237943
        ],
        "R_Wrist": [
            0.22999521367658338,
            -0.13894089886373567,
            0.40399491615574573
        ]
    }
}