{
    "video": "edition11_sequence_10.mp4",
    "peak_id": 1,
    "frame_idx": 112,
    "timestamp": 4.48,
    "total_score": 0.667,
    "skeleton_3d": {
        "Pelvis": [
            0.0,
            0.0,
            0.0
        ],
        "R_Hip": [
            0.043930893387965124,
            -0.011285563171731029,
            -0.04684335883294712
        ],
        "R_Knee": [
            0.0037311774349574433,
            -0.08166198304407658,
            -0.718159673791432
        ],
        "R_Ankle": [
            -0.03531052895291674,
            -0.1357107831684471,
            -1.340753202531787
        ],
        "L_Hip": [
            -0.05394912663737406,
            0.005884780411524459,
            0.052110233967332484
        ],
        "L_Knee": [
            0.22547115826233188,
            0.5455721184487612,
            -0.05599453239699204
        ],
        "L_Ankle": [
            0.6196009354252672,
            0.9299527690534716,
            0.018385585444070113
        ],
        "Spine": [
            -0.05761619944066469,
            -0.06126867622939258,
            0.33329477549072656
        ],
        "Thorax": [
            -0.10936287394285694,
            -0.13400803203985914,
            0.676292442172263
        ],
        "Neck": [
            -0.11430824840908506,
            -0.15457374328559068,
            0.9584138250801618
        ],
        "Head": [
            -0.08211543402862227,
            -0.11050818481045624,
            1.0149919635855338
        ],
        "L_Shoulder": [
            -0.2357503868635066,
            -0.1602967145657954,
            0.7113367110964746
        ],
        "L_Elbow": [
            -0.3320162173717099,
            -0.02611963217403836,
            0.9622315328570372
        ],
        "L_Wrist": [
            -0.37992751793683066,
            -0.019695568591930113,
            1.227849454158538
        ],
        "R_Shoulder": [
            0.016882258226298817,
            -0.061269870581989835,
            0.5996974817037372
        ],
        "R_Elbow": [
            0.2375898071003396,
            0.073674922241892,
            0.3197393571148073
        ],
        "R_Wrist": [
            0.05158533065547328,
            -0.04558687425502999,
            0.019701102547752657
        ]
    }
}