{
    "video": "edition11_sequence_2.mp4",
    "peak_id": 6,
    "frame_idx": 678,
    "timestamp": 27.12,
    "total_score": 0.815,
    "skeleton_3d": {
        "Pelvis": [
            0.0,
            0.0,
            0.0
        ],
        "R_Hip": [
            0.10680790008522473,
            -0.14035054966692143,
            -0.06275110456663095
        ],
        "R_Knee": [
            0.05657911871117202,
            -0.10537894195860481,
            -0.6793659804175225
        ],
        "R_Ankle": [
            -0.010400541166029469,
            -0.048394327698149386,
            -1.2353602857008188
        ],
        "L_Hip": [
            -0.10196126356613712,
            0.13069584567162665,
            0.06511803524319575
        ],
        "L_Knee": [
            -0.5955222213278653,
            -0.14792877253513378,
            0.150588158504716
        ],
        "L_Ankle": [
            -1.1615279718960867,
            -0.17877783630366068,
            0.1884072321591919
        ],
        "Spine": [
            0.07905366026492786,
            -0.018612798569124255,
            0.34226324512448403
        ],
        "Thorax": [
            0.12275124883464122,
            -0.0036399198863227952,
            0.6706428612539082
        ],
        "Neck": [
            0.05413204772126203,
            -0.09579875069686429,
            0.9524366947758058
        ],
        "Head": [
            0.05230118713688243,
            -0.023235457731918426,
            1.0017989374532645
        ],
        "L_Shoulder": [
            -0.06923940384282483,
            0.0554887352034385,
            0.6036987562150311
        ],
        "L_Elbow": [
            -0.3570245466090728,
            0.08592291667069243,
            0.5011301931103425
        ],
        "L_Wrist": [
            -0.6450363894965244,
            -0.20141180891757773,
            0.44493605579124773
        ],
        "R_Shoulder": [
            0.33540212028407,
            -0.03314845709988215,
            0.6968770668605713
        ],
        "R_Elbow": [
            0.6264604959696728,
            -0.14297384502830976,
            0.914208704948916
        ],
        "R_Wrist": [
            0.8299643081697154,
            -0.1843377062809967,
            1.171730231101006
        ]
    }
}