{
    "video": "edition11_sequence_10.mp4",
    "peak_id": 0,
    "frame_idx": 20,
    "timestamp": 0.8,
    "total_score": 0.804,
    "skeleton_3d": {
        "Pelvis": [
            0.0,
            0.0,
            0.0
        ],
        "R_Hip": [
            0.05218037992865311,
            -0.17306258530377983,
            -0.056398962531696885
        ],
        "R_Knee": [
            0.040407994246315096,
            -0.19592721005121702,
            -0.7534340690803641
        ],
        "R_Ankle": [
            0.143827218580232,
            -0.19626369860956988,
            -1.3819224884762187
        ],
        "L_Hip": [
            -0.05255445121661203,
            0.1691465556232323,
            0.05709466038439153
        ],
        "L_Knee": [
            -0.6381648483549568,
            0.009356277856795124,
            -0.027615336685216433
        ],
        "L_Ankle": [
            -1.1223881762549295,
            0.09661686803513402,
            -0.014583609184844191
        ],
        "Spine": [
            0.14873849962173774,
            0.06573204514932772,
            0.3011744388188809
        ],
        "Thorax": [
            0.28410822902045796,
            0.2712361285445151,
            0.5838314778067982
        ],
        "Neck": [
            0.25779742278779516,
            0.21703312514614664,
            0.8223302676524014
        ],
        "Head": [
            0.2746635792766572,
            0.27791250598199857,
            0.8705489893980805
        ],
        "L_Shoulder": [
            0.10598007640911113,
            0.32669129386980433,
            0.5412953783812339
        ],
        "L_Elbow": [
            -0.1817236051757874,
            0.34627108206575186,
            0.47833832478026905
        ],
        "L_Wrist": [
            0.02634963410016336,
            0.31523633003063334,
            0.1690521398819125
        ],
        "R_Shoulder": [
            0.45204065224133644,
            0.11953214339889773,
            0.5932320991975669
        ],
        "R_Elbow": [
            0.5879151698940152,
            0.0021936775350307075,
            0.8522123579593018
        ],
        "R_Wrist": [
            0.6116792309962525,
            0.20206506448344128,
            1.0910917478409339
        ]
    }
}