{
    "video": "edition11_sequence_12.mp4",
    "peak_id": 4,
    "frame_idx": 1383,
    "timestamp": 55.32,
    "total_score": 0.876,
    "skeleton_3d": {
        "Pelvis": [
            0.0,
            0.0,
            0.0
        ],
        "R_Hip": [
            -0.042202521764960026,
            -0.17357898534800514,
            -0.0021239831639243557
        ],
        "R_Knee": [
            -0.6792743060379104,
            -0.04881257739451606,
            -0.08503599890408521
        ],
        "R_Ankle": [
            -1.1877253376063979,
            0.03142006337797384,
            -0.09655903820671026
        ],
        "L_Hip": [
            0.03914101378524554,
            0.1744279864858637,
            0.0009502128488113633
        ],
        "L_Knee": [
            0.19367697007917462,
            0.09650460575515551,
            -0.6040821377793931
        ],
        "L_Ankle": [
            0.38887779135505135,
            -0.22998125622345433,
            -1.0265240214227713
        ],
        "Spine": [
            -0.03873320922841038,
            -0.007805285454518915,
            0.32757019877528637
        ],
        "Thorax": [
            -0.0758883044894297,
            -0.020557749664875724,
            0.6322864210897325
        ],
        "Neck": [
            -0.21922007230640828,
            0.007888064850034746,
            0.7712382459716101
        ],
        "Head": [
            -0.19054106874190954,
            -0.011398139557691851,
            0.813100411323914
        ],
        "L_Shoulder": [
            0.14245538369800897,
            0.0366514327171024,
            0.6475798862530352
        ],
        "L_Elbow": [
            0.44806261779227474,
            0.18214942545700777,
            0.7086642490261017
        ],
        "L_Wrist": [
            0.7303357955966057,
            0.24668513214803578,
            0.821954709968306
        ],
        "R_Shoulder": [
            -0.29844177495883445,
            -0.1161296079982747,
            0.6103453978999869
        ],
        "R_Elbow": [
            -0.5898772514344135,
            -0.11270943855111645,
            0.5867808681857005
        ],
        "R_Wrist": [
            -0.8922916182290002,
            -0.0860833101656184,
            0.7228676374986103
        ]
    }
}