{
    "video": "edition11_sequence_12.mp4",
    "peak_id": 3,
    "frame_idx": 1335,
    "timestamp": 53.4,
    "total_score": 0.55,
    "skeleton_3d": {
        "Pelvis": [
            0.0,
            0.0,
            0.0
        ],
        "R_Hip": [
            0.14669887420918876,
            0.10356880547940357,
            0.05568903222102015
        ],
        "R_Knee": [
            0.5680745862232268,
            0.075479648140693,
            -0.22405261159875126
        ],
        "R_Ankle": [
            0.9705080159117833,
            0.15486656169440224,
            -0.5155894038760787
        ],
        "L_Hip": [
            -0.1555384042415095,
            -0.08921152559265463,
            -0.05428385369152219
        ],
        "L_Knee": [
            -0.40980845236225827,
            -0.30342471622051537,
            -0.5028927551401732
        ],
        "L_Ankle": [
            -0.7056609107195971,
            -0.4476624332229254,
            -0.9536608628735997
        ],
        "Spine": [
            -0.0748319072030619,
            -0.013260661019708669,
            0.3042075122899528
        ],
        "Thorax": [
            -0.14923366293849558,
            -0.002983266250217193,
            0.5945475799387658
        ],
        "Neck": [
            -0.21950470422530355,
            -0.12453591394257177,
            0.7354173559549843
        ],
        "Head": [
            -0.1979973403219074,
            0.06356143134889733,
            0.7682674190773008
        ],
        "L_Shoulder": [
            -0.36681411374899675,
            -0.0963894818230611,
            0.55621291685801
        ],
        "L_Elbow": [
            -0.6365834402534,
            -0.11923018493422834,
            0.48136874937219426
        ],
        "L_Wrist": [
            -0.9864423103080979,
            -0.1873237604358899,
            0.4682699493967628
        ],
        "R_Shoulder": [
            0.07294121100261225,
            0.03600367318541646,
            0.6342871422449986
        ],
        "R_Elbow": [
            0.34886524600009866,
            0.2169662496307215,
            0.6621704350637533
        ],
        "R_Wrist": [
            0.7121864302135199,
            0.247843355699579,
            0.6977250921224585
        ]
    }
}