{
    "video": "edition11_sequence_12.mp4",
    "peak_id": 0,
    "frame_idx": 174,
    "timestamp": 6.96,
    "total_score": 0.976,
    "skeleton_3d": {
        "Pelvis": [
            0.0,
            0.0,
            0.0
        ],
        "R_Hip": [
            0.035994016098232655,
            -0.13562963038662623,
            -0.00308580613048044
        ],
        "R_Knee": [
            -0.42717386851541517,
            0.08422306490710021,
            0.14123491398160434
        ],
        "R_Ankle": [
            -0.7654079650865873,
            0.31302960488706666,
            0.22287221135246443
        ],
        "L_Hip": [
            -0.03363595576618668,
            0.11796818179512725,
            0.0038879644640918195
        ],
        "L_Knee": [
            -0.12405420752425275,
            -0.042013769705811145,
            -0.5069454465063271
        ],
        "L_Ankle": [
            -0.23716039938378258,
            -0.28772356296398544,
            -0.9965474620502836
        ],
        "Spine": [
            0.07823286928800513,
            0.028211894352623848,
            0.2723201651906648
        ],
        "Thorax": [
            0.14406606667284305,
            0.07969320743764159,
            0.548215051968279
        ],
        "Neck": [
            0.12112010447879427,
            0.06726010030377695,
            0.7269267190499564
        ],
        "Head": [
            0.10795068032817483,
            0.10344981242434416,
            0.749929583363535
        ],
        "L_Shoulder": [
            0.07058990344080902,
            0.18141381770172132,
            0.5302770147987165
        ],
        "L_Elbow": [
            0.26840730978890276,
            0.14238079462420725,
            0.7787967525922227
        ],
        "L_Wrist": [
            0.33600037425120705,
            0.11870990780410655,
            1.061695662027116
        ],
        "R_Shoulder": [
            0.22294477800921075,
            0.00676296125560601,
            0.5440099195176429
        ],
        "R_Elbow": [
            0.2749356522671472,
            -0.011369531876956503,
            0.8028172733190115
        ],
        "R_Wrist": [
            0.34458425344272914,
            -0.010404500201288764,
            1.099611452973942
        ]
    }
}