{
    "video": "edition11_sequence_12.mp4",
    "peak_id": 1,
    "frame_idx": 284,
    "timestamp": 11.36,
    "total_score": 0.75,
    "skeleton_3d": {
        "Pelvis": [
            0.0,
            0.0,
            0.0
        ],
        "R_Hip": [
            0.11526991971516573,
            0.15326831268280347,
            0.08381186743025174
        ],
        "R_Knee": [
            0.5451576137673496,
            -0.01060909537682158,
            0.35050118856564666
        ],
        "R_Ankle": [
            0.8666563757834365,
            0.029635969748027437,
            0.7284431498677845
        ],
        "L_Hip": [
            -0.11553328263152189,
            -0.15527692056361772,
            -0.07300699682699226
        ],
        "L_Knee": [
            -0.009203417817214574,
            -0.06423349323275762,
            -0.673608551475416
        ],
        "L_Ankle": [
            0.10947723680593402,
            0.007280262712735572,
            -1.2109029885048779
        ],
        "Spine": [
            -0.08793347665945159,
            -0.03745602342362034,
            0.32631119498504646
        ],
        "Thorax": [
            -0.13768213706620863,
            0.07903432583778079,
            0.6454053989733055
        ],
        "Neck": [
            -0.13952524373050046,
            -0.04619863507336958,
            0.8725761985310913
        ],
        "Head": [
            -0.1331918401658843,
            0.05732003169670472,
            0.9259819727308667
        ],
        "L_Shoulder": [
            -0.361856386115514,
            -0.12504117634603162,
            0.6721240031393118
        ],
        "L_Elbow": [
            -0.26459407803054585,
            -0.4969299494709668,
            0.6887726626314059
        ],
        "L_Wrist": [
            -0.14885888468030817,
            -0.3530879471927478,
            0.9821641564545923
        ],
        "R_Shoulder": [
            0.06021474658806562,
            0.16312714858226002,
            0.6144921752133297
        ],
        "R_Elbow": [
            0.29727674746474186,
            0.3653048277896196,
            0.4030838579716177
        ],
        "R_Wrist": [
            0.3964697287252336,
            0.013636833641045903,
            0.5100326755525285
        ]
    }
}