{
    "video": "edition11_sequence_8.mp4",
    "peak_id": 10,
    "frame_idx": 1863,
    "timestamp": 74.52,
    "total_score": 1.0,
    "skeleton_3d": {
        "Pelvis": [
            0.0,
            0.0,
            0.0
        ],
        "R_Hip": [
            0.0036115525472908997,
            0.13897901617805095,
            -0.028123476326117756
        ],
        "R_Knee": [
            -0.016825841237003848,
            0.09537767543231052,
            -0.6214942600910509
        ],
        "R_Ankle": [
            -0.06739462639055824,
            0.049204454561101535,
            -1.1618246115406592
        ],
        "L_Hip": [
            -0.009998402204602616,
            -0.16895032153441028,
            0.030466615707815923
        ],
        "L_Knee": [
            0.5627180547191586,
            0.10387003097810256,
            0.11077137324263572
        ],
        "L_Ankle": [
            0.9065461665989584,
            0.3686085568834084,
            0.37443741120109814
        ],
        "Spine": [
            -0.0673219012757752,
            -0.008435915809183065,
            0.32603840158040176
        ],
        "Thorax": [
            -0.13435814021886983,
            -0.08903748898202252,
            0.6615897326396399
        ],
        "Neck": [
            -0.21640729223062075,
            -0.1270310956635423,
            0.9266086335668888
        ],
        "Head": [
            -0.20118464507068806,
            -0.1573058926562318,
            0.9875782613541088
        ],
        "L_Shoulder": [
            -0.19371898690153874,
            -0.20820236965180275,
            0.5902178251153999
        ],
        "L_Elbow": [
            -0.4243930051029025,
            -0.1083782749225043,
            0.3295952124017049
        ],
        "L_Wrist": [
            -0.48354753600216716,
            -0.149801993704772,
            0.4990185515099741
        ],
        "R_Shoulder": [
            -0.06490641180947422,
            0.10344233672372805,
            0.6740325700313178
        ],
        "R_Elbow": [
            0.03607140486291652,
            0.4924064620309944,
            0.6853900086010956
        ],
        "R_Wrist": [
            0.15142209949115837,
            0.4012111477605859,
            0.8015524714245024
        ]
    }
}