{
    "video": "edition7_sequence_3.mp4",
    "peak_id": 1,
    "frame_idx": 432,
    "timestamp": 17.28,
    "total_score": 1.0,
    "skeleton_3d": {
        "Pelvis": [
            0.0,
            0.0,
            0.0
        ],
        "R_Hip": [
            0.09991947535120044,
            0.16882573028792655,
            0.0664506648869905
        ],
        "R_Knee": [
            0.552783212518206,
            0.1267390544957668,
            0.2547476238865157
        ],
        "R_Ankle": [
            1.0660801637762127,
            0.35278067412612896,
            0.43398900956917047
        ],
        "L_Hip": [
            -0.10134282421665343,
            -0.17239081126429182,
            -0.05996429133819766
        ],
        "L_Knee": [
            -0.05378848751548075,
            -0.11968141212515251,
            -0.6844828955358263
        ],
        "L_Ankle": [
            0.012617437641157402,
            -0.11967042756243804,
            -1.2451081269191957
        ],
        "Spine": [
            -0.05016726003810068,
            -0.09644235674935389,
            0.31637063428706635
        ],
        "Thorax": [
            -0.09126421241755305,
            -0.23805704240819794,
            0.6231512229315176
        ],
        "Neck": [
            -0.006433467851582153,
            -0.23911161767732217,
            0.9129663226310459
        ],
        "Head": [
            -0.016104070233967396,
            -0.19505938498562964,
            0.953061593809976
        ],
        "L_Shoulder": [
            -0.2863999955735668,
            -0.2817658411365076,
            0.5719789326535785
        ],
        "L_Elbow": [
            -0.601195321914241,
            -0.3375855102631648,
            0.5548121578584715
        ],
        "L_Wrist": [
            -0.9152543175936331,
            -0.3151669265834343,
            0.5831863639160458
        ],
        "R_Shoulder": [
            0.1061271272497224,
            -0.06717822936630168,
            0.6605763079260661
        ],
        "R_Elbow": [
            0.26974135877795746,
            0.16710346535136866,
            0.9792122667557331
        ],
        "R_Wrist": [
            0.37184180295496494,
            0.08670264912327921,
            1.2771210498816903
        ]
    }
}