{
    "video": "edition7_sequence_10.mp4",
    "peak_id": 0,
    "frame_idx": 45,
    "timestamp": 1.8,
    "total_score": 0.591,
    "skeleton_3d": {
        "Pelvis": [
            0.0,
            0.0,
            0.0
        ],
        "R_Hip": [
            0.1580973943776718,
            0.13515767899702133,
            0.009098329131951056
        ],
        "R_Knee": [
            0.48260066882967767,
            0.1753056375176527,
            -0.43439105223735014
        ],
        "R_Ankle": [
            0.8942975797492112,
            0.24449314475385506,
            -0.8647537267113382
        ],
        "L_Hip": [
            -0.15928780676595278,
            -0.13602205352739347,
            -0.008612691715062059
        ],
        "L_Knee": [
            -0.18784182976819105,
            -0.11284131910670597,
            -0.5722817449125293
        ],
        "L_Ankle": [
            -0.2268990899418236,
            -0.03826577531664097,
            -1.0858481289370725
        ],
        "Spine": [
            0.012875112476224535,
            -0.006073715259296962,
            0.35308441659541934
        ],
        "Thorax": [
            0.033349825917709415,
            -0.04602832539613303,
            0.6931629647204599
        ],
        "Neck": [
            0.1590092180964708,
            -0.08996985459897189,
            0.8736923942267778
        ],
        "Head": [
            0.14884598172752642,
            0.043958446085869414,
            0.9151680736294298
        ],
        "L_Shoulder": [
            -0.20461089175920916,
            -0.14112016660368343,
            0.7052724245628129
        ],
        "L_Elbow": [
            -0.4911712607155103,
            -0.019390483816404208,
            0.6982115682982841
        ],
        "L_Wrist": [
            -0.824996693403336,
            -0.036050827218349527,
            0.6484166051885248
        ],
        "R_Shoulder": [
            0.27473392869116453,
            0.08433182238317065,
            0.6849811012106486
        ],
        "R_Elbow": [
            0.5506405957856977,
            0.20678222272163108,
            0.8042376052032951
        ],
        "R_Wrist": [
            0.7732186694695925,
            0.14864909800374523,
            1.0680299719680344
        ]
    }
}