{
    "video": "edition7_sequence_5.mp4",
    "peak_id": 1,
    "frame_idx": 431,
    "timestamp": 17.24,
    "total_score": 0.75,
    "skeleton_3d": {
        "Pelvis": [
            0.0,
            0.0,
            0.0
        ],
        "R_Hip": [
            0.10013826375462337,
            -0.15791888299864415,
            -0.06432374421612441
        ],
        "R_Knee": [
            0.06528829049599255,
            -0.08851028626985454,
            -0.7641137137397285
        ],
        "R_Ankle": [
            0.06410961389076691,
            -0.06803858923128348,
            -1.3584013444035155
        ],
        "L_Hip": [
            -0.09655631513420594,
            0.14782939114748717,
            0.0677547046764952
        ],
        "L_Knee": [
            -0.5349279926142856,
            -0.11165399611864718,
            0.43625838408798945
        ],
        "L_Ankle": [
            -0.8889701432149755,
            -0.24037924486257334,
            0.9467063214658217
        ],
        "Spine": [
            0.08268856186950496,
            -0.03413275855004942,
            0.3531650313483609
        ],
        "Thorax": [
            0.12965000837529403,
            0.02265969799499294,
            0.6941810499887539
        ],
        "Neck": [
            0.15903095905479114,
            -0.03450833217140353,
            0.9717951131860876
        ],
        "Head": [
            0.16764660048438387,
            0.03724868614896573,
            1.0118248540713628
        ],
        "L_Shoulder": [
            -0.05184338177879317,
            0.06984230395305961,
            0.6676223689913274
        ],
        "L_Elbow": [
            -0.2725330118597789,
            0.0031006890954395267,
            0.7530531625731935
        ],
        "L_Wrist": [
            -0.471228981811296,
            -0.22146141336251976,
            0.9965187483330223
        ],
        "R_Shoulder": [
            0.3143736356146837,
            -0.024344540296733372,
            0.7070697607085865
        ],
        "R_Elbow": [
            0.39721295711667354,
            -0.28474055809389587,
            1.1164297804313679
        ],
        "R_Wrist": [
            0.349598051283238,
            -0.17048744183963918,
            1.4237573019105414
        ]
    }
}