{
    "video": "edition7_sequence_2.mp4",
    "peak_id": 17,
    "frame_idx": 3077,
    "timestamp": 123.08,
    "total_score": 0.482,
    "skeleton_3d": {
        "Pelvis": [
            0.0,
            0.0,
            0.0
        ],
        "R_Hip": [
            0.11516006703322433,
            0.14841056249376283,
            -0.007995067352332732
        ],
        "R_Knee": [
            0.056257276805307455,
            0.010605675452184798,
            -0.6244174363074178
        ],
        "R_Ankle": [
            -0.022429388550075577,
            -0.03450912512074348,
            -1.2228229782226177
        ],
        "L_Hip": [
            -0.11961014491254364,
            -0.15451234556463198,
            0.007690785981581335
        ],
        "L_Knee": [
            0.011422856307652702,
            0.005066468339615178,
            -0.5981806016640857
        ],
        "L_Ankle": [
            -0.07770542762455955,
            0.5004841295726385,
            -0.13243970555020848
        ],
        "Spine": [
            -0.013688387373026686,
            -0.04789054264348078,
            0.3323019186483868
        ],
        "Thorax": [
            -0.008011264047752131,
            -0.1158035304514945,
            0.6607504655925154
        ],
        "Neck": [
            0.1151811784117162,
            -0.13231539124751632,
            0.9573036842135456
        ],
        "Head": [
            0.1389358650296183,
            -0.05043585135409357,
            1.0067062921735868
        ],
        "L_Shoulder": [
            -0.21300682141405317,
            -0.19990840043328262,
            0.6591632467419575
        ],
        "L_Elbow": [
            -0.43674798587559926,
            -0.04207371672235206,
            0.5576948254694026
        ],
        "L_Wrist": [
            -0.518487972619179,
            -0.2872883712325285,
            0.4897344237849286
        ],
        "R_Shoulder": [
            0.184788874694581,
            0.07913104655413232,
            0.5759340653418501
        ],
        "R_Elbow": [
            0.45518723871422795,
            0.2671131039707554,
            0.418550820088456
        ],
        "R_Wrist": [
            0.7342515634293493,
            0.12510989440650225,
            0.321747914348152
        ]
    }
}