{
    "video": "edition7_sequence_0.mp4",
    "peak_id": 5,
    "frame_idx": 1356,
    "timestamp": 54.24,
    "total_score": 0.767,
    "skeleton_3d": {
        "Pelvis": [
            0.0,
            0.0,
            0.0
        ],
        "R_Hip": [
            0.056359157917201703,
            0.1845886381738081,
            0.07448172100905781
        ],
        "R_Knee": [
            0.6236550620758596,
            0.2681961986294457,
            0.009866454593018048
        ],
        "R_Ankle": [
            1.2087041354935517,
            0.47295505643258334,
            -0.04340712335848473
        ],
        "L_Hip": [
            -0.05979985095271542,
            -0.18798225573236627,
            -0.07035801059582461
        ],
        "L_Knee": [
            0.04024527819329305,
            -0.12872332124838895,
            -0.7133607831714631
        ],
        "L_Ankle": [
            0.01008863003523854,
            -0.070792629788104,
            -1.248769938654033
        ],
        "Spine": [
            -0.09177497188856118,
            -0.03973995833776884,
            0.32435294163284417
        ],
        "Thorax": [
            -0.17034950746366687,
            0.1061174980355399,
            0.6405137437332615
        ],
        "Neck": [
            -0.2488756433521005,
            0.019804618176086593,
            0.8924637237610155
        ],
        "Head": [
            -0.2279500745124254,
            0.08019426178555218,
            0.9423345324727929
        ],
        "L_Shoulder": [
            -0.3123421382079614,
            -0.15035953740490798,
            0.6574186263895044
        ],
        "L_Elbow": [
            -0.4279879212263382,
            -0.4685656474444337,
            0.9732333493144261
        ],
        "L_Wrist": [
            -0.5241509600468405,
            -0.45358533050010585,
            1.2866424222082289
        ],
        "R_Shoulder": [
            -0.03535991161939358,
            0.23195988147425167,
            0.5985858518605341
        ],
        "R_Elbow": [
            0.2777616328703123,
            0.4937807991338481,
            0.5449659662984363
        ],
        "R_Wrist": [
            0.5542975401063566,
            0.4472442291319949,
            0.5433377951279112
        ]
    }
}