{
    "video": "edition7_sequence_9.mp4",
    "peak_id": 7,
    "frame_idx": 844,
    "timestamp": 33.76,
    "total_score": 1.0,
    "skeleton_3d": {
        "Pelvis": [
            0.0,
            0.0,
            0.0
        ],
        "R_Hip": [
            0.10229582459103187,
            0.15605814717841743,
            0.0936726697026211
        ],
        "R_Knee": [
            0.574648951733344,
            0.1587758968881948,
            0.3789876925271045
        ],
        "R_Ankle": [
            1.0266496509979086,
            0.32570293898525726,
            0.8231535591813577
        ],
        "L_Hip": [
            -0.10006116845966778,
            -0.1636476431560369,
            -0.08546777002255133
        ],
        "L_Knee": [
            -0.183238347326324,
            -0.08654290124633718,
            -0.6156874948477861
        ],
        "L_Ankle": [
            0.021940671862996024,
            -0.14694863136491199,
            -1.1491148763195365
        ],
        "Spine": [
            -0.1001040898304656,
            -0.11292638433415926,
            0.30093820672941707
        ],
        "Thorax": [
            -0.19709212018747999,
            -0.2703170237621722,
            0.5923569954192286
        ],
        "Neck": [
            -0.33344082405523084,
            -0.2940969540417131,
            0.7739761042498869
        ],
        "Head": [
            -0.3456552945434451,
            -0.2637838351901442,
            0.8266295144534479
        ],
        "L_Shoulder": [
            -0.3922593621487892,
            -0.29078708308707446,
            0.49114677288793607
        ],
        "L_Elbow": [
            -0.6067383925197523,
            -0.13364849611734192,
            0.2631204732477049
        ],
        "L_Wrist": [
            -0.9174025637587332,
            -0.190642893368553,
            0.19532753004754785
        ],
        "R_Shoulder": [
            0.011045440492942139,
            -0.17830052959595202,
            0.7075109438614648
        ],
        "R_Elbow": [
            0.13737779963978664,
            0.004924187530409969,
            1.0371838553637427
        ],
        "R_Wrist": [
            0.11801831772185788,
            -0.023258755392391445,
            1.393079585669905
        ]
    }
}