{
    "video": "edition7_sequence_4.mp4",
    "peak_id": 7,
    "frame_idx": 1344,
    "timestamp": 53.76,
    "total_score": 0.864,
    "skeleton_3d": {
        "Pelvis": [
            0.0,
            0.0,
            0.0
        ],
        "R_Hip": [
            0.033210960820934714,
            0.17210516925647526,
            0.07571345630956364
        ],
        "R_Knee": [
            0.5863838865286586,
            0.26287165530694956,
            0.09717819257307152
        ],
        "R_Ankle": [
            1.1590832900501207,
            0.4342077074237971,
            0.09910758863552269
        ],
        "L_Hip": [
            -0.032924924108754035,
            -0.17687979836782683,
            -0.07232626759837306
        ],
        "L_Knee": [
            0.06336266518614919,
            -0.10284200657048294,
            -0.7118774783583668
        ],
        "L_Ankle": [
            0.03924501959020787,
            -0.03595922028117812,
            -1.2741338520669467
        ],
        "Spine": [
            -0.12051006603000103,
            -0.03791152935735208,
            0.2975226942554236
        ],
        "Thorax": [
            -0.23152856650908302,
            0.12919341466847187,
            0.5804312605554712
        ],
        "Neck": [
            -0.31110765056816797,
            0.027010789537796044,
            0.8348212728352065
        ],
        "Head": [
            -0.27416435325996946,
            0.0831036483182429,
            0.8691288900028236
        ],
        "L_Shoulder": [
            -0.36186306566644827,
            -0.11560501320091957,
            0.6009696329706167
        ],
        "L_Elbow": [
            -0.5026309700772323,
            -0.4728459662125147,
            0.850772886446028
        ],
        "L_Wrist": [
            -0.6442672995821085,
            -0.5311577815320845,
            1.1512691320956994
        ],
        "R_Shoulder": [
            -0.10151887572673719,
            0.23432753605056222,
            0.530545418936219
        ],
        "R_Elbow": [
            0.21007080258268648,
            0.3966598674742972,
            0.4015826655848895
        ],
        "R_Wrist": [
            0.46200619674674753,
            0.27831795220343863,
            0.350169690740763
        ]
    }
}