{
    "video": "edition7_sequence_2.mp4",
    "peak_id": 8,
    "frame_idx": 1449,
    "timestamp": 57.96,
    "total_score": 0.618,
    "skeleton_3d": {
        "Pelvis": [
            0.0,
            0.0,
            0.0
        ],
        "R_Hip": [
            0.12903401277034654,
            0.1522150282882524,
            0.04729748957227678
        ],
        "R_Knee": [
            0.567446380501919,
            0.14303279853913972,
            0.051487573668075444
        ],
        "R_Ankle": [
            0.862012230629749,
            0.466005661937352,
            -0.30702905390928437
        ],
        "L_Hip": [
            -0.13129291173506893,
            -0.146064189105228,
            -0.04243182160338326
        ],
        "L_Knee": [
            -0.09428597999701643,
            -0.1239378144650628,
            -0.6816668355027456
        ],
        "L_Ankle": [
            0.1666313909748949,
            -0.12336945458726357,
            -1.2360354986453084
        ],
        "Spine": [
            0.060998563919481344,
            -0.039824153216272876,
            0.34456642728971765
        ],
        "Thorax": [
            0.13626641791199712,
            -0.146486015372435,
            0.6591177571486034
        ],
        "Neck": [
            0.29719891746519383,
            -0.1463009869185469,
            0.9494222745029097
        ],
        "Head": [
            0.29114761835075054,
            -0.08506801936193342,
            1.0063147197150057
        ],
        "L_Shoulder": [
            -0.0828789651601041,
            -0.16217868706083124,
            0.7360175931910978
        ],
        "L_Elbow": [
            -0.41028881990771987,
            -0.14102449837193312,
            0.8821302298929844
        ],
        "L_Wrist": [
            -0.7109610226673345,
            -0.23232997971552202,
            1.0596360067129629
        ],
        "R_Shoulder": [
            0.3420843560065193,
            0.017685513123758267,
            0.5459363495429188
        ],
        "R_Elbow": [
            0.5356928855303366,
            0.2190583466199928,
            0.28191101197180474
        ],
        "R_Wrist": [
            0.5679723471657727,
            -0.1294573181621087,
            0.32928872524876845
        ]
    }
}