{
    "video": "edition7_sequence_12.mp4",
    "peak_id": 8,
    "frame_idx": 1172,
    "timestamp": 46.88,
    "total_score": 1.0,
    "skeleton_3d": {
        "Pelvis": [
            0.0,
            0.0,
            0.0
        ],
        "R_Hip": [
            -0.04679620313129308,
            -0.16342865088169828,
            0.009170498179891627
        ],
        "R_Knee": [
            -0.41489632439132174,
            0.25753097709702194,
            0.16399876142612557
        ],
        "R_Ankle": [
            -0.6872384902682867,
            0.5811196709321201,
            0.40685964701181176
        ],
        "L_Hip": [
            0.02317477331800893,
            0.14073774937269162,
            -0.014269443150338791
        ],
        "L_Knee": [
            0.23938300761913742,
            0.2235124741228611,
            -0.4777184043841418
        ],
        "L_Ankle": [
            0.7495684268671676,
            -0.028864364606953755,
            -0.7663350492366843
        ],
        "Spine": [
            0.17242326234616978,
            -0.012038069850921911,
            0.3553895938274657
        ],
        "Thorax": [
            0.3546976111233669,
            -0.06946472484372192,
            0.7202267892334795
        ],
        "Neck": [
            0.38103731951512765,
            -0.03628505361666177,
            0.9968243711523832
        ],
        "Head": [
            0.41300683316783243,
            -0.06628429058654459,
            1.052438417174799
        ],
        "L_Shoulder": [
            0.25383694393341105,
            0.0761902219137758,
            0.867191958681514
        ],
        "L_Elbow": [
            0.28648903380564084,
            0.26208837038600047,
            1.1532088257511766
        ],
        "L_Wrist": [
            0.31196184251856035,
            0.15599137021508253,
            1.4330775369241406
        ],
        "R_Shoulder": [
            0.47323951160302413,
            -0.06801168359487494,
            0.56689662987321
        ],
        "R_Elbow": [
            0.650301746672685,
            0.23605539097060024,
            0.4651085754296405
        ],
        "R_Wrist": [
            0.913167849082211,
            0.37139269087438537,
            0.3947849209632723
        ]
    }
}