{
    "video": "edition7_sequence_2.mp4",
    "peak_id": 2,
    "frame_idx": 754,
    "timestamp": 30.16,
    "total_score": 0.931,
    "skeleton_3d": {
        "Pelvis": [
            0.0,
            0.0,
            0.0
        ],
        "R_Hip": [
            0.06764453711690206,
            0.17047425611801006,
            0.10867752345367242
        ],
        "R_Knee": [
            0.5848337185522527,
            0.30323801927335825,
            0.12489793488607087
        ],
        "R_Ankle": [
            1.1955034170023342,
            0.5143120748903939,
            0.21187086029390656
        ],
        "L_Hip": [
            -0.0678044441471297,
            -0.17519359041302435,
            -0.10023141130740008
        ],
        "L_Knee": [
            0.0003157701751897169,
            -0.1370037975498591,
            -0.7863255232994387
        ],
        "L_Ankle": [
            -0.04341994370315104,
            -0.1057818772789168,
            -1.4084251032227648
        ],
        "Spine": [
            -0.07943606845446854,
            -0.14209739562888213,
            0.3098790845957658
        ],
        "Thorax": [
            -0.14460156005556593,
            -0.09592323124660142,
            0.6137255639167496
        ],
        "Neck": [
            -0.20491628423993735,
            -0.1897419784992924,
            0.9105931833913444
        ],
        "Head": [
            -0.16283817982976553,
            -0.127112393088236,
            0.9416796910195685
        ],
        "L_Shoulder": [
            -0.346504097846788,
            -0.263218619841722,
            0.6072677017986373
        ],
        "L_Elbow": [
            -0.6330068950979704,
            -0.5058946617715266,
            0.8701589261566726
        ],
        "L_Wrist": [
            -0.8936200905843305,
            -0.5632667480285266,
            1.179636456749556
        ],
        "R_Shoulder": [
            0.0337928796505795,
            0.012091498626286416,
            0.5899811273076603
        ],
        "R_Elbow": [
            0.23756529124381537,
            0.4770076673559941,
            0.5727452118286209
        ],
        "R_Wrist": [
            0.5218724095653199,
            0.5698233138866413,
            0.5052138441558182
        ]
    }
}