{
    "video": "edition7_sequence_3.mp4",
    "peak_id": 6,
    "frame_idx": 1164,
    "timestamp": 46.56,
    "total_score": 1.0,
    "skeleton_3d": {
        "Pelvis": [
            0.0,
            0.0,
            0.0
        ],
        "R_Hip": [
            0.0789352166873105,
            -0.14238413955848853,
            -0.09412435660426745
        ],
        "R_Knee": [
            0.09802962843233505,
            -0.053345182283521066,
            -0.6960115796960776
        ],
        "R_Ankle": [
            0.05157088457152006,
            -0.05385315916572913,
            -1.2934365058684203
        ],
        "L_Hip": [
            -0.07105464447960656,
            0.1291472827668925,
            0.09517222363203323
        ],
        "L_Knee": [
            -0.5973276129448125,
            -0.021068938196211192,
            0.34110510229083474
        ],
        "L_Ankle": [
            -0.9964830471052801,
            -0.02955866531356478,
            0.667567724824903
        ],
        "Spine": [
            0.21029538051645455,
            -0.01585490153311521,
            0.2724177685871507
        ],
        "Thorax": [
            0.3987827199833325,
            0.06579226518466443,
            0.533774680917093
        ],
        "Neck": [
            0.39818089073047536,
            0.03259898927681687,
            0.8551375032882339
        ],
        "Head": [
            0.41420099614333167,
            0.07390993254787104,
            0.8745829891531985
        ],
        "L_Shoulder": [
            0.21695265800091124,
            0.11202781023580188,
            0.6185317926787762
        ],
        "L_Elbow": [
            0.0696019877285664,
            0.17256821628374974,
            0.9255897963877475
        ],
        "L_Wrist": [
            -0.029268987006367795,
            0.06477710872264902,
            1.3032897523867781
        ],
        "R_Shoulder": [
            0.5623107124127205,
            0.03255618189924835,
            0.4318459615142394
        ],
        "R_Elbow": [
            0.8332632508605292,
            0.07672846709219379,
            0.36023787627614934
        ],
        "R_Wrist": [
            1.0488778660944489,
            0.17927820039593625,
            0.44235996710537395
        ]
    }
}