{
    "video": "edition7_sequence_4.mp4",
    "peak_id": 11,
    "frame_idx": 2117,
    "timestamp": 84.68,
    "total_score": 0.499,
    "skeleton_3d": {
        "Pelvis": [
            0.0,
            0.0,
            0.0
        ],
        "R_Hip": [
            0.13254442469506084,
            0.15682061094714658,
            0.029947963286168475
        ],
        "R_Knee": [
            0.39296363262927675,
            0.13940924159544923,
            0.20589657106243406
        ],
        "R_Ankle": [
            0.3583763201610077,
            0.562585366715773,
            -0.12163048922605937
        ],
        "L_Hip": [
            -0.1347761047780459,
            -0.14696933963668302,
            -0.024032336945906625
        ],
        "L_Knee": [
            -0.13925135798454005,
            -0.30425473060750746,
            -0.6487042443476628
        ],
        "L_Ankle": [
            0.022640842459716006,
            -0.48268607355631354,
            -1.1886848307511557
        ],
        "Spine": [
            0.03252254071517901,
            -0.02196972168089984,
            0.33627462945470515
        ],
        "Thorax": [
            0.05830079000182106,
            -0.11461000641702422,
            0.6447380132755959
        ],
        "Neck": [
            0.19911465565040412,
            -0.10650435361923605,
            0.9032321577033477
        ],
        "Head": [
            0.2046306758290596,
            -0.027105070118053784,
            0.9626758688995252
        ],
        "L_Shoulder": [
            -0.15663110584025597,
            -0.19176095083360506,
            0.653352716191436
        ],
        "L_Elbow": [
            -0.5192380603518977,
            -0.12749547919731374,
            0.6241629972018281
        ],
        "L_Wrist": [
            -0.861304292721918,
            -0.1872016488101372,
            0.671329620607768
        ],
        "R_Shoulder": [
            0.28270677986800236,
            0.05567270088635873,
            0.6145772625067345
        ],
        "R_Elbow": [
            0.5044641056586148,
            0.1518202030465498,
            0.9134222267588091
        ],
        "R_Wrist": [
            0.5692031581685717,
            0.05388592195961098,
            1.283066657135623
        ]
    }
}