{
    "video": "edition7_sequence_2.mp4",
    "peak_id": 7,
    "frame_idx": 1397,
    "timestamp": 55.88,
    "total_score": 0.607,
    "skeleton_3d": {
        "Pelvis": [
            0.0,
            0.0,
            0.0
        ],
        "R_Hip": [
            0.12545553189881128,
            0.14684123856429201,
            0.048790870391819126
        ],
        "R_Knee": [
            0.5599686047621175,
            0.07297961309163688,
            0.136753264922704
        ],
        "R_Ankle": [
            0.7517011652147216,
            0.3868889709931092,
            -0.2767650946825293
        ],
        "L_Hip": [
            -0.12850186772408753,
            -0.1450705110581285,
            -0.04313002241784357
        ],
        "L_Knee": [
            -0.16724058609952477,
            -0.12995496372559587,
            -0.6589755502749994
        ],
        "L_Ankle": [
            0.10192837827933018,
            -0.1650860958018707,
            -1.197682559622779
        ],
        "Spine": [
            0.0493061622607137,
            -0.033443931073847626,
            0.3417028511240911
        ],
        "Thorax": [
            0.11305356474630548,
            -0.14486100733785154,
            0.6567252451093762
        ],
        "Neck": [
            0.23773010519580856,
            -0.16125815372051144,
            0.9569852011615221
        ],
        "Head": [
            0.22689174339028942,
            -0.10510307902029117,
            1.0187902963259743
        ],
        "L_Shoulder": [
            -0.11314105642651255,
            -0.16017491170262574,
            0.7199512238200452
        ],
        "L_Elbow": [
            -0.4294101485433297,
            -0.06736837278985393,
            0.8298510860741611
        ],
        "L_Wrist": [
            -0.7313046411797621,
            -0.13859287355944727,
            0.9773334556178968
        ],
        "R_Shoulder": [
            0.33211586463968706,
            -0.0033428455530230246,
            0.555279188195206
        ],
        "R_Elbow": [
            0.5036411492321698,
            0.1357599206983017,
            0.3355429065105058
        ],
        "R_Wrist": [
            0.2979327780225607,
            -0.20338906215252472,
            0.40948208003197084
        ]
    }
}