{
    "video": "edition7_sequence_10.mp4",
    "peak_id": 1,
    "frame_idx": 110,
    "timestamp": 4.4,
    "total_score": 0.425,
    "skeleton_3d": {
        "Pelvis": [
            0.0,
            0.0,
            0.0
        ],
        "R_Hip": [
            -0.08797411190757748,
            -0.0012920364466852251,
            -0.010457097188270434
        ],
        "R_Knee": [
            0.27200591836733234,
            0.10646716893208354,
            -0.45246758247224084
        ],
        "R_Ankle": [
            0.6322036751419206,
            0.020817235332349537,
            -1.0094975173143599
        ],
        "L_Hip": [
            0.07347589380356026,
            0.002189943611787228,
            0.004904885887514833
        ],
        "L_Knee": [
            0.3173095749764452,
            0.3600925029457449,
            -0.29407618095858384
        ],
        "L_Ankle": [
            0.9270857805497456,
            0.4948766869588905,
            -0.3922051683859663
        ],
        "Spine": [
            -0.1570711435511546,
            -0.07874159010366688,
            0.33170078542018994
        ],
        "Thorax": [
            -0.32541613101703576,
            -0.15609650410988793,
            0.6906705489341518
        ],
        "Neck": [
            -0.3743682119176198,
            -0.1544702534420586,
            1.0288533037719403
        ],
        "Head": [
            -0.3572275684270758,
            -0.1963709862451517,
            1.0996202702532112
        ],
        "L_Shoulder": [
            -0.32338388932355117,
            -0.12601588881842168,
            0.6712400600320785
        ],
        "L_Elbow": [
            -0.29069941497968216,
            0.2786239803152186,
            0.6914016751665354
        ],
        "L_Wrist": [
            0.03877056569895088,
            0.19653704355405582,
            0.38781256887741655
        ],
        "R_Shoulder": [
            -0.33840698188672325,
            0.00424714747427398,
            0.6828562901507311
        ],
        "R_Elbow": [
            -0.3292210712955744,
            0.314561195425658,
            0.7030443384578546
        ],
        "R_Wrist": [
            -0.41789481229908326,
            0.1600254217145754,
            1.091031596128547
        ]
    }
}