{
    "video": "edition7_sequence_4.mp4",
    "peak_id": 9,
    "frame_idx": 1746,
    "timestamp": 69.84,
    "total_score": 0.405,
    "skeleton_3d": {
        "Pelvis": [
            0.0,
            0.0,
            0.0
        ],
        "R_Hip": [
            0.13980297017521143,
            0.1370915362072294,
            0.029871759703137008
        ],
        "R_Knee": [
            0.33836589700971675,
            0.04202752035487938,
            -0.02136013970588018
        ],
        "R_Ankle": [
            0.30039919164757817,
            0.613764179330997,
            -0.2164672712712072
        ],
        "L_Hip": [
            -0.1390183809806926,
            -0.1328681224733154,
            -0.027626499135843842
        ],
        "L_Knee": [
            -0.17313004970295695,
            -0.19621403255778938,
            -0.7240164997827969
        ],
        "L_Ankle": [
            0.04158587527161443,
            -0.2508899335692951,
            -1.2945600207059063
        ],
        "Spine": [
            0.038187410693477815,
            -0.06585152938090708,
            0.32717908248613153
        ],
        "Thorax": [
            0.07667212612120708,
            -0.21944115064171882,
            0.6311893284685149
        ],
        "Neck": [
            0.20766734696954112,
            -0.22041480829349475,
            0.9073953647002981
        ],
        "Head": [
            0.2105393623409731,
            -0.12607083673361483,
            0.9729205013840375
        ],
        "L_Shoulder": [
            -0.14334056832398254,
            -0.2473322875078308,
            0.6553004961096066
        ],
        "L_Elbow": [
            -0.5250573691401249,
            -0.280803585221749,
            0.6655517149605872
        ],
        "L_Wrist": [
            -0.8536461447757133,
            -0.41535331551806604,
            0.766906777041848
        ],
        "R_Shoulder": [
            0.29151767577501697,
            -0.030676951495680477,
            0.5569327050875734
        ],
        "R_Elbow": [
            0.49972055822526334,
            0.21471396376572094,
            0.420735374461789
        ],
        "R_Wrist": [
            0.5093029322208841,
            -0.144020203129718,
            0.574044272117721
        ]
    }
}