{
    "video": "edition7_sequence_0.mp4",
    "peak_id": 20,
    "frame_idx": 3244,
    "timestamp": 129.76,
    "total_score": 0.973,
    "skeleton_3d": {
        "Pelvis": [
            0.0,
            0.0,
            0.0
        ],
        "R_Hip": [
            0.1319280060838581,
            -0.05491679565726596,
            -0.09197635651340956
        ],
        "R_Knee": [
            0.22337091801543782,
            0.015262864857545265,
            -0.7535524171178775
        ],
        "R_Ankle": [
            0.05359000533530672,
            0.0018606550521847085,
            -1.419050693679899
        ],
        "L_Hip": [
            -0.12479941508751533,
            0.06732423155717362,
            0.09356041216908306
        ],
        "L_Knee": [
            -0.6778968684871902,
            -0.08615063930664564,
            0.37828689702486384
        ],
        "L_Ankle": [
            -1.2899733693450586,
            -0.18805148155517276,
            0.7629742027470772
        ],
        "Spine": [
            0.18006036974789857,
            -0.044060658311370564,
            0.31236736245507246
        ],
        "Thorax": [
            0.32607460382679243,
            -0.09031339639308375,
            0.6030024533682705
        ],
        "Neck": [
            0.4886947916077556,
            -0.1087209804701462,
            0.8673220164953511
        ],
        "Head": [
            0.46565455171095393,
            -0.006255748241848109,
            0.9209957416130926
        ],
        "L_Shoulder": [
            0.11759381987215146,
            -0.10983841344323057,
            0.6131425454679141
        ],
        "L_Elbow": [
            -0.23136524457517776,
            -0.11786943040876094,
            0.5524331983605199
        ],
        "L_Wrist": [
            -0.5811565212561658,
            -0.3861067551541736,
            0.5396973298630955
        ],
        "R_Shoulder": [
            0.5314324192229319,
            0.049526905575307346,
            0.5639176018641527
        ],
        "R_Elbow": [
            0.954062031627998,
            0.017922631516139657,
            0.6442524134144164
        ],
        "R_Wrist": [
            1.1620753687791847,
            -0.08855229096972471,
            0.9713819191922843
        ]
    }
}