{
    "video": "edition7_sequence_3.mp4",
    "peak_id": 10,
    "frame_idx": 1933,
    "timestamp": 77.32,
    "total_score": 1.0,
    "skeleton_3d": {
        "Pelvis": [
            0.0,
            0.0,
            0.0
        ],
        "R_Hip": [
            0.10077375415111471,
            0.17205000673099233,
            0.058146755021424266
        ],
        "R_Knee": [
            0.5631176442861872,
            0.1161316222958988,
            0.30604676502477957
        ],
        "R_Ankle": [
            0.9892593958718353,
            0.24927684281660034,
            0.711497512795678
        ],
        "L_Hip": [
            -0.10314385627590879,
            -0.17667124468497672,
            -0.05431794036062423
        ],
        "L_Knee": [
            -0.08226641284998548,
            -0.10486641450267126,
            -0.6995242570301231
        ],
        "L_Ankle": [
            -0.07424751025513862,
            -0.07675338851384853,
            -1.2653151973404784
        ],
        "Spine": [
            -0.0577882786613846,
            -0.08790014756448655,
            0.31872916767659615
        ],
        "Thorax": [
            -0.10417976344811103,
            -0.2181096017851233,
            0.6229915800626655
        ],
        "Neck": [
            -0.014627638949180025,
            -0.22420223586884638,
            0.9149960683458092
        ],
        "Head": [
            -0.02346127899362518,
            -0.17443162972767892,
            0.9527719367264469
        ],
        "L_Shoulder": [
            -0.30667117501205104,
            -0.26246653249958746,
            0.5809663887420353
        ],
        "L_Elbow": [
            -0.6283082249338484,
            -0.3345540955127858,
            0.5504947956798456
        ],
        "L_Wrist": [
            -0.9416676028434425,
            -0.32773839023978757,
            0.5578188089105083
        ],
        "R_Shoulder": [
            0.09740840466968977,
            -0.05793952821247298,
            0.6517165947664177
        ],
        "R_Elbow": [
            0.2985024301849285,
            0.1621649143132783,
            0.9639481324909911
        ],
        "R_Wrist": [
            0.4418520804229022,
            0.060737398538193696,
            1.2800737107356943
        ]
    }
}