{
    "video": "edition7_sequence_7.mp4",
    "peak_id": 6,
    "frame_idx": 1242,
    "timestamp": 49.68,
    "total_score": 0.843,
    "skeleton_3d": {
        "Pelvis": [
            0.0,
            0.0,
            0.0
        ],
        "R_Hip": [
            0.027373650714558637,
            0.0018730744277245903,
            -0.041094575780050505
        ],
        "R_Knee": [
            -0.030094329424203526,
            0.003978770927517841,
            -0.6666619215381878
        ],
        "R_Ankle": [
            -0.035449867816001186,
            0.04471535246156107,
            -1.1288923815452692
        ],
        "L_Hip": [
            -0.042082226639061936,
            -0.09234914760865874,
            0.04280548216683715
        ],
        "L_Knee": [
            0.3432806062009355,
            0.3243751625666629,
            0.2351282299059552
        ],
        "L_Ankle": [
            0.9416582898881171,
            0.49155115642861374,
            0.3625399482944322
        ],
        "Spine": [
            -0.02237778844073374,
            -0.026413747230296124,
            0.3420486384988974
        ],
        "Thorax": [
            -0.04041626290615005,
            -0.14104719536565713,
            0.6917458180851561
        ],
        "Neck": [
            0.052126807209767465,
            -0.1133977598009381,
            0.9688194908074161
        ],
        "Head": [
            0.0212705841649074,
            -0.12096738076753297,
            1.0123441003985745
        ],
        "L_Shoulder": [
            -0.18532813870498446,
            -0.16449337295018163,
            0.6279205389560047
        ],
        "L_Elbow": [
            -0.2842109247321132,
            0.14335269477739548,
            0.4853825952273942
        ],
        "L_Wrist": [
            -0.3599978683696939,
            0.28672499312844385,
            0.458547101389612
        ],
        "R_Shoulder": [
            0.10669767647600892,
            0.07306499755240291,
            0.7465933798784917
        ],
        "R_Elbow": [
            0.26012593367610576,
            0.22445711900889814,
            0.9802264326324917
        ],
        "R_Wrist": [
            0.278546548561069,
            0.12612824634327524,
            1.27968253053524
        ]
    }
}