{
    "video": "edition7_sequence_3.mp4",
    "peak_id": 9,
    "frame_idx": 1728,
    "timestamp": 69.12,
    "total_score": 0.948,
    "skeleton_3d": {
        "Pelvis": [
            0.0,
            0.0,
            0.0
        ],
        "R_Hip": [
            0.0965313865142681,
            0.1656583744689274,
            0.06557144804806382
        ],
        "R_Knee": [
            0.48065221706842715,
            0.08109295784690833,
            0.2921758620340109
        ],
        "R_Ankle": [
            0.8402916134576044,
            0.33984701975515186,
            0.6226466888947774
        ],
        "L_Hip": [
            -0.09892690533329665,
            -0.17033412414660112,
            -0.060000473397745335
        ],
        "L_Knee": [
            -0.07011146042833835,
            -0.11988013084966358,
            -0.6931715486304927
        ],
        "L_Ankle": [
            -0.06789524336052308,
            -0.1154791038089969,
            -1.2355755722312514
        ],
        "Spine": [
            -0.04516204511493285,
            -0.09127620855523709,
            0.3221464103643584
        ],
        "Thorax": [
            -0.08536409126006748,
            -0.2262899080932912,
            0.6374585470698892
        ],
        "Neck": [
            -0.016489580711651203,
            -0.23807557305930352,
            0.9120143343233783
        ],
        "Head": [
            -0.030363880629651126,
            -0.191021767844531,
            0.9620557911837633
        ],
        "L_Shoulder": [
            -0.2749628939175372,
            -0.2604221315158862,
            0.5849625524291331
        ],
        "L_Elbow": [
            -0.5300793099018841,
            -0.052891817339593444,
            0.5474369035867687
        ],
        "L_Wrist": [
            -0.7767770810897213,
            0.0547191532588209,
            0.530028744268536
        ],
        "R_Shoulder": [
            0.10982088800769096,
            -0.08259612091416328,
            0.6794945830608927
        ],
        "R_Elbow": [
            0.2197224509298525,
            0.11582643386902741,
            1.0196265325835345
        ],
        "R_Wrist": [
            0.28975047946620835,
            0.05553515897306057,
            1.3659412953078396
        ]
    }
}