{
    "video": "edition7_sequence_5.mp4",
    "peak_id": 7,
    "frame_idx": 1713,
    "timestamp": 68.52,
    "total_score": 0.667,
    "skeleton_3d": {
        "Pelvis": [
            0.0,
            0.0,
            0.0
        ],
        "R_Hip": [
            0.12547524264732624,
            -0.12465793568353198,
            -0.04445455666083577
        ],
        "R_Knee": [
            0.05341516537295281,
            -0.2323125756392709,
            -0.6901972807735774
        ],
        "R_Ankle": [
            0.007297765519991739,
            -0.17016407083055113,
            -1.2497664267836823
        ],
        "L_Hip": [
            -0.12483326551619305,
            0.12085091664210008,
            0.045924480965664295
        ],
        "L_Knee": [
            -0.6165470561702705,
            -0.07751421616136726,
            -0.24540601476368978
        ],
        "L_Ankle": [
            -1.072965388186491,
            0.11166862910268702,
            -0.37877342283750487
        ],
        "Spine": [
            0.0121912324305874,
            -0.018191147667634223,
            0.34333054989886025
        ],
        "Thorax": [
            -0.006121207956030524,
            -0.027169624122444315,
            0.6680600370423727
        ],
        "Neck": [
            -0.16141418700316568,
            -0.13232871265231747,
            0.9052391536532879
        ],
        "Head": [
            -0.15320365635018873,
            -0.05336478457983588,
            0.969326059059984
        ],
        "L_Shoulder": [
            -0.1861842351940715,
            0.04607037332927657,
            0.5806192459863978
        ],
        "L_Elbow": [
            -0.44546316122180923,
            0.11243670006382735,
            0.32967711799588345
        ],
        "L_Wrist": [
            -0.191383279387543,
            0.15309382321737047,
            0.09946388113571492
        ],
        "R_Shoulder": [
            0.20334768143375084,
            -0.04849487598843306,
            0.7192838498511659
        ],
        "R_Elbow": [
            0.4764791194272569,
            -0.12817003267110602,
            0.9763472625620858
        ],
        "R_Wrist": [
            0.7277795701702743,
            -0.191757609181039,
            1.2214150334637257
        ]
    }
}