{
    "video": "edition7_sequence_9.mp4",
    "peak_id": 6,
    "frame_idx": 711,
    "timestamp": 28.44,
    "total_score": 1.0,
    "skeleton_3d": {
        "Pelvis": [
            0.0,
            0.0,
            0.0
        ],
        "R_Hip": [
            0.09770285241663862,
            0.16591374243958593,
            0.08890369889795062
        ],
        "R_Knee": [
            0.6072914828133084,
            0.169346757329296,
            0.45692541315732366
        ],
        "R_Ankle": [
            0.9535753839793846,
            0.3443192139627183,
            0.8155250690799144
        ],
        "L_Hip": [
            -0.10115066541243521,
            -0.17356515747320544,
            -0.08610501345968961
        ],
        "L_Knee": [
            -0.2285071664719853,
            -0.1620304600166729,
            -0.7219958508968969
        ],
        "L_Ankle": [
            -0.11305720262574757,
            -0.20780221892404246,
            -1.3187064911331468
        ],
        "Spine": [
            -0.09001839483693225,
            -0.10794175746605529,
            0.33074873136132504
        ],
        "Thorax": [
            -0.1796684035371167,
            -0.2274199464847773,
            0.6538835274811079
        ],
        "Neck": [
            -0.30809499491996073,
            -0.24513002257550995,
            0.8565075604815432
        ],
        "Head": [
            -0.30168834032150726,
            -0.1542733379800483,
            0.8910465586710438
        ],
        "L_Shoulder": [
            -0.36875936086705396,
            -0.25192788343294803,
            0.5594702408588413
        ],
        "L_Elbow": [
            -0.6069109142869117,
            -0.003710226641607007,
            0.41483018578251196
        ],
        "L_Wrist": [
            -0.9201724956302877,
            0.07843923020095803,
            0.32434300938600263
        ],
        "R_Shoulder": [
            0.021537297298600717,
            -0.15903075057697058,
            0.7439676941071308
        ],
        "R_Elbow": [
            0.15256079418350005,
            0.014180020124864672,
            1.1074925327845702
        ],
        "R_Wrist": [
            0.12506020075805527,
            -0.023654603177065168,
            1.475713595238196
        ]
    }
}