{
    "video": "edition7_sequence_6.mp4",
    "peak_id": 5,
    "frame_idx": 1303,
    "timestamp": 52.12,
    "total_score": 0.655,
    "skeleton_3d": {
        "Pelvis": [
            0.0,
            0.0,
            0.0
        ],
        "R_Hip": [
            0.1590800872032692,
            0.1071274868105067,
            0.018291892844916398
        ],
        "R_Knee": [
            0.6127422963588833,
            0.22385311274799793,
            -0.28569440304883514
        ],
        "R_Ankle": [
            1.0576873161508764,
            0.3271053682706234,
            -0.7739255982959324
        ],
        "L_Hip": [
            -0.15823765898210937,
            -0.08379249273738258,
            -0.013559173052088267
        ],
        "L_Knee": [
            -0.2082762458593493,
            -0.1396060773383382,
            -0.672836875480418
        ],
        "L_Ankle": [
            0.08474335244053686,
            -0.1832037932047427,
            -1.2253196467524792
        ],
        "Spine": [
            0.07233652161271058,
            -0.017002056696891758,
            0.3547447797036521
        ],
        "Thorax": [
            0.15941558832117295,
            -0.12263493040118767,
            0.6724498671674533
        ],
        "Neck": [
            0.31020632116146735,
            -0.13729141673244163,
            0.9177431636155178
        ],
        "Head": [
            0.30288699762820237,
            -0.057864574983303815,
            0.977962169367389
        ],
        "L_Shoulder": [
            -0.07872258138663378,
            -0.1473954584535811,
            0.7791164273333462
        ],
        "L_Elbow": [
            -0.4104630913613813,
            -0.0799602460094771,
            0.8856411954396379
        ],
        "L_Wrist": [
            -0.6542288191268824,
            -0.1768167217280821,
            1.076573424274468
        ],
        "R_Shoulder": [
            0.3858699552897544,
            -0.010043149062234474,
            0.5589027038781414
        ],
        "R_Elbow": [
            0.6495696078620629,
            0.06523055850294494,
            0.24459386408469966
        ],
        "R_Wrist": [
            0.3628263123954557,
            -0.14927333241056007,
            0.14766864380540654
        ]
    }
}