{
    "video": "edition7_sequence_10.mp4",
    "peak_id": 7,
    "frame_idx": 1355,
    "timestamp": 54.2,
    "total_score": 0.759,
    "skeleton_3d": {
        "Pelvis": [
            0.0,
            0.0,
            0.0
        ],
        "R_Hip": [
            -0.11107989642004969,
            -0.1912426800548122,
            -0.021682323594029235
        ],
        "R_Knee": [
            -0.7069637306716257,
            -0.0030781479925583058,
            -0.26260967983951566
        ],
        "R_Ankle": [
            -1.2498656577184446,
            0.09859304184837549,
            -0.3513929806032994
        ],
        "L_Hip": [
            0.10542655421880784,
            0.19159406418822558,
            0.018704417802661168
        ],
        "L_Knee": [
            0.38490268461489946,
            0.22168058625682635,
            -0.5167428281352865
        ],
        "L_Ankle": [
            0.8033157051835357,
            -0.08004659742712956,
            -0.981378235455529
        ],
        "Spine": [
            0.017129068087081263,
            -0.033839671990586295,
            0.3804646522114628
        ],
        "Thorax": [
            0.022302155531794668,
            -0.10823432174263121,
            0.7478137828763071
        ],
        "Neck": [
            -0.14446911823276135,
            -0.11826987884282168,
            1.0116630415222199
        ],
        "Head": [
            -0.11632824878086818,
            -0.19306379145967706,
            1.0769026088231681
        ],
        "L_Shoulder": [
            0.21520906127969544,
            0.04852507452275654,
            0.7705627275750407
        ],
        "L_Elbow": [
            0.5505489616198831,
            0.22345325686637454,
            0.7406576701215098
        ],
        "L_Wrist": [
            0.7593423032742023,
            0.4432248674558826,
            0.7496057763319549
        ],
        "R_Shoulder": [
            -0.15727848811966663,
            -0.2424090418065996,
            0.6918824315817956
        ],
        "R_Elbow": [
            -0.40652047719459566,
            -0.12427862773223101,
            0.6384862376955673
        ],
        "R_Wrist": [
            -0.6339027613788467,
            0.1088521302502862,
            0.5987165634897947
        ]
    }
}