{
    "video": "edition7_sequence_3.mp4",
    "peak_id": 3,
    "frame_idx": 740,
    "timestamp": 29.6,
    "total_score": 0.512,
    "skeleton_3d": {
        "Pelvis": [
            0.0,
            0.0,
            0.0
        ],
        "R_Hip": [
            -0.04421020412516187,
            -0.1893783939621619,
            -0.031234729081911272
        ],
        "R_Knee": [
            0.05457589073843939,
            -0.16179799367758693,
            -0.7135925615523386
        ],
        "R_Ankle": [
            0.15729686354303696,
            -0.2112113055734707,
            -1.3277169603610564
        ],
        "L_Hip": [
            0.032802162145374514,
            0.17601992303069502,
            0.03304459082771793
        ],
        "L_Knee": [
            0.06302167456455685,
            0.6297069735958265,
            -0.06302257552270092
        ],
        "L_Ankle": [
            0.15931369027227166,
            1.0250187468169063,
            -0.13785425773539736
        ],
        "Spine": [
            -0.009877749496982047,
            -0.07444636298753382,
            0.3516011432926511
        ],
        "Thorax": [
            -0.02635252025551067,
            -0.18139476974024324,
            0.7164077507037652
        ],
        "Neck": [
            -0.19651332980067535,
            -0.21997463458042435,
            0.9637491662645558
        ],
        "Head": [
            -0.17702353364993018,
            -0.28399250636846385,
            1.0081706308861869
        ],
        "L_Shoulder": [
            0.05624101036602837,
            0.05760652593991799,
            0.7374491386617867
        ],
        "L_Elbow": [
            0.11252735240560528,
            0.27340924191047056,
            1.0527805163606272
        ],
        "L_Wrist": [
            0.013168240181441308,
            0.16310747603965758,
            1.285562675326176
        ],
        "R_Shoulder": [
            -0.07016056894357735,
            -0.33453395974390693,
            0.670805818088632
        ],
        "R_Elbow": [
            -0.30149683197105176,
            -0.44680412761725,
            0.7755049296284585
        ],
        "R_Wrist": [
            -0.5627120665217225,
            -0.28328331752006,
            0.8467849922722437
        ]
    }
}