{
    "video": "edition7_sequence_4.mp4",
    "peak_id": 17,
    "frame_idx": 3906,
    "timestamp": 156.24,
    "total_score": 0.587,
    "skeleton_3d": {
        "Pelvis": [
            0.0,
            0.0,
            0.0
        ],
        "R_Hip": [
            0.10245361679891622,
            0.18397407770810484,
            0.026274304066074908
        ],
        "R_Knee": [
            0.47763409053020556,
            0.1821627628246644,
            0.12324427784905718
        ],
        "R_Ankle": [
            -0.05047498409638842,
            0.453920843426627,
            0.02543915151520724
        ],
        "L_Hip": [
            -0.10392893144356956,
            -0.18360834488189035,
            -0.021695485602255652
        ],
        "L_Knee": [
            -0.09102567995560049,
            -0.3522166936960478,
            -0.6309231794044446
        ],
        "L_Ankle": [
            -0.08408549374093394,
            -0.6176750801899921,
            -1.266152240920468
        ],
        "Spine": [
            -0.0428244373375989,
            -0.0685185827200069,
            0.3287354299199551
        ],
        "Thorax": [
            -0.10511562626756137,
            -0.26571708514839976,
            0.6371502392529019
        ],
        "Neck": [
            -0.24346328064227485,
            -0.26764514601069755,
            0.9109356988738965
        ],
        "Head": [
            -0.2522858445101211,
            -0.199982797377517,
            0.9478307597512465
        ],
        "L_Shoulder": [
            -0.2907358002766976,
            -0.31487008093331786,
            0.5134962425775197
        ],
        "L_Elbow": [
            -0.6611285966894087,
            -0.24503579193240305,
            0.43060882910433607
        ],
        "L_Wrist": [
            -1.0450538691147153,
            -0.2499503120519433,
            0.4480836702029444
        ],
        "R_Shoulder": [
            0.10333519901656732,
            -0.052607047909895926,
            0.7444198830467805
        ],
        "R_Elbow": [
            0.26842887941459775,
            0.1748093847911667,
            1.1061949435750116
        ],
        "R_Wrist": [
            0.3783594954938392,
            0.08769278576715457,
            1.4797011127629693
        ]
    }
}