{
    "video": "edition7_sequence_7.mp4",
    "peak_id": 0,
    "frame_idx": 99,
    "timestamp": 3.96,
    "total_score": 0.968,
    "skeleton_3d": {
        "Pelvis": [
            0.0,
            0.0,
            0.0
        ],
        "R_Hip": [
            0.024793956247929398,
            0.16973915238584306,
            0.058135723841705185
        ],
        "R_Knee": [
            0.46936113541314073,
            0.2675470524076208,
            0.19559142853176986
        ],
        "R_Ankle": [
            0.9103766188259653,
            0.40766920377994886,
            0.40743116195290635
        ],
        "L_Hip": [
            -0.022366768786362196,
            -0.1709891201842892,
            -0.05954723859606077
        ],
        "L_Knee": [
            0.0015772657074029036,
            -0.06581485980918442,
            -0.689663811295363
        ],
        "L_Ankle": [
            -0.04287296412146023,
            0.012276559571612881,
            -1.2301581798035397
        ],
        "Spine": [
            -0.15670332478081075,
            -0.07632306497621986,
            0.30328788626053127
        ],
        "Thorax": [
            -0.3251506452097477,
            -0.18451346540577235,
            0.6125024703240508
        ],
        "Neck": [
            -0.43346357690151216,
            -0.22653691332471626,
            0.8692691828056123
        ],
        "Head": [
            -0.4280265313731374,
            -0.23009498857442903,
            0.924672271572232
        ],
        "L_Shoulder": [
            -0.36284313837986587,
            -0.16438841179396604,
            0.5998824240195001
        ],
        "L_Elbow": [
            -0.6604132221328979,
            -0.033543249198300935,
            0.4568171584829121
        ],
        "L_Wrist": [
            -0.9682911788807977,
            -0.16277701991264346,
            0.4257889854763615
        ],
        "R_Shoulder": [
            -0.2669581648211975,
            -0.0871197274327233,
            0.5970904085005684
        ],
        "R_Elbow": [
            -0.6406649695859433,
            -0.0331652041462448,
            0.45411251164250566
        ],
        "R_Wrist": [
            -0.9579302369781136,
            0.05432367427324916,
            0.43267314565894543
        ]
    }
}