{
    "video": "edition7_sequence_8.mp4",
    "peak_id": 2,
    "frame_idx": 902,
    "timestamp": 36.08,
    "total_score": 0.797,
    "skeleton_3d": {
        "Pelvis": [
            0.0,
            0.0,
            0.0
        ],
        "R_Hip": [
            0.11413514511324913,
            0.1369239295195771,
            0.06835847825508927
        ],
        "R_Knee": [
            0.7025338415061297,
            0.20402432152888123,
            -0.027404485466374175
        ],
        "R_Ankle": [
            1.3352023644435453,
            0.3258361345709606,
            -0.06417901130609766
        ],
        "L_Hip": [
            -0.10194681557792568,
            -0.11977880847415819,
            -0.060467958876174684
        ],
        "L_Knee": [
            -0.30680254128107637,
            -0.09908216378129382,
            -0.6062023248358258
        ],
        "L_Ankle": [
            0.00814858471048746,
            -0.07486787115372541,
            -1.1205040154643102
        ],
        "Spine": [
            -0.10290990664843393,
            -0.05361840521072684,
            0.35306321460070744
        ],
        "Thorax": [
            -0.19529604210205995,
            -0.11412214170064525,
            0.7030420683426659
        ],
        "Neck": [
            -0.2564640949906492,
            -0.19007389590579118,
            0.9624717677920968
        ],
        "Head": [
            -0.23215670643574252,
            -0.10045703768607257,
            1.0141186976666907
        ],
        "L_Shoulder": [
            -0.38880128338684833,
            -0.13629387164439255,
            0.7213765398379004
        ],
        "L_Elbow": [
            -0.6803684917414639,
            -0.18708476377710195,
            0.9026105700229182
        ],
        "L_Wrist": [
            -0.9794254956177977,
            -0.2877455661539493,
            1.0820922749087054
        ],
        "R_Shoulder": [
            -0.017012373824180423,
            0.0866639108209621,
            0.6851773724713708
        ],
        "R_Elbow": [
            0.1802351493480438,
            0.5047319081153621,
            0.7229723380770022
        ],
        "R_Wrist": [
            0.386738115762775,
            0.5922225625416837,
            0.7547123314436144
        ]
    }
}