{
    "video": "edition7_sequence_12.mp4",
    "peak_id": 10,
    "frame_idx": 1299,
    "timestamp": 51.96,
    "total_score": 0.416,
    "skeleton_3d": {
        "Pelvis": [
            0.0,
            0.0,
            0.0
        ],
        "R_Hip": [
            -0.11784353913286062,
            -0.07508986694613443,
            -0.04526111211611788
        ],
        "R_Knee": [
            -0.21764609917843877,
            -0.005929915646678498,
            -0.5720788660702752
        ],
        "R_Ankle": [
            -0.15888367790818708,
            -0.11580008618318595,
            -1.1254810666915787
        ],
        "L_Hip": [
            0.11767996469610986,
            0.09990416277783952,
            0.050303862290596926
        ],
        "L_Knee": [
            0.34275468375487944,
            0.48106811635469615,
            -0.209181028552038
        ],
        "L_Ankle": [
            0.7494190877100544,
            0.6345945093384915,
            -0.3701325693172708
        ],
        "Spine": [
            -0.10407231812940566,
            -0.05334521633617109,
            0.33091389128325277
        ],
        "Thorax": [
            -0.21133567050027874,
            -0.10808825058639407,
            0.6450381619490487
        ],
        "Neck": [
            -0.3628340303944676,
            -0.10558096263439502,
            0.836595892051042
        ],
        "Head": [
            -0.3494631295337839,
            -0.19062035692535317,
            0.8905064350613966
        ],
        "L_Shoulder": [
            -0.0008971652923706693,
            -0.04007630984179904,
            0.7016893483525102
        ],
        "L_Elbow": [
            0.3589578586858608,
            0.07503260654081673,
            0.7479795110847336
        ],
        "L_Wrist": [
            0.7042515936678001,
            0.14592592174409946,
            0.8478308091110732
        ],
        "R_Shoulder": [
            -0.4166631836657813,
            -0.1913134089074783,
            0.5814179002288811
        ],
        "R_Elbow": [
            -0.7868658963950378,
            -0.28159846657322163,
            0.4923400691362558
        ],
        "R_Wrist": [
            -1.1760033088048245,
            -0.2649976720208304,
            0.43992339375209893
        ]
    }
}