{
    "video": "edition7_sequence_10.mp4",
    "peak_id": 2,
    "frame_idx": 152,
    "timestamp": 6.08,
    "total_score": 0.409,
    "skeleton_3d": {
        "Pelvis": [
            0.0,
            0.0,
            0.0
        ],
        "R_Hip": [
            0.14617458079292356,
            -0.016756232708589277,
            -0.008213103272457677
        ],
        "R_Knee": [
            0.22758294165276757,
            -0.05259296992085971,
            -0.5311272940081663
        ],
        "R_Ankle": [
            0.3122898262108311,
            -0.1193101841081763,
            -1.0354684045372688
        ],
        "L_Hip": [
            -0.14338114622352768,
            0.031031641792475754,
            0.010591510956593473
        ],
        "L_Knee": [
            -0.35491705054353945,
            0.11953734640898434,
            -0.46640512574010834
        ],
        "L_Ankle": [
            -0.6567228432603216,
            0.30444796093969395,
            -0.791986156298217
        ],
        "Spine": [
            -0.024152931896048366,
            -0.0252428403228982,
            0.325460294595517
        ],
        "Thorax": [
            -0.04424175727291077,
            -0.062413582711873215,
            0.639346850328244
        ],
        "Neck": [
            -0.15532394917141426,
            -0.1555464769695031,
            0.8407048133363766
        ],
        "Head": [
            -0.15682752279973552,
            -0.06476638715740443,
            0.8877091821522223
        ],
        "L_Shoulder": [
            -0.26100150463920674,
            -0.07835251549086612,
            0.6385720761417043
        ],
        "L_Elbow": [
            -0.45139201251913835,
            -0.3223339402843964,
            0.8000029859915981
        ],
        "L_Wrist": [
            -0.5343886461278752,
            -0.35138739893909243,
            1.1161410500350366
        ],
        "R_Shoulder": [
            0.1649778452827807,
            -0.03739558743842345,
            0.6438311378252759
        ],
        "R_Elbow": [
            0.442673557336775,
            0.13189791155430286,
            0.5700464144925496
        ],
        "R_Wrist": [
            0.7039999788392997,
            0.15948539816459514,
            0.44985034757851944
        ]
    }
}