{
    "video": "edition7_sequence_4.mp4",
    "peak_id": 10,
    "frame_idx": 1880,
    "timestamp": 75.2,
    "total_score": 0.75,
    "skeleton_3d": {
        "Pelvis": [
            0.0,
            0.0,
            0.0
        ],
        "R_Hip": [
            0.011290817563119303,
            -0.17655464159755488,
            0.019073199140808784
        ],
        "R_Knee": [
            -0.5012052209623499,
            0.13496907330667848,
            0.2823810737217473
        ],
        "R_Ankle": [
            -0.915534179391702,
            0.33388334956720644,
            0.5927077727042513
        ],
        "L_Hip": [
            -0.009973305357204934,
            0.14955443394917717,
            -0.0157310022367507
        ],
        "L_Knee": [
            0.015394127787573802,
            0.06242816839934422,
            -0.6562798249218356
        ],
        "L_Ankle": [
            -0.029288265170187455,
            -0.15900022001603636,
            -1.2077653572055262
        ],
        "Spine": [
            0.0624351699609383,
            0.007342313490344942,
            0.3440998687160404
        ],
        "Thorax": [
            0.11466591102233535,
            -0.0241325751859,
            0.6976179899318274
        ],
        "Neck": [
            0.06733420987624435,
            -0.02822570249574707,
            0.9558601608433122
        ],
        "Head": [
            0.09404311415711805,
            -0.002399696378209478,
            0.9327565437904464
        ],
        "L_Shoulder": [
            0.1167034023742809,
            0.18120873025565698,
            0.7035827295609063
        ],
        "L_Elbow": [
            0.07554567528760664,
            0.28104590251396433,
            1.044704009896517
        ],
        "L_Wrist": [
            0.07585206007786922,
            0.12685033427275683,
            1.358237601343835
        ],
        "R_Shoulder": [
            0.12377208442381406,
            -0.17035577802065707,
            0.6736203000516058
        ],
        "R_Elbow": [
            0.03782450739582041,
            -0.33460932583139624,
            1.026360745708732
        ],
        "R_Wrist": [
            0.0441284276318902,
            -0.2018143555694964,
            1.3577299438145831
        ]
    }
}