{
    "video": "edition7_sequence_0.mp4",
    "peak_id": 15,
    "frame_idx": 2095,
    "timestamp": 83.8,
    "total_score": 0.549,
    "skeleton_3d": {
        "Pelvis": [
            0.0,
            0.0,
            0.0
        ],
        "R_Hip": [
            0.13194376692287976,
            0.17317171432230952,
            0.03489867940862804
        ],
        "R_Knee": [
            0.6592842581380397,
            0.03882900554881568,
            0.034923548346709216
        ],
        "R_Ankle": [
            0.6398009789185447,
            0.5278835817142917,
            -0.31589927452063915
        ],
        "L_Hip": [
            -0.1387791506700714,
            -0.16627570569137043,
            -0.029186054266316
        ],
        "L_Knee": [
            -0.08564381603501317,
            -0.1961191161062396,
            -0.7594440158147687
        ],
        "L_Ankle": [
            0.03159239106547845,
            -0.17372308990268528,
            -1.4019159405941903
        ],
        "Spine": [
            0.039373256644039054,
            -0.0583237058555131,
            0.35515593405231166
        ],
        "Thorax": [
            0.05397917700693462,
            -0.2385221756074016,
            0.6694856170492107
        ],
        "Neck": [
            0.19827620890344919,
            -0.2687402908040864,
            0.903515690077859
        ],
        "Head": [
            0.18193457771428392,
            -0.11049771087363275,
            0.9419457586940141
        ],
        "L_Shoulder": [
            -0.1657376547127309,
            -0.31253418948935546,
            0.6116820978938531
        ],
        "L_Elbow": [
            -0.5165838264454032,
            -0.22778212208318038,
            0.5460524225236636
        ],
        "L_Wrist": [
            -0.8697873845261527,
            -0.24409539227522775,
            0.49420846501473686
        ],
        "R_Shoulder": [
            0.28862098003631026,
            -0.06645235654902087,
            0.7088004501761304
        ],
        "R_Elbow": [
            0.563422718444605,
            0.03587445314034697,
            0.9422170163622475
        ],
        "R_Wrist": [
            0.4624744949204301,
            -0.12987508484387067,
            1.1557209033164946
        ]
    }
}