{
    "video": "112_LucianaSAGIORO_classical_2022_enc.mp4",
    "peak_id": 5,
    "frame_idx": 1021,
    "timestamp": 40.84,
    "total_score": 0.705,
    "skeleton_3d": {
        "Pelvis": [
            0.0,
            0.0,
            0.0
        ],
        "R_Hip": [
            0.08099262803446383,
            0.15559649594363026,
            -0.0017263924991925644
        ],
        "R_Knee": [
            -0.03328349965189436,
            0.14241606519737818,
            -0.6100030300496292
        ],
        "R_Ankle": [
            -0.07971013334153229,
            0.008055369579727894,
            -1.1643592035670276
        ],
        "L_Hip": [
            -0.07948838327046173,
            -0.13262482109658125,
            -0.0035946603938638404
        ],
        "L_Knee": [
            0.1896390561699334,
            -0.48196070888012443,
            0.13882356753820152
        ],
        "L_Ankle": [
            -0.09447547187905463,
            -0.8388949812760658,
            0.2127422113328357
        ],
        "Spine": [
            -0.03144137642896563,
            0.18100995406500847,
            0.2925617999792296
        ],
        "Thorax": [
            -0.03530622517432925,
            0.4389515901720619,
            0.6166758618878053
        ],
        "Neck": [
            -0.08314885358788726,
            0.3418633045643036,
            0.8681430238103142
        ],
        "Head": [
            -0.09573418346699075,
            0.5857700762392735,
            0.8845405154271763
        ],
        "L_Shoulder": [
            -0.2246092202801296,
            0.28623779631640434,
            0.5975309437493717
        ],
        "L_Elbow": [
            -0.36012805945069193,
            -0.11454901945621694,
            0.907568533001108
        ],
        "L_Wrist": [
            -0.39079856747151315,
            -0.028342557844954302,
            1.2474417030593996
        ],
        "R_Shoulder": [
            0.1557008095211872,
            0.36703162019717217,
            0.5559573227485131
        ],
        "R_Elbow": [
            0.24256227626215146,
            0.37273585386428804,
            0.205997269734251
        ],
        "R_Wrist": [
            0.29695954655151324,
            -0.1311330504281297,
            0.16295633789659647
        ]
    }
}