{
    "video": "112_LucianaSAGIORO_classical_2022_enc.mp4",
    "peak_id": 3,
    "frame_idx": 720,
    "timestamp": 28.8,
    "total_score": 0.545,
    "skeleton_3d": {
        "Pelvis": [
            0.0,
            0.0,
            0.0
        ],
        "R_Hip": [
            0.13352123543277167,
            -0.09614592338963426,
            -0.03582451349115976
        ],
        "R_Knee": [
            0.01775648998339976,
            -0.3150193566770014,
            -0.5500471000133704
        ],
        "R_Ankle": [
            -0.09935970296503874,
            -0.0539412709569987,
            -1.0951234644038665
        ],
        "L_Hip": [
            -0.12197722414598094,
            0.10643528327400595,
            0.04219964794662237
        ],
        "L_Knee": [
            -0.5769282610892074,
            -0.039125737777231544,
            -0.18793884350273216
        ],
        "L_Ankle": [
            -0.9846473689637306,
            -0.26802284910618834,
            -0.42858031066719193
        ],
        "Spine": [
            0.0363789951692797,
            -0.07227499196435139,
            0.3098725815688852
        ],
        "Thorax": [
            0.0786193593635964,
            0.015789947598911842,
            0.6565547689929186
        ],
        "Neck": [
            0.16331538313173916,
            -0.1429191022137428,
            0.840135394077831
        ],
        "Head": [
            0.16114717106302182,
            0.04306639759585534,
            0.8997632698930171
        ],
        "L_Shoulder": [
            -0.1417649846156706,
            0.0019422236213084325,
            0.6143426411448846
        ],
        "L_Elbow": [
            -0.4820240309561832,
            0.14968755852555932,
            0.47860285272720826
        ],
        "L_Wrist": [
            -0.7917262208784214,
            0.013313109902570598,
            0.4568229652211288
        ],
        "R_Shoulder": [
            0.29672468660203155,
            -0.12211873894045626,
            0.6071358169092097
        ],
        "R_Elbow": [
            0.563575358690769,
            -0.23064932478615466,
            0.3786952297110464
        ],
        "R_Wrist": [
            0.3393299541180778,
            -0.36120460233542406,
            0.16727012269315092
        ]
    }
}