{
    "video": "117_HeewonMOON_classical_2022_enc.mp4",
    "peak_id": 0,
    "frame_idx": 925,
    "timestamp": 37.0,
    "total_score": 0.997,
    "skeleton_3d": {
        "Pelvis": [
            0.0,
            0.0,
            0.0
        ],
        "R_Hip": [
            0.09006395360761564,
            -0.06789578094981813,
            -0.10462801325552544
        ],
        "R_Knee": [
            -0.0023300224772730034,
            -0.3275328054821002,
            -0.654214525953466
        ],
        "R_Ankle": [
            0.004343696399351002,
            -0.2426404330759703,
            -1.230626076027867
        ],
        "L_Hip": [
            -0.09251983055192628,
            0.10553331985920282,
            0.11256029068288792
        ],
        "L_Knee": [
            -0.4277601234481927,
            -0.00051458895699678,
            0.3937312500423949
        ],
        "L_Ankle": [
            -0.7866195669290118,
            -0.22379650587338976,
            0.5515125974533073
        ],
        "Spine": [
            0.1388848381310891,
            -0.2600360473813007,
            0.23645145073322185
        ],
        "Thorax": [
            0.2634684747450013,
            -0.40110726787994544,
            0.5118527779809096
        ],
        "Neck": [
            0.15596553478324884,
            -0.5357463351573832,
            0.7240158813825586
        ],
        "Head": [
            0.1881851666880548,
            -0.4635967229460483,
            0.7445830114375049
        ],
        "L_Shoulder": [
            0.07061770360917152,
            -0.22461315452248143,
            0.5537535214786239
        ],
        "L_Elbow": [
            -0.12274163092665327,
            0.12637104838792956,
            0.7343221252885643
        ],
        "L_Wrist": [
            -0.2646140193882946,
            0.1333676783732554,
            1.068691567538601
        ],
        "R_Shoulder": [
            0.4691735845903414,
            -0.4918882581269694,
            0.4026823003173829
        ],
        "R_Elbow": [
            0.8314944310987925,
            -0.7025010981889331,
            0.3480263075650366
        ],
        "R_Wrist": [
            1.2060004718252144,
            -0.9252327157531652,
            0.3126066022905272
        ]
    }
}