{
    "video": "117_HeewonMOON_classical_2022_enc.mp4",
    "peak_id": 3,
    "frame_idx": 1545,
    "timestamp": 61.8,
    "total_score": 0.443,
    "skeleton_3d": {
        "Pelvis": [
            0.0,
            0.0,
            0.0
        ],
        "R_Hip": [
            0.020376188521846524,
            -0.19598637655024123,
            0.005269889144684964
        ],
        "R_Knee": [
            -0.29390041609322304,
            -0.4760893911568913,
            -0.25783498722844495
        ],
        "R_Ankle": [
            -0.18898737155674292,
            -0.984314848875477,
            -0.6606298099166326
        ],
        "L_Hip": [
            -0.009221187143609349,
            0.21298272460841844,
            -0.004082083613083643
        ],
        "L_Knee": [
            -0.006851780459224076,
            0.3819994685409192,
            -0.6237022664748753
        ],
        "L_Ankle": [
            -0.07523363075959456,
            0.6663445818255975,
            -1.1896160278535621
        ],
        "Spine": [
            -0.07756538857478477,
            -0.019210182608568303,
            0.3071537373291141
        ],
        "Thorax": [
            -0.13131859048450337,
            -0.06269323475825116,
            0.6555554369492673
        ],
        "Neck": [
            -0.20237464145309175,
            -0.10754287259416,
            0.8620352286666522
        ],
        "Head": [
            -0.16442726656748627,
            -0.14194291827148933,
            0.9008675186733006
        ],
        "L_Shoulder": [
            -0.12954053511246333,
            0.13139532610866303,
            0.6397287386578958
        ],
        "L_Elbow": [
            -0.14473162439085538,
            0.5334715264502318,
            0.49569664947385406
        ],
        "L_Wrist": [
            -0.29922386534884415,
            0.9396374912247677,
            0.42568076295419155
        ],
        "R_Shoulder": [
            -0.13406929166516993,
            -0.30260572429569155,
            0.5899947646438987
        ],
        "R_Elbow": [
            -0.46132175092178135,
            -0.5913372026186363,
            0.46386384829187766
        ],
        "R_Wrist": [
            -0.7822864491061132,
            -0.3685225205365124,
            0.4678920331122035
        ]
    }
}