{
    "video": "117_HeewonMOON_classical_2022_enc.mp4",
    "peak_id": 2,
    "frame_idx": 1166,
    "timestamp": 46.64,
    "total_score": 0.881,
    "skeleton_3d": {
        "Pelvis": [
            0.0,
            0.0,
            0.0
        ],
        "R_Hip": [
            0.11291851474327555,
            0.03566410993128176,
            0.08724686855773804
        ],
        "R_Knee": [
            0.6180590630488976,
            -0.12090105798802521,
            0.2746845932405597
        ],
        "R_Ankle": [
            1.0757005072553665,
            -0.46276982358156526,
            0.4635041922041302
        ],
        "L_Hip": [
            -0.09714854983612033,
            -0.008156950928533887,
            -0.08399297187006244
        ],
        "L_Knee": [
            -0.019472239869585597,
            -0.3528080136842477,
            -0.6097742442195727
        ],
        "L_Ankle": [
            0.017085356697589916,
            -0.4867951655430517,
            -1.1060690046383281
        ],
        "Spine": [
            -0.17116288134765303,
            0.14388009035471644,
            0.26846179072406795
        ],
        "Thorax": [
            -0.29036923285864263,
            0.405409865052534,
            0.5610944816372181
        ],
        "Neck": [
            -0.21620475519849083,
            0.3379881626598163,
            0.7763705311590187
        ],
        "Head": [
            -0.2240642216562815,
            0.5611098458378543,
            0.7947085581850099
        ],
        "L_Shoulder": [
            -0.47348956695288974,
            0.23580784339157046,
            0.5482329385713256
        ],
        "L_Elbow": [
            -0.6730235870483486,
            -0.11420573098726171,
            0.7998570716923126
        ],
        "L_Wrist": [
            -0.8035284127070772,
            -0.1387024049501274,
            1.090788754797774
        ],
        "R_Shoulder": [
            -0.11184413786692597,
            0.39928228543312244,
            0.5216182267045816
        ],
        "R_Elbow": [
            0.18454802482297147,
            0.5021600189067167,
            0.5344949331318863
        ],
        "R_Wrist": [
            0.4975747590031289,
            0.474171365908572,
            0.6220167505872838
        ]
    }
}