{
    "video": "201_MicahLEVINE_classical_2022_enc.mp4",
    "peak_id": 3,
    "frame_idx": 818,
    "timestamp": 32.72,
    "total_score": 0.753,
    "skeleton_3d": {
        "Pelvis": [
            0.0,
            0.0,
            0.0
        ],
        "R_Hip": [
            0.07220301149614451,
            0.016800753111481704,
            0.06048658996140536
        ],
        "R_Knee": [
            0.772577598548681,
            0.0632203947837725,
            0.11627163463609093
        ],
        "R_Ankle": [
            1.3845139194381992,
            -0.09342329001944348,
            0.31851806798778803
        ],
        "L_Hip": [
            -0.05497374044110244,
            0.06201327214398831,
            -0.05938453402078605
        ],
        "L_Knee": [
            0.06149226851283821,
            0.024440464698525503,
            -0.7803842816977234
        ],
        "L_Ankle": [
            0.03551314332548501,
            0.32418488838333026,
            -1.418741192790023
        ],
        "Spine": [
            -0.19984599483104765,
            -0.06381925463232946,
            0.2594532414129493
        ],
        "Thorax": [
            -0.3487660367079855,
            0.020663221650895767,
            0.5630682331833416
        ],
        "Neck": [
            -0.4226914912965805,
            -0.062399288269017944,
            0.7844094363054063
        ],
        "Head": [
            -0.41015992374397414,
            0.19102122035882876,
            0.8215556078748742
        ],
        "L_Shoulder": [
            -0.5474672907497368,
            0.03542281147749633,
            0.49745804151045925
        ],
        "L_Elbow": [
            -0.907098233590361,
            -0.12262002232087005,
            0.5354153139466811
        ],
        "L_Wrist": [
            -1.1917500893926125,
            -0.12778744773526815,
            0.7641947438940723
        ],
        "R_Shoulder": [
            -0.143588429177313,
            -0.11063560767608081,
            0.5504197925627359
        ],
        "R_Elbow": [
            0.14659228296349533,
            -0.05340602622752766,
            0.45750064521550554
        ],
        "R_Wrist": [
            0.45605521732516785,
            -0.17475678440074213,
            0.5079008320570814
        ]
    }
}