{
    "video": "201_MicahLEVINE_classical_2022_enc.mp4",
    "peak_id": 0,
    "frame_idx": 621,
    "timestamp": 24.84,
    "total_score": 0.9,
    "skeleton_3d": {
        "Pelvis": [
            0.0,
            0.0,
            0.0
        ],
        "R_Hip": [
            0.09728745031927584,
            -0.0037365901386857228,
            -0.05559546637920469
        ],
        "R_Knee": [
            0.12464976372187665,
            -0.2565401707337873,
            -0.60699176570066
        ],
        "R_Ankle": [
            0.1492979913883638,
            -0.382704361635168,
            -1.105961022366898
        ],
        "L_Hip": [
            -0.10000394539091317,
            0.05714224749288396,
            0.05772266379605722
        ],
        "L_Knee": [
            -0.4368230036785777,
            -0.05154877532106018,
            0.3951398765050617
        ],
        "L_Ankle": [
            -0.6775508774657977,
            -0.0785767842003532,
            0.7702992810225201
        ],
        "Spine": [
            0.07621730717097208,
            -0.04802502070430953,
            0.286001009231256
        ],
        "Thorax": [
            0.1388851751532468,
            0.054802758114326916,
            0.6019492723001455
        ],
        "Neck": [
            0.23387828040371428,
            -0.009289887639419929,
            0.7750160715963222
        ],
        "Head": [
            0.23702897830206313,
            0.2292936836779822,
            0.8119524635973845
        ],
        "L_Shoulder": [
            -0.06214624069513225,
            -0.053998476434165714,
            0.5683281259796774
        ],
        "L_Elbow": [
            -0.33010151124189063,
            0.026464000028110786,
            0.39660966951473664
        ],
        "L_Wrist": [
            -0.2992408733902159,
            -0.310052692797595,
            0.31157261473719644
        ],
        "R_Shoulder": [
            0.334845320792637,
            -0.0012937689039117242,
            0.5694141954296206
        ],
        "R_Elbow": [
            0.4776408843784134,
            -0.20936513532942,
            0.8279213427679352
        ],
        "R_Wrist": [
            0.4911005143562125,
            -0.06513541477316857,
            1.0909173280374436
        ]
    }
}