{
    "video": "201_MicahLEVINE_classical_2022_enc.mp4",
    "peak_id": 1,
    "frame_idx": 665,
    "timestamp": 26.6,
    "total_score": 0.604,
    "skeleton_3d": {
        "Pelvis": [
            0.0,
            0.0,
            0.0
        ],
        "R_Hip": [
            -0.025693650576014224,
            0.16365189638378824,
            -0.0056620294259557445
        ],
        "R_Knee": [
            -0.12457298821204978,
            0.4392404068291765,
            -0.5498139941979169
        ],
        "R_Ankle": [
            -0.16888426909818327,
            0.8226953387818868,
            -1.0685829645113194
        ],
        "L_Hip": [
            0.019746652467758863,
            -0.1697468912846859,
            -0.00022324961813594091
        ],
        "L_Knee": [
            0.49690879784477066,
            0.1987104962047248,
            -0.17824878177015946
        ],
        "L_Ankle": [
            0.9779477555023538,
            0.22255268687125573,
            -0.33963389950755546
        ],
        "Spine": [
            0.01659226357807904,
            -0.097337993872206,
            0.33851544557462165
        ],
        "Thorax": [
            0.04828222777211852,
            -0.1907619159734219,
            0.7033936472090079
        ],
        "Neck": [
            0.04976775338703322,
            -0.2188796378328137,
            0.912942043823845
        ],
        "Head": [
            0.024391462620949943,
            -0.3183117227736947,
            0.9692252118588975
        ],
        "L_Shoulder": [
            -0.02012989314579388,
            -0.35418480686944237,
            0.6355752109262118
        ],
        "L_Elbow": [
            0.23574422096651637,
            -0.7372972588346768,
            0.42898227529152255
        ],
        "L_Wrist": [
            0.5955558556959425,
            -0.752799780331506,
            0.39242788464705636
        ],
        "R_Shoulder": [
            0.12505673401388345,
            0.013524541598681777,
            0.6866976271875578
        ],
        "R_Elbow": [
            0.35985981859616456,
            0.3552988950729149,
            0.5213362949669188
        ],
        "R_Wrist": [
            0.6802688378030598,
            0.29551236701032346,
            0.46517352915490384
        ]
    }
}