{
    "video": "207_GeonHeePARK_classical_2022_enc.mp4",
    "peak_id": 0,
    "frame_idx": 209,
    "timestamp": 8.36,
    "total_score": 0.45,
    "skeleton_3d": {
        "Pelvis": [
            0.0,
            0.0,
            0.0
        ],
        "R_Hip": [
            -0.10418076588964965,
            0.17807401413171883,
            0.011787165709902148
        ],
        "R_Knee": [
            -0.04323192829141496,
            0.39090266379887684,
            -0.5750034281465991
        ],
        "R_Ankle": [
            -0.03275033164793737,
            0.68801787330307,
            -1.085489135059697
        ],
        "L_Hip": [
            0.10685278818810598,
            -0.17344338252122407,
            -0.010823258495818455
        ],
        "L_Knee": [
            0.39174361026883603,
            0.2818162018013777,
            -0.43705678863405045
        ],
        "L_Ankle": [
            0.4669863526776719,
            0.5072878961586933,
            -0.8247160018008993
        ],
        "Spine": [
            -0.004166829139766564,
            -0.17676413214061715,
            0.311425695964964
        ],
        "Thorax": [
            0.002856629559331866,
            -0.3299343510347411,
            0.6524493995471325
        ],
        "Neck": [
            0.18649033794043557,
            -0.38733662718617773,
            0.8383369891708623
        ],
        "Head": [
            0.1652565052113746,
            -0.5496829666436825,
            0.8922772858802503
        ],
        "L_Shoulder": [
            0.12262070953292799,
            -0.497017435912172,
            0.5809844400288672
        ],
        "L_Elbow": [
            0.45205366734832214,
            -0.7553973855208219,
            0.5466037408062095
        ],
        "L_Wrist": [
            0.7826279831100459,
            -0.49753754673233724,
            0.6160425173010079
        ],
        "R_Shoulder": [
            -0.13490145761063752,
            -0.14891308601369146,
            0.6419635173278978
        ],
        "R_Elbow": [
            -0.342658972083345,
            0.25667908745784973,
            0.5139852747107345
        ],
        "R_Wrist": [
            -0.22276979609869874,
            0.5582395466535043,
            0.7100538389148878
        ]
    }
}