{
    "video": "210_MiguelOLIVEIRA_classical_2022_enc.mp4",
    "peak_id": 8,
    "frame_idx": 1602,
    "timestamp": 64.08,
    "total_score": 0.789,
    "skeleton_3d": {
        "Pelvis": [
            0.0,
            0.0,
            0.0
        ],
        "R_Hip": [
            0.06546563039282301,
            0.007141213199408912,
            -0.030035868919584832
        ],
        "R_Knee": [
            0.19229043431663484,
            -0.09919397400145037,
            -0.6142784806344309
        ],
        "R_Ankle": [
            0.3556582014350999,
            0.007164521796631735,
            -1.1773909354232495
        ],
        "L_Hip": [
            -0.06862584491922906,
            0.05621408404218324,
            0.034538179812620785
        ],
        "L_Knee": [
            -0.6555816678994364,
            0.1702973213731438,
            -0.02638406437549077
        ],
        "L_Ankle": [
            -1.1914969255249461,
            0.3234662561942744,
            0.019414312670378454
        ],
        "Spine": [
            0.09812261495293625,
            -0.1808368129434564,
            0.2705234883061617
        ],
        "Thorax": [
            0.19589239107552414,
            -0.20914141671620562,
            0.587509041312633
        ],
        "Neck": [
            0.2818649889959682,
            -0.31449299185731894,
            0.7797289766187641
        ],
        "Head": [
            0.24899479465408814,
            -0.1493229940258893,
            0.8354154844712309
        ],
        "L_Shoulder": [
            0.006552155260948837,
            -0.21984884375598393,
            0.5736844579195307
        ],
        "L_Elbow": [
            -0.28600886239115497,
            0.19703794474620387,
            0.4604432552695832
        ],
        "L_Wrist": [
            -0.5864818822707044,
            0.15034764840077805,
            0.49999302827334174
        ],
        "R_Shoulder": [
            0.3806759699403552,
            -0.24884976952136928,
            0.5181378185323477
        ],
        "R_Elbow": [
            0.6619209801772842,
            -0.42369708868354294,
            0.3639855808980451
        ],
        "R_Wrist": [
            0.9726491382514462,
            -0.6334063281510169,
            0.3936240426473078
        ]
    }
}