{
    "video": "210_MiguelOLIVEIRA_classical_2022_enc.mp4",
    "peak_id": 5,
    "frame_idx": 1053,
    "timestamp": 42.12,
    "total_score": 0.416,
    "skeleton_3d": {
        "Pelvis": [
            0.0,
            0.0,
            0.0
        ],
        "R_Hip": [
            0.12500419567297813,
            -0.07741136746948152,
            -0.010010617873680457
        ],
        "R_Knee": [
            0.030689076979994886,
            -0.18691850921184913,
            -0.5567991414322145
        ],
        "R_Ankle": [
            0.044507599592261984,
            -0.08949560152407982,
            -1.0545651372489924
        ],
        "L_Hip": [
            -0.11608975113744198,
            0.1009285249030282,
            0.013211045264613641
        ],
        "L_Knee": [
            -0.4707855953983149,
            0.34901397176872484,
            -0.3273950145536984
        ],
        "L_Ankle": [
            -0.8080325390350938,
            0.3062147657243514,
            -0.4903935790868218
        ],
        "Spine": [
            -0.032610711769114176,
            0.09836517324374841,
            0.3070743045758719
        ],
        "Thorax": [
            -0.07866745028123039,
            0.31657368514868206,
            0.656703042822796
        ],
        "Neck": [
            -0.24837923729092193,
            0.23232133038148267,
            0.8003975737355616
        ],
        "Head": [
            -0.2310461998286826,
            0.4810474196619868,
            0.8396398875207584
        ],
        "L_Shoulder": [
            -0.24832049192132483,
            0.3141370238551989,
            0.5130157342844743
        ],
        "L_Elbow": [
            -0.48829359742454903,
            0.22967056637516925,
            0.21023172357548936
        ],
        "L_Wrist": [
            -0.19716966521467857,
            -0.10170826160312199,
            0.10555286630339686
        ],
        "R_Shoulder": [
            0.12224715595257543,
            0.14841344981509605,
            0.7201045042938311
        ],
        "R_Elbow": [
            0.2762758620279323,
            -0.05667905844103641,
            0.9767712128120438
        ],
        "R_Wrist": [
            0.38391408722844245,
            -0.028067297837317106,
            1.2439917431409906
        ]
    }
}