{
    "video": "210_MiguelOLIVEIRA_classical_2022_enc.mp4",
    "peak_id": 7,
    "frame_idx": 1448,
    "timestamp": 57.92,
    "total_score": 0.876,
    "skeleton_3d": {
        "Pelvis": [
            0.0,
            0.0,
            0.0
        ],
        "R_Hip": [
            0.09186325710507451,
            -0.05270892988332781,
            -0.052179923742617304
        ],
        "R_Knee": [
            0.33550218659144415,
            -0.39609044234245555,
            -0.48911526095322305
        ],
        "R_Ankle": [
            0.6143244179902962,
            -0.857682951517963,
            -0.946563150297709
        ],
        "L_Hip": [
            -0.09892573146544759,
            0.07942676516061929,
            0.05044832299027562
        ],
        "L_Knee": [
            -0.6421560931544859,
            0.08764324730253255,
            0.14885846215822804
        ],
        "L_Ankle": [
            -1.084225557378881,
            0.07324560361724429,
            0.30689155126571466
        ],
        "Spine": [
            0.11415698475769002,
            0.05955226647201484,
            0.3137594389919609
        ],
        "Thorax": [
            0.22076088353259396,
            0.2186689130710347,
            0.6407371466288172
        ],
        "Neck": [
            0.32457870375392367,
            0.1402105832095595,
            0.8636354088753919
        ],
        "Head": [
            0.31083338029592195,
            0.3465971162631074,
            0.8753514252601761
        ],
        "L_Shoulder": [
            0.08349582320511138,
            0.18541950567543178,
            0.6167224155281751
        ],
        "L_Elbow": [
            -0.002304292584952141,
            0.11031552023783489,
            0.9161954855982817
        ],
        "L_Wrist": [
            0.04095930218737624,
            0.07039402672767724,
            1.2336249913659576
        ],
        "R_Shoulder": [
            0.3581731279604255,
            0.10961854038066679,
            0.6213923474772102
        ],
        "R_Elbow": [
            0.4248982722087009,
            -0.1324090895410265,
            0.8324738606536289
        ],
        "R_Wrist": [
            0.4074721067194096,
            -0.018710878470926656,
            1.134651888047984
        ]
    }
}