{
    "video": "309_LexiMCCLOUD_classical_2022_enc.mp4",
    "peak_id": 3,
    "frame_idx": 1093,
    "timestamp": 43.72,
    "total_score": 0.728,
    "skeleton_3d": {
        "Pelvis": [
            0.0,
            0.0,
            0.0
        ],
        "R_Hip": [
            0.11012642374379185,
            -0.03765709374052003,
            0.03975841713592061
        ],
        "R_Knee": [
            0.21025433810517588,
            -0.5464166106761192,
            0.12192207451374527
        ],
        "R_Ankle": [
            0.5950392509167765,
            -0.947514273019923,
            0.04304897975184571
        ],
        "L_Hip": [
            -0.10022310454917115,
            0.08088428010059076,
            -0.04223522351539123
        ],
        "L_Knee": [
            -0.018315896588369993,
            0.02984160913913422,
            -0.6435355349970525
        ],
        "L_Ankle": [
            0.03768030251852754,
            -0.07739114571392966,
            -1.1387416861407091
        ],
        "Spine": [
            -0.0840462866051281,
            0.1267925968154359,
            0.3249800344222152
        ],
        "Thorax": [
            -0.1491801020872118,
            0.2970085599168467,
            0.696599255821105
        ],
        "Neck": [
            -0.16522706651286317,
            0.17557931673533797,
            0.8880449717725497
        ],
        "Head": [
            -0.16864708778417875,
            0.4594045151201706,
            0.9296669166380912
        ],
        "L_Shoulder": [
            -0.33855988071417514,
            0.17968324072471634,
            0.5740817279015638
        ],
        "L_Elbow": [
            -0.5143690782274565,
            0.02360652844439027,
            0.2675795896650821
        ],
        "L_Wrist": [
            -0.29339167123493737,
            -0.4477501618445184,
            0.045655752467708345
        ],
        "R_Shoulder": [
            0.047567446432349454,
            0.2434285839232371,
            0.7362131530985897
        ],
        "R_Elbow": [
            0.19002164253764936,
            0.037121472656091975,
            1.0213762178427077
        ],
        "R_Wrist": [
            0.16760412767778293,
            0.10643350278077814,
            1.3273803774256872
        ]
    }
}