{
    "video": "309_LexiMCCLOUD_classical_2022_enc.mp4",
    "peak_id": 6,
    "frame_idx": 1583,
    "timestamp": 63.32,
    "total_score": 0.503,
    "skeleton_3d": {
        "Pelvis": [
            0.0,
            0.0,
            0.0
        ],
        "R_Hip": [
            0.14828403151957417,
            -0.12614519389110335,
            0.02235518070135655
        ],
        "R_Knee": [
            0.5755997977285836,
            -0.2985982259719706,
            -0.36778827210374465
        ],
        "R_Ankle": [
            1.0456859584223503,
            -0.35519966409610665,
            -0.7013480944189671
        ],
        "L_Hip": [
            -0.14529623931877053,
            0.12365195141853991,
            -0.015969441790040714
        ],
        "L_Knee": [
            -0.2489511900549336,
            -0.3687735043626685,
            -0.5347393125424503
        ],
        "L_Ankle": [
            -0.03387720057093599,
            -0.17479554647621226,
            -0.9844590972950122
        ],
        "Spine": [
            -0.018649134708868396,
            0.041474139388818505,
            0.3218168801013992
        ],
        "Thorax": [
            0.02199698008037814,
            0.14247563973089009,
            0.6720540034576092
        ],
        "Neck": [
            0.21196897140995707,
            -0.010598145360210393,
            0.8545644238041336
        ],
        "Head": [
            0.19998024216101373,
            0.20822172644829065,
            0.9194848059510351
        ],
        "L_Shoulder": [
            -0.23968543102322196,
            0.05378816768611574,
            0.6720299203111494
        ],
        "L_Elbow": [
            -0.5473263690396915,
            0.31344831090280334,
            0.4826859071566424
        ],
        "L_Wrist": [
            -0.8541071219038555,
            0.22106204965017726,
            0.357993100673605
        ],
        "R_Shoulder": [
            0.25194354415944165,
            0.04398924194816859,
            0.5654761692317261
        ],
        "R_Elbow": [
            0.5150251730466188,
            0.15614100753243515,
            0.30187288549810565
        ],
        "R_Wrist": [
            0.790996680840898,
            0.03381721558967547,
            0.09038608646852068
        ]
    }
}