{
    "video": "309_LexiMCCLOUD_classical_2022_enc.mp4",
    "peak_id": 4,
    "frame_idx": 1252,
    "timestamp": 50.08,
    "total_score": 0.756,
    "skeleton_3d": {
        "Pelvis": [
            0.0,
            0.0,
            0.0
        ],
        "R_Hip": [
            0.10273276523178,
            -0.006030010425690087,
            0.03322594538215107
        ],
        "R_Knee": [
            0.3802316600457128,
            -0.23895407338860777,
            0.047040411118246465
        ],
        "R_Ankle": [
            0.6422732529448834,
            -0.47509899911138,
            0.025715232198444966
        ],
        "L_Hip": [
            -0.09281243321572241,
            0.060450238036626816,
            -0.03784325384263568
        ],
        "L_Knee": [
            0.009007729040451455,
            0.12263375829419164,
            -0.5996797360454112
        ],
        "L_Ankle": [
            0.048431110631429596,
            0.19252976485782525,
            -1.076015826372418
        ],
        "Spine": [
            -0.10051218867130346,
            0.05723385923703871,
            0.31379260871058057
        ],
        "Thorax": [
            -0.1806611376854064,
            0.1920719564166712,
            0.6726390729699068
        ],
        "Neck": [
            -0.21181506250283116,
            0.08699910342615248,
            0.8624000814316742
        ],
        "Head": [
            -0.21241278814833306,
            0.3471163020513807,
            0.9015961170758191
        ],
        "L_Shoulder": [
            -0.3761463056939884,
            0.09985614270112579,
            0.5522424698437298
        ],
        "L_Elbow": [
            -0.5833454305421977,
            0.11920838588987463,
            0.24270191090671858
        ],
        "L_Wrist": [
            -0.37387413390096474,
            -0.33474229540266964,
            0.04318456495601885
        ],
        "R_Shoulder": [
            0.021876675494815527,
            0.14071404972416032,
            0.7098546334507537
        ],
        "R_Elbow": [
            0.15286677301855114,
            -0.010551773038923972,
            0.9949852931067085
        ],
        "R_Wrist": [
            0.10003809342781966,
            0.10746801049963492,
            1.2753024426234463
        ]
    }
}