{
    "video": "309_LexiMCCLOUD_classical_2022_enc.mp4",
    "peak_id": 9,
    "frame_idx": 1843,
    "timestamp": 73.72,
    "total_score": 0.424,
    "skeleton_3d": {
        "Pelvis": [
            0.0,
            0.0,
            0.0
        ],
        "R_Hip": [
            0.11835893600108251,
            -0.04712221471316085,
            0.010098665902944271
        ],
        "R_Knee": [
            0.20284601573711486,
            0.4261043016826158,
            -0.46587650368076
        ],
        "R_Ankle": [
            0.27542987838896776,
            0.946155599836075,
            -0.6321399077846153
        ],
        "L_Hip": [
            -0.1107707745213542,
            0.12801884097839514,
            -0.004046669185865848
        ],
        "L_Knee": [
            -0.08791590848391902,
            0.23432737485367686,
            -0.5990678134332137
        ],
        "L_Ankle": [
            -0.04969221229503477,
            0.5584705345540155,
            -1.128819424983655
        ],
        "Spine": [
            -0.05056673097917426,
            -0.06376752522872013,
            0.3207849620997172
        ],
        "Thorax": [
            -0.08389977249223018,
            0.009262335354629073,
            0.7013512674910581
        ],
        "Neck": [
            -0.09550367590990944,
            -0.16599795517677074,
            0.8712894018162796
        ],
        "Head": [
            -0.10272442407261292,
            0.07843600247767572,
            0.9348357016942291
        ],
        "L_Shoulder": [
            -0.30733786635244265,
            -0.001588056714261202,
            0.6356739249984797
        ],
        "L_Elbow": [
            -0.6605216163167155,
            0.11905907396517351,
            0.5281338418409766
        ],
        "L_Wrist": [
            -0.9781913567388123,
            -0.07405259049071922,
            0.5841309318541392
        ],
        "R_Shoulder": [
            0.14250659682442857,
            -0.10678888538179664,
            0.6773056785268537
        ],
        "R_Elbow": [
            0.507363532018119,
            -0.20848912796650879,
            0.6426791974126794
        ],
        "R_Wrist": [
            0.8589563318091498,
            -0.34211654773762995,
            0.734540240569329
        ]
    }
}