{
    "video": "310_SuminLEE_classical_2022_enc.mp4",
    "peak_id": 7,
    "frame_idx": 2390,
    "timestamp": 95.6,
    "total_score": 0.9,
    "skeleton_3d": {
        "Pelvis": [
            0.0,
            0.0,
            0.0
        ],
        "R_Hip": [
            0.11213013779689952,
            0.10069679179034592,
            0.055206468922511756
        ],
        "R_Knee": [
            0.5170435862126138,
            -0.018322693960550793,
            0.40721585563322954
        ],
        "R_Ankle": [
            0.8010370047718379,
            -0.28828479756137215,
            0.79171980601133
        ],
        "L_Hip": [
            -0.10151910525122158,
            -0.09033945476918324,
            -0.0591682882838799
        ],
        "L_Knee": [
            -0.07843946516554909,
            -0.32614367659625726,
            -0.6856734276972337
        ],
        "L_Ankle": [
            -0.07829074612741344,
            -0.5744035953213382,
            -1.2039386763606315
        ],
        "Spine": [
            -0.08393872915937296,
            0.14431408494886408,
            0.2999207532606898
        ],
        "Thorax": [
            -0.1154526971502458,
            0.39965069864445923,
            0.6135980492617495
        ],
        "Neck": [
            -0.002989102559171749,
            0.33894934209748734,
            0.8097308845025861
        ],
        "Head": [
            -0.030335787341979514,
            0.5830883417595013,
            0.8276280787282748
        ],
        "L_Shoulder": [
            -0.30762953409427857,
            0.18173149331962707,
            0.606282394657766
        ],
        "L_Elbow": [
            -0.468055029055043,
            -0.21920687272804837,
            0.9324888767351333
        ],
        "L_Wrist": [
            -0.5485659052464753,
            -0.13665288744207682,
            1.2448968705802583
        ],
        "R_Shoulder": [
            0.0751187522031421,
            0.39988390768630094,
            0.5756074985920955
        ],
        "R_Elbow": [
            0.3802658489160323,
            0.23817039295763728,
            0.7358504404578561
        ],
        "R_Wrist": [
            0.6116829894930371,
            0.21284833926538865,
            1.0026027960204387
        ]
    }
}