{
    "video": "310_SuminLEE_classical_2022_enc.mp4",
    "peak_id": 6,
    "frame_idx": 1374,
    "timestamp": 54.96,
    "total_score": 0.504,
    "skeleton_3d": {
        "Pelvis": [
            0.0,
            0.0,
            0.0
        ],
        "R_Hip": [
            0.07854472750301611,
            -0.20437045023659267,
            0.008331640321319658
        ],
        "R_Knee": [
            0.05273132374290339,
            -0.6150796336183753,
            -0.5209131211080347
        ],
        "R_Ankle": [
            -0.012900934831567066,
            -1.1665309704790188,
            -1.0479647701566706
        ],
        "L_Hip": [
            -0.07246826954668335,
            0.19700443321533762,
            -0.009592255044329992
        ],
        "L_Knee": [
            0.043551464678094044,
            0.7037576818559271,
            -0.5035222129977515
        ],
        "L_Ankle": [
            0.44005911143686943,
            0.609010821081949,
            -0.258088320696429
        ],
        "Spine": [
            -0.008454003406314092,
            0.1532740251162787,
            0.3188537933530554
        ],
        "Thorax": [
            0.016282802599764227,
            0.40327267964850344,
            0.6857850181834748
        ],
        "Neck": [
            0.04943680743433625,
            0.31243415753079024,
            0.85910119358962
        ],
        "Head": [
            0.034235919707517146,
            0.5860036010399785,
            0.884238359958992
        ],
        "L_Shoulder": [
            -0.14980071761855895,
            0.34660474611032654,
            0.7089665808627498
        ],
        "L_Elbow": [
            -0.2019653635145694,
            0.027836282070994433,
            1.0523338908282633
        ],
        "L_Wrist": [
            -0.2095578338139436,
            -0.029765876110227876,
            1.3581214585851533
        ],
        "R_Shoulder": [
            0.1836641768253155,
            0.19677592311628786,
            0.5889197942315468
        ],
        "R_Elbow": [
            0.5046946009282111,
            0.05778668174384028,
            0.38341935093275553
        ],
        "R_Wrist": [
            0.8212971496458243,
            -0.1456184699538874,
            0.18686023298061616
        ]
    }
}