{
    "video": "316_AmyRONNFELDT_classical_2022_enc.mp4",
    "peak_id": 12,
    "frame_idx": 3241,
    "timestamp": 129.64,
    "total_score": 0.78,
    "skeleton_3d": {
        "Pelvis": [
            0.0,
            0.0,
            0.0
        ],
        "R_Hip": [
            0.1127545763387684,
            -0.010464974016087007,
            0.06303263682376967
        ],
        "R_Knee": [
            0.571132364774745,
            0.01958648330636094,
            0.2855591278771377
        ],
        "R_Ankle": [
            1.0130666654818477,
            -0.23379543428794994,
            0.4756763170980661
        ],
        "L_Hip": [
            -0.09736624003395437,
            0.08263590214861885,
            -0.06293024844605628
        ],
        "L_Knee": [
            -0.04476560106514812,
            0.12118125005130218,
            -0.6132720897450733
        ],
        "L_Ankle": [
            -0.08472415352854816,
            0.31756152164006185,
            -1.1753549875782052
        ],
        "Spine": [
            -0.17547698617599738,
            0.041436665254354375,
            0.27006663956705157
        ],
        "Thorax": [
            -0.3012348374947109,
            0.2505016902756565,
            0.5603155470606975
        ],
        "Neck": [
            -0.41600005947711904,
            0.14585087234238947,
            0.8124939082584787
        ],
        "Head": [
            -0.3922549454491983,
            0.403778340948777,
            0.823168166078198
        ],
        "L_Shoulder": [
            -0.5009196572319292,
            0.1974470335609144,
            0.4971857147625817
        ],
        "L_Elbow": [
            -0.8223563095253433,
            0.10324139782335338,
            0.6497275451144047
        ],
        "L_Wrist": [
            -1.0961935848128943,
            0.19055226634172867,
            0.8795297836818783
        ],
        "R_Shoulder": [
            -0.09050802522066408,
            0.15999950094757384,
            0.5606931593168768
        ],
        "R_Elbow": [
            0.25175327796648017,
            0.147856814979206,
            0.5945412872992887
        ],
        "R_Wrist": [
            0.6221570004375289,
            -0.03824941977152309,
            0.6688456597679415
        ]
    }
}