{
    "video": "316_AmyRONNFELDT_classical_2022_enc.mp4",
    "peak_id": 14,
    "frame_idx": 3399,
    "timestamp": 135.96,
    "total_score": 0.747,
    "skeleton_3d": {
        "Pelvis": [
            0.0,
            0.0,
            0.0
        ],
        "R_Hip": [
            -0.09090077070359505,
            0.03954221812931052,
            -0.007697687992794205
        ],
        "R_Knee": [
            -0.013164228805654613,
            0.38380906128604675,
            0.10361480213130156
        ],
        "R_Ankle": [
            -0.07801620607373595,
            0.40600552813097734,
            0.28967480911605986
        ],
        "L_Hip": [
            0.09964177572385807,
            -0.015245600081785115,
            0.002664476012345762
        ],
        "L_Knee": [
            0.049090820479248634,
            0.15580672307511623,
            -0.5779434703542982
        ],
        "L_Ankle": [
            0.03959606989250961,
            -0.12719061824072803,
            -1.0429441094293448
        ],
        "Spine": [
            -0.02687873577453513,
            -0.15147068984143514,
            0.3235615299693026
        ],
        "Thorax": [
            -0.04486694987519149,
            -0.3906525623336444,
            0.6670690717494832
        ],
        "Neck": [
            -0.1713932214413879,
            -0.40611702142375344,
            0.7859714520671794
        ],
        "Head": [
            -0.166523516197403,
            -0.6328670523893637,
            0.8199850766728312
        ],
        "L_Shoulder": [
            0.10038851682163064,
            -0.3250678584044438,
            0.6846109512999857
        ],
        "L_Elbow": [
            0.05773091275681382,
            0.12542780495337755,
            0.8861465792738367
        ],
        "L_Wrist": [
            -0.0469659116693501,
            0.35077821171861284,
            1.1529795174174708
        ],
        "R_Shoulder": [
            -0.17772264665043355,
            -0.37447763831745984,
            0.6144180925705528
        ],
        "R_Elbow": [
            -0.29585183920880137,
            -0.1420335933539792,
            0.8776902843807468
        ],
        "R_Wrist": [
            -0.30419538383850897,
            -0.008961529514640191,
            1.1757091660541688
        ]
    }
}