{
    "video": "edition37_sequence_15.mp4",
    "peak_id": 0,
    "frame_idx": 246,
    "timestamp": 9.84,
    "total_score": 0.6,
    "skeleton_3d": {
        "Pelvis": [
            0.0,
            0.0,
            0.0
        ],
        "R_Hip": [
            0.12397626609537861,
            -0.024953069031606403,
            0.04200715076822776
        ],
        "R_Knee": [
            0.5161757777531785,
            0.09736619884847557,
            0.20008147541822147
        ],
        "R_Ankle": [
            1.0813724240191667,
            -0.0007652691463028981,
            0.4838305027654183
        ],
        "L_Hip": [
            -0.1175763120660688,
            0.09218206440093411,
            -0.03804372102290684
        ],
        "L_Knee": [
            -0.060846054124284926,
            0.020161827148700743,
            -0.6831931608924898
        ],
        "L_Ankle": [
            0.010289476511347493,
            0.29722028717564986,
            -1.260974629000266
        ],
        "Spine": [
            -0.062939733374232,
            -0.019888477650322294,
            0.3109801918615893
        ],
        "Thorax": [
            -0.07502121166327606,
            0.10717717061889752,
            0.6451794551769766
        ],
        "Neck": [
            -0.014405267556251915,
            -0.07826098009776795,
            0.8169301442559466
        ],
        "Head": [
            -0.02753646986380573,
            0.2053908497927399,
            0.8797685759677251
        ],
        "L_Shoulder": [
            -0.29632537068666154,
            0.07158538666986775,
            0.6005692867647339
        ],
        "L_Elbow": [
            -0.5765139202673736,
            0.07816499217811398,
            0.5991529776121003
        ],
        "L_Wrist": [
            -0.7055456401614597,
            -0.3732639040543301,
            0.6241723098971478
        ],
        "R_Shoulder": [
            0.13940278364173547,
            -0.010878203250359915,
            0.6091167444420497
        ],
        "R_Elbow": [
            0.38552290245365173,
            -0.018270931773485096,
            0.4254055894929291
        ],
        "R_Wrist": [
            0.4935073627134267,
            -0.3496795524159521,
            0.5032328859767087
        ]
    }
}