{
    "video": "edition37_sequence_3.mp4",
    "peak_id": 2,
    "frame_idx": 421,
    "timestamp": 16.84,
    "total_score": 0.956,
    "skeleton_3d": {
        "Pelvis": [
            0.0,
            0.0,
            0.0
        ],
        "R_Hip": [
            0.05229885407631285,
            -0.09866392834682074,
            -0.030095835903007667
        ],
        "R_Knee": [
            0.13008557902389586,
            -0.28708454182833465,
            -0.5786125771982042
        ],
        "R_Ankle": [
            0.2934226407870954,
            -0.5140580468259408,
            -1.0356219633200738
        ],
        "L_Hip": [
            -0.06260936375789782,
            0.12731853579811975,
            0.03197303370932459
        ],
        "L_Knee": [
            -0.6850455831594208,
            0.07289354899291607,
            0.15557223257971786
        ],
        "L_Ankle": [
            -1.243641501595009,
            -0.0006945074219753478,
            0.332775089435856
        ],
        "Spine": [
            0.13898641915676604,
            -0.012275649399166455,
            0.2905176878941959
        ],
        "Thorax": [
            0.2647189024843082,
            0.15744778701017975,
            0.6019464205570887
        ],
        "Neck": [
            0.37617674315248867,
            0.06731504878723732,
            0.8067280945103584
        ],
        "Head": [
            0.35704078777031606,
            0.26458872277028067,
            0.843578083446003
        ],
        "L_Shoulder": [
            0.07965911435787966,
            0.20946765673208056,
            0.5748267748470076
        ],
        "L_Elbow": [
            -0.2859721589717951,
            0.39577245423312685,
            0.5827781819692306
        ],
        "L_Wrist": [
            -0.6057973249384536,
            0.23003709843971146,
            0.6483308136237591
        ],
        "R_Shoulder": [
            0.44694900433199763,
            -0.010008079070818991,
            0.561396084814709
        ],
        "R_Elbow": [
            0.6960254276536059,
            -0.29785656622920775,
            0.8046496988067676
        ],
        "R_Wrist": [
            0.8701966821176167,
            -0.3181656972014016,
            1.1198039036672458
        ]
    }
}