{
    "video": "edition37_sequence_1.mp4",
    "peak_id": 2,
    "frame_idx": 815,
    "timestamp": 32.6,
    "total_score": 0.564,
    "skeleton_3d": {
        "Pelvis": [
            0.0,
            0.0,
            0.0
        ],
        "R_Hip": [
            0.13807595641969433,
            -0.0875394647109444,
            0.007556541247510063
        ],
        "R_Knee": [
            0.49738034880453497,
            -0.016303981988940147,
            -0.16834573152192203
        ],
        "R_Ankle": [
            0.8971131233806636,
            -0.10398325208041057,
            -0.22473695927245718
        ],
        "L_Hip": [
            -0.12923071312678142,
            0.10836436061690685,
            -0.006557514318160162
        ],
        "L_Knee": [
            -0.09107149453424002,
            -0.18095423994361043,
            -0.5654649632502985
        ],
        "L_Ankle": [
            -0.07781657575832161,
            -0.2639762909732861,
            -1.0815500696460805
        ],
        "Spine": [
            -0.020711064472185563,
            0.10473944112908301,
            0.2896138383830773
        ],
        "Thorax": [
            0.006597010476127783,
            0.3095955824324335,
            0.619159621933161
        ],
        "Neck": [
            0.16335922346517331,
            0.1611666757891193,
            0.7927767398922511
        ],
        "Head": [
            0.1566581084435938,
            0.42547220866898605,
            0.8271736037312354
        ],
        "L_Shoulder": [
            -0.19637019485612578,
            0.23752003371189095,
            0.6539020516481598
        ],
        "L_Elbow": [
            -0.38836815262529756,
            0.1859421418162108,
            0.8736234838689748
        ],
        "L_Wrist": [
            -0.5203272791170471,
            0.12668899574453796,
            1.1569163799216866
        ],
        "R_Shoulder": [
            0.18187800081697084,
            0.17590514829943235,
            0.4959381637757555
        ],
        "R_Elbow": [
            0.31329522175111574,
            -0.19505128091037077,
            0.2137477635048048
        ],
        "R_Wrist": [
            0.12632988097389344,
            -0.6219922575645143,
            0.07528604657359012
        ]
    }
}