{
    "video": "edition37_sequence_3.mp4",
    "peak_id": 3,
    "frame_idx": 472,
    "timestamp": 18.88,
    "total_score": 0.661,
    "skeleton_3d": {
        "Pelvis": [
            0.0,
            0.0,
            0.0
        ],
        "R_Hip": [
            0.11244112719392263,
            0.004123585266548169,
            -0.049143134958627155
        ],
        "R_Knee": [
            0.11989271913527666,
            -0.17586866477302396,
            -0.649164519684711
        ],
        "R_Ankle": [
            0.1939107718837198,
            0.022848976224905566,
            -1.2036522967638523
        ],
        "L_Hip": [
            -0.11369133532493056,
            0.05012116504069194,
            0.05381941294217835
        ],
        "L_Knee": [
            -0.6309944178796805,
            0.11315499091597873,
            0.07743227034998963
        ],
        "L_Ankle": [
            -1.1082768242942436,
            0.06066794047543475,
            0.16580207679632594
        ],
        "Spine": [
            0.09528293235368686,
            -0.07018419213632468,
            0.28361816375568455
        ],
        "Thorax": [
            0.17346793483708978,
            0.07128960687039343,
            0.5969047475765424
        ],
        "Neck": [
            0.27081641041989496,
            -0.05026006536861369,
            0.8256288622449021
        ],
        "Head": [
            0.2521003838366992,
            0.1898311333304186,
            0.8610942591424443
        ],
        "L_Shoulder": [
            -0.04190585118856781,
            0.04615607320423788,
            0.5650530130559411
        ],
        "L_Elbow": [
            -0.40716742252886123,
            0.1870013182508921,
            0.39889984037004655
        ],
        "L_Wrist": [
            -0.7515229153186813,
            0.003974177861020195,
            0.3822708196875257
        ],
        "R_Shoulder": [
            0.38969528127340325,
            -0.0321791980314075,
            0.5466885151017014
        ],
        "R_Elbow": [
            0.7303261380745152,
            -0.2976585855054871,
            0.6065084847168997
        ],
        "R_Wrist": [
            0.9693490174214018,
            -0.45661342697644935,
            0.838526419272826
        ]
    }
}