{
    "video": "edition37_sequence_15.mp4",
    "peak_id": 4,
    "frame_idx": 840,
    "timestamp": 33.6,
    "total_score": 0.75,
    "skeleton_3d": {
        "Pelvis": [
            0.0,
            0.0,
            0.0
        ],
        "R_Hip": [
            0.11107672731208487,
            -0.013707937335798724,
            0.055227095501513404
        ],
        "R_Knee": [
            0.5977710898569385,
            -0.01895220421090342,
            0.41988975380471444
        ],
        "R_Ankle": [
            0.9610777276690297,
            -0.16357006695100165,
            0.8929509187008919
        ],
        "L_Hip": [
            -0.10075129829247355,
            0.0919676461819536,
            -0.05828407188389506
        ],
        "L_Knee": [
            -0.03469518304882136,
            0.0645441393385732,
            -0.6872498353448174
        ],
        "L_Ankle": [
            0.006081072283998425,
            -0.04033284000881256,
            -1.2167399290216214
        ],
        "Spine": [
            -0.146609827271761,
            0.07694743010143534,
            0.2993105662764291
        ],
        "Thorax": [
            -0.24172485256232562,
            0.2838879550324214,
            0.6215085212592507
        ],
        "Neck": [
            -0.2637266169084917,
            0.18761433580174655,
            0.8656705546079573
        ],
        "Head": [
            -0.2655775979363481,
            0.45044218924920115,
            0.8887385719466113
        ],
        "L_Shoulder": [
            -0.45701100517059756,
            0.2561373580272471,
            0.5304074912663199
        ],
        "L_Elbow": [
            -0.7889812411898371,
            0.2526675200858545,
            0.3798977041225938
        ],
        "L_Wrist": [
            -1.1088900546960319,
            0.06765388974905535,
            0.27972062942066983
        ],
        "R_Shoulder": [
            -0.022987647458424097,
            0.09453313722454221,
            0.6377076452002318
        ],
        "R_Elbow": [
            0.14298363947134396,
            -0.2886163175284742,
            0.9570721245299881
        ],
        "R_Wrist": [
            0.09809985223169396,
            -0.17226152773098932,
            1.2993947206450347
        ]
    }
}