{
    "video": "edition37_sequence_2.mp4",
    "peak_id": 3,
    "frame_idx": 1606,
    "timestamp": 64.24,
    "total_score": 0.47,
    "skeleton_3d": {
        "Pelvis": [
            0.0,
            0.0,
            0.0
        ],
        "R_Hip": [
            -0.059700901575432994,
            -0.20326871311666048,
            0.014787510530650687
        ],
        "R_Knee": [
            -0.7198504469812919,
            0.24288814778874443,
            0.04997005222903336
        ],
        "R_Ankle": [
            -0.8284939898387734,
            -0.011053582336943158,
            -0.515851058344543
        ],
        "L_Hip": [
            0.07490526596514871,
            0.20769013777797432,
            -0.011488028796740025
        ],
        "L_Knee": [
            0.13414990748157565,
            0.5017320436598591,
            -0.6300103415513428
        ],
        "L_Ankle": [
            0.16212230351809068,
            0.6016308175716735,
            -1.2264120360612318
        ],
        "Spine": [
            -0.14970329558712978,
            0.10881596183557499,
            0.34243235169996983
        ],
        "Thorax": [
            -0.29474800615131,
            0.2611191350881136,
            0.7066479114200884
        ],
        "Neck": [
            -0.37537860687292823,
            0.32817225914240217,
            0.9063006307340741
        ],
        "Head": [
            -0.3704211966075022,
            0.32897901375519156,
            0.9794299089086617
        ],
        "L_Shoulder": [
            -0.1468705475040913,
            0.3531391204082991,
            0.6771546689485247
        ],
        "L_Elbow": [
            -0.17380632147099148,
            0.7291150100566942,
            0.6943322911396727
        ],
        "L_Wrist": [
            -0.8325304594389527,
            0.6894341066154954,
            0.8104969148005783
        ],
        "R_Shoulder": [
            -0.43767651185128603,
            0.05159649257154457,
            0.6686528334034271
        ],
        "R_Elbow": [
            -0.7669013761689711,
            0.28721202085671077,
            0.7121745359701991
        ],
        "R_Wrist": [
            -0.9566498649853081,
            0.641494644225289,
            0.8288639546098526
        ]
    }
}