{
    "video": "edition37_sequence_1.mp4",
    "peak_id": 10,
    "frame_idx": 1683,
    "timestamp": 67.32,
    "total_score": 0.701,
    "skeleton_3d": {
        "Pelvis": [
            0.0,
            0.0,
            0.0
        ],
        "R_Hip": [
            0.12384682266270927,
            -0.13419842501436416,
            -0.036753789584777506
        ],
        "R_Knee": [
            0.01907793426859935,
            -0.006672285697632921,
            -0.676744640376406
        ],
        "R_Ankle": [
            -0.10118559293556252,
            0.2943372347259308,
            -1.2649250606533484
        ],
        "L_Hip": [
            -0.11850857844398878,
            0.1542748925709143,
            0.03928119777783762
        ],
        "L_Knee": [
            0.22432980541606612,
            0.6629426476518374,
            0.052894550059999317
        ],
        "L_Ankle": [
            0.6221552012208369,
            0.7564697356972439,
            0.22547827449507304
        ],
        "Spine": [
            -0.042288687990886455,
            -0.21938639086601294,
            0.2955771012252809
        ],
        "Thorax": [
            -0.052110658462886865,
            -0.3809991666556672,
            0.626996269826013
        ],
        "Neck": [
            -0.08430065022737475,
            -0.473438445718609,
            0.8982841292662938
        ],
        "Head": [
            -0.040002665416003357,
            -0.39128498203058226,
            0.948096705606076
        ],
        "L_Shoulder": [
            -0.3117419388715237,
            -0.24981950380357115,
            0.607713642170323
        ],
        "L_Elbow": [
            -0.6035062942893717,
            -0.3856025061384146,
            0.5411299386648681
        ],
        "L_Wrist": [
            -0.7924282359594231,
            -0.819529595490133,
            0.5755984812950729
        ],
        "R_Shoulder": [
            0.20535589261189438,
            -0.467177710446409,
            0.5551810402693131
        ],
        "R_Elbow": [
            0.5400314446890948,
            -0.47008120165507783,
            0.35712017111600297
        ],
        "R_Wrist": [
            0.8611321679577669,
            -0.7660277736579557,
            0.23185946749453007
        ]
    }
}