{
    "video": "edition37_sequence_1.mp4",
    "peak_id": 11,
    "frame_idx": 1810,
    "timestamp": 72.4,
    "total_score": 0.539,
    "skeleton_3d": {
        "Pelvis": [
            0.0,
            0.0,
            0.0
        ],
        "R_Hip": [
            0.1294672623621498,
            0.019832283461153403,
            -0.022116182182585216
        ],
        "R_Knee": [
            0.06396754350911432,
            -0.04620343833145899,
            -0.6688188505980677
        ],
        "R_Ankle": [
            0.03317623710696262,
            0.18518627920915967,
            -1.283578653420227
        ],
        "L_Hip": [
            -0.12700377230991935,
            0.013690267477874636,
            0.025071136524354505
        ],
        "L_Knee": [
            -0.16703830490370622,
            -0.2330140966550792,
            -0.15547408703904536
        ],
        "L_Ankle": [
            -0.22166234625330364,
            -0.7964528205593134,
            -0.3540013711323731
        ],
        "Spine": [
            0.011457615161511305,
            0.11152523752142907,
            0.2860069637867816
        ],
        "Thorax": [
            0.029235435544613872,
            0.3408866528310183,
            0.6117279818848012
        ],
        "Neck": [
            0.045805985020819735,
            0.18969328818681275,
            0.7690063857507081
        ],
        "Head": [
            0.04575979277513205,
            0.4658469423596822,
            0.8137237566475435
        ],
        "L_Shoulder": [
            -0.18891761026248718,
            0.29139275794973973,
            0.5743047930832237
        ],
        "L_Elbow": [
            -0.5151631525149822,
            0.23379408778335786,
            0.6432663219587688
        ],
        "L_Wrist": [
            -0.8340348509277001,
            0.14905365404179532,
            0.8000629963641706
        ],
        "R_Shoulder": [
            0.25290765351568645,
            0.18215022940423864,
            0.5736233550508567
        ],
        "R_Elbow": [
            0.600041560590821,
            -0.0696179430961506,
            0.6451901554985207
        ],
        "R_Wrist": [
            0.9331813858726206,
            -0.25037744133079604,
            0.7721714581844944
        ]
    }
}