{
    "video": "edition37_sequence_3.mp4",
    "peak_id": 5,
    "frame_idx": 579,
    "timestamp": 23.16,
    "total_score": 0.768,
    "skeleton_3d": {
        "Pelvis": [
            0.0,
            0.0,
            0.0
        ],
        "R_Hip": [
            0.12217386383998591,
            -0.023533891983455738,
            -0.04865931945187454
        ],
        "R_Knee": [
            0.12701582960022917,
            -0.20408511095679505,
            -0.669115028923618
        ],
        "R_Ankle": [
            0.2003430283045162,
            0.06652930789181596,
            -1.2378863368147355
        ],
        "L_Hip": [
            -0.12094036225553888,
            0.06869137657354833,
            0.055015034032545373
        ],
        "L_Knee": [
            -0.6380096903343833,
            0.12056268139271205,
            0.03723686494750566
        ],
        "L_Ankle": [
            -1.1529082383425462,
            0.06705055627107828,
            0.06292547743354587
        ],
        "Spine": [
            0.0884514075709815,
            -0.06296346793826982,
            0.3070164672676181
        ],
        "Thorax": [
            0.15783671174427247,
            0.09189693828057816,
            0.6397563686611116
        ],
        "Neck": [
            0.2344420473651508,
            -0.043617440170078,
            0.8791551425274045
        ],
        "Head": [
            0.2208166219060221,
            0.17770779052959323,
            0.9212742118402514
        ],
        "L_Shoulder": [
            -0.06745353424210261,
            0.07755170217245438,
            0.6007054302075814
        ],
        "L_Elbow": [
            -0.45290488426366576,
            0.16790890694051647,
            0.41213362287289773
        ],
        "L_Wrist": [
            -0.7875746602484046,
            -0.07730627059731858,
            0.3718247048484018
        ],
        "R_Shoulder": [
            0.3840626697214087,
            -0.045944576817567126,
            0.5945999722472638
        ],
        "R_Elbow": [
            0.6921230447892756,
            -0.37081408806645694,
            0.6831866066431338
        ],
        "R_Wrist": [
            0.9128961635614652,
            -0.5283864327731352,
            0.9207920660579192
        ]
    }
}