{
    "video": "edition37_sequence_17.mp4",
    "peak_id": 7,
    "frame_idx": 2175,
    "timestamp": 87.0,
    "total_score": 0.669,
    "skeleton_3d": {
        "Pelvis": [
            0.0,
            0.0,
            0.0
        ],
        "R_Hip": [
            0.11226761390315547,
            -0.1951813785166215,
            -0.0107057919589671
        ],
        "R_Knee": [
            0.10124809249304355,
            -0.37340724397740094,
            -0.6270124780755171
        ],
        "R_Ankle": [
            0.01621979491974904,
            -0.6524184011119358,
            -1.201744567800687
        ],
        "L_Hip": [
            -0.10762337891188828,
            0.17314320729950028,
            0.006138264850128802
        ],
        "L_Knee": [
            0.20571863784441993,
            0.6948281022260038,
            -0.39983539402759916
        ],
        "L_Ankle": [
            0.5308343442141716,
            0.517431866730924,
            0.2008284677808328
        ],
        "Spine": [
            -0.011894188742379228,
            0.1874246147989389,
            0.3075303375030877
        ],
        "Thorax": [
            0.02268298898042123,
            0.5160339787799197,
            0.6455072966857618
        ],
        "Neck": [
            0.13955600897803253,
            0.3674266575760536,
            0.8201966053201054
        ],
        "Head": [
            0.1357065602565583,
            0.6626475351241633,
            0.8525956179495374
        ],
        "L_Shoulder": [
            -0.15874433766318655,
            0.37367330082447253,
            0.6868803348596633
        ],
        "L_Elbow": [
            -0.35631916553717125,
            -0.014304663300190071,
            0.9451398205753274
        ],
        "L_Wrist": [
            -0.45552829918784193,
            -0.2889498566504146,
            1.2273372318018398
        ],
        "R_Shoulder": [
            0.18784499987036635,
            0.35904069174987613,
            0.5404269355855243
        ],
        "R_Elbow": [
            0.47278339857260915,
            0.16459502796464806,
            0.3511538548879275
        ],
        "R_Wrist": [
            0.8179496125215776,
            0.07003805544595895,
            0.2546292587932947
        ]
    }
}