{
    "video": "edition37_sequence_1.mp4",
    "peak_id": 7,
    "frame_idx": 1462,
    "timestamp": 58.48,
    "total_score": 0.595,
    "skeleton_3d": {
        "Pelvis": [
            0.0,
            0.0,
            0.0
        ],
        "R_Hip": [
            0.12801625661641938,
            -0.03993290157368078,
            0.023835280539783593
        ],
        "R_Knee": [
            0.6572396395125822,
            0.04705831121365867,
            -0.1406937050502323
        ],
        "R_Ankle": [
            1.2024986510597355,
            -0.0740751666187614,
            -0.1561436239794694
        ],
        "L_Hip": [
            -0.12562175945343865,
            0.07496242263889984,
            -0.02016540992755189
        ],
        "L_Knee": [
            0.022361098119228016,
            -0.28157889141764963,
            -0.6002090989837053
        ],
        "L_Ankle": [
            0.1606559020587716,
            -0.18685650399105572,
            -1.1663927769796125
        ],
        "Spine": [
            -0.03807295539961443,
            0.11262351239034175,
            0.28123040032386365
        ],
        "Thorax": [
            -0.03160407721248498,
            0.32435042383687296,
            0.5915388935904373
        ],
        "Neck": [
            0.08509605648438162,
            0.17079731406659357,
            0.7307211466250709
        ],
        "Head": [
            0.06020107028108567,
            0.4690154170810877,
            0.7770101001264035
        ],
        "L_Shoulder": [
            -0.26954910831231554,
            0.21656738016755414,
            0.5835006991311508
        ],
        "L_Elbow": [
            -0.5974249949562703,
            0.18931310386548714,
            0.6254461404490638
        ],
        "L_Wrist": [
            -0.8515469855717409,
            0.008161523383200713,
            0.7262654425713008
        ],
        "R_Shoulder": [
            0.19678987314139068,
            0.222629418784619,
            0.5218461667429777
        ],
        "R_Elbow": [
            0.5397533720353633,
            -0.11952691648267422,
            0.4755068053558407
        ],
        "R_Wrist": [
            0.8982708787103157,
            -0.35682055560098985,
            0.5471368033631845
        ]
    }
}