{
    "video": "edition37_sequence_19.mp4",
    "peak_id": 2,
    "frame_idx": 459,
    "timestamp": 18.36,
    "total_score": 0.748,
    "skeleton_3d": {
        "Pelvis": [
            0.0,
            0.0,
            0.0
        ],
        "R_Hip": [
            0.10435720256477334,
            -0.19956487129561842,
            0.02323557264889331
        ],
        "R_Knee": [
            -0.2913889201522902,
            -0.4977133344903515,
            0.26311159255881766
        ],
        "R_Ankle": [
            -0.7444085504701765,
            -0.7393633241831934,
            0.2931504272469051
        ],
        "L_Hip": [
            -0.0971220215923318,
            0.22487043102824386,
            -0.0214873818513689
        ],
        "L_Knee": [
            -0.08868968274855168,
            0.22047379092508512,
            -0.7050915004233919
        ],
        "L_Ankle": [
            -0.13358462519275327,
            0.24564445201560342,
            -1.361484050427204
        ],
        "Spine": [
            0.02756640484956346,
            0.12662105542320023,
            0.34279267228431576
        ],
        "Thorax": [
            0.08486836785499978,
            0.19383850787636742,
            0.722193438673536
        ],
        "Neck": [
            0.0845266540304088,
            0.12513152231520863,
            0.9633993810749365
        ],
        "Head": [
            0.13261030189548392,
            0.3271228050439275,
            1.0036282560289065
        ],
        "L_Shoulder": [
            -0.08200553470229598,
            0.3415652397546346,
            0.7357667289164506
        ],
        "L_Elbow": [
            -0.383208089212058,
            0.5277231464796519,
            0.9696853561886913
        ],
        "L_Wrist": [
            -0.6363489051489665,
            0.5538683869500759,
            1.215744576714313
        ],
        "R_Shoulder": [
            0.21748379851661737,
            -0.08239027040979478,
            0.6279238433201029
        ],
        "R_Elbow": [
            -0.0025164622697520047,
            -0.580750974691448,
            0.5243735855961139
        ],
        "R_Wrist": [
            -0.2681734073099114,
            -1.0541335564580898,
            0.520490917570935
        ]
    }
}