{
    "video": "edition37_sequence_17.mp4",
    "peak_id": 4,
    "frame_idx": 951,
    "timestamp": 38.04,
    "total_score": 0.407,
    "skeleton_3d": {
        "Pelvis": [
            0.0,
            0.0,
            0.0
        ],
        "R_Hip": [
            0.1431359376268604,
            -0.19003915612559977,
            0.0067477769242973405
        ],
        "R_Knee": [
            0.7023594285530126,
            -0.20733793909818934,
            -0.2917117103893766
        ],
        "R_Ankle": [
            1.227734889370488,
            -0.26793290271381964,
            -0.5735668015271779
        ],
        "L_Hip": [
            -0.144113398606665,
            0.18764448258818303,
            -0.012498360988357975
        ],
        "L_Knee": [
            -0.5729969698766552,
            -0.15032018374631562,
            -0.35544916701853285
        ],
        "L_Ankle": [
            -0.8976108830444856,
            -0.6773728293441628,
            -0.8014696446725011
        ],
        "Spine": [
            -0.011677746533676904,
            0.209366276181184,
            0.2671572832106128
        ],
        "Thorax": [
            0.005879104770113893,
            0.41488447236094655,
            0.5641113846495437
        ],
        "Neck": [
            0.05352731724930617,
            0.3688995693134277,
            0.767413847259008
        ],
        "Head": [
            0.0883491375816183,
            0.5493345489752024,
            0.8048586671737368
        ],
        "L_Shoulder": [
            -0.11091560599524947,
            0.5179850384718164,
            0.5531416117216813
        ],
        "L_Elbow": [
            -0.43760144177751786,
            0.7673519580594305,
            0.48446394369758783
        ],
        "L_Wrist": [
            -0.7750180003222361,
            0.7841265871186753,
            0.62593122823333
        ],
        "R_Shoulder": [
            0.08374594044037223,
            0.19105162083488203,
            0.5305905905515884
        ],
        "R_Elbow": [
            -0.395487094282846,
            -0.13323772482415203,
            0.48608448858498593
        ],
        "R_Wrist": [
            -0.7638230208657087,
            -0.05254557163260773,
            0.619036921738535
        ]
    }
}