{
    "video": "edition37_sequence_17.mp4",
    "peak_id": 0,
    "frame_idx": 251,
    "timestamp": 10.04,
    "total_score": 0.9,
    "skeleton_3d": {
        "Pelvis": [
            0.0,
            0.0,
            0.0
        ],
        "R_Hip": [
            0.13032482887753014,
            -0.04590955173378284,
            -0.030802244699689122
        ],
        "R_Knee": [
            0.11424234101734299,
            -0.1461436490844327,
            -0.6619872822623206
        ],
        "R_Ankle": [
            0.14047549311837945,
            -0.058466463401717426,
            -1.239896164195509
        ],
        "L_Hip": [
            -0.13010887552662959,
            0.08382326720921601,
            0.026804998788586557
        ],
        "L_Knee": [
            -0.4665041579293113,
            -0.10603863779607968,
            0.47063922172597394
        ],
        "L_Ankle": [
            -0.627240830975505,
            -0.1859586905398306,
            1.0768697318647424
        ],
        "Spine": [
            0.04364762689066276,
            0.053143923085218696,
            0.3022815464908221
        ],
        "Thorax": [
            0.08497850691826324,
            0.27531761426075857,
            0.6290710567135815
        ],
        "Neck": [
            0.23650260922419464,
            0.16401695225061683,
            0.8118679761409048
        ],
        "Head": [
            0.23902925288513385,
            0.46745285534046965,
            0.8399771307126641
        ],
        "L_Shoulder": [
            -0.13870813954117908,
            0.10370412987708853,
            0.6145646434371702
        ],
        "L_Elbow": [
            -0.42457164272703707,
            -0.025657245743559817,
            0.5478875701030157
        ],
        "L_Wrist": [
            -0.46814626805312687,
            -0.363238439452429,
            0.5866762927310288
        ],
        "R_Shoulder": [
            0.2942157204684782,
            0.18113893968470363,
            0.5762365088153746
        ],
        "R_Elbow": [
            0.4575343435879877,
            -0.1992736961387578,
            0.805522448430703
        ],
        "R_Wrist": [
            0.5357003355373986,
            -0.17488260608616832,
            1.1869023928794018
        ]
    }
}