{
    "video": "edition37_sequence_1.mp4",
    "peak_id": 0,
    "frame_idx": 331,
    "timestamp": 13.24,
    "total_score": 0.435,
    "skeleton_3d": {
        "Pelvis": [
            0.0,
            0.0,
            0.0
        ],
        "R_Hip": [
            0.15921793408224116,
            -0.018294794136831084,
            0.028267300206798143
        ],
        "R_Knee": [
            -0.0830144959801907,
            0.26867058925855075,
            0.06408125424065528
        ],
        "R_Ankle": [
            -0.2410671168797461,
            0.16010337342577038,
            0.25166364294047894
        ],
        "L_Hip": [
            -0.15113821668470004,
            0.05565317581538162,
            -0.023942631108922342
        ],
        "L_Knee": [
            -0.05706434059973947,
            0.0560586105110225,
            -0.665471666069015
        ],
        "L_Ankle": [
            -0.0030547826401645848,
            0.27686302275339764,
            -1.3142063804746473
        ],
        "Spine": [
            -0.010026411758141725,
            0.0430527884833767,
            0.30955573669427316
        ],
        "Thorax": [
            0.0006514167329466102,
            0.24002420491259474,
            0.6407493738458331
        ],
        "Neck": [
            0.09290219510381516,
            0.07627815966854695,
            0.8715973749826949
        ],
        "Head": [
            0.08632880772246886,
            0.38265726248780957,
            0.8951737060659384
        ],
        "L_Shoulder": [
            -0.23260742991583275,
            0.12382386661424331,
            0.6053056981955496
        ],
        "L_Elbow": [
            -0.5206444955982636,
            -0.09572735682670291,
            0.5828287523549397
        ],
        "L_Wrist": [
            -0.7276169640282578,
            -0.474604657761445,
            0.6580577535492749
        ],
        "R_Shoulder": [
            0.2261190920636275,
            0.07978397233650161,
            0.5910385305198766
        ],
        "R_Elbow": [
            0.43461614486540084,
            -0.3372404015357233,
            0.5073494057125908
        ],
        "R_Wrist": [
            0.5305322189801679,
            -0.7436409163303986,
            0.6465077072826242
        ]
    }
}