{
    "video": "edition37_sequence_14.mp4",
    "peak_id": 4,
    "frame_idx": 1462,
    "timestamp": 58.48,
    "total_score": 0.805,
    "skeleton_3d": {
        "Pelvis": [
            0.0,
            0.0,
            0.0
        ],
        "R_Hip": [
            0.1310118673022867,
            -0.16370633763911857,
            0.0048209104759967284
        ],
        "R_Knee": [
            0.5306676164129335,
            -0.21189463016614832,
            -0.3340485957031793
        ],
        "R_Ankle": [
            0.9723919949064705,
            -0.2859674843186482,
            -0.6176139694863871
        ],
        "L_Hip": [
            -0.13033233118270923,
            0.1487022529183301,
            -0.007457093632446729
        ],
        "L_Knee": [
            -0.6836881167154911,
            0.05972775331650232,
            -0.20821625061218724
        ],
        "L_Ankle": [
            -1.1900237195089831,
            -0.11490431328642152,
            -0.24329720683367595
        ],
        "Spine": [
            -0.013020006331386332,
            0.20602390906107798,
            0.2594479453043217
        ],
        "Thorax": [
            -0.026463967504784504,
            0.4569910242041568,
            0.5459660066596935
        ],
        "Neck": [
            -0.1669533059755255,
            0.45849995442515357,
            0.6616908369678102
        ],
        "Head": [
            -0.13444487050610557,
            0.6623566798514394,
            0.6888918930400069
        ],
        "L_Shoulder": [
            -0.224165800037482,
            0.4523381468188373,
            0.4968504245369928
        ],
        "L_Elbow": [
            -0.5003815956140786,
            0.6081450349238878,
            0.44921321666212416
        ],
        "L_Wrist": [
            -0.7367133776995527,
            0.725714019735581,
            0.5008124992161953
        ],
        "R_Shoulder": [
            0.18526237576296792,
            0.2996616364508047,
            0.5669669239696105
        ],
        "R_Elbow": [
            0.46884560275253856,
            0.056557397768565054,
            0.6280360820318698
        ],
        "R_Wrist": [
            0.7932881334399073,
            0.07836696504171746,
            0.6889039767635922
        ]
    }
}