{
    "video": "edition37_sequence_5.mp4",
    "peak_id": 2,
    "frame_idx": 2315,
    "timestamp": 92.6,
    "total_score": 0.933,
    "skeleton_3d": {
        "Pelvis": [
            0.0,
            0.0,
            0.0
        ],
        "R_Hip": [
            0.11001193592390004,
            0.11037623493538055,
            0.03706317002786858
        ],
        "R_Knee": [
            0.6521457442156283,
            -0.14904946388262094,
            0.35972670339137763
        ],
        "R_Ankle": [
            1.11814401087192,
            -0.5183822725015825,
            0.5903339068540365
        ],
        "L_Hip": [
            -0.10004690261192303,
            -0.11909116411289733,
            -0.042986410659259754
        ],
        "L_Knee": [
            0.09528180583292474,
            -0.30121755625773067,
            -0.597621119124269
        ],
        "L_Ankle": [
            0.09468506182405344,
            -0.3645049932720388,
            -1.156405648415046
        ],
        "Spine": [
            -0.12076252988698069,
            0.12199195242287117,
            0.28468978264577344
        ],
        "Thorax": [
            -0.2011825697887006,
            0.3646470629562877,
            0.5842624106677724
        ],
        "Neck": [
            -0.2903157164745169,
            0.29988094618770766,
            0.7780977190396642
        ],
        "Head": [
            -0.26552423572917183,
            0.5506210281279958,
            0.803362970739276
        ],
        "L_Shoulder": [
            -0.37067687510150027,
            0.26565285563662827,
            0.5365025612878015
        ],
        "L_Elbow": [
            -0.5622741816831427,
            -0.029851089776517247,
            0.7733919398831228
        ],
        "L_Wrist": [
            -0.6608739819986162,
            0.0764655681002334,
            1.0626477677448682
        ],
        "R_Shoulder": [
            -0.01697411562018408,
            0.30384331716630847,
            0.5791165876689974
        ],
        "R_Elbow": [
            0.2905432333094189,
            0.23231026861525125,
            0.6404223130099894
        ],
        "R_Wrist": [
            0.6032512367576254,
            0.0843321346393049,
            0.7501934363272729
        ]
    }
}