{
    "video": "edition48_sequence_6.mp4",
    "peak_id": 9,
    "frame_idx": 1957,
    "timestamp": 78.28,
    "total_score": 0.694,
    "skeleton_3d": {
        "Pelvis": [
            0.0,
            0.0,
            0.0
        ],
        "R_Hip": [
            0.11910840094171087,
            0.004386680353200975,
            -0.06256066257426195
        ],
        "R_Knee": [
            0.09501573008345307,
            -0.17047009756802317,
            -0.6931552614206141
        ],
        "R_Ankle": [
            0.24281993179398942,
            0.07286443401482463,
            -1.266457200689873
        ],
        "L_Hip": [
            -0.12487756561774614,
            0.059958960038131975,
            0.06880544530526209
        ],
        "L_Knee": [
            -0.6046116668343099,
            0.14722773515903562,
            0.10393489461311577
        ],
        "L_Ankle": [
            -1.1282189080112814,
            0.11299607298361884,
            0.20149000527634542
        ],
        "Spine": [
            0.13677301752567927,
            -0.07031613427711539,
            0.2805778147237298
        ],
        "Thorax": [
            0.24946114206825062,
            0.07920196411370582,
            0.5981032147954308
        ],
        "Neck": [
            0.2035862316888691,
            -0.06487525002788828,
            0.839923224543438
        ],
        "Head": [
            0.22216308285784284,
            0.23263826441716598,
            0.8686405909389513
        ],
        "L_Shoulder": [
            0.025036041682651132,
            0.050349774618584885,
            0.5641595385078779
        ],
        "L_Elbow": [
            -0.2889365434369334,
            0.18999488634177403,
            0.37003929093586063
        ],
        "L_Wrist": [
            -0.15597547637591727,
            -0.18509966720293258,
            0.14006138967045859
        ],
        "R_Shoulder": [
            0.47863811350651697,
            -0.07138921057037217,
            0.5434719475037091
        ],
        "R_Elbow": [
            0.8432707586766345,
            -0.3704365628964407,
            0.6010381982921803
        ],
        "R_Wrist": [
            1.1817502161927527,
            -0.6124031054373473,
            0.7461432926094302
        ]
    }
}