{
    "video": "edition48_sequence_6.mp4",
    "peak_id": 0,
    "frame_idx": 529,
    "timestamp": 21.16,
    "total_score": 0.857,
    "skeleton_3d": {
        "Pelvis": [
            0.0,
            0.0,
            0.0
        ],
        "R_Hip": [
            0.07968769924563252,
            -0.07285682121757026,
            0.004307596481413469
        ],
        "R_Knee": [
            -0.21226612541065515,
            -0.4077936922856832,
            0.168415236505533
        ],
        "R_Ankle": [
            -0.6837576705641415,
            -0.7441535629886588,
            0.10233639358017958
        ],
        "L_Hip": [
            -0.0758436322179174,
            0.12135822596382856,
            -0.004944140339187475
        ],
        "L_Knee": [
            -0.011338672141952567,
            0.13888495471037388,
            -0.5883515009115047
        ],
        "L_Ankle": [
            -0.03795278673680857,
            0.016753582647295606,
            -1.091920428955139
        ],
        "Spine": [
            0.01694755649384533,
            0.110241693599868,
            0.30755571356287786
        ],
        "Thorax": [
            0.0417669489539025,
            0.3132289380740799,
            0.6364194276867815
        ],
        "Neck": [
            -0.03405617524565756,
            0.22915325951983612,
            0.8986021740793463
        ],
        "Head": [
            0.007618070425009192,
            0.43390711397717296,
            0.908256822406187
        ],
        "L_Shoulder": [
            -0.15759263502133478,
            0.3442981034972162,
            0.5867014202787153
        ],
        "L_Elbow": [
            -0.43969191358125614,
            0.589193568228519,
            0.3556374601089486
        ],
        "L_Wrist": [
            -0.45738580940432894,
            0.06578465129519878,
            0.11876022639225549
        ],
        "R_Shoulder": [
            0.23517458580480852,
            0.12393755580731028,
            0.6095255279209475
        ],
        "R_Elbow": [
            0.42513760893216074,
            -0.2474603359655295,
            0.9283008093653181
        ],
        "R_Wrist": [
            0.4262197491354001,
            -0.024371051716712472,
            1.2317961178187182
        ]
    }
}