{
    "video": "edition48_sequence_12.mp4",
    "peak_id": 0,
    "frame_idx": 517,
    "timestamp": 20.68,
    "total_score": 0.607,
    "skeleton_3d": {
        "Pelvis": [
            0.0,
            0.0,
            0.0
        ],
        "R_Hip": [
            -0.06695761451927001,
            0.24027969496247092,
            0.011446310330669108
        ],
        "R_Knee": [
            0.2352938639123639,
            0.5704251387874195,
            -0.5847537116099151
        ],
        "R_Ankle": [
            0.09568428994723444,
            0.4495146359990119,
            0.004743805226771008
        ],
        "L_Hip": [
            0.07473854656075238,
            -0.24247001627748868,
            -0.011879430033351485
        ],
        "L_Knee": [
            0.3316226683794187,
            -0.019215803741248153,
            -0.6844699362545147
        ],
        "L_Ankle": [
            0.06524321332825181,
            -0.02623303531178169,
            -1.3261696239096465
        ],
        "Spine": [
            -0.03361538030132174,
            -0.16894907388891192,
            0.3266489510066516
        ],
        "Thorax": [
            -0.050003197761483334,
            -0.28922375725104993,
            0.6867654409519157
        ],
        "Neck": [
            0.12331957630741394,
            -0.34044276318960226,
            0.9118501502801022
        ],
        "Head": [
            0.08781892755648034,
            -0.5095905979990399,
            0.9856941364505841
        ],
        "L_Shoulder": [
            0.010636232156770445,
            -0.47292212510581744,
            0.628496720703746
        ],
        "L_Elbow": [
            0.2274983285727386,
            -0.8777763824828737,
            0.43855663815857815
        ],
        "L_Wrist": [
            0.6312445188998644,
            -0.7428855069715417,
            0.40122689225326447
        ],
        "R_Shoulder": [
            -0.12150858154509145,
            0.00325238031185321,
            0.6237673825272133
        ],
        "R_Elbow": [
            0.17386623599507958,
            0.27454718250775345,
            0.29315881968821494
        ],
        "R_Wrist": [
            0.46855594952602025,
            0.15283145460291425,
            -0.03946026677636695
        ]
    }
}