{
    "video": "edition48_sequence_3.mp4",
    "peak_id": 12,
    "frame_idx": 1933,
    "timestamp": 77.32,
    "total_score": 0.9,
    "skeleton_3d": {
        "Pelvis": [
            0.0,
            0.0,
            0.0
        ],
        "R_Hip": [
            0.12299248724897155,
            -0.06168272237740351,
            -0.04853959809195062
        ],
        "R_Knee": [
            0.14482845136891337,
            -0.43040273662687606,
            -0.5716112403750627
        ],
        "R_Ankle": [
            0.27477682031961703,
            -0.5843473713812146,
            -1.0884604076324174
        ],
        "L_Hip": [
            -0.12294089193878842,
            0.08525873077536457,
            0.050137440354184375
        ],
        "L_Knee": [
            -0.5122465028094948,
            0.04353068985721072,
            0.22375152746471305
        ],
        "L_Ankle": [
            -0.9634825590483425,
            -0.0960895197842887,
            0.3819750963271392
        ],
        "Spine": [
            0.059727145493210336,
            0.05838326779305108,
            0.2879540307645806
        ],
        "Thorax": [
            0.09600483973724132,
            0.2909017655611075,
            0.6005711236571475
        ],
        "Neck": [
            0.012148838349995594,
            0.18292930797061285,
            0.8172780773842399
        ],
        "Head": [
            0.03297187842148459,
            0.46330270786374633,
            0.8342241136166915
        ],
        "L_Shoulder": [
            -0.08786433802740203,
            0.28038919591827255,
            0.5381329381125265
        ],
        "L_Elbow": [
            -0.3324550109905513,
            0.32458919510383416,
            0.32626929258469484
        ],
        "L_Wrist": [
            -0.1633990470640134,
            0.03783861613171719,
            0.11660832340448593
        ],
        "R_Shoulder": [
            0.28902496096017366,
            0.11495401098220555,
            0.5905066119203706
        ],
        "R_Elbow": [
            0.5017449929035595,
            -0.20718777015644052,
            0.8267661727650646
        ],
        "R_Wrist": [
            0.6389100669184591,
            -0.10066639917356819,
            1.0740117053393374
        ]
    }
}