{
    "video": "edition48_sequence_8.mp4",
    "peak_id": 5,
    "frame_idx": 1545,
    "timestamp": 61.8,
    "total_score": 0.85,
    "skeleton_3d": {
        "Pelvis": [
            0.0,
            0.0,
            0.0
        ],
        "R_Hip": [
            0.07701203826272927,
            0.0561826313737751,
            -0.060705881695989
        ],
        "R_Knee": [
            0.13440881241880318,
            -0.17539675389190268,
            -0.6482600350244732
        ],
        "R_Ankle": [
            0.10015787937113736,
            -0.26072574094319473,
            -1.2471183847242697
        ],
        "L_Hip": [
            -0.08351440052356585,
            0.0007999290460802778,
            0.06362707548945806
        ],
        "L_Knee": [
            -0.5453247857014676,
            0.06391137005545655,
            0.3339760270398041
        ],
        "L_Ankle": [
            -0.9157157703530144,
            0.010348309922862899,
            0.6638803219457887
        ],
        "Spine": [
            0.13160785931254287,
            -0.01676800916713984,
            0.2940717318384739
        ],
        "Thorax": [
            0.24173732637994208,
            0.13962526733032388,
            0.6179153721845742
        ],
        "Neck": [
            0.32802005260760736,
            0.05519522349517207,
            0.8177288837426419
        ],
        "Head": [
            0.3096039994332052,
            0.3098469170568407,
            0.8540448196119773
        ],
        "L_Shoulder": [
            0.04204905571413122,
            0.1264689190401182,
            0.5824316380911096
        ],
        "L_Elbow": [
            -0.3211455860240133,
            0.3597742558955765,
            0.4993621412083302
        ],
        "L_Wrist": [
            -0.6660825340614513,
            0.31872848624883576,
            0.513482327320861
        ],
        "R_Shoulder": [
            0.44510252255059446,
            0.03501788001921502,
            0.5844688663618832
        ],
        "R_Elbow": [
            0.687944648656537,
            -0.2724456190627921,
            0.8453904241104996
        ],
        "R_Wrist": [
            0.9056622866984985,
            -0.16217570091816635,
            1.0808620318565987
        ]
    }
}