{
    "video": "edition48_sequence_9.mp4",
    "peak_id": 12,
    "frame_idx": 2018,
    "timestamp": 80.72,
    "total_score": 0.9,
    "skeleton_3d": {
        "Pelvis": [
            0.0,
            0.0,
            0.0
        ],
        "R_Hip": [
            0.10158359068742229,
            -0.0469141046715297,
            -0.11464118455449442
        ],
        "R_Knee": [
            0.145044056655343,
            -0.2152910598570917,
            -0.7118540510277318
        ],
        "R_Ankle": [
            0.3154274449104506,
            0.02713869508694693,
            -1.2319496752822003
        ],
        "L_Hip": [
            -0.11311892711014906,
            0.09145031537774016,
            0.12169861656423117
        ],
        "L_Knee": [
            -0.5298108475343895,
            -0.025098062684814237,
            0.3869208167078797
        ],
        "L_Ankle": [
            -1.0113429054298533,
            -0.13090059175919927,
            0.6460962511147166
        ],
        "Spine": [
            0.22275678085223607,
            -0.04489494841787711,
            0.2632451199346072
        ],
        "Thorax": [
            0.41386824661846655,
            0.1570772382399139,
            0.5592831587588694
        ],
        "Neck": [
            0.3572996126842635,
            0.03199591161675732,
            0.8260631635148816
        ],
        "Head": [
            0.38816141159717343,
            0.2868461708018428,
            0.8486973161174299
        ],
        "L_Shoulder": [
            0.19720406428045129,
            0.19583447229990106,
            0.5727326063036546
        ],
        "L_Elbow": [
            -0.15130747020928517,
            0.44690506318011874,
            0.5226618009517892
        ],
        "L_Wrist": [
            -0.13588846229379872,
            0.052157844078399386,
            0.4113076269542244
        ],
        "R_Shoulder": [
            0.6296474332022592,
            -0.04116074327124579,
            0.4736928176081187
        ],
        "R_Elbow": [
            0.9698616417948444,
            -0.3339849274574143,
            0.6190234055952014
        ],
        "R_Wrist": [
            1.2498874721679754,
            -0.5013019932926446,
            0.8463496990605467
        ]
    }
}