{
    "video": "edition48_sequence_12.mp4",
    "peak_id": 3,
    "frame_idx": 1814,
    "timestamp": 72.56,
    "total_score": 0.752,
    "skeleton_3d": {
        "Pelvis": [
            0.0,
            0.0,
            0.0
        ],
        "R_Hip": [
            0.0911908721046992,
            -0.03510068769627271,
            -0.047810920691705436
        ],
        "R_Knee": [
            0.03748847056681407,
            -0.4067536883399467,
            -0.5546151253459004
        ],
        "R_Ankle": [
            -0.15935500583725135,
            -0.9928007695050539,
            -1.0584212406484126
        ],
        "L_Hip": [
            -0.09525022333841696,
            0.03237207149173784,
            0.04561068086669315
        ],
        "L_Knee": [
            -0.1049994445721634,
            -0.06337380061367774,
            0.49804388050956006
        ],
        "L_Ankle": [
            -0.2137479464057123,
            -0.47767893048681337,
            0.6412912911055416
        ],
        "Spine": [
            0.04870524224163693,
            0.178904573802173,
            0.326303268692359
        ],
        "Thorax": [
            0.09878113188197993,
            0.4307721420030739,
            0.6591606802716953
        ],
        "Neck": [
            0.0016731073915056945,
            0.40377291932539544,
            0.8977583239015828
        ],
        "Head": [
            0.017289935364410654,
            0.6003836785657433,
            0.9035949326996142
        ],
        "L_Shoulder": [
            -0.10218427309941353,
            0.44515234527544695,
            0.6118043852743759
        ],
        "L_Elbow": [
            -0.39634915228345086,
            0.36718727464709294,
            0.8887842142787243
        ],
        "L_Wrist": [
            -0.5252661986782234,
            0.2626892511824615,
            1.2251111042319505
        ],
        "R_Shoulder": [
            0.30203283462685915,
            0.25260396103364535,
            0.6600269623707996
        ],
        "R_Elbow": [
            0.40066446255747346,
            -0.06701672107715859,
            1.0746175860398235
        ],
        "R_Wrist": [
            0.35011056277829794,
            0.022278288608702252,
            1.4379830871862567
        ]
    }
}