{
    "video": "edition48_sequence_12.mp4",
    "peak_id": 7,
    "frame_idx": 2862,
    "timestamp": 114.48,
    "total_score": 0.404,
    "skeleton_3d": {
        "Pelvis": [
            0.0,
            0.0,
            0.0
        ],
        "R_Hip": [
            0.06289191993934205,
            -0.22530226866683237,
            -0.003448439841394923
        ],
        "R_Knee": [
            -0.34543699073934764,
            -0.6636719744128385,
            -0.2808922959982565
        ],
        "R_Ankle": [
            -0.5088733581853987,
            -0.7982674639624113,
            -0.8444942345593144
        ],
        "L_Hip": [
            -0.05830787437173735,
            0.23611046739121383,
            0.0021052945553239237
        ],
        "L_Knee": [
            -0.31084442057753403,
            0.565005876267428,
            -0.46885108648438917
        ],
        "L_Ankle": [
            -0.01988285880738887,
            0.8160503689076501,
            -0.9706837949930189
        ],
        "Spine": [
            0.010802086650874579,
            0.055277650171749765,
            0.37165884752876316
        ],
        "Thorax": [
            0.027553571621460073,
            0.1136712178859431,
            0.7773322782233253
        ],
        "Neck": [
            -0.1873601228471387,
            0.16686533790284094,
            0.860322295989399
        ],
        "Head": [
            -0.16354915472582573,
            0.34228641845731245,
            0.9225725103671969
        ],
        "L_Shoulder": [
            -0.06583486341089897,
            0.28562474621688283,
            0.7400991648056517
        ],
        "L_Elbow": [
            -0.24080025581489034,
            0.5475885418496254,
            0.9910355876987147
        ],
        "L_Wrist": [
            -0.4298854400885444,
            0.29207858583663737,
            1.1392436323610797
        ],
        "R_Shoulder": [
            0.13978413792220523,
            -0.1483056465871531,
            0.7693925433305726
        ],
        "R_Elbow": [
            -0.14673081944930888,
            -0.4682517813409877,
            1.011971640443795
        ],
        "R_Wrist": [
            -0.41568043937977545,
            -0.2559988963933632,
            1.178265022142316
        ]
    }
}