{
    "video": "edition48_sequence_20.mp4",
    "peak_id": 2,
    "frame_idx": 1381,
    "timestamp": 55.24,
    "total_score": 0.467,
    "skeleton_3d": {
        "Pelvis": [
            0.0,
            0.0,
            0.0
        ],
        "R_Hip": [
            0.1008650308884596,
            0.07786132374157381,
            0.030099462185001886
        ],
        "R_Knee": [
            0.3650312121015683,
            -0.3542343743759956,
            0.06812801301089923
        ],
        "R_Ankle": [
            0.21471295937551488,
            -0.4307299269073123,
            -0.286824950509489
        ],
        "L_Hip": [
            -0.1005048375028918,
            -0.09775273776303614,
            -0.031148596019829257
        ],
        "L_Knee": [
            0.019806284856360375,
            -0.40338216971305024,
            -0.49879487722868643
        ],
        "L_Ankle": [
            0.039017950009899466,
            -0.8486026443345202,
            -0.989865692434194
        ],
        "Spine": [
            -0.031021647740698977,
            0.18952850021294865,
            0.27990185266158857
        ],
        "Thorax": [
            -0.042478597083946495,
            0.4390125164179959,
            0.5956286572691806
        ],
        "Neck": [
            -0.09081343090913203,
            0.3593523391746187,
            0.815651174444969
        ],
        "Head": [
            -0.06797793547011097,
            0.591079301243175,
            0.8298176392080655
        ],
        "L_Shoulder": [
            -0.20991183843647435,
            0.36592468117735205,
            0.5444841358811982
        ],
        "L_Elbow": [
            -0.5580752143330108,
            0.33351983557119647,
            0.4912891539780237
        ],
        "L_Wrist": [
            -0.8228332277128764,
            0.14982048016401192,
            0.5464881496081111
        ],
        "R_Shoulder": [
            0.12037241475081925,
            0.34297496356338986,
            0.5891105598680303
        ],
        "R_Elbow": [
            0.2780063767223483,
            0.03629467910162854,
            0.8774547478978977
        ],
        "R_Wrist": [
            0.41470733965529566,
            -0.005128853421591181,
            1.1662737037259467
        ]
    }
}