{
    "video": "edition48_sequence_3.mp4",
    "peak_id": 6,
    "frame_idx": 1012,
    "timestamp": 40.48,
    "total_score": 0.797,
    "skeleton_3d": {
        "Pelvis": [
            0.0,
            0.0,
            0.0
        ],
        "R_Hip": [
            0.13158684570223841,
            -0.14559750526542808,
            -0.028927242184898175
        ],
        "R_Knee": [
            0.04563298391237664,
            -0.1333007677901789,
            -0.6538979471454665
        ],
        "R_Ankle": [
            0.02882244167027343,
            0.15177228977062782,
            -1.2566517097217456
        ],
        "L_Hip": [
            -0.11934725254051921,
            0.14454952407906052,
            0.036164851022055314
        ],
        "L_Knee": [
            -0.6451034253132668,
            0.2312641629700721,
            -0.043262342481634616
        ],
        "L_Ankle": [
            -1.18558210568064,
            0.3278650556203241,
            -0.03024110615836923
        ],
        "Spine": [
            0.003959739283188661,
            -0.15654030586809553,
            0.3010604910742347
        ],
        "Thorax": [
            0.003689659024627483,
            -0.2038150297352688,
            0.6396746436482816
        ],
        "Neck": [
            -0.10687252909753117,
            -0.28373347265627724,
            0.8295906189408734
        ],
        "Head": [
            -0.06876214780860987,
            -0.11570496743965161,
            0.886735315828904
        ],
        "L_Shoulder": [
            -0.19633311398284617,
            -0.10639240904442009,
            0.5877081560013803
        ],
        "L_Elbow": [
            -0.4189331328071225,
            0.24567936114527,
            0.4843992876588683
        ],
        "L_Wrist": [
            -0.4470599712445232,
            -0.03829883472918572,
            0.5210076839773875
        ],
        "R_Shoulder": [
            0.2075100505317672,
            -0.3516080985941213,
            0.5944374320268597
        ],
        "R_Elbow": [
            0.41836705668491764,
            -0.6547578193148429,
            0.37585202285695146
        ],
        "R_Wrist": [
            0.20025516662121168,
            -0.8486971855577813,
            0.15135571131897646
        ]
    }
}