{
    "video": "edition48_sequence_18.mp4",
    "peak_id": 2,
    "frame_idx": 798,
    "timestamp": 31.92,
    "total_score": 0.726,
    "skeleton_3d": {
        "Pelvis": [
            0.0,
            0.0,
            0.0
        ],
        "R_Hip": [
            0.11383298031279368,
            -0.036129238411831535,
            0.05066324802617944
        ],
        "R_Knee": [
            0.565592265162984,
            0.0304208778469859,
            0.2475652345049668
        ],
        "R_Ankle": [
            0.9084610483631685,
            -0.14854115216650532,
            0.5832911606937629
        ],
        "L_Hip": [
            -0.10210845567646246,
            0.09379531977722863,
            -0.0518643282439227
        ],
        "L_Knee": [
            0.003204755401019222,
            -0.10963803625834102,
            -0.6409060876936234
        ],
        "L_Ankle": [
            0.11209602688560548,
            -0.03331581823810653,
            -1.1590811644890266
        ],
        "Spine": [
            -0.11124734694008204,
            0.11264594982447758,
            0.28370963200268934
        ],
        "Thorax": [
            -0.1782484849428855,
            0.3498605897268722,
            0.5935044112445051
        ],
        "Neck": [
            -0.20482645346037973,
            0.20803412747812708,
            0.7723262141508292
        ],
        "Head": [
            -0.21645931155887835,
            0.5007493944645616,
            0.8065425564717797
        ],
        "L_Shoulder": [
            -0.38806247791771814,
            0.26190798661481196,
            0.5441405025392482
        ],
        "L_Elbow": [
            -0.6329092105680604,
            -0.05344511352478604,
            0.7332803250193731
        ],
        "L_Wrist": [
            -0.7790705420046028,
            -0.0859297027256395,
            0.9717862939897136
        ],
        "R_Shoulder": [
            0.03992528776141033,
            0.21188836877264317,
            0.5835704769435869
        ],
        "R_Elbow": [
            0.3037764091720898,
            0.13000648209777643,
            0.3781707055197686
        ],
        "R_Wrist": [
            0.42878187418691316,
            -0.19445292156198252,
            0.2626828959448274
        ]
    }
}