{
    "video": "edition48_sequence_3.mp4",
    "peak_id": 3,
    "frame_idx": 666,
    "timestamp": 26.64,
    "total_score": 0.797,
    "skeleton_3d": {
        "Pelvis": [
            0.0,
            0.0,
            0.0
        ],
        "R_Hip": [
            0.14063548987657465,
            -0.08988043120378655,
            -0.0371534029297883
        ],
        "R_Knee": [
            0.03586931502497724,
            -0.04967333585181521,
            -0.6239021087756286
        ],
        "R_Ankle": [
            0.018127926650040527,
            0.2419867103245846,
            -1.1927384388399764
        ],
        "L_Hip": [
            -0.1270402480196486,
            0.11442801157064815,
            0.042866361086660885
        ],
        "L_Knee": [
            -0.6488338608938771,
            0.05759021630820694,
            0.010479112650678692
        ],
        "L_Ankle": [
            -1.1638650048188528,
            0.012644343045927644,
            0.038219139579653026
        ],
        "Spine": [
            0.004433259319205083,
            -0.09754764037404016,
            0.3258479369985026
        ],
        "Thorax": [
            0.010236900465255973,
            -0.014397728532325738,
            0.6871258651319726
        ],
        "Neck": [
            0.09811549077391599,
            -0.14387524870899687,
            0.9221692919593141
        ],
        "Head": [
            0.07910075183703248,
            0.05508937113233551,
            0.9649156520894993
        ],
        "L_Shoulder": [
            -0.21576667123892992,
            -0.054478929373564945,
            0.6293009382151251
        ],
        "L_Elbow": [
            -0.5338021187829991,
            -0.2000402958908081,
            0.6542098746175389
        ],
        "L_Wrist": [
            -0.7842049398780754,
            -0.503677461196682,
            0.7613074272748392
        ],
        "R_Shoulder": [
            0.22771674221592164,
            -0.10156348548939716,
            0.6542017192127298
        ],
        "R_Elbow": [
            0.5524092573836984,
            -0.09498559932205342,
            0.4659182767394425
        ],
        "R_Wrist": [
            0.35280242368569364,
            -0.2559460206173229,
            0.17219360549030624
        ]
    }
}