{
    "video": "edition48_sequence_8.mp4",
    "peak_id": 7,
    "frame_idx": 1748,
    "timestamp": 69.92,
    "total_score": 0.9,
    "skeleton_3d": {
        "Pelvis": [
            0.0,
            0.0,
            0.0
        ],
        "R_Hip": [
            0.12116244286199672,
            0.01711689400175626,
            -0.07790953631118913
        ],
        "R_Knee": [
            0.14394869655321021,
            -0.13020323174370757,
            -0.6827675867516598
        ],
        "R_Ankle": [
            0.23143567136377072,
            0.06323945340878796,
            -1.2791044087332442
        ],
        "L_Hip": [
            -0.12689548167844705,
            0.05136163942198791,
            0.08551103665762717
        ],
        "L_Knee": [
            -0.5770555775933149,
            0.005937848569999973,
            0.3013505529003328
        ],
        "L_Ankle": [
            -1.011209454921267,
            -0.04701986760253483,
            0.5276999239672894
        ],
        "Spine": [
            0.16305669408147996,
            -0.07316136529413053,
            0.28939151376458244
        ],
        "Thorax": [
            0.2969417979999904,
            0.029154324028051255,
            0.6124087979371845
        ],
        "Neck": [
            0.23915182888339429,
            -0.09796270271861747,
            0.8408328590254274
        ],
        "Head": [
            0.2585609076553253,
            0.18115811487083341,
            0.8908185480273411
        ],
        "L_Shoulder": [
            0.07374599462786542,
            -0.022570248456106994,
            0.5887021727150423
        ],
        "L_Elbow": [
            -0.29965313773914215,
            -0.1510325409955255,
            0.39899182948294265
        ],
        "L_Wrist": [
            -0.03814180568867107,
            -0.5306563546739486,
            0.23975440315854413
        ],
        "R_Shoulder": [
            0.5217007415306568,
            -0.09206460775942146,
            0.5515426450663798
        ],
        "R_Elbow": [
            0.8762571127695196,
            -0.4002411680144678,
            0.5139530050320212
        ],
        "R_Wrist": [
            1.1860000045387695,
            -0.8033726747893006,
            0.5354804490716799
        ]
    }
}