{
    "video": "edition48_sequence_19.mp4",
    "peak_id": 2,
    "frame_idx": 902,
    "timestamp": 36.08,
    "total_score": 0.647,
    "skeleton_3d": {
        "Pelvis": [
            0.0,
            0.0,
            0.0
        ],
        "R_Hip": [
            0.07182712727724712,
            -0.1936605690706145,
            0.008194071070416326
        ],
        "R_Knee": [
            -0.15054293717383477,
            -0.6477129566214502,
            0.027599279783268742
        ],
        "R_Ankle": [
            0.021734376849604213,
            -0.7228112690904096,
            -0.028001911720651966
        ],
        "L_Hip": [
            -0.057910703724878915,
            0.21493452737823632,
            -0.00625791134170931
        ],
        "L_Knee": [
            -0.15083989346820692,
            0.36750098781436125,
            -0.5845335999247735
        ],
        "L_Ankle": [
            0.01114973507032624,
            0.5030603755685923,
            -1.117953014436539
        ],
        "Spine": [
            -0.07337988747287086,
            -0.05603497864668466,
            0.31017055638416813
        ],
        "Thorax": [
            -0.12383412767462963,
            -0.24739816932044972,
            0.6476228263415003
        ],
        "Neck": [
            -0.25006845471649125,
            -0.2794149113834106,
            0.9379740061499032
        ],
        "Head": [
            -0.2101615850844126,
            -0.23802884066621108,
            0.9816049398387394
        ],
        "L_Shoulder": [
            -0.25593337083909506,
            0.035281880858746485,
            0.6393525994049868
        ],
        "L_Elbow": [
            -0.5621327083067365,
            0.4289642818005127,
            0.6387793670729844
        ],
        "L_Wrist": [
            -0.9009434976241888,
            0.502489534830907,
            0.7229567342976962
        ],
        "R_Shoulder": [
            0.002193144927709257,
            -0.4306583277751189,
            0.5519138478358622
        ],
        "R_Elbow": [
            -0.024746157587860654,
            -0.8426563112321437,
            0.3153551577115719
        ],
        "R_Wrist": [
            -0.08648112906815764,
            -1.2540889405502107,
            0.2804768964952146
        ]
    }
}