{
    "video": "edition48_sequence_18.mp4",
    "peak_id": 4,
    "frame_idx": 1674,
    "timestamp": 66.96,
    "total_score": 0.545,
    "skeleton_3d": {
        "Pelvis": [
            0.0,
            0.0,
            0.0
        ],
        "R_Hip": [
            -0.11083198313456676,
            0.14263856236837633,
            0.040619246682928364
        ],
        "R_Knee": [
            -0.7588097594325002,
            0.3240854714739013,
            -0.002672221760400449
        ],
        "R_Ankle": [
            -1.350202272624835,
            0.4323852961210368,
            -0.025196230987433073
        ],
        "L_Hip": [
            0.11952100448146223,
            -0.14796420779237784,
            -0.03594066465989556
        ],
        "L_Knee": [
            0.1062407474406275,
            0.06513809797535024,
            -0.6988137636601477
        ],
        "L_Ankle": [
            -0.059989039977913446,
            0.12422343316177432,
            -1.3382259403329433
        ],
        "Spine": [
            0.09624993295921391,
            -0.24272426692442867,
            0.3123235471826388
        ],
        "Thorax": [
            0.18852257257559266,
            -0.5182590910111947,
            0.6422276528950117
        ],
        "Neck": [
            0.2881240142241773,
            -0.5585142429916592,
            0.8147780261195439
        ],
        "Head": [
            0.26507637578351495,
            -0.7601551945676115,
            0.8749197694699985
        ],
        "L_Shoulder": [
            0.3749125085486475,
            -0.5347266227060344,
            0.5879233917421538
        ],
        "L_Elbow": [
            0.6759038200319825,
            -0.28602922312686685,
            0.678770155826441
        ],
        "L_Wrist": [
            0.7361869230758752,
            0.1583005681910846,
            0.7576567430123722
        ],
        "R_Shoulder": [
            -0.010943786367117304,
            -0.3987863158642926,
            0.6435625670793945
        ],
        "R_Elbow": [
            -0.30846961323365407,
            0.07400385010299694,
            0.6088683608380407
        ],
        "R_Wrist": [
            -0.5325031120148578,
            0.4828458201705213,
            0.6837057282762745
        ]
    }
}