{
    "video": "edition48_sequence_14.mp4",
    "peak_id": 10,
    "frame_idx": 2948,
    "timestamp": 117.92,
    "total_score": 0.75,
    "skeleton_3d": {
        "Pelvis": [
            0.0,
            0.0,
            0.0
        ],
        "R_Hip": [
            -0.06998675026962012,
            0.12664403185197937,
            0.04719758829991975
        ],
        "R_Knee": [
            -0.4244206230088943,
            0.3951991303353388,
            0.32663394134012186
        ],
        "R_Ankle": [
            -0.6101098749534626,
            0.5375957202871836,
            0.5823318921285511
        ],
        "L_Hip": [
            0.07957377372573354,
            -0.13501345459669487,
            -0.0485638040874412
        ],
        "L_Knee": [
            0.0721599198476719,
            -0.03043206853755534,
            -0.5006127045271805
        ],
        "L_Ankle": [
            0.12789604868626905,
            0.03286112210782019,
            -0.9042293975146681
        ],
        "Spine": [
            0.0470360819918143,
            -0.25149124343670265,
            0.2845472895050126
        ],
        "Thorax": [
            0.09752491647787306,
            -0.5508947074771726,
            0.5857147220590692
        ],
        "Neck": [
            0.24408587507654408,
            -0.5725533993606473,
            0.7526363312533266
        ],
        "Head": [
            0.21786263823301158,
            -0.7597926093686715,
            0.7912144347585942
        ],
        "L_Shoulder": [
            0.2169943185043499,
            -0.6308776348622434,
            0.48705839331805245
        ],
        "L_Elbow": [
            0.4549793432342298,
            -0.8503981252299253,
            0.3174852256970349
        ],
        "L_Wrist": [
            0.7062926515231718,
            -0.44526650656853684,
            0.17304170602286936
        ],
        "R_Shoulder": [
            -0.04092550766827937,
            -0.3700495485321838,
            0.6355902260368893
        ],
        "R_Elbow": [
            -0.017522415219189687,
            0.03956017480126599,
            0.8830556126849949
        ],
        "R_Wrist": [
            0.02504617047935237,
            0.036745723466407934,
            1.1602464796244574
        ]
    }
}