{
    "video": "edition48_sequence_18.mp4",
    "peak_id": 3,
    "frame_idx": 1506,
    "timestamp": 60.24,
    "total_score": 0.566,
    "skeleton_3d": {
        "Pelvis": [
            0.0,
            0.0,
            0.0
        ],
        "R_Hip": [
            -0.12423482696702709,
            -0.08810261066978092,
            -0.036374436446980796
        ],
        "R_Knee": [
            0.033000022031013494,
            0.17457185168424114,
            -0.6330675109390889
        ],
        "R_Ankle": [
            0.15790428479508412,
            0.362957171038702,
            -1.1639562558551073
        ],
        "L_Hip": [
            0.128681789282086,
            0.08158506874548227,
            0.03600400434120003
        ],
        "L_Knee": [
            0.23685085029391878,
            0.6957297716723645,
            -0.2587855427982092
        ],
        "L_Ankle": [
            0.4445973218989881,
            1.1613553667422274,
            -0.4487618095683318
        ],
        "Spine": [
            -0.0656742019395836,
            -0.22221048923569295,
            0.305456963367964
        ],
        "Thorax": [
            -0.10244638784364075,
            -0.5122662135143276,
            0.6370711318624409
        ],
        "Neck": [
            -0.09611581381160045,
            -0.5127821365097767,
            0.8114567340345962
        ],
        "Head": [
            -0.08679650099250717,
            -0.7759003435566552,
            0.8649445489819814
        ],
        "L_Shoulder": [
            0.11224765813950192,
            -0.5261750114937513,
            0.5929267962952144
        ],
        "L_Elbow": [
            0.38306944647386143,
            -0.522000138819809,
            0.4230394134935825
        ],
        "L_Wrist": [
            0.7373417793221198,
            -0.39880983662356645,
            0.33110489996799386
        ],
        "R_Shoulder": [
            -0.3213416849165327,
            -0.38324455479169345,
            0.6266958064913839
        ],
        "R_Elbow": [
            -0.5863115483658782,
            -0.01312102086442768,
            0.7668609028305471
        ],
        "R_Wrist": [
            -0.6535744669616405,
            0.39333938421329967,
            0.9477624400239836
        ]
    }
}