{
    "video": "edition48_sequence_1.mp4",
    "peak_id": 7,
    "frame_idx": 1301,
    "timestamp": 52.04,
    "total_score": 0.6,
    "skeleton_3d": {
        "Pelvis": [
            0.0,
            0.0,
            0.0
        ],
        "R_Hip": [
            0.12351514808130515,
            -0.056361484061684126,
            0.004549109420059381
        ],
        "R_Knee": [
            0.6064236878543937,
            0.06227420819437961,
            -0.05675816928157821
        ],
        "R_Ankle": [
            1.0487237037202002,
            -0.13053147075590885,
            -0.04919007635280366
        ],
        "L_Hip": [
            -0.11660964372606783,
            0.07113033678765263,
            -0.010770514093100925
        ],
        "L_Knee": [
            -0.24502385652992575,
            -0.2636248784432788,
            -0.5877964605616677
        ],
        "L_Ankle": [
            -0.3772443104132797,
            -0.5243226469618255,
            -1.1135447730150925
        ],
        "Spine": [
            -0.03289886131705717,
            0.14570781584149317,
            0.32771281614043585
        ],
        "Thorax": [
            -0.03642028332430996,
            0.3597540767559099,
            0.678136617168216
        ],
        "Neck": [
            0.01789277865543938,
            0.28231924412430015,
            0.8187932687574687
        ],
        "Head": [
            0.006798587987198004,
            0.5364416547993958,
            0.8604268073094103
        ],
        "L_Shoulder": [
            -0.20262480365012792,
            0.21151402427266827,
            0.6629366717655782
        ],
        "L_Elbow": [
            -0.31567796987067487,
            -0.1707532460795209,
            0.846347296631147
        ],
        "L_Wrist": [
            -0.38973388191763375,
            -0.09616157459457796,
            1.086630404008
        ],
        "R_Shoulder": [
            0.12418579687241527,
            0.26643558592991007,
            0.655785079295579
        ],
        "R_Elbow": [
            0.3166968071645864,
            0.06744699790570828,
            0.8268102577714875
        ],
        "R_Wrist": [
            0.48920506567390964,
            0.10272483566349563,
            1.0390604184910024
        ]
    }
}