{
    "video": "edition48_sequence_20.mp4",
    "peak_id": 0,
    "frame_idx": 387,
    "timestamp": 15.48,
    "total_score": 0.67,
    "skeleton_3d": {
        "Pelvis": [
            0.0,
            0.0,
            0.0
        ],
        "R_Hip": [
            0.10086950633497009,
            0.11533070385923519,
            0.017726477240180356
        ],
        "R_Knee": [
            0.586509644956706,
            0.10142763508755519,
            -0.3309516855876641
        ],
        "R_Ankle": [
            1.0731488544317656,
            0.09287632225965904,
            -0.6510599080500231
        ],
        "L_Hip": [
            -0.10686790676319434,
            -0.11735880194880835,
            -0.012516037276720765
        ],
        "L_Knee": [
            0.05517765836967302,
            -0.2204659991228512,
            -0.5672667518289217
        ],
        "L_Ankle": [
            0.15082996898223633,
            -0.04540691972614635,
            -1.0926597127845126
        ],
        "Spine": [
            0.0069095005973025545,
            0.0017863112535672467,
            0.3365527250726163
        ],
        "Thorax": [
            0.047851391718476216,
            0.09329118701760483,
            0.702887599046568
        ],
        "Neck": [
            0.23086742155794934,
            -0.04156587153499682,
            0.8959282068193304
        ],
        "Head": [
            0.21181563769500106,
            0.13432078550132137,
            0.9528506347895537
        ],
        "L_Shoulder": [
            -0.13830394246931874,
            0.04795364548151831,
            0.6813144730740823
        ],
        "L_Elbow": [
            -0.5037552333920999,
            -0.08500882474749356,
            0.7387060553756183
        ],
        "L_Wrist": [
            -0.8259677643412754,
            -0.20060397721282627,
            0.8609311782940035
        ],
        "R_Shoulder": [
            0.20117454154516662,
            0.11244546814538457,
            0.6437143537919746
        ],
        "R_Elbow": [
            0.44202768834391853,
            0.409662698974147,
            0.6848866783012609
        ],
        "R_Wrist": [
            0.6642495052531591,
            0.6521449973261528,
            0.7821607278195829
        ]
    }
}