{
    "video": "edition48_sequence_14.mp4",
    "peak_id": 9,
    "frame_idx": 2895,
    "timestamp": 115.8,
    "total_score": 1.0,
    "skeleton_3d": {
        "Pelvis": [
            0.0,
            0.0,
            0.0
        ],
        "R_Hip": [
            0.08250324311766892,
            0.0605526461788355,
            0.08042866309846151
        ],
        "R_Knee": [
            0.3832602220039843,
            0.10136487409723821,
            0.34968957457518357
        ],
        "R_Ankle": [
            0.6159093247441777,
            -0.028861764470458896,
            0.582916483778099
        ],
        "L_Hip": [
            -0.07525391300740299,
            -0.028597738834924114,
            -0.08495223489454604
        ],
        "L_Knee": [
            -0.07151196269750165,
            -0.10403505843679409,
            -0.6231810433771922
        ],
        "L_Ankle": [
            -0.04393929180094771,
            -0.14719215738122152,
            -1.148152063527004
        ],
        "Spine": [
            -0.1126364018165334,
            -0.12262445443690495,
            0.2931824930819216
        ],
        "Thorax": [
            -0.18589108344699778,
            -0.25086906512878987,
            0.6173393005110251
        ],
        "Neck": [
            -0.19586703877816344,
            -0.356692998713823,
            0.7737448242801818
        ],
        "Head": [
            -0.20526279708565656,
            -0.2528974955001961,
            0.8191213489080055
        ],
        "L_Shoulder": [
            -0.2848973867650715,
            -0.3922291601021991,
            0.4763062920694346
        ],
        "L_Elbow": [
            -0.32868904829237144,
            -0.6988077262734802,
            0.22667330457149076
        ],
        "L_Wrist": [
            -0.25758165519837745,
            -1.0476364887472556,
            0.06232922701361449
        ],
        "R_Shoulder": [
            -0.09458861892365396,
            -0.11866937642379545,
            0.694889728225005
        ],
        "R_Elbow": [
            -0.04507986849206118,
            0.1464462760947443,
            0.9554383848018417
        ],
        "R_Wrist": [
            -0.05351755039133864,
            0.18187042262715103,
            1.2393964650026446
        ]
    }
}