{
    "video": "edition16_sequence_16.mp4",
    "peak_id": 5,
    "frame_idx": 636,
    "timestamp": 25.44,
    "total_score": 0.655,
    "skeleton_3d": {
        "Pelvis": [
            0.0,
            0.0,
            0.0
        ],
        "R_Hip": [
            0.11591991603817563,
            0.16467654509950147,
            0.08073944690783927
        ],
        "R_Knee": [
            0.5647631981810896,
            0.046484822426724914,
            0.22481487664235905
        ],
        "R_Ankle": [
            0.9511545663378597,
            0.34146242619622513,
            0.5035039018139865
        ],
        "L_Hip": [
            -0.11684558972730315,
            -0.1658692858098103,
            -0.06953836034691593
        ],
        "L_Knee": [
            -0.06248986712711676,
            -0.12026732182615318,
            -0.6681872716404593
        ],
        "L_Ankle": [
            0.06439948454397183,
            -0.10211714508276082,
            -1.2067621734170895
        ],
        "Spine": [
            -0.05999674239261538,
            -0.04166143638212053,
            0.33373051657956987
        ],
        "Thorax": [
            -0.09665098327495839,
            0.03898670073926092,
            0.6563043688691642
        ],
        "Neck": [
            -0.13645311237682523,
            -0.057010674740913626,
            0.899599676127014
        ],
        "Head": [
            -0.14580153858596798,
            0.03673173709316743,
            0.9459428273426513
        ],
        "L_Shoulder": [
            -0.31758570174434103,
            -0.13904084642760775,
            0.6668427320430664
        ],
        "L_Elbow": [
            -0.48483336357344226,
            -0.43976229222875657,
            0.9345466547987235
        ],
        "L_Wrist": [
            -0.5090609528464144,
            -0.43794155354581593,
            1.2850882655705085
        ],
        "R_Shoulder": [
            0.10268436332260576,
            0.11875262906593358,
            0.6436332990319278
        ],
        "R_Elbow": [
            0.4151309909502931,
            0.3599165973412049,
            0.6566641236151648
        ],
        "R_Wrist": [
            0.7169539531553402,
            0.2540669147078429,
            0.706094075589369
        ]
    }
}