{
    "video": "edition16_sequence_9.mp4",
    "peak_id": 5,
    "frame_idx": 814,
    "timestamp": 32.56,
    "total_score": 0.588,
    "skeleton_3d": {
        "Pelvis": [
            0.0,
            0.0,
            0.0
        ],
        "R_Hip": [
            0.1511808558040841,
            0.14815393368023652,
            0.05578215823821555
        ],
        "R_Knee": [
            0.5934308160112198,
            0.30683591419955386,
            -0.21427172072276834
        ],
        "R_Ankle": [
            1.0426959321972813,
            0.6331944939628541,
            -0.24373919798738447
        ],
        "L_Hip": [
            -0.15287776983691823,
            -0.1410216739873478,
            -0.04731841141338806
        ],
        "L_Knee": [
            -0.17165060057366574,
            -0.22284512416075947,
            -0.6920528497410076
        ],
        "L_Ankle": [
            -0.21302841816248994,
            -0.16332009717254753,
            -1.272825358863242
        ],
        "Spine": [
            -0.009667534503893769,
            -0.03243534154379725,
            0.34721487317611394
        ],
        "Thorax": [
            0.005868967375543136,
            -0.030756665772197735,
            0.6674803751850688
        ],
        "Neck": [
            0.0781157216194344,
            -0.1079939441178589,
            0.8728225290357986
        ],
        "Head": [
            0.08152380167156267,
            0.025129672411193807,
            0.9276545721420689
        ],
        "L_Shoulder": [
            -0.24595308871978463,
            -0.1688595725033607,
            0.718794065358995
        ],
        "L_Elbow": [
            -0.547497046384779,
            -0.43381715647535074,
            0.85638950212075
        ],
        "L_Wrist": [
            -0.8259603368776504,
            -0.5173478090978576,
            1.0429732653448187
        ],
        "R_Shoulder": [
            0.2374865654497114,
            0.07854786105048682,
            0.6177895821274956
        ],
        "R_Elbow": [
            0.5399271073443895,
            0.32588673976004223,
            0.5925132397796313
        ],
        "R_Wrist": [
            0.8419379748762242,
            0.3548352812445685,
            0.6282072198589068
        ]
    }
}