{
    "video": "edition16_sequence_2.mp4",
    "peak_id": 12,
    "frame_idx": 1524,
    "timestamp": 60.96,
    "total_score": 0.993,
    "skeleton_3d": {
        "Pelvis": [
            0.0,
            0.0,
            0.0
        ],
        "R_Hip": [
            0.13184249702203918,
            -0.12014664130088588,
            -0.07105143100804254
        ],
        "R_Knee": [
            0.10422578372431879,
            -0.0958501346219285,
            -0.7938482830759648
        ],
        "R_Ankle": [
            0.175378697567586,
            -0.04471275266913997,
            -1.402967573165174
        ],
        "L_Hip": [
            -0.12754490342901578,
            0.11593445772890013,
            0.07457134876649588
        ],
        "L_Knee": [
            -0.5856553794513805,
            -0.13289755023252678,
            0.28579804602879205
        ],
        "L_Ankle": [
            -0.9881780847047875,
            -0.15071600621833728,
            0.6937297243066535
        ],
        "Spine": [
            0.09455434605507768,
            -0.08250670838966748,
            0.33122478636314223
        ],
        "Thorax": [
            0.1818779241220531,
            -0.17935486342538337,
            0.6357392391078213
        ],
        "Neck": [
            0.23793361933316548,
            -0.19976762292811906,
            0.9181103213444
        ],
        "Head": [
            0.23803465252927214,
            -0.09284940016508457,
            0.9727690805984932
        ],
        "L_Shoulder": [
            -0.04191595096370558,
            -0.18465913476949827,
            0.7038406949194543
        ],
        "L_Elbow": [
            -0.16046693722879313,
            -0.32270148433894813,
            1.0356961750854754
        ],
        "L_Wrist": [
            0.04854872390478961,
            -0.2542703217226144,
            1.2732093176091306
        ],
        "R_Shoulder": [
            0.3782150717905609,
            -0.10596837796903517,
            0.5505109579194418
        ],
        "R_Elbow": [
            0.6264476108878605,
            0.15339652625186098,
            0.3704808221843357
        ],
        "R_Wrist": [
            0.905514773433729,
            0.1702696980690121,
            0.25149472085845115
        ]
    }
}