{
    "video": "edition16_sequence_15.mp4",
    "peak_id": 2,
    "frame_idx": 351,
    "timestamp": 14.04,
    "total_score": 0.664,
    "skeleton_3d": {
        "Pelvis": [
            0.0,
            0.0,
            0.0
        ],
        "R_Hip": [
            0.07905006901110795,
            -0.15552044897839035,
            -0.05574033796317015
        ],
        "R_Knee": [
            0.09747088360062954,
            -0.24607962225884095,
            -0.6310438879635274
        ],
        "R_Ankle": [
            0.20842764134099687,
            -0.5029152739857591,
            -1.1551317337402582
        ],
        "L_Hip": [
            -0.0749246565732964,
            0.1512297117737718,
            0.057640438411877104
        ],
        "L_Knee": [
            -0.5929489514339378,
            -0.06783278044192288,
            -0.0439270341682966
        ],
        "L_Ankle": [
            -1.1908772338168412,
            -0.09386575238542035,
            -0.1508246615576164
        ],
        "Spine": [
            0.09020503357074806,
            0.021676867128509438,
            0.3222269686753066
        ],
        "Thorax": [
            0.16866929319195995,
            0.15401576533038494,
            0.6349725344003261
        ],
        "Neck": [
            0.25802363335151013,
            0.09585158325093077,
            0.8558245871127627
        ],
        "Head": [
            0.24414202129722232,
            0.16717632321868756,
            0.8941674793792516
        ],
        "L_Shoulder": [
            0.023938824490385768,
            0.23540191664684512,
            0.6065962341476785
        ],
        "L_Elbow": [
            -0.07382301967026143,
            0.5571105238019043,
            0.4920900514640742
        ],
        "L_Wrist": [
            -0.1635568396105993,
            0.3223661087019923,
            0.5314554819158389
        ],
        "R_Shoulder": [
            0.303548390415036,
            0.013739892645710685,
            0.6283162631658626
        ],
        "R_Elbow": [
            0.36250346892251584,
            -0.1446763086625896,
            0.9403104783313682
        ],
        "R_Wrist": [
            0.38494242996299105,
            -0.0717640865390751,
            1.2462659660774174
        ]
    }
}