{
    "video": "edition16_sequence_16.mp4",
    "peak_id": 9,
    "frame_idx": 1341,
    "timestamp": 53.64,
    "total_score": 0.482,
    "skeleton_3d": {
        "Pelvis": [
            0.0,
            0.0,
            0.0
        ],
        "R_Hip": [
            0.11957818707459418,
            0.17370263814285217,
            0.02066307506367657
        ],
        "R_Knee": [
            0.3982536493688944,
            0.29085521300181844,
            -0.4334462898883692
        ],
        "R_Ankle": [
            0.747989179014043,
            0.47525529622881835,
            -0.8034218183614223
        ],
        "L_Hip": [
            -0.12794807169609204,
            -0.17221568115229127,
            -0.017630989848770415
        ],
        "L_Knee": [
            -0.02908968246689514,
            -0.12614701335821926,
            -0.589518521060545
        ],
        "L_Ankle": [
            -0.17841038130248107,
            0.006213045509601839,
            -1.0414484348736344
        ],
        "Spine": [
            0.008137066352996335,
            -0.03009738251659069,
            0.35479304629144415
        ],
        "Thorax": [
            0.04332186060472785,
            -0.07812480048809484,
            0.7114633330876511
        ],
        "Neck": [
            0.1788097577149498,
            -0.10465753373282435,
            0.9576245962801716
        ],
        "Head": [
            0.18772303626838982,
            -0.06418829600663119,
            1.031374436198863
        ],
        "L_Shoulder": [
            -0.07390208767685263,
            -0.2802331690279147,
            0.6996272706194977
        ],
        "L_Elbow": [
            0.04281055994064311,
            -0.38254685668414196,
            0.30929218336389236
        ],
        "L_Wrist": [
            0.2587962650066014,
            -0.24260060080682258,
            0.02997989177917669
        ],
        "R_Shoulder": [
            0.1550202527880671,
            0.15743561800680192,
            0.7053635371487315
        ],
        "R_Elbow": [
            0.2654488858450245,
            0.34189346445292035,
            0.39103957703517606
        ],
        "R_Wrist": [
            0.4111534410435321,
            0.33727625391885646,
            0.1459866215657714
        ]
    }
}