{
    "video": "edition16_sequence_7.mp4",
    "peak_id": 11,
    "frame_idx": 2085,
    "timestamp": 83.4,
    "total_score": 0.627,
    "skeleton_3d": {
        "Pelvis": [
            0.0,
            0.0,
            0.0
        ],
        "R_Hip": [
            0.13944040223110626,
            -0.1289286281292029,
            -0.05075879199299945
        ],
        "R_Knee": [
            -0.010987409566874936,
            -0.21112384059238037,
            -0.7142543413910183
        ],
        "R_Ankle": [
            -0.11292460526249078,
            -0.1294609270536331,
            -1.3430098885727555
        ],
        "L_Hip": [
            -0.13685414853136527,
            0.12523019431502744,
            0.050339276320385415
        ],
        "L_Knee": [
            -0.6263898725724608,
            -0.20973920187296383,
            -0.287450951271794
        ],
        "L_Ankle": [
            -1.2145999644349617,
            -0.20038814075462302,
            -0.5802632024133195
        ],
        "Spine": [
            0.06227101773680722,
            -0.004948899480997826,
            0.3595687894133863
        ],
        "Thorax": [
            0.10492902668058342,
            -0.07767246863689697,
            0.6934177365382186
        ],
        "Neck": [
            0.06686107210790218,
            -0.18421247534753576,
            0.9470452236835394
        ],
        "Head": [
            0.06200305171026601,
            -0.043857188816366036,
            1.003171774441652
        ],
        "L_Shoulder": [
            -0.1390017442677441,
            -0.05248458995713591,
            0.6783276734119488
        ],
        "L_Elbow": [
            -0.4721795262174398,
            -0.1284116039714717,
            0.5583670261907266
        ],
        "L_Wrist": [
            -0.8527831148136849,
            -0.32143495020122187,
            0.5177626594950654
        ],
        "R_Shoulder": [
            0.3534417458258625,
            -0.07343522491504365,
            0.6752096937543034
        ],
        "R_Elbow": [
            0.6773888417155004,
            0.06739956297740093,
            0.5023798625619802
        ],
        "R_Wrist": [
            1.0347248326657288,
            0.09171359934000024,
            0.38878622772685806
        ]
    }
}