{
    "video": "edition16_sequence_12.mp4",
    "peak_id": 0,
    "frame_idx": 1355,
    "timestamp": 54.2,
    "total_score": 0.59,
    "skeleton_3d": {
        "Pelvis": [
            0.0,
            0.0,
            0.0
        ],
        "R_Hip": [
            0.1544374933616235,
            0.1385772311653565,
            0.01253332456559399
        ],
        "R_Knee": [
            0.5435391198068464,
            0.08743242841991479,
            -0.11685614039168296
        ],
        "R_Ankle": [
            1.0592035538833136,
            0.25990131294895397,
            -0.13237828531221038
        ],
        "L_Hip": [
            -0.15566945717825414,
            -0.12148211261236698,
            -0.008198698280413946
        ],
        "L_Knee": [
            -0.586293754904855,
            -0.248847264377846,
            -0.38470710908439054
        ],
        "L_Ankle": [
            -1.1070380059076717,
            -0.5612994709284655,
            -0.7023374530982326
        ],
        "Spine": [
            0.04702641965838017,
            -0.0021820720378634938,
            0.33554208861776985
        ],
        "Thorax": [
            0.08394366995816441,
            -0.10691452529184652,
            0.6542921555621775
        ],
        "Neck": [
            0.07191895466310029,
            -0.13928569687785938,
            0.9138531043515704
        ],
        "Head": [
            0.03804935046105545,
            -0.07103748535291482,
            0.9685218021730035
        ],
        "L_Shoulder": [
            0.02755872092128076,
            -0.22063699234430761,
            0.5757322129368905
        ],
        "L_Elbow": [
            0.4526236405266125,
            -0.19929627059271568,
            0.6137901893657199
        ],
        "L_Wrist": [
            0.7209984688909594,
            -0.030093489960542223,
            0.7606734785361504
        ],
        "R_Shoulder": [
            0.1492601952515528,
            0.1255101942134353,
            0.709632439209942
        ],
        "R_Elbow": [
            0.2786359077302679,
            0.21544122846490038,
            1.0213890673472181
        ],
        "R_Wrist": [
            0.38604041510924014,
            0.08222603703829501,
            1.346295802572179
        ]
    }
}