{
    "video": "edition16_sequence_10.mp4",
    "peak_id": 3,
    "frame_idx": 1224,
    "timestamp": 48.96,
    "total_score": 0.548,
    "skeleton_3d": {
        "Pelvis": [
            0.0,
            0.0,
            0.0
        ],
        "R_Hip": [
            0.09513139085223299,
            0.06417149032249687,
            -0.006145522946939279
        ],
        "R_Knee": [
            0.05757881114830203,
            0.00887652131867585,
            -0.705591811042341
        ],
        "R_Ankle": [
            -0.005209965977241645,
            -0.02942260366491181,
            -1.242085392227704
        ],
        "L_Hip": [
            -0.10643634718677632,
            -0.06981787525576987,
            0.012220184368360568
        ],
        "L_Knee": [
            0.015953852789192244,
            0.44079017638364365,
            0.13703956137037435
        ],
        "L_Ankle": [
            0.44353108876140124,
            0.8089859772184241,
            0.22136454815121695
        ],
        "Spine": [
            0.02246315180647088,
            -0.06258291350038303,
            0.34713735554979697
        ],
        "Thorax": [
            0.08002955683033305,
            -0.11215685098988547,
            0.6947143954361548
        ],
        "Neck": [
            0.035009390269275735,
            -0.15390540449313778,
            0.9867331419968306
        ],
        "Head": [
            0.04508804575926647,
            -0.07174343720553605,
            1.0261472368322018
        ],
        "L_Shoulder": [
            -0.1321975619012147,
            -0.16566818914355802,
            0.7369156340800448
        ],
        "L_Elbow": [
            -0.2686713882818739,
            -0.264418753835334,
            1.0418867245775785
        ],
        "L_Wrist": [
            -0.2604851962659954,
            -0.2753595162165498,
            1.3727734750560046
        ],
        "R_Shoulder": [
            0.25613755594350895,
            0.02954512910003755,
            0.6447799927953732
        ],
        "R_Elbow": [
            0.5998354416252807,
            0.17165208780860514,
            0.5970090382457691
        ],
        "R_Wrist": [
            0.9416207518747652,
            0.06954621559695442,
            0.5657707633562109
        ]
    }
}