{
    "video": "edition16_sequence_2.mp4",
    "peak_id": 17,
    "frame_idx": 2137,
    "timestamp": 85.48,
    "total_score": 0.615,
    "skeleton_3d": {
        "Pelvis": [
            0.0,
            0.0,
            0.0
        ],
        "R_Hip": [
            0.02440659025409054,
            -0.12574334412063348,
            -0.016733826158839837
        ],
        "R_Knee": [
            -0.20978554197790686,
            0.001080976785378193,
            -0.6351427626502678
        ],
        "R_Ankle": [
            0.05799726215715668,
            -0.03937919470408327,
            -1.1845482152364777
        ],
        "L_Hip": [
            -0.012985786723124828,
            0.08355269617196039,
            0.013793136909455793
        ],
        "L_Knee": [
            0.6022521301313164,
            0.30999628919582495,
            0.04692240937486351
        ],
        "L_Ankle": [
            1.1683159613579193,
            0.46636051518944704,
            -0.04264735239108082
        ],
        "Spine": [
            -0.1778872182035761,
            -0.09920264464157186,
            0.294113981773068
        ],
        "Thorax": [
            -0.3475418118467043,
            -0.2751268098896111,
            0.5773998082734333
        ],
        "Neck": [
            -0.45474966121168264,
            -0.3128116861734264,
            0.9253494499927299
        ],
        "Head": [
            -0.43177158271785815,
            -0.31248343654908217,
            0.9745204675726822
        ],
        "L_Shoulder": [
            -0.5081060252992419,
            -0.17463521344220456,
            0.5726475721950258
        ],
        "L_Elbow": [
            -0.775749116707469,
            0.027807992252797113,
            0.4340003336602428
        ],
        "L_Wrist": [
            -1.0412654650406035,
            -0.03440764675091238,
            0.5440807326320267
        ],
        "R_Shoulder": [
            -0.17189048866416345,
            -0.3143564451341148,
            0.5385388427666968
        ],
        "R_Elbow": [
            0.04258091371960964,
            -0.402238843561652,
            0.3774301169632588
        ],
        "R_Wrist": [
            0.0685685896923414,
            -0.42793756864251037,
            0.4537391583761073
        ]
    }
}