{
    "video": "edition16_sequence_3.mp4",
    "peak_id": 2,
    "frame_idx": 547,
    "timestamp": 21.88,
    "total_score": 1.0,
    "skeleton_3d": {
        "Pelvis": [
            0.0,
            0.0,
            0.0
        ],
        "R_Hip": [
            0.0892573629053218,
            -0.14492340229058132,
            -0.09440053760129125
        ],
        "R_Knee": [
            0.004483741973878083,
            -0.036419760695709055,
            -0.7179025688539131
        ],
        "R_Ankle": [
            -0.06058953574789078,
            0.036080674689547294,
            -1.3322227543059795
        ],
        "L_Hip": [
            -0.0834734624962007,
            0.132659649917438,
            0.0939148680404666
        ],
        "L_Knee": [
            -0.4788212915755601,
            -0.04801248267167596,
            0.5425895247987789
        ],
        "L_Ankle": [
            -0.8729275722169115,
            -0.15259028538384367,
            1.0424509350284106
        ],
        "Spine": [
            0.1600301465636119,
            -0.05666820300251362,
            0.30910176445518955
        ],
        "Thorax": [
            0.27888750777991467,
            -0.06158730248757632,
            0.5980819338727058
        ],
        "Neck": [
            0.35409800566935073,
            -0.08461801475555794,
            0.9147206881223856
        ],
        "Head": [
            0.33365602128788724,
            -0.04102073549380162,
            0.9633423138150999
        ],
        "L_Shoulder": [
            0.05929327796881152,
            -0.06694236827588909,
            0.6151206290672562
        ],
        "L_Elbow": [
            -0.29406439019632785,
            -0.1397620904746416,
            0.7627226436059753
        ],
        "L_Wrist": [
            -0.5922712217809415,
            -0.3094605337724545,
            0.9630679062752797
        ],
        "R_Shoulder": [
            0.5036914614128365,
            -0.02506574977198307,
            0.5674436433842086
        ],
        "R_Elbow": [
            0.7582154732772142,
            -0.14840710666001308,
            0.8263146309054525
        ],
        "R_Wrist": [
            0.9519104321368759,
            -0.1570306814454343,
            1.142400544018923
        ]
    }
}