{
    "video": "edition16_sequence_9.mp4",
    "peak_id": 10,
    "frame_idx": 1453,
    "timestamp": 58.12,
    "total_score": 0.4,
    "skeleton_3d": {
        "Pelvis": [
            0.0,
            0.0,
            0.0
        ],
        "R_Hip": [
            0.154478690058649,
            0.15588240936061207,
            0.02220131824212589
        ],
        "R_Knee": [
            0.3685140401902936,
            0.36228592060311493,
            -0.4625167628238609
        ],
        "R_Ankle": [
            0.680350319540353,
            0.695394291641769,
            -0.7525649666045474
        ],
        "L_Hip": [
            -0.15505671861068243,
            -0.14901507736201916,
            -0.020536905374814052
        ],
        "L_Knee": [
            -0.06702632200499938,
            -0.14309906167398068,
            -0.639589526474778
        ],
        "L_Ankle": [
            0.009144519592626296,
            -0.09359836618801003,
            -1.2160748149797607
        ],
        "Spine": [
            -0.010835859317532516,
            -0.0265796027734309,
            0.3626820264979375
        ],
        "Thorax": [
            -0.006208812983932091,
            -0.09403706902735602,
            0.711065040733829
        ],
        "Neck": [
            -0.0489520901459674,
            -0.16692822814364558,
            0.9760830071013822
        ],
        "Head": [
            -0.04777585693589047,
            -0.06058931648405154,
            1.0337350480643281
        ],
        "L_Shoulder": [
            -0.2593662993845148,
            -0.15942679563184647,
            0.6988742494550191
        ],
        "L_Elbow": [
            -0.49450903478503133,
            -0.3414845738204836,
            0.8219869810290554
        ],
        "L_Wrist": [
            -0.727586960607301,
            -0.20186331130843713,
            0.991452180685689
        ],
        "R_Shoulder": [
            0.24459773410987007,
            0.04192662369523133,
            0.7170694286932199
        ],
        "R_Elbow": [
            0.5595302610693484,
            0.25740425750081236,
            0.7776911381902684
        ],
        "R_Wrist": [
            0.87677996116213,
            0.22356086919840137,
            0.8674679366834854
        ]
    }
}