{
    "video": "edition16_sequence_2.mp4",
    "peak_id": 16,
    "frame_idx": 1895,
    "timestamp": 75.8,
    "total_score": 0.723,
    "skeleton_3d": {
        "Pelvis": [
            0.0,
            0.0,
            0.0
        ],
        "R_Hip": [
            0.09722583943874723,
            -0.12571276430617756,
            -0.07728883634927275
        ],
        "R_Knee": [
            -0.10869626166816046,
            -0.2169595244479565,
            -0.648968780463906
        ],
        "R_Ankle": [
            -0.2773246977691736,
            -0.372934060654858,
            -1.1274905042331895
        ],
        "L_Hip": [
            -0.0914844169120408,
            0.11481813081149735,
            0.08079041802479292
        ],
        "L_Knee": [
            -0.2363713142854579,
            -0.11245654375886707,
            0.493286278513101
        ],
        "L_Ankle": [
            -0.5107763515805976,
            -0.04247598150737224,
            0.2377158844624887
        ],
        "Spine": [
            0.13363314510991867,
            0.022718874109057256,
            0.3151920673552918
        ],
        "Thorax": [
            0.24315866027924635,
            0.08006533435537427,
            0.6256596469564203
        ],
        "Neck": [
            0.3448030777995241,
            0.012248137905264878,
            0.8390720162169191
        ],
        "Head": [
            0.3650463316050966,
            0.07126768239369473,
            0.8931826292243714
        ],
        "L_Shoulder": [
            0.07700679971920144,
            0.14467711774862257,
            0.6403327010016581
        ],
        "L_Elbow": [
            -0.19507273165879846,
            0.322969803571918,
            0.5535190006574398
        ],
        "L_Wrist": [
            -0.33541023551931554,
            0.26486468740062774,
            0.36090361347754607
        ],
        "R_Shoulder": [
            0.4004642007120088,
            0.02626918552747266,
            0.5859514763202175
        ],
        "R_Elbow": [
            0.5519658634546016,
            -0.13984224559290095,
            0.9168424564639619
        ],
        "R_Wrist": [
            0.45623273968478084,
            -0.09815407133224886,
            1.1728510029486343
        ]
    }
}