{
    "video": "edition16_sequence_8.mp4",
    "peak_id": 0,
    "frame_idx": 70,
    "timestamp": 2.8,
    "total_score": 1.0,
    "skeleton_3d": {
        "Pelvis": [
            0.0,
            0.0,
            0.0
        ],
        "R_Hip": [
            0.12444817054282992,
            0.13935782148884718,
            0.08697648415777776
        ],
        "R_Knee": [
            0.3645919381396049,
            0.03813726282720422,
            0.578721045455239
        ],
        "R_Ankle": [
            0.6470323553533264,
            0.08071703426535133,
            1.0714018836612502
        ],
        "L_Hip": [
            -0.1267099221996636,
            -0.14769082153093124,
            -0.0818990548146842
        ],
        "L_Knee": [
            -0.07093077720809467,
            -0.06313492468388272,
            -0.6605898906497797
        ],
        "L_Ankle": [
            -0.16265100166302188,
            -0.004283966459967414,
            -1.1876854617285013
        ],
        "Spine": [
            -0.1280495058364757,
            -0.07643087842056782,
            0.307491108434514
        ],
        "Thorax": [
            -0.24086581071558952,
            -0.17201249818210695,
            0.6176558235807027
        ],
        "Neck": [
            -0.3591392953551136,
            -0.22377214532208217,
            0.8308058293614294
        ],
        "Head": [
            -0.35105775167044195,
            -0.14176324866053006,
            0.8556989989914737
        ],
        "L_Shoulder": [
            -0.3642171120010295,
            -0.22965100103032887,
            0.5407143555500813
        ],
        "L_Elbow": [
            -0.5446359072843507,
            0.04841924329064583,
            0.33574839037951315
        ],
        "L_Wrist": [
            -0.7031283002213361,
            -0.12052165303308812,
            0.23954679562509307
        ],
        "R_Shoulder": [
            -0.10143279715023129,
            -0.050887914938382316,
            0.681351203113017
        ],
        "R_Elbow": [
            -0.09045971975509332,
            0.20376267063049316,
            0.7318705406288953
        ],
        "R_Wrist": [
            -0.24155700793105236,
            0.059780010810958774,
            1.2495771166881449
        ]
    }
}