{
    "video": "edition16_sequence_15.mp4",
    "peak_id": 0,
    "frame_idx": 201,
    "timestamp": 8.04,
    "total_score": 0.454,
    "skeleton_3d": {
        "Pelvis": [
            0.0,
            0.0,
            0.0
        ],
        "R_Hip": [
            -0.14706421617228047,
            0.02049350712345145,
            0.04022171301694117
        ],
        "R_Knee": [
            -0.4395954216800344,
            0.28033186481892,
            -0.21099447860662418
        ],
        "R_Ankle": [
            -0.8843464730088137,
            0.38500659079100913,
            -0.487993038174069
        ],
        "L_Hip": [
            0.14373745145604483,
            -0.030371910165164273,
            -0.038677865387088346
        ],
        "L_Knee": [
            0.05987197753216082,
            0.03748058700554825,
            -0.5847165362595123
        ],
        "L_Ankle": [
            -0.06509209826493349,
            -0.09339612971765765,
            -1.0909800321624537
        ],
        "Spine": [
            0.08784595810446864,
            0.0001344533554528688,
            0.3216809645032453
        ],
        "Thorax": [
            0.17389073719799705,
            -0.022476729566715953,
            0.6244008470190016
        ],
        "Neck": [
            0.40856219952059036,
            0.024538117559821222,
            0.7441718784926478
        ],
        "Head": [
            0.40109595583836605,
            -0.059868724846625074,
            0.7975527733268956
        ],
        "L_Shoulder": [
            0.35312295839376534,
            -0.06392786541022817,
            0.5758699817711999
        ],
        "L_Elbow": [
            0.42725762794057615,
            0.2958195240670265,
            0.6455509219044063
        ],
        "L_Wrist": [
            0.34476774110288505,
            0.4051388036708171,
            0.76787459065817
        ],
        "R_Shoulder": [
            -0.01886287139674081,
            0.012053628435287704,
            0.6499229063489069
        ],
        "R_Elbow": [
            -0.22356559832184655,
            0.2261595886634779,
            0.7045875277412623
        ],
        "R_Wrist": [
            -0.2789015271232227,
            0.3580169431901539,
            0.9022090263894196
        ]
    }
}