{
    "video": "edition16_sequence_16.mp4",
    "peak_id": 0,
    "frame_idx": 333,
    "timestamp": 13.32,
    "total_score": 0.998,
    "skeleton_3d": {
        "Pelvis": [
            0.0,
            0.0,
            0.0
        ],
        "R_Hip": [
            0.0873000883696528,
            -0.14558763297922603,
            -0.050441771782672694
        ],
        "R_Knee": [
            0.03812795861378636,
            -0.14261461534324402,
            -0.6416041346377049
        ],
        "R_Ankle": [
            0.10212982634401224,
            -0.08993523226737173,
            -1.1942027893361322
        ],
        "L_Hip": [
            -0.08539124508510378,
            0.13971201452759668,
            0.05141574577529666
        ],
        "L_Knee": [
            -0.5720498741145195,
            -0.11351066904610597,
            0.14898892199281338
        ],
        "L_Ankle": [
            -1.123499813588002,
            -0.175311447041849,
            0.29361685915800895
        ],
        "Spine": [
            0.09887455575010853,
            0.0200205294211709,
            0.337198792238733
        ],
        "Thorax": [
            0.18338056609244802,
            0.04937525780741579,
            0.6774696369411363
        ],
        "Neck": [
            0.1974747682586751,
            -0.016420062590461585,
            0.8733559886563667
        ],
        "Head": [
            0.19102260977867447,
            0.09925387689540278,
            0.8964389947290747
        ],
        "L_Shoulder": [
            0.006072174980728555,
            0.08395649158200591,
            0.6738982674478262
        ],
        "L_Elbow": [
            -0.35745410244825965,
            -0.04051793829383338,
            0.6920257838059868
        ],
        "L_Wrist": [
            -0.6118301126793715,
            -0.26558110063815205,
            0.6663015859542125
        ],
        "R_Shoulder": [
            0.35482689292698716,
            -0.00032958622195592227,
            0.6576486644856122
        ],
        "R_Elbow": [
            0.610384292971362,
            -0.1399534735702536,
            0.8449967147220568
        ],
        "R_Wrist": [
            0.8083906706169621,
            -0.09700235115959284,
            1.0938718285444022
        ]
    }
}