{
    "video": "edition16_sequence_7.mp4",
    "peak_id": 14,
    "frame_idx": 2692,
    "timestamp": 107.68,
    "total_score": 0.644,
    "skeleton_3d": {
        "Pelvis": [
            0.0,
            0.0,
            0.0
        ],
        "R_Hip": [
            0.1573456541669763,
            0.1243270408740819,
            0.009873942048512
        ],
        "R_Knee": [
            0.59914467580467,
            0.041037386481515704,
            -0.26267991554334247
        ],
        "R_Ankle": [
            1.0880111465582336,
            0.12139830897131652,
            -0.27840813095952527
        ],
        "L_Hip": [
            -0.1576597064614821,
            -0.10374203991421228,
            -0.003947394971577986
        ],
        "L_Knee": [
            -0.5689389480720854,
            -0.1744257147089685,
            -0.32921515918733657
        ],
        "L_Ankle": [
            -1.1454135045347051,
            -0.3403708853754267,
            -0.5193662333560165
        ],
        "Spine": [
            0.03620709572320225,
            -0.009891718608654627,
            0.3377781400274544
        ],
        "Thorax": [
            0.06228520090679284,
            -0.10226048033299151,
            0.6651533942844198
        ],
        "Neck": [
            0.06795377278047743,
            -0.1455670464454034,
            0.8804701791644189
        ],
        "Head": [
            0.029797223039821276,
            -0.05967804069744113,
            0.9345821665337644
        ],
        "L_Shoulder": [
            -0.06584644997996487,
            -0.23871512166358624,
            0.5826170755992032
        ],
        "L_Elbow": [
            0.17245525911971463,
            -0.414009304433242,
            0.6161276852853091
        ],
        "L_Wrist": [
            0.4628644536535325,
            -0.2251013174804194,
            0.727962824012078
        ],
        "R_Shoulder": [
            0.1905924223608645,
            0.08019868615168789,
            0.7410706865010648
        ],
        "R_Elbow": [
            0.38314758150970873,
            0.09158079834881314,
            1.0236413868823524
        ],
        "R_Wrist": [
            0.5032879188433778,
            -0.04835193161972672,
            1.380213881756103
        ]
    }
}