{
    "video": "edition16_sequence_0.mp4",
    "peak_id": 8,
    "frame_idx": 2270,
    "timestamp": 90.8,
    "total_score": 0.861,
    "skeleton_3d": {
        "Pelvis": [
            0.0,
            0.0,
            0.0
        ],
        "R_Hip": [
            -0.11516388810251475,
            -0.14381768630001657,
            0.031468331543620345
        ],
        "R_Knee": [
            -0.4410373404022667,
            0.2857734752631738,
            0.12096427360826326
        ],
        "R_Ankle": [
            -0.9206607081760659,
            0.5956899355431341,
            0.17590322670774688
        ],
        "L_Hip": [
            0.10728376765926821,
            0.13376160731814313,
            -0.029373826297322835
        ],
        "L_Knee": [
            0.0032377653133241974,
            -0.0002913705310316128,
            -0.7737393705648776
        ],
        "L_Ankle": [
            -0.037437834989052586,
            -0.057754855878206064,
            -1.4616321972165525
        ],
        "Spine": [
            0.054121185241007966,
            -0.1060050320177488,
            0.3284614842879417
        ],
        "Thorax": [
            0.10821352156761997,
            -0.27361112509365076,
            0.6395768967864406
        ],
        "Neck": [
            -0.10327628384260475,
            -0.2708077568153949,
            0.8425328453706694
        ],
        "Head": [
            -0.056280612771773195,
            -0.34863129815907423,
            0.8746444189716764
        ],
        "L_Shoulder": [
            0.28967560359904854,
            -0.11439690104080097,
            0.6124048945353964
        ],
        "L_Elbow": [
            0.6290893906391224,
            0.11373403976529281,
            0.531091452017228
        ],
        "L_Wrist": [
            0.6403366244579733,
            0.44118529501869896,
            0.4423553494145344
        ],
        "R_Shoulder": [
            -0.07602795668459479,
            -0.32353915660974675,
            0.6292434378332619
        ],
        "R_Elbow": [
            -0.37291491552000255,
            -0.3329492546690257,
            0.8160367279786728
        ],
        "R_Wrist": [
            -0.19141965269553293,
            -0.1527031938553776,
            1.0537858786784358
        ]
    }
}