{
    "video": "edition16_sequence_12.mp4",
    "peak_id": 2,
    "frame_idx": 1503,
    "timestamp": 60.12,
    "total_score": 0.83,
    "skeleton_3d": {
        "Pelvis": [
            0.0,
            0.0,
            0.0
        ],
        "R_Hip": [
            -0.11766258039430512,
            0.03636749584846565,
            -0.07834137910189827
        ],
        "R_Knee": [
            0.018585398873391227,
            0.03519756060990083,
            -0.7086595836793955
        ],
        "R_Ankle": [
            0.06426940432994872,
            -0.0885348718000442,
            -1.254353811115058
        ],
        "L_Hip": [
            0.10857975420895344,
            -0.06352624774638098,
            0.09242132093657962
        ],
        "L_Knee": [
            0.5773977927431782,
            0.4009246810511987,
            0.09056657176637747
        ],
        "L_Ankle": [
            1.1606687316421527,
            0.6383502480019634,
            0.21052025177198552
        ],
        "Spine": [
            -0.05844282342900109,
            -0.11033009739025941,
            0.31148837180284406
        ],
        "Thorax": [
            -0.0808587164315738,
            -0.3067425756274969,
            0.6144764320043323
        ],
        "Neck": [
            -0.11782033106410121,
            -0.2617220119442769,
            0.8500797966853537
        ],
        "Head": [
            -0.11380174320832631,
            -0.36585464646450144,
            0.8852829314114604
        ],
        "L_Shoulder": [
            0.10682272350205362,
            -0.2781734945675684,
            0.5619961243913364
        ],
        "L_Elbow": [
            0.4374084839977966,
            -0.29642727240767247,
            0.616601396796416
        ],
        "L_Wrist": [
            0.7337975540922458,
            -0.16632458659457622,
            0.6586777808715698
        ],
        "R_Shoulder": [
            -0.2924258416603715,
            -0.2500077292689307,
            0.6615281089048113
        ],
        "R_Elbow": [
            -0.41348990540813557,
            -0.042620364090426466,
            1.023143344852887
        ],
        "R_Wrist": [
            -0.37182981626656686,
            -0.04753532780008775,
            1.3390424861789172
        ]
    }
}