{
    "video": "edition16_sequence_0.mp4",
    "peak_id": 4,
    "frame_idx": 1061,
    "timestamp": 42.44,
    "total_score": 1.0,
    "skeleton_3d": {
        "Pelvis": [
            0.0,
            0.0,
            0.0
        ],
        "R_Hip": [
            0.10296886355474714,
            -0.13983430670857905,
            -0.08508539131030345
        ],
        "R_Knee": [
            0.06368127586641789,
            -0.1029675407520676,
            -0.781829110059262
        ],
        "R_Ankle": [
            0.11550511869857234,
            -0.08373624087680644,
            -1.3803334257670583
        ],
        "L_Hip": [
            -0.09617120491954446,
            0.12381587020696506,
            0.08768841944161779
        ],
        "L_Knee": [
            -0.42517495877322065,
            -0.02000824725552062,
            0.48603365994196135
        ],
        "L_Ankle": [
            -0.8280370366617111,
            -0.06655793849588074,
            1.0137132945647331
        ],
        "Spine": [
            0.13151714231468142,
            -0.09443886717183078,
            0.3167258088097061
        ],
        "Thorax": [
            0.2377863444050655,
            -0.16978280691540404,
            0.6211762562952957
        ],
        "Neck": [
            0.32789905116680773,
            -0.14907611791116385,
            0.9058136878898417
        ],
        "Head": [
            0.3262460893155547,
            -0.09594315683186691,
            0.9454308081591404
        ],
        "L_Shoulder": [
            0.041320774085224346,
            -0.17582120775530305,
            0.6909452325424121
        ],
        "L_Elbow": [
            -0.037756551886395394,
            -0.15386034709709454,
            1.0606992457420212
        ],
        "L_Wrist": [
            -0.030534312269501047,
            -0.16533192400471763,
            1.3837455449969605
        ],
        "R_Shoulder": [
            0.41244603857947354,
            -0.08662985239908141,
            0.5420160308212473
        ],
        "R_Elbow": [
            0.684423181005845,
            0.09376484892463155,
            0.4670250318510895
        ],
        "R_Wrist": [
            0.9701236818134508,
            0.1633486946821177,
            0.4834029071041939
        ]
    }
}