{
    "video": "edition16_sequence_15.mp4",
    "peak_id": 8,
    "frame_idx": 1082,
    "timestamp": 43.28,
    "total_score": 0.649,
    "skeleton_3d": {
        "Pelvis": [
            0.0,
            0.0,
            0.0
        ],
        "R_Hip": [
            0.11665870875262523,
            0.1711930954765313,
            0.041567568954316625
        ],
        "R_Knee": [
            0.5047339893280376,
            0.3287903478459312,
            -0.14422687767170303
        ],
        "R_Ankle": [
            0.908925439740999,
            0.6842437722666166,
            -0.1782687662415548
        ],
        "L_Hip": [
            -0.11655519355936172,
            -0.1611961769484991,
            -0.03412125684087351
        ],
        "L_Knee": [
            -0.15688075238869575,
            -0.24051425998978446,
            -0.6252432645844735
        ],
        "L_Ankle": [
            -0.22651760181571076,
            -0.2152778121917987,
            -1.1666218177676775
        ],
        "Spine": [
            -0.006931543822892968,
            -0.02265522227800604,
            0.34423725189077065
        ],
        "Thorax": [
            -0.005750099689106446,
            -0.025875028256774117,
            0.6986578026402722
        ],
        "Neck": [
            0.052005675461519754,
            -0.07841148068646504,
            0.8280497013980875
        ],
        "Head": [
            0.03542053477623036,
            0.08927825798056348,
            0.8639449291670985
        ],
        "L_Shoulder": [
            -0.19808003773028063,
            -0.135657144240096,
            0.6830908130238235
        ],
        "L_Elbow": [
            -0.4641334628855293,
            -0.38374291475749206,
            0.851845559445063
        ],
        "L_Wrist": [
            -0.6504262129754739,
            -0.38700906746194524,
            1.0928557386716722
        ],
        "R_Shoulder": [
            0.1911293931852462,
            0.0996157765955538,
            0.7069500385288376
        ],
        "R_Elbow": [
            0.3530503884178876,
            0.28643325533311625,
            0.912265053131548
        ],
        "R_Wrist": [
            0.4815545864435041,
            0.2250675148934183,
            1.1551014443511995
        ]
    }
}