{
    "video": "edition16_sequence_16.mp4",
    "peak_id": 15,
    "frame_idx": 1769,
    "timestamp": 70.76,
    "total_score": 0.576,
    "skeleton_3d": {
        "Pelvis": [
            0.0,
            0.0,
            0.0
        ],
        "R_Hip": [
            -0.1502752083318834,
            -0.11927357884886566,
            -0.006753001294408372
        ],
        "R_Knee": [
            -0.6105345175255167,
            0.05588736572122486,
            -0.22559482693190377
        ],
        "R_Ankle": [
            -1.0488134925769301,
            0.1500576516646124,
            -0.26419824858027935
        ],
        "L_Hip": [
            0.1451027260793097,
            0.1117145777373253,
            0.005564608930201931
        ],
        "L_Knee": [
            0.5117072267714887,
            0.17072112823265753,
            -0.30856853276036356
        ],
        "L_Ankle": [
            0.9195218710331123,
            -0.117663914945692,
            -0.5909507815547519
        ],
        "Spine": [
            0.008297503477890775,
            -0.013353236570657408,
            0.32906207626203865
        ],
        "Thorax": [
            0.007095341231012631,
            -0.051935924290832096,
            0.6431610679532144
        ],
        "Neck": [
            -0.10315504377641524,
            -0.05693444060143394,
            0.869849592338618
        ],
        "Head": [
            -0.08959381207807339,
            -0.1434003232963918,
            0.9053854741833245
        ],
        "L_Shoulder": [
            0.21090910755150183,
            0.031914917598434484,
            0.6503838388483918
        ],
        "L_Elbow": [
            0.49499250496777925,
            0.1969108525119136,
            0.5904886059565426
        ],
        "L_Wrist": [
            0.7424609818120035,
            0.3418271803465761,
            0.5490133856735064
        ],
        "R_Shoulder": [
            -0.18899362158871602,
            -0.11746734534004057,
            0.6127606648576999
        ],
        "R_Elbow": [
            -0.4692275730832226,
            -0.03084174121094255,
            0.5361411371164903
        ],
        "R_Wrist": [
            -0.7394243472975395,
            0.09524483155255313,
            0.5231267656509628
        ]
    }
}