{
    "video": "edition16_sequence_0.mp4",
    "peak_id": 2,
    "frame_idx": 512,
    "timestamp": 20.48,
    "total_score": 0.775,
    "skeleton_3d": {
        "Pelvis": [
            0.0,
            0.0,
            0.0
        ],
        "R_Hip": [
            0.0986373784676586,
            0.17647469610579664,
            0.11472727316074355
        ],
        "R_Knee": [
            0.5074773319324191,
            0.08245059825085338,
            0.27284164539840194
        ],
        "R_Ankle": [
            1.05128179756796,
            0.56988445387998,
            0.35277033415174247
        ],
        "L_Hip": [
            -0.10555780399883433,
            -0.1836345830166219,
            -0.09947100600203103
        ],
        "L_Knee": [
            0.06745212115105824,
            -0.22043922156073786,
            -0.8185839883222666
        ],
        "L_Ankle": [
            0.036800639180425886,
            -0.20522429089096797,
            -1.5394574580101579
        ],
        "Spine": [
            -0.0519408038520356,
            -0.16918566185946132,
            0.32629269488897644
        ],
        "Thorax": [
            -0.07168320188462449,
            -0.24292658849197704,
            0.650846121140699
        ],
        "Neck": [
            0.022127009249511116,
            -0.24642060609809852,
            0.9305258026760524
        ],
        "Head": [
            0.026372848844494635,
            -0.19134660731546665,
            0.9749847812660819
        ],
        "L_Shoulder": [
            -0.2004932313112714,
            -0.4236884356596121,
            0.6264158891849804
        ],
        "L_Elbow": [
            -0.12400472097193675,
            -0.5182364293062149,
            1.1095296813661977
        ],
        "L_Wrist": [
            -0.03161243439845793,
            -0.35533616575393084,
            1.439008255191502
        ],
        "R_Shoulder": [
            0.037428155607755136,
            0.014836342311950928,
            0.6675227087249692
        ],
        "R_Elbow": [
            0.16900323415846186,
            0.4306181193632508,
            0.79086678819576
        ],
        "R_Wrist": [
            0.37029453661743045,
            0.25196418291081285,
            0.904771602013958
        ]
    }
}