{
    "video": "edition16_sequence_4.mp4",
    "peak_id": 7,
    "frame_idx": 1869,
    "timestamp": 74.76,
    "total_score": 0.71,
    "skeleton_3d": {
        "Pelvis": [
            0.0,
            0.0,
            0.0
        ],
        "R_Hip": [
            0.22207669399468696,
            0.1300096303530391,
            0.03500817575947846
        ],
        "R_Knee": [
            0.6837425320696665,
            0.038494774267117796,
            0.314365953392213
        ],
        "R_Ankle": [
            1.0984991826361852,
            0.31043178772558944,
            0.6107899578775118
        ],
        "L_Hip": [
            -0.22194185010675585,
            -0.12977730703672272,
            -0.03657241264351285
        ],
        "L_Knee": [
            -0.6480166932200553,
            -0.3319446640043028,
            -0.46528412473333614
        ],
        "L_Ankle": [
            -1.2244112790213255,
            -0.5127501820591276,
            -0.7417101395360016
        ],
        "Spine": [
            -0.01448113884486647,
            0.022241352165598353,
            0.40232266101696684
        ],
        "Thorax": [
            -0.017149284794165602,
            0.027143536074654445,
            0.7914243294522713
        ],
        "Neck": [
            0.13775969620331885,
            0.004207792721707683,
            1.0407264809332502
        ],
        "Head": [
            0.16316655974046917,
            0.08813690652450308,
            1.1020858521923613
        ],
        "L_Shoulder": [
            -0.14402784644064884,
            -0.09030851829463252,
            0.8369409574904688
        ],
        "L_Elbow": [
            0.008657933451764433,
            -0.24643078235994478,
            1.2998045023656821
        ],
        "L_Wrist": [
            0.29345178450684756,
            -0.13414683834210409,
            1.533064279552366
        ],
        "R_Shoulder": [
            0.0853725935485727,
            0.2316765063292962,
            0.7328505549740217
        ],
        "R_Elbow": [
            0.24712601350100746,
            0.3729295073966258,
            1.0952622922053916
        ],
        "R_Wrist": [
            0.42769956661976727,
            0.18528885500004488,
            1.4537109278831717
        ]
    }
}