{
    "video": "edition16_sequence_4.mp4",
    "peak_id": 5,
    "frame_idx": 1723,
    "timestamp": 68.92,
    "total_score": 0.412,
    "skeleton_3d": {
        "Pelvis": [
            0.0,
            0.0,
            0.0
        ],
        "R_Hip": [
            -0.035485170313483944,
            0.15965559585429479,
            -0.00456568335948181
        ],
        "R_Knee": [
            -0.07837282889892215,
            0.15341758029314745,
            -0.6098800545461084
        ],
        "R_Ankle": [
            -0.23902290846778504,
            -0.020055630842755634,
            -1.0958498734559654
        ],
        "L_Hip": [
            0.027360585004335632,
            -0.17638491385077124,
            0.002979420183012585
        ],
        "L_Knee": [
            0.5206551255151882,
            0.09865255058257591,
            -0.2767895312934077
        ],
        "L_Ankle": [
            0.990743125524925,
            0.4041301797810475,
            -0.4764835376783858
        ],
        "Spine": [
            0.004680414726584702,
            -0.02851838792966816,
            0.3612172015382453
        ],
        "Thorax": [
            0.02507931949552793,
            -0.07451708736011559,
            0.7191889276145984
        ],
        "Neck": [
            0.04334597109848687,
            -0.10476339794198991,
            1.0144645040062854
        ],
        "Head": [
            0.03807145903339564,
            -0.11264095185081019,
            1.083997163024077
        ],
        "L_Shoulder": [
            -0.08551230737481687,
            -0.24530690903853167,
            0.6842022310057381
        ],
        "L_Elbow": [
            0.030262012925069533,
            -0.42006167626447866,
            0.6856370867868006
        ],
        "L_Wrist": [
            0.4950137986753864,
            -0.32015110381265716,
            0.7431194648692873
        ],
        "R_Shoulder": [
            0.13916355711883246,
            0.1297237239528279,
            0.7209989773805144
        ],
        "R_Elbow": [
            0.3628897118383214,
            0.36896500481837957,
            0.6541912715367677
        ],
        "R_Wrist": [
            0.5783426729666075,
            0.14956359005537778,
            0.7178201819635253
        ]
    }
}