{
    "video": "edition16_sequence_12.mp4",
    "peak_id": 3,
    "frame_idx": 1550,
    "timestamp": 62.0,
    "total_score": 0.583,
    "skeleton_3d": {
        "Pelvis": [
            0.0,
            0.0,
            0.0
        ],
        "R_Hip": [
            0.08190736426068967,
            -0.1331594717887243,
            -0.012313884822830901
        ],
        "R_Knee": [
            0.577711734410101,
            -0.07402196718832411,
            -0.34863065913572855
        ],
        "R_Ankle": [
            1.1006880473107965,
            -0.1690295197538492,
            -0.5414923561176558
        ],
        "L_Hip": [
            -0.0746173498694047,
            0.11598076498223886,
            0.015215571365688702
        ],
        "L_Knee": [
            -0.5692327546950973,
            0.04518570459287547,
            -0.16304895653587348
        ],
        "L_Ankle": [
            -1.0796425630434514,
            0.14536283547989445,
            -0.204698651482741
        ],
        "Spine": [
            -0.03048388140034582,
            0.023181871872342236,
            0.3040921297976116
        ],
        "Thorax": [
            -0.08314501663101287,
            0.03864487173039543,
            0.6027771161319418
        ],
        "Neck": [
            -0.15815894630097882,
            0.005222115791626188,
            0.9029951208715028
        ],
        "Head": [
            -0.12503388938209475,
            0.044317689809500536,
            0.9643712958073626
        ],
        "L_Shoulder": [
            -0.1349296529380702,
            0.18305759408656205,
            0.5788507839920332
        ],
        "L_Elbow": [
            -0.4868799024221091,
            0.13155464843703163,
            0.5919221348209367
        ],
        "L_Wrist": [
            -0.7782807413846505,
            0.03989113418220959,
            0.7515501828037555
        ],
        "R_Shoulder": [
            -0.01993607388495144,
            0.019609859921619715,
            0.5922761956247095
        ],
        "R_Elbow": [
            -0.15160450871109118,
            -0.12432828659967313,
            1.0179199943617574
        ],
        "R_Wrist": [
            -0.24559709762115908,
            -0.08743395532613223,
            1.325641689728306
        ]
    }
}