{
    "video": "edition16_sequence_14.mp4",
    "peak_id": 0,
    "frame_idx": 8,
    "timestamp": 0.32,
    "total_score": 0.759,
    "skeleton_3d": {
        "Pelvis": [
            0.0,
            0.0,
            0.0
        ],
        "R_Hip": [
            -0.05495868516501827,
            0.039455300649042194,
            -0.03076868689381094
        ],
        "R_Knee": [
            -0.08653958209795798,
            0.024324848364677482,
            -0.6005507569054315
        ],
        "R_Ankle": [
            -0.09891457545008178,
            -0.16340754224987422,
            -1.2019275358063013
        ],
        "L_Hip": [
            0.053795936031947045,
            -0.10589747743020411,
            0.028294475757117427
        ],
        "L_Knee": [
            0.4281984125592278,
            0.43007707954542573,
            -0.003926887123712694
        ],
        "L_Ankle": [
            0.7366658584296606,
            0.8894337296223158,
            -0.007142072636072097
        ],
        "Spine": [
            -0.09759640510463787,
            -0.0008778725932787635,
            0.3324495796577089
        ],
        "Thorax": [
            -0.1964685546218746,
            -0.04425149777190083,
            0.6880050074821139
        ],
        "Neck": [
            -0.21763703969368425,
            -0.049468453236737285,
            0.9690938958886794
        ],
        "Head": [
            -0.24236186446934835,
            -0.12662544052672306,
            1.0138773704373383
        ],
        "L_Shoulder": [
            -0.24592312814127384,
            -0.09808604629658892,
            0.6673771048376821
        ],
        "L_Elbow": [
            -0.13846841192806975,
            0.28390494640304537,
            0.38512850901532475
        ],
        "L_Wrist": [
            -0.20062067940432593,
            0.4631136828891593,
            0.14306021543745712
        ],
        "R_Shoulder": [
            -0.1356813255357758,
            0.0692472687845293,
            0.6922481127388331
        ],
        "R_Elbow": [
            -0.09071663540989465,
            0.24481017583514797,
            0.3354140794806258
        ],
        "R_Wrist": [
            -0.1888350790071104,
            0.39404086110800524,
            0.0984936966440533
        ]
    }
}