{
    "video": "edition16_sequence_4.mp4",
    "peak_id": 3,
    "frame_idx": 1547,
    "timestamp": 61.88,
    "total_score": 0.45,
    "skeleton_3d": {
        "Pelvis": [
            0.0,
            0.0,
            0.0
        ],
        "R_Hip": [
            0.13761166317541265,
            -0.11992279796997687,
            -0.017293140105106807
        ],
        "R_Knee": [
            0.12103959798801467,
            -0.11879650451201047,
            -0.6637500052160065
        ],
        "R_Ankle": [
            0.12321018359673795,
            -0.170038254594908,
            -1.2657576489957196
        ],
        "L_Hip": [
            -0.13568273376800283,
            0.12193039910131691,
            0.017190335781705857
        ],
        "L_Knee": [
            -0.43431714439637015,
            0.18674698404145237,
            -0.4973549889004883
        ],
        "L_Ankle": [
            -0.8530851899127813,
            0.377243436579235,
            -0.8589294616017089
        ],
        "Spine": [
            0.03832405732889263,
            -0.01652472869453651,
            0.34756743867227585
        ],
        "Thorax": [
            0.0506379053896986,
            -0.06704010679541723,
            0.67594921311037
        ],
        "Neck": [
            0.13807579607766207,
            -0.11910707758376228,
            0.9889302615035636
        ],
        "Head": [
            0.14615218187293735,
            -0.030508527873221235,
            1.046936775466033
        ],
        "L_Shoulder": [
            -0.15854358377072542,
            0.006434310048360853,
            0.6581471145562204
        ],
        "L_Elbow": [
            -0.49154522380190985,
            0.036068794363588626,
            0.5999270669884
        ],
        "L_Wrist": [
            -0.8325621889234374,
            -0.1636684866094097,
            0.6177703312994575
        ],
        "R_Shoulder": [
            0.2620077700397556,
            -0.039367431092525974,
            0.6472745117023172
        ],
        "R_Elbow": [
            0.3922427689770667,
            -0.2373138743729023,
            0.9982242566420317
        ],
        "R_Wrist": [
            0.2944433871064875,
            -0.20198685819330162,
            1.305658934739536
        ]
    }
}