{
    "video": "edition16_sequence_4.mp4",
    "peak_id": 8,
    "frame_idx": 2025,
    "timestamp": 81.0,
    "total_score": 0.923,
    "skeleton_3d": {
        "Pelvis": [
            0.0,
            0.0,
            0.0
        ],
        "R_Hip": [
            0.10273655069300626,
            -0.1617651676894682,
            -0.07185934523963323
        ],
        "R_Knee": [
            -0.0187106251522239,
            -0.17911494650467075,
            -0.7532821492139524
        ],
        "R_Ankle": [
            0.08721376955937434,
            -0.16266408475183178,
            -1.3617676012011108
        ],
        "L_Hip": [
            -0.0988846795660422,
            0.15319317168885346,
            0.07506334187409817
        ],
        "L_Knee": [
            -0.6737141288643226,
            -0.10625984669391565,
            0.11624208511692427
        ],
        "L_Ankle": [
            -1.239572539694343,
            -0.10202179832911058,
            0.20242826399230768
        ],
        "Spine": [
            0.1168497575432507,
            0.011545259003258323,
            0.3643932336761384
        ],
        "Thorax": [
            0.20831880492436125,
            0.10643151577139143,
            0.7143344216235814
        ],
        "Neck": [
            0.32325938368825335,
            0.013345797669389097,
            0.9897732770107308
        ],
        "Head": [
            0.29101200993714726,
            0.11945877639251093,
            1.0274310698470317
        ],
        "L_Shoulder": [
            0.020717613440437863,
            0.15416655071112248,
            0.6909021327456335
        ],
        "L_Elbow": [
            -0.26244835662710575,
            0.24927100639684505,
            0.5786800267944022
        ],
        "L_Wrist": [
            -0.0679725745113771,
            -0.02318673180040458,
            0.6982538226060798
        ],
        "R_Shoulder": [
            0.38912202497243215,
            0.03789565032258151,
            0.7018921380261558
        ],
        "R_Elbow": [
            0.5805117512040501,
            -0.14601907886259943,
            1.0356056795117936
        ],
        "R_Wrist": [
            0.7710804625383066,
            -0.08175652388083693,
            1.3349874525664678
        ]
    }
}