{
    "video": "edition16_sequence_6.mp4",
    "peak_id": 2,
    "frame_idx": 731,
    "timestamp": 29.24,
    "total_score": 0.672,
    "skeleton_3d": {
        "Pelvis": [
            0.0,
            0.0,
            0.0
        ],
        "R_Hip": [
            0.06734217860073217,
            0.19017790165992157,
            0.05467238996447865
        ],
        "R_Knee": [
            0.5899710036868431,
            0.3094909176867114,
            -0.12013747953702081
        ],
        "R_Ankle": [
            1.041270621064346,
            0.7097837421634411,
            -0.1600674548997061
        ],
        "L_Hip": [
            -0.07290307953093891,
            -0.18836590265879835,
            -0.04721273891121289
        ],
        "L_Knee": [
            0.01020039999474371,
            -0.15952193993466268,
            -0.7221060307219597
        ],
        "L_Ankle": [
            0.09498479306262335,
            -0.14264958629090205,
            -1.2884485845129496
        ],
        "Spine": [
            -0.06630060092735787,
            -0.02744553547722097,
            0.35415415869342537
        ],
        "Thorax": [
            -0.11185962465634258,
            0.041296458022402734,
            0.7172419903158073
        ],
        "Neck": [
            -0.16445434126182726,
            0.02069800340140857,
            0.9262466543108497
        ],
        "Head": [
            -0.14131582400733048,
            0.13664030603402966,
            0.9471264553701452
        ],
        "L_Shoulder": [
            -0.2430959640493908,
            -0.16179232155582293,
            0.7226064393732948
        ],
        "L_Elbow": [
            -0.32295403915725424,
            -0.3638753774904602,
            1.073926738249432
        ],
        "L_Wrist": [
            0.023786110415027744,
            -0.24767373642740093,
            1.3818002941859233
        ],
        "R_Shoulder": [
            0.009565560652038193,
            0.19779165832722906,
            0.705859706355744
        ],
        "R_Elbow": [
            0.12291622212276808,
            0.2719036648350551,
            1.0434610983299177
        ],
        "R_Wrist": [
            0.04857207363835738,
            0.17850736731174915,
            1.3798440403749017
        ]
    }
}