{
    "video": "edition16_sequence_16.mp4",
    "peak_id": 17,
    "frame_idx": 2398,
    "timestamp": 95.92,
    "total_score": 0.4,
    "skeleton_3d": {
        "Pelvis": [
            0.0,
            0.0,
            0.0
        ],
        "R_Hip": [
            0.14649769080049088,
            -0.04069408709080521,
            -0.01010823908675128
        ],
        "R_Knee": [
            -0.10712956155590109,
            -0.020034704173063897,
            -0.5848348972522236
        ],
        "R_Ankle": [
            -0.3422757312272497,
            0.027907412576233623,
            -1.09043441313418
        ],
        "L_Hip": [
            -0.1390718293816445,
            0.054416160019937015,
            0.013970720394718247
        ],
        "L_Knee": [
            -0.022505635470003317,
            0.21425095518370316,
            -0.5024218910495553
        ],
        "L_Ankle": [
            0.15139589084388008,
            0.4768560447135738,
            -0.8598511650978504
        ],
        "Spine": [
            -0.0032517555045574933,
            -0.0241789428463742,
            0.33543010507462134
        ],
        "Thorax": [
            -0.012650095997304028,
            -0.10935079836530937,
            0.6644967231405212
        ],
        "Neck": [
            -0.05420224360272627,
            -0.16628139604708148,
            0.902709232516248
        ],
        "Head": [
            -0.054204707864319884,
            -0.06476215407325883,
            0.9624590380155384
        ],
        "L_Shoulder": [
            -0.23431668533577488,
            -0.08963895006124424,
            0.6325698887653218
        ],
        "L_Elbow": [
            -0.552793665606425,
            -0.10409582414809945,
            0.564791912350354
        ],
        "L_Wrist": [
            -0.9147340886576667,
            -0.23652980049429717,
            0.5348986838243506
        ],
        "R_Shoulder": [
            0.21760167993142676,
            -0.03160944789431509,
            0.6810498971309189
        ],
        "R_Elbow": [
            0.5282840966577524,
            0.07936805235535967,
            0.6917762146748399
        ],
        "R_Wrist": [
            0.8825433816137954,
            0.06795113996145803,
            0.7251135785030589
        ]
    }
}