{
    "video": "edition16_sequence_9.mp4",
    "peak_id": 2,
    "frame_idx": 585,
    "timestamp": 23.4,
    "total_score": 0.989,
    "skeleton_3d": {
        "Pelvis": [
            0.0,
            0.0,
            0.0
        ],
        "R_Hip": [
            0.09796993811128032,
            -0.1269158694458487,
            -0.07099646911261637
        ],
        "R_Knee": [
            0.07817773590787301,
            -0.08951996263348205,
            -0.6893365250046087
        ],
        "R_Ankle": [
            0.14831988231138454,
            -0.05438424195779745,
            -1.25680674065163
        ],
        "L_Hip": [
            -0.09274550395721314,
            0.11732874056719539,
            0.0742650145717238
        ],
        "L_Knee": [
            -0.4443371946632009,
            -0.08597898915535991,
            0.1873305086814039
        ],
        "L_Ankle": [
            -0.873743445991937,
            -0.06322283431910193,
            0.37614965267406447
        ],
        "Spine": [
            0.1326556276059017,
            -0.01341028127612894,
            0.297961006802625
        ],
        "Thorax": [
            0.23740034486459735,
            0.035622174054127924,
            0.5723067649575153
        ],
        "Neck": [
            0.3130653023304032,
            -0.021371974881001517,
            0.8696249122706978
        ],
        "Head": [
            0.2988440781326168,
            0.0296392437867781,
            0.9166131428766826
        ],
        "L_Shoulder": [
            0.020900884709051826,
            0.03422905068995023,
            0.5782524703521197
        ],
        "L_Elbow": [
            -0.3011005848054239,
            -0.09034228749182081,
            0.6751001719815354
        ],
        "L_Wrist": [
            -0.5114642804879964,
            -0.324535648887135,
            0.8972601646332188
        ],
        "R_Shoulder": [
            0.45718082244907776,
            0.02685016682508434,
            0.5365265023848224
        ],
        "R_Elbow": [
            0.7423710972318095,
            -0.08504818753744035,
            0.7119896420095618
        ],
        "R_Wrist": [
            0.8371571175531066,
            -0.09485139020305479,
            0.9980694095252085
        ]
    }
}