{
    "video": "edition16_sequence_11.mp4",
    "peak_id": 5,
    "frame_idx": 546,
    "timestamp": 21.84,
    "total_score": 0.4,
    "skeleton_3d": {
        "Pelvis": [
            0.0,
            0.0,
            0.0
        ],
        "R_Hip": [
            0.11741646376202122,
            -0.12235674177340602,
            -0.032961291814149994
        ],
        "R_Knee": [
            0.08548874549639486,
            -0.09951850468271342,
            -0.6505446760491815
        ],
        "R_Ankle": [
            0.032610053127778316,
            -0.09741569311286799,
            -1.2163521911629434
        ],
        "L_Hip": [
            -0.11208494235635061,
            0.12054142072405231,
            0.03214679386636965
        ],
        "L_Knee": [
            -0.42973781127274996,
            -0.3731555121857015,
            -0.1093021154396423
        ],
        "L_Ankle": [
            -0.2263008816276929,
            -0.05497105841874714,
            -0.6410034777427039
        ],
        "Spine": [
            0.020367959468548667,
            -0.007237293540110465,
            0.33732083070650437
        ],
        "Thorax": [
            0.03656215909906687,
            -0.11684763113075493,
            0.6619524280455017
        ],
        "Neck": [
            0.11856573584209601,
            -0.14399050663265547,
            0.9224117794130712
        ],
        "Head": [
            0.11170138755457683,
            -0.061811872713160604,
            0.9863790948225438
        ],
        "L_Shoulder": [
            -0.18603170584548626,
            -0.08719612437475242,
            0.6334656013582539
        ],
        "L_Elbow": [
            -0.49683236311479,
            -0.10593780174982498,
            0.5640439195633913
        ],
        "L_Wrist": [
            -0.8044252015876984,
            -0.3082248062773022,
            0.5631774743303054
        ],
        "R_Shoulder": [
            0.2522781467904306,
            -0.03242869352331597,
            0.6534689533537713
        ],
        "R_Elbow": [
            0.5308074648518398,
            0.23411774056287576,
            0.6143385517657096
        ],
        "R_Wrist": [
            0.8295190918280688,
            0.3206071613032957,
            0.6161745482289017
        ]
    }
}