{
    "video": "edition16_sequence_3.mp4",
    "peak_id": 8,
    "frame_idx": 2407,
    "timestamp": 96.28,
    "total_score": 0.946,
    "skeleton_3d": {
        "Pelvis": [
            0.0,
            0.0,
            0.0
        ],
        "R_Hip": [
            0.1101822657018141,
            0.164969619346208,
            0.059405128305761376
        ],
        "R_Knee": [
            0.5112735899402163,
            0.08962616337068058,
            0.354881007496802
        ],
        "R_Ankle": [
            0.8739608771583497,
            0.3443784969347246,
            0.5538206610439581
        ],
        "L_Hip": [
            -0.11172337168286754,
            -0.16810990187144467,
            -0.053281274777278086
        ],
        "L_Knee": [
            -0.1406463950966624,
            -0.09063239621699919,
            -0.6478095478604706
        ],
        "L_Ankle": [
            -0.24532388071283076,
            -0.1023889069150966,
            -1.1718779426693857
        ],
        "Spine": [
            -0.05092652147610761,
            -0.06526441732954531,
            0.3208778207216531
        ],
        "Thorax": [
            -0.09257502860965872,
            -0.15506631880054367,
            0.6273537133208974
        ],
        "Neck": [
            -0.08404442673405758,
            -0.1919814691609964,
            0.8971265463413297
        ],
        "Head": [
            -0.08234207686172208,
            -0.11399333218748278,
            0.9394390857448683
        ],
        "L_Shoulder": [
            -0.3103454514194836,
            -0.21381409957891445,
            0.6081066891201197
        ],
        "L_Elbow": [
            -0.586599826929305,
            -0.1532001475447881,
            0.6355134241200183
        ],
        "L_Wrist": [
            -0.8725372445657259,
            -0.10358324312921059,
            0.7162591697210862
        ],
        "R_Shoulder": [
            0.12343974045145997,
            -0.025184103276243288,
            0.6451785510025625
        ],
        "R_Elbow": [
            0.31490711708966007,
            0.16567221022910136,
            0.8894572151373356
        ],
        "R_Wrist": [
            0.4596437846709913,
            0.1088818439281711,
            1.198999640512746
        ]
    }
}