{
    "video": "edition16_sequence_7.mp4",
    "peak_id": 1,
    "frame_idx": 349,
    "timestamp": 13.96,
    "total_score": 0.615,
    "skeleton_3d": {
        "Pelvis": [
            0.0,
            0.0,
            0.0
        ],
        "R_Hip": [
            0.19430339992435364,
            0.10968390532391091,
            0.006833819567884046
        ],
        "R_Knee": [
            0.5920647719179035,
            -0.18994179398443686,
            -0.21890399354123077
        ],
        "R_Ankle": [
            1.1271875640633322,
            -0.19391836327604597,
            -0.35058112199856123
        ],
        "L_Hip": [
            -0.1971791139758787,
            -0.0899718361578078,
            -0.003495033527921005
        ],
        "L_Knee": [
            -0.6037730786683054,
            -0.35966080345446183,
            -0.4445706289230476
        ],
        "L_Ankle": [
            -1.054131936953691,
            -0.5663951231882198,
            -0.8062866955678003
        ],
        "Spine": [
            0.03847469994120658,
            0.004136605910598543,
            0.3499474432113176
        ],
        "Thorax": [
            0.06962396651209299,
            -0.07896155356735775,
            0.6827193320552831
        ],
        "Neck": [
            0.06980977877286938,
            -0.15496136350931639,
            0.9240795196854016
        ],
        "Head": [
            0.04663751666706091,
            -0.07448430276426356,
            0.9910510423803381
        ],
        "L_Shoulder": [
            -0.07301448774720797,
            -0.21312268493733127,
            0.6433181913528515
        ],
        "L_Elbow": [
            0.3135266740881113,
            -0.3038334446642206,
            0.5704916059859849
        ],
        "L_Wrist": [
            0.6311734726889453,
            -0.06825907423428366,
            0.6787894526248914
        ],
        "R_Shoulder": [
            0.2177142292876304,
            0.09459509223153582,
            0.7053356634014701
        ],
        "R_Elbow": [
            0.4417164475232335,
            0.3561488974205667,
            0.627545833388024
        ],
        "R_Wrist": [
            0.7363750124156606,
            0.30340157923436195,
            0.7430794592655814
        ]
    }
}