{
    "video": "edition16_sequence_3.mp4",
    "peak_id": 1,
    "frame_idx": 500,
    "timestamp": 20.0,
    "total_score": 0.403,
    "skeleton_3d": {
        "Pelvis": [
            0.0,
            0.0,
            0.0
        ],
        "R_Hip": [
            0.1532589660699379,
            0.1477284939684301,
            0.01790460529814585
        ],
        "R_Knee": [
            0.39727408190311025,
            0.2867580962006323,
            -0.5014872101584588
        ],
        "R_Ankle": [
            0.7032768294045192,
            0.6040080183974378,
            -0.7867769126558368
        ],
        "L_Hip": [
            -0.1549052400854439,
            -0.1417533021373213,
            -0.01879384263498466
        ],
        "L_Knee": [
            -0.07285542900425605,
            -0.18669891095760566,
            -0.6622102645499753
        ],
        "L_Ankle": [
            0.02192074981028437,
            -0.14384590022868607,
            -1.249857084014559
        ],
        "Spine": [
            -0.017153946527485784,
            -0.031779159118117364,
            0.34787957037937645
        ],
        "Thorax": [
            -0.018131688194104868,
            -0.12780885503579228,
            0.6734229015865625
        ],
        "Neck": [
            0.09991263389706875,
            -0.1609642369013889,
            0.9334472581550427
        ],
        "Head": [
            0.08892255884764537,
            -0.06817526673570211,
            1.0027145920190412
        ],
        "L_Shoulder": [
            -0.26225214925552137,
            -0.2100538342076082,
            0.6653246669831339
        ],
        "L_Elbow": [
            -0.5812507583427299,
            -0.13547941135136599,
            0.5317779749338521
        ],
        "L_Wrist": [
            -0.9332591832960977,
            -0.19193697516282118,
            0.48450357540817196
        ],
        "R_Shoulder": [
            0.21743889268518105,
            0.05468094613698934,
            0.649540325274814
        ],
        "R_Elbow": [
            0.41762368563283647,
            0.37214009024498823,
            0.5088047471340795
        ],
        "R_Wrist": [
            0.6546836825202289,
            0.4718354047036884,
            0.3962094528856164
        ]
    }
}