{
    "video": "edition16_sequence_8.mp4",
    "peak_id": 1,
    "frame_idx": 235,
    "timestamp": 9.4,
    "total_score": 0.736,
    "skeleton_3d": {
        "Pelvis": [
            0.0,
            0.0,
            0.0
        ],
        "R_Hip": [
            0.09321656055397519,
            -0.02876087171740386,
            0.0166022708645224
        ],
        "R_Knee": [
            -0.18481108906303967,
            0.4542879803978354,
            0.0813760161266554
        ],
        "R_Ankle": [
            -0.4222366837313481,
            0.8549043569230423,
            0.2547143623491504
        ],
        "L_Hip": [
            -0.09333280249148282,
            -0.0025506852649026085,
            -0.016210724797791037
        ],
        "L_Knee": [
            -0.00021065939072323545,
            -0.09094750841972425,
            -0.6562051120194893
        ],
        "L_Ankle": [
            0.008330621502802178,
            -0.25047044770208704,
            -1.2152926642525343
        ],
        "Spine": [
            0.03756261880277818,
            -0.03402493933552408,
            0.3171777574791234
        ],
        "Thorax": [
            0.05827404385714229,
            -0.07434124163241586,
            0.630014692387836
        ],
        "Neck": [
            0.11598492084136684,
            -0.10634653761635483,
            0.8917623137707136
        ],
        "Head": [
            0.13129290687887496,
            -0.02097102242076617,
            0.9246452244902078
        ],
        "L_Shoulder": [
            -0.12490053133878096,
            -0.027928425180483125,
            0.6140623162305764
        ],
        "L_Elbow": [
            -0.43591084023762494,
            0.0363173282025082,
            0.5547820677552995
        ],
        "L_Wrist": [
            -0.7650367602278081,
            -0.09538044788361164,
            0.5130463667938907
        ],
        "R_Shoulder": [
            0.2496491904285458,
            -0.013561591089563806,
            0.622479523705669
        ],
        "R_Elbow": [
            0.3475318742874899,
            -0.11228508370139491,
            0.929061072549662
        ],
        "R_Wrist": [
            0.42657212403841455,
            -0.10470280662339024,
            1.2640779341365929
        ]
    }
}