{
    "video": "edition16_sequence_9.mp4",
    "peak_id": 8,
    "frame_idx": 1011,
    "timestamp": 40.44,
    "total_score": 0.564,
    "skeleton_3d": {
        "Pelvis": [
            0.0,
            0.0,
            0.0
        ],
        "R_Hip": [
            0.14445405947528436,
            0.15812437619798572,
            0.052161349269035547
        ],
        "R_Knee": [
            0.569921974881072,
            0.30756050180792843,
            -0.2344060557837622
        ],
        "R_Ankle": [
            1.007487440422729,
            0.6650948673923787,
            -0.323573714355175
        ],
        "L_Hip": [
            -0.14499519030297084,
            -0.15026263427698489,
            -0.044131754838325835
        ],
        "L_Knee": [
            -0.12446118133128103,
            -0.2165129055179037,
            -0.6949981218835628
        ],
        "L_Ankle": [
            -0.11112351752804525,
            -0.1528393729085023,
            -1.2886342120592336
        ],
        "Spine": [
            -0.0035952966294050897,
            -0.028667309862475773,
            0.35345062987315495
        ],
        "Thorax": [
            0.02004969428337853,
            -0.026811803554597866,
            0.6800125448963753
        ],
        "Neck": [
            0.11300713075425911,
            -0.09254726832991747,
            0.8907606959752957
        ],
        "Head": [
            0.11886331831521317,
            0.02738668443861694,
            0.947198621721965
        ],
        "L_Shoulder": [
            -0.22962851930887604,
            -0.17247564888916017,
            0.7355336457927375
        ],
        "L_Elbow": [
            -0.5191737349022224,
            -0.4556311958252354,
            0.8758714354700026
        ],
        "L_Wrist": [
            -0.7846398819726491,
            -0.5367502460326197,
            1.0738634192186982
        ],
        "R_Shoulder": [
            0.2463812491806989,
            0.09529237897751859,
            0.6239916788674228
        ],
        "R_Elbow": [
            0.5549992581652394,
            0.33894866137030055,
            0.5990817637992311
        ],
        "R_Wrist": [
            0.8700070916589636,
            0.35803724775528967,
            0.6246992465499468
        ]
    }
}