{
    "video": "edition16_sequence_6.mp4",
    "peak_id": 3,
    "frame_idx": 941,
    "timestamp": 37.64,
    "total_score": 0.4,
    "skeleton_3d": {
        "Pelvis": [
            0.0,
            0.0,
            0.0
        ],
        "R_Hip": [
            0.13864758754807574,
            0.163074101711602,
            0.020759639111891184
        ],
        "R_Knee": [
            0.1914123481684848,
            0.43023486201012157,
            -0.37142441014193783
        ],
        "R_Ankle": [
            -0.021361565165500092,
            0.7042115129684047,
            -0.8416772859521008
        ],
        "L_Hip": [
            -0.14094147349186928,
            -0.15604808200539708,
            -0.021552130270850393
        ],
        "L_Knee": [
            -0.16193439378038857,
            -0.14560360334712819,
            -0.7027443249344768
        ],
        "L_Ankle": [
            -0.28998932121533477,
            -0.12167321743283982,
            -1.283753706458392
        ],
        "Spine": [
            0.02140193310758313,
            -0.026604800778239263,
            0.3489652795276912
        ],
        "Thorax": [
            0.043942267276418416,
            -0.12306985404302297,
            0.6982582346997368
        ],
        "Neck": [
            -0.059786113399470486,
            -0.18243829049925991,
            0.9310942021216717
        ],
        "Head": [
            -0.04507383089832207,
            -0.09260517046681085,
            0.9948993871387991
        ],
        "L_Shoulder": [
            -0.14358627846296945,
            -0.15728709901755786,
            0.6855331147847632
        ],
        "L_Elbow": [
            -0.23283732317730613,
            0.14816858822074339,
            0.7071405181592125
        ],
        "L_Wrist": [
            -0.4700513897042136,
            0.06624310693301173,
            0.8791583425136067
        ],
        "R_Shoulder": [
            0.24394494871766897,
            0.03340079996466459,
            0.6694428014604863
        ],
        "R_Elbow": [
            0.2388214970251083,
            -0.009680374442152997,
            0.6547157523064837
        ],
        "R_Wrist": [
            -0.03935171217948734,
            0.08477855114163764,
            0.6494706476415679
        ]
    }
}