{
    "video": "edition16_sequence_2.mp4",
    "peak_id": 19,
    "frame_idx": 2845,
    "timestamp": 113.8,
    "total_score": 0.802,
    "skeleton_3d": {
        "Pelvis": [
            0.0,
            0.0,
            0.0
        ],
        "R_Hip": [
            0.13816865503708198,
            -0.11055252536730985,
            -0.05804378770016658
        ],
        "R_Knee": [
            0.005539869852020556,
            -0.14186384960163995,
            -0.7529842297000828
        ],
        "R_Ankle": [
            0.07081765615246834,
            -0.04007494294749808,
            -1.368534471736158
        ],
        "L_Hip": [
            -0.13364587824524338,
            0.10461009101331195,
            0.06400164678379992
        ],
        "L_Knee": [
            -0.4794101778101343,
            -0.2654027539199585,
            0.13576180823403183
        ],
        "L_Ankle": [
            -0.9238459427711436,
            -0.12006053289431305,
            0.15941660294687648
        ],
        "Spine": [
            0.08048701800017241,
            -0.02626634639463031,
            0.33424751712888334
        ],
        "Thorax": [
            0.1320581585355371,
            -0.08282899848156505,
            0.6417060287197832
        ],
        "Neck": [
            0.180436916662509,
            -0.14860490800360707,
            0.9903438173326908
        ],
        "Head": [
            0.15630972078994207,
            -0.10271894848241424,
            1.0440340748926236
        ],
        "L_Shoulder": [
            -0.1105387825025519,
            -0.06205879836030578,
            0.5999987115684475
        ],
        "L_Elbow": [
            -0.38903466471158177,
            -0.09704544890328665,
            0.34804671454388986
        ],
        "L_Wrist": [
            -0.29836039482163423,
            -0.3390713411895766,
            0.5589897937156677
        ],
        "R_Shoulder": [
            0.37846312960206807,
            -0.01956766836988815,
            0.6349584653618306
        ],
        "R_Elbow": [
            0.6593710285489855,
            0.04164849441806108,
            0.7656313823950951
        ],
        "R_Wrist": [
            0.8874482403170305,
            -0.0362314268789847,
            1.0083778065364226
        ]
    }
}