{
    "video": "edition45_sequence_13.mp4",
    "peak_id": 9,
    "frame_idx": 1452,
    "timestamp": 58.08,
    "total_score": 0.819,
    "skeleton_3d": {
        "Pelvis": [
            0.0,
            0.0,
            0.0
        ],
        "R_Hip": [
            0.11356370980931967,
            -0.028083442005729074,
            0.011905717043150934
        ],
        "R_Knee": [
            0.016402182956732455,
            -0.15113007234583822,
            0.043662451767183814
        ],
        "R_Ankle": [
            -0.18307472287029608,
            -0.49724182485422275,
            0.11691238237744678
        ],
        "L_Hip": [
            -0.10589844056045727,
            0.04534177614046473,
            -0.014418678460906621
        ],
        "L_Knee": [
            -0.13372099677020993,
            -0.10324328398140345,
            -0.574209372036523
        ],
        "L_Ankle": [
            -0.15561437960380783,
            -0.3796899315091628,
            -1.0436290139598483
        ],
        "Spine": [
            -0.04039900719056049,
            0.1884754417588658,
            0.27114850807683033
        ],
        "Thorax": [
            -0.06699879218030431,
            0.44745278336153343,
            0.5698965322268458
        ],
        "Neck": [
            -0.12925685861167077,
            0.35855285980107393,
            0.7611331176771159
        ],
        "Head": [
            -0.132025540127698,
            0.5928285694954726,
            0.7876325448404697
        ],
        "L_Shoulder": [
            -0.2386618325722154,
            0.34675019180444594,
            0.5231029692578093
        ],
        "L_Elbow": [
            -0.4511843196224911,
            0.05580633878178844,
            0.712452353146564
        ],
        "L_Wrist": [
            -0.5509515947811542,
            0.0232485912841879,
            1.0154642332874608
        ],
        "R_Shoulder": [
            0.10891017477618836,
            0.32875275650561075,
            0.5684923294213632
        ],
        "R_Elbow": [
            0.24864716235950446,
            -0.05249160448634477,
            0.7723074008242642
        ],
        "R_Wrist": [
            0.32552276253090856,
            -0.17510258227875583,
            1.0361170057841507
        ]
    }
}