{
    "video": "edition45_sequence_16.mp4",
    "peak_id": 10,
    "frame_idx": 2183,
    "timestamp": 87.32,
    "total_score": 0.934,
    "skeleton_3d": {
        "Pelvis": [
            0.0,
            0.0,
            0.0
        ],
        "R_Hip": [
            0.09568296247354888,
            0.015563458406079624,
            -0.09745741781946826
        ],
        "R_Knee": [
            0.07579019780118382,
            -0.0832416449732615,
            -0.7141931225467578
        ],
        "R_Ankle": [
            0.17606427870999505,
            0.0653036852700151,
            -1.2827390741364444
        ],
        "L_Hip": [
            -0.10325130678356542,
            0.0648471140833817,
            0.10208242289699684
        ],
        "L_Knee": [
            -0.5731538888370687,
            -0.008306563297487666,
            0.4902430003750633
        ],
        "L_Ankle": [
            -1.0537498500996627,
            -0.028229928583700586,
            0.8991078788136982
        ],
        "Spine": [
            0.21359813321661672,
            -0.20468670681511064,
            0.22116494303717216
        ],
        "Thorax": [
            0.41210413184930805,
            -0.21211864308829462,
            0.48600780946239275
        ],
        "Neck": [
            0.5615105058565599,
            -0.28746048729772233,
            0.7191470467863192
        ],
        "Head": [
            0.5369242696097895,
            -0.1139558446923339,
            0.7540177544518786
        ],
        "L_Shoulder": [
            0.18642725137911034,
            -0.21868110263568416,
            0.5585009682103022
        ],
        "L_Elbow": [
            -0.07409075072300171,
            0.08339556503455818,
            0.7317697032516953
        ],
        "L_Wrist": [
            -0.27898566352920434,
            -0.03345377490364526,
            1.0552381433517355
        ],
        "R_Shoulder": [
            0.6237650663443073,
            -0.2393166073187462,
            0.3428956150950793
        ],
        "R_Elbow": [
            0.9592541584653481,
            -0.5403020308849787,
            0.20815419534247334
        ],
        "R_Wrist": [
            1.327793299966772,
            -0.805356441488891,
            0.10330161515515233
        ]
    }
}