{
    "video": "edition45_sequence_7.mp4",
    "peak_id": 11,
    "frame_idx": 2097,
    "timestamp": 83.88,
    "total_score": 0.495,
    "skeleton_3d": {
        "Pelvis": [
            0.0,
            0.0,
            0.0
        ],
        "R_Hip": [
            0.1463899165700066,
            -0.02753623505339984,
            0.01570076125660126
        ],
        "R_Knee": [
            0.47215151264292554,
            -0.25124019251801555,
            -0.43366064601999554
        ],
        "R_Ankle": [
            0.9242358537334983,
            -0.2065205309297832,
            -0.8484447459599387
        ],
        "L_Hip": [
            -0.14595502631620616,
            0.07053819277644297,
            -0.006066744139050176
        ],
        "L_Knee": [
            -0.08521726005822235,
            -0.05132214617514052,
            -0.6526140846149162
        ],
        "L_Ankle": [
            0.029128421763048334,
            0.3224363341765068,
            -1.2504335398925668
        ],
        "Spine": [
            0.0075803862113862355,
            -0.12693235779649528,
            0.32217721936184973
        ],
        "Thorax": [
            0.05671067589647048,
            -0.09680671006831569,
            0.6905860849627958
        ],
        "Neck": [
            0.2710817466159884,
            -0.2598211241286723,
            0.8705002111193746
        ],
        "Head": [
            0.2519448369161809,
            -0.09486121864380885,
            0.9454285170020575
        ],
        "L_Shoulder": [
            -0.20003794693627136,
            -0.13527531857685116,
            0.6665179377673034
        ],
        "L_Elbow": [
            -0.5167684783766245,
            0.13629526177589832,
            0.4755251963448551
        ],
        "L_Wrist": [
            -0.845621271092383,
            0.0180506987194485,
            0.3656650204231716
        ],
        "R_Shoulder": [
            0.29045938186322484,
            -0.15357259049603209,
            0.6043462494202706
        ],
        "R_Elbow": [
            0.42159743363662827,
            0.20215983820247063,
            0.3179680115902049
        ],
        "R_Wrist": [
            0.5867587640378941,
            0.017149811333878405,
            0.08565177077321849
        ]
    }
}