{
    "video": "edition45_sequence_7.mp4",
    "peak_id": 6,
    "frame_idx": 1626,
    "timestamp": 65.04,
    "total_score": 0.707,
    "skeleton_3d": {
        "Pelvis": [
            0.0,
            0.0,
            0.0
        ],
        "R_Hip": [
            0.024755981372276307,
            -0.19113095247307085,
            -0.0311570065998669
        ],
        "R_Knee": [
            0.12918301840188037,
            -0.19856130672236452,
            -0.6862524509477
        ],
        "R_Ankle": [
            0.1977629757726911,
            -0.06384776568284185,
            -1.2699977060942438
        ],
        "L_Hip": [
            -0.01816465295564706,
            0.17926450791594586,
            0.02629842910090445
        ],
        "L_Knee": [
            0.40927959039301154,
            0.43500567358122594,
            0.18933363057712518
        ],
        "L_Ankle": [
            0.8190558539661014,
            0.5088775312315486,
            0.3345382900875777
        ],
        "Spine": [
            -0.14690260897181476,
            -0.143378396511142,
            0.27480435672355485
        ],
        "Thorax": [
            -0.25725503610175793,
            -0.2767481606690082,
            0.5698892073793893
        ],
        "Neck": [
            -0.3468182383762347,
            -0.29074239999981294,
            0.7520899962338873
        ],
        "Head": [
            -0.3126535493433585,
            -0.25606246609057637,
            0.7892650387985597
        ],
        "L_Shoulder": [
            -0.31230262744047815,
            -0.04054606687994462,
            0.5563839303208444
        ],
        "L_Elbow": [
            -0.428028461161499,
            0.22212630719824458,
            0.7050054795586387
        ],
        "L_Wrist": [
            -0.5603516711753558,
            0.31866425238602275,
            0.9304877451930312
        ],
        "R_Shoulder": [
            -0.20267890629843482,
            -0.49294815642682505,
            0.5261888216727761
        ],
        "R_Elbow": [
            -0.3821360357155739,
            -0.7714943193659982,
            0.6664051789997891
        ],
        "R_Wrist": [
            -0.5462177787362814,
            -0.5031273107186899,
            0.9064035057921331
        ]
    }
}