{
    "video": "edition45_sequence_17.mp4",
    "peak_id": 2,
    "frame_idx": 456,
    "timestamp": 18.24,
    "total_score": 0.69,
    "skeleton_3d": {
        "Pelvis": [
            0.0,
            0.0,
            0.0
        ],
        "R_Hip": [
            -0.02740604658173428,
            0.1400140171971482,
            0.07529991488184638
        ],
        "R_Knee": [
            -0.5051313878711189,
            0.4543964956961786,
            0.15786437608962367
        ],
        "R_Ankle": [
            -0.962159134375038,
            0.7815776340754478,
            0.24718537858254
        ],
        "L_Hip": [
            0.030576266817714887,
            -0.15008422645605493,
            -0.07379353237871641
        ],
        "L_Knee": [
            0.19302450328940057,
            -0.008353966685633703,
            -0.6793516423680788
        ],
        "L_Ankle": [
            0.3484081670580931,
            0.08780009047951984,
            -1.3149850613818588
        ],
        "Spine": [
            0.05878056933365518,
            -0.26615315831807623,
            0.27279555159441476
        ],
        "Thorax": [
            0.11514051645670308,
            -0.5051779287056013,
            0.5790420379629297
        ],
        "Neck": [
            0.25809268483972453,
            -0.5845991899263308,
            0.7582494004037321
        ],
        "Head": [
            0.2017505965438665,
            -0.7136946948727476,
            0.8127508984593115
        ],
        "L_Shoulder": [
            0.13159904686910803,
            -0.609119667068827,
            0.49855191520450937
        ],
        "L_Elbow": [
            0.4635783573569213,
            -0.859557521476108,
            0.5058865279911268
        ],
        "L_Wrist": [
            0.862301435440502,
            -0.8406488574166742,
            0.6812661272034853
        ],
        "R_Shoulder": [
            0.09413268907607972,
            -0.3548575991577662,
            0.6057018158362141
        ],
        "R_Elbow": [
            -0.057375255379984,
            0.09969030505577668,
            0.6118106831754843
        ],
        "R_Wrist": [
            -0.2002916829078109,
            0.528148684222927,
            0.6842922558790683
        ]
    }
}