{
    "video": "edition45_sequence_5.mp4",
    "peak_id": 14,
    "frame_idx": 2230,
    "timestamp": 89.2,
    "total_score": 0.61,
    "skeleton_3d": {
        "Pelvis": [
            0.0,
            0.0,
            0.0
        ],
        "R_Hip": [
            0.13717014031920843,
            -0.10477946743502162,
            0.04096038816978542
        ],
        "R_Knee": [
            0.6749807996089584,
            0.00923956182388922,
            0.03743280407690275
        ],
        "R_Ankle": [
            1.1917594367401954,
            -0.08969266367173283,
            0.18219465013894426
        ],
        "L_Hip": [
            -0.13488970982252127,
            0.13339213233802086,
            -0.036542333932250745
        ],
        "L_Knee": [
            -0.10532251894267676,
            0.020354163431228593,
            -0.6249209345341378
        ],
        "L_Ankle": [
            -0.004132016113331343,
            0.2892877132486895,
            -1.17143419608317
        ],
        "Spine": [
            -0.04400329920888346,
            0.04978320675663622,
            0.3541537046491936
        ],
        "Thorax": [
            -0.03898548815435245,
            0.20073437764190222,
            0.7215881517874284
        ],
        "Neck": [
            -0.0006028864736574531,
            0.06976940045356222,
            0.9347993051321604
        ],
        "Head": [
            -0.0072162976604762535,
            0.3200339410933584,
            0.9821835203463173
        ],
        "L_Shoulder": [
            -0.26507377508449853,
            0.19233203635174442,
            0.6903171877111619
        ],
        "L_Elbow": [
            -0.5902535704228881,
            0.2890010041548273,
            0.7132628704136348
        ],
        "L_Wrist": [
            -0.8489227149682197,
            0.13927606362776399,
            0.7761245180275407
        ],
        "R_Shoulder": [
            0.1799910771140874,
            0.03290380725772269,
            0.6812255704174388
        ],
        "R_Elbow": [
            0.5077209352511756,
            -0.22189349924213272,
            0.6658868482488456
        ],
        "R_Wrist": [
            0.878842302238892,
            -0.45325301908049015,
            0.7173982644479832
        ]
    }
}