{
    "video": "edition45_sequence_12.mp4",
    "peak_id": 6,
    "frame_idx": 2307,
    "timestamp": 92.28,
    "total_score": 0.891,
    "skeleton_3d": {
        "Pelvis": [
            0.0,
            0.0,
            0.0
        ],
        "R_Hip": [
            0.09663385160683456,
            -0.09909977671238679,
            -0.06185477358264103
        ],
        "R_Knee": [
            0.0013971738866992247,
            -0.5193701560206221,
            -0.5737503691535195
        ],
        "R_Ankle": [
            -0.06405296868270333,
            -0.6648604974970456,
            -1.1472908580842296
        ],
        "L_Hip": [
            -0.09947041735143922,
            0.11348845247368232,
            0.06588713344297038
        ],
        "L_Knee": [
            -0.4688804068115624,
            -0.04300662951705173,
            0.22871470494545837
        ],
        "L_Ankle": [
            -0.7469767016364146,
            -0.45584871080616357,
            0.3678242650016657
        ],
        "Spine": [
            0.09175619811829494,
            0.08061648444190979,
            0.30405397358982916
        ],
        "Thorax": [
            0.1720546343898038,
            0.30178353552137416,
            0.6250463944739263
        ],
        "Neck": [
            0.010775424014421197,
            0.2666286497431143,
            0.8016333876364901
        ],
        "Head": [
            0.037312439779185365,
            0.4696941050133036,
            0.8330271806498638
        ],
        "L_Shoulder": [
            -0.015946952337286692,
            0.36747851929080994,
            0.5805774553009718
        ],
        "L_Elbow": [
            -0.3714312205351394,
            0.5500570464662579,
            0.6241584238259503
        ],
        "L_Wrist": [
            -0.6359797005895876,
            0.492537031385209,
            0.8325865971173064
        ],
        "R_Shoulder": [
            0.36681449991201526,
            0.06751044511962132,
            0.6074253210325842
        ],
        "R_Elbow": [
            0.4719817066657948,
            -0.3070004146205276,
            0.9461553009433743
        ],
        "R_Wrist": [
            0.38182369335562927,
            -0.2045355961334479,
            1.2424325731536692
        ]
    }
}