{
    "video": "edition45_sequence_17.mp4",
    "peak_id": 7,
    "frame_idx": 1091,
    "timestamp": 43.64,
    "total_score": 0.676,
    "skeleton_3d": {
        "Pelvis": [
            0.0,
            0.0,
            0.0
        ],
        "R_Hip": [
            0.11285398325457362,
            -0.03230261113802789,
            0.053944033031551014
        ],
        "R_Knee": [
            0.5355780064789267,
            -0.18951489116851394,
            0.2797141032682541
        ],
        "R_Ankle": [
            1.0280536080105434,
            -0.5144883010732909,
            0.3013721922527442
        ],
        "L_Hip": [
            -0.10261908786263702,
            0.07214394737748428,
            -0.05448093295670595
        ],
        "L_Knee": [
            -0.1386555036513498,
            -0.18966235359510808,
            -0.607979898987043
        ],
        "L_Ankle": [
            -0.17084868688643365,
            -0.5540438108900462,
            -1.0994368217360333
        ],
        "Spine": [
            -0.1151376214541521,
            0.153810836419177,
            0.26097994758939635
        ],
        "Thorax": [
            -0.19220865577231697,
            0.4103780513907219,
            0.5341376539958916
        ],
        "Neck": [
            -0.30951792145728474,
            0.34461513865105076,
            0.6838589093744117
        ],
        "Head": [
            -0.2915553126837393,
            0.5844380709544885,
            0.7116253206507703
        ],
        "L_Shoulder": [
            -0.3720006618692928,
            0.354378229532701,
            0.43763551805512413
        ],
        "L_Elbow": [
            -0.6014055396645529,
            0.41619455771683633,
            0.3147725827376408
        ],
        "L_Wrist": [
            -0.8144506375483075,
            0.299161230465369,
            0.22475736249184738
        ],
        "R_Shoulder": [
            -0.007401891646382307,
            0.24282019587458306,
            0.5831295747766018
        ],
        "R_Elbow": [
            0.09333094122084468,
            -0.16481014184586748,
            0.8250237169751318
        ],
        "R_Wrist": [
            0.08510882221077656,
            -0.27583939322935325,
            1.14302401573341
        ]
    }
}