{
    "video": "edition45_sequence_19.mp4",
    "peak_id": 6,
    "frame_idx": 1303,
    "timestamp": 52.12,
    "total_score": 0.564,
    "skeleton_3d": {
        "Pelvis": [
            0.0,
            0.0,
            0.0
        ],
        "R_Hip": [
            0.12376194477534261,
            0.020629784341596177,
            0.00506978304920555
        ],
        "R_Knee": [
            0.02135404985078544,
            0.17847354255933823,
            -0.015028655337259953
        ],
        "R_Ankle": [
            -0.1196238148697925,
            -0.0466116519063328,
            0.18595927927912698
        ],
        "L_Hip": [
            -0.12030939352102782,
            -0.021263094201278053,
            -0.00837365890374609
        ],
        "L_Knee": [
            -0.22461446403446358,
            -0.32641907791769653,
            -0.5478776387444468
        ],
        "L_Ankle": [
            -0.34461155168007207,
            -0.6880707364751537,
            -1.0297130706514168
        ],
        "Spine": [
            0.004089253900427996,
            0.18322251272376677,
            0.29749894480131395
        ],
        "Thorax": [
            0.024519768482882554,
            0.4363315128267477,
            0.6153713139843305
        ],
        "Neck": [
            0.040894559419002406,
            0.35589093374242126,
            0.7842612420002805
        ],
        "Head": [
            0.03729495094604119,
            0.5884029107365824,
            0.8179176340830514
        ],
        "L_Shoulder": [
            -0.16098094908711816,
            0.3003688892046185,
            0.6021802713003215
        ],
        "L_Elbow": [
            -0.33520166506256643,
            -0.05451594273326857,
            0.7809706814647346
        ],
        "L_Wrist": [
            -0.3898442327807742,
            -0.1740610061215072,
            1.1023375821438963
        ],
        "R_Shoulder": [
            0.20898989885619784,
            0.30498661717395653,
            0.6007387647291625
        ],
        "R_Elbow": [
            0.35111470416105095,
            -0.1059270119859709,
            0.8053497483279908
        ],
        "R_Wrist": [
            0.3760420909289062,
            -0.24713564936999932,
            1.109509114322409
        ]
    }
}