{
    "video": "edition45_sequence_13.mp4",
    "peak_id": 1,
    "frame_idx": 783,
    "timestamp": 31.32,
    "total_score": 0.932,
    "skeleton_3d": {
        "Pelvis": [
            0.0,
            0.0,
            0.0
        ],
        "R_Hip": [
            0.09046722570846191,
            -0.1085768446094529,
            -0.047655127879219175
        ],
        "R_Knee": [
            0.08695198218612187,
            -0.4191282299924703,
            -0.5684581134867948
        ],
        "R_Ankle": [
            0.1537107496280699,
            -0.6313047210470938,
            -1.0807974009908494
        ],
        "L_Hip": [
            -0.091149863831902,
            0.11964532162510785,
            0.048446436587263414
        ],
        "L_Knee": [
            -0.547478537597592,
            0.035198784094185434,
            0.22218556172168666
        ],
        "L_Ankle": [
            -0.9617168424282064,
            -0.15310717205474164,
            0.406158959541233
        ],
        "Spine": [
            0.0659321163072377,
            0.06870849026658861,
            0.29267934368625775
        ],
        "Thorax": [
            0.11337164847729712,
            0.2843454877187209,
            0.6075222628088822
        ],
        "Neck": [
            0.009691918064792013,
            0.22013202169595816,
            0.7903482278414181
        ],
        "Head": [
            0.01600273246770015,
            0.4571952067789192,
            0.8129979201799336
        ],
        "L_Shoulder": [
            -0.06344021466399753,
            0.3228912730781946,
            0.5523195145344898
        ],
        "L_Elbow": [
            -0.3155061939410657,
            0.36222560454707453,
            0.7022237422856463
        ],
        "L_Wrist": [
            -0.5140090523499042,
            0.286335387517644,
            0.9533606345262352
        ],
        "R_Shoulder": [
            0.30540279308778273,
            0.07739595885978445,
            0.5995772300423717
        ],
        "R_Elbow": [
            0.5234166550644171,
            -0.28429317414633115,
            0.8095783253567996
        ],
        "R_Wrist": [
            0.6486108444128672,
            -0.2517308258332174,
            1.0659782191480345
        ]
    }
}