{
    "video": "edition45_sequence_0.mp4",
    "peak_id": 0,
    "frame_idx": 763,
    "timestamp": 30.52,
    "total_score": 0.691,
    "skeleton_3d": {
        "Pelvis": [
            0.0,
            0.0,
            0.0
        ],
        "R_Hip": [
            0.0940427998931055,
            -0.10990573286816607,
            0.010720719209341397
        ],
        "R_Knee": [
            -0.23634829011568886,
            -0.38682396375422096,
            0.11555264264884096
        ],
        "R_Ankle": [
            -0.5665870156265248,
            -0.38205814992304543,
            0.2727452991688367
        ],
        "L_Hip": [
            -0.08756866880190417,
            0.14262045618923253,
            -0.0058553529629061735
        ],
        "L_Knee": [
            0.06777900143421366,
            0.03636005941768415,
            -0.4489667234727519
        ],
        "L_Ankle": [
            0.7243882072323333,
            -0.08216915248059468,
            -0.5809677372449419
        ],
        "Spine": [
            -0.04126531402664977,
            0.0009251467813624797,
            0.411325078502353
        ],
        "Thorax": [
            -0.04733276840124527,
            0.021300176115851388,
            0.8483072844050775
        ],
        "Neck": [
            -0.023152075087261227,
            -0.09196978903280183,
            1.1311303773046624
        ],
        "Head": [
            -0.011711927106558816,
            0.04190082893419984,
            1.1751858305286433
        ],
        "L_Shoulder": [
            -0.25030925950357824,
            0.04847785493911171,
            0.8818217907977977
        ],
        "L_Elbow": [
            -0.3940146402944366,
            -0.10181329214098196,
            1.2186589786274071
        ],
        "L_Wrist": [
            -0.45804603003683614,
            -0.23844879993236673,
            1.5930055929964142
        ],
        "R_Shoulder": [
            0.13933265206360518,
            -0.11000454452990893,
            0.7424235395457035
        ],
        "R_Elbow": [
            0.31467930718166465,
            -0.5355988916051492,
            0.6755200419791122
        ],
        "R_Wrist": [
            0.39488926375828903,
            -0.7569719386159265,
            0.7547564784256394
        ]
    }
}