{
    "video": "edition45_sequence_6.mp4",
    "peak_id": 0,
    "frame_idx": 346,
    "timestamp": 13.84,
    "total_score": 0.4,
    "skeleton_3d": {
        "Pelvis": [
            0.0,
            0.0,
            0.0
        ],
        "R_Hip": [
            0.13899584902715312,
            -0.09156967345644713,
            0.029169147224902863
        ],
        "R_Knee": [
            0.47467265839444844,
            0.0004101743293243713,
            -0.4043540546062543
        ],
        "R_Ankle": [
            0.7819729599174741,
            0.16567031278456426,
            -0.8267644496182942
        ],
        "L_Hip": [
            -0.13693866673282984,
            0.1225984118110958,
            -0.025796792553695075
        ],
        "L_Knee": [
            -0.010700645714799666,
            0.09543986011689629,
            -0.5614899808470919
        ],
        "L_Ankle": [
            0.2178390760706866,
            0.28618360375636676,
            -1.0366460064742262
        ],
        "Spine": [
            -0.06830789564747479,
            0.05670703701900589,
            0.3182571659919837
        ],
        "Thorax": [
            -0.11519051956244268,
            0.2395464358932779,
            0.6690337623169418
        ],
        "Neck": [
            -0.15351822812776678,
            0.07268080157185978,
            0.906375496794934
        ],
        "Head": [
            -0.15470900021997414,
            0.30302262988917333,
            0.9506991594452764
        ],
        "L_Shoulder": [
            -0.3221691703818751,
            0.22190895970301244,
            0.5993296038200595
        ],
        "L_Elbow": [
            -0.6782185054860833,
            0.16300621880899951,
            0.7606833607322461
        ],
        "L_Wrist": [
            -0.8713378362401221,
            -0.04270725285015238,
            1.027982242283115
        ],
        "R_Shoulder": [
            0.0996924985441914,
            0.13231121712827446,
            0.6624416620682118
        ],
        "R_Elbow": [
            0.3840254692975853,
            0.12253060932046114,
            0.8551240659601637
        ],
        "R_Wrist": [
            0.6288963995334679,
            0.1943885807663977,
            1.0750144911263446
        ]
    }
}