{
    "video": "edition45_sequence_16.mp4",
    "peak_id": 4,
    "frame_idx": 1287,
    "timestamp": 51.48,
    "total_score": 0.684,
    "skeleton_3d": {
        "Pelvis": [
            0.0,
            0.0,
            0.0
        ],
        "R_Hip": [
            0.08366119156725818,
            -0.1322651971451922,
            0.06600727625109362
        ],
        "R_Knee": [
            0.5718408746120697,
            0.01847115736815016,
            0.13624309447235616
        ],
        "R_Ankle": [
            0.902418765022863,
            -0.09323708569564054,
            0.3503617015603269
        ],
        "L_Hip": [
            -0.0718318809311472,
            0.15940043914622418,
            -0.07070647950584424
        ],
        "L_Knee": [
            -0.08617023896677438,
            0.15049314642267256,
            -0.5866822855178817
        ],
        "L_Ankle": [
            -0.12487731465819117,
            -0.1703577145022353,
            -1.0120568600110418
        ],
        "Spine": [
            -0.14703341296391262,
            0.1850634436154736,
            0.26696624660280893
        ],
        "Thorax": [
            -0.25481263948098765,
            0.4202543186885354,
            0.567713326383147
        ],
        "Neck": [
            -0.3410647709229975,
            0.36715447394901224,
            0.7941054643168409
        ],
        "Head": [
            -0.3019577359096993,
            0.580273496751764,
            0.8079384603289029
        ],
        "L_Shoulder": [
            -0.4124260349763587,
            0.3998840079557294,
            0.47469007209681463
        ],
        "L_Elbow": [
            -0.6934861611725746,
            0.4004493191535896,
            0.34853934816300547
        ],
        "L_Wrist": [
            -0.9701821143566713,
            0.22169696935353078,
            0.24757382426357233
        ],
        "R_Shoulder": [
            -0.09764408589036964,
            0.2367620382581731,
            0.6027588651043224
        ],
        "R_Elbow": [
            -0.015637155310772047,
            -0.17621017493089516,
            0.872241530634746
        ],
        "R_Wrist": [
            0.04854868739805541,
            -0.16748420149831716,
            1.173742866185135
        ]
    }
}