{
    "video": "edition45_sequence_12.mp4",
    "peak_id": 13,
    "frame_idx": 3975,
    "timestamp": 159.0,
    "total_score": 0.4,
    "skeleton_3d": {
        "Pelvis": [
            0.0,
            0.0,
            0.0
        ],
        "R_Hip": [
            -0.11036402417312256,
            0.2197312394382177,
            -0.01654151914627969
        ],
        "R_Knee": [
            0.05373045751610702,
            0.5693217198963433,
            -0.6235740591184841
        ],
        "R_Ankle": [
            0.2043815401398835,
            0.917742686088907,
            -1.2145905894403863
        ],
        "L_Hip": [
            0.11383255476500415,
            -0.1959965083163187,
            0.01822922467180116
        ],
        "L_Knee": [
            0.5976633432477049,
            0.42645847472148785,
            -0.05455454226976091
        ],
        "L_Ankle": [
            0.3405068453130409,
            0.10761452280123575,
            -0.5850822429097702
        ],
        "Spine": [
            -0.025007775244347358,
            -0.19690622520324147,
            0.3475077405623446
        ],
        "Thorax": [
            -0.02867956858850635,
            -0.46360528937492046,
            0.6986533461742956
        ],
        "Neck": [
            0.061843962733442226,
            -0.4859987908405818,
            0.8629483462772959
        ],
        "Head": [
            0.04366156725342065,
            -0.710378864521879,
            0.9144831638164505
        ],
        "L_Shoulder": [
            0.19223284228831386,
            -0.5080002654302377,
            0.6674868837199851
        ],
        "L_Elbow": [
            0.4917857611591734,
            -0.33478578924351554,
            0.8444947625341482
        ],
        "L_Wrist": [
            0.7239508840915938,
            -0.04342592068020228,
            1.0443194977551238
        ],
        "R_Shoulder": [
            -0.2573691779033242,
            -0.3225147866256176,
            0.6846221824818076
        ],
        "R_Elbow": [
            -0.6252411633083658,
            -0.01973679852194544,
            0.8108270673586164
        ],
        "R_Wrist": [
            -0.9648930782548104,
            0.17982563777438915,
            0.962188839671446
        ]
    }
}