{
    "video": "edition45_sequence_12.mp4",
    "peak_id": 4,
    "frame_idx": 2181,
    "timestamp": 87.24,
    "total_score": 0.691,
    "skeleton_3d": {
        "Pelvis": [
            0.0,
            0.0,
            0.0
        ],
        "R_Hip": [
            0.0896689260724777,
            0.10515167853462427,
            0.04231141503251699
        ],
        "R_Knee": [
            -0.11605662253648465,
            0.48840961784772596,
            0.2400069255523729
        ],
        "R_Ankle": [
            -0.6280040634141947,
            0.7048058997206542,
            0.24045994523555725
        ],
        "L_Hip": [
            -0.08584967111712574,
            -0.10022810896186465,
            -0.039762485320788
        ],
        "L_Knee": [
            -0.1072040739333124,
            -0.08100588648265646,
            -0.6488286506524517
        ],
        "L_Ankle": [
            -0.1076285668180206,
            0.17899061172987213,
            -1.2128904127338642
        ],
        "Spine": [
            -0.012157545008658047,
            -0.18062561246131326,
            0.3278477440700074
        ],
        "Thorax": [
            -0.03159653097769565,
            -0.36259942357771063,
            0.6839358254490611
        ],
        "Neck": [
            -0.14235056287088613,
            -0.4243205307349914,
            0.8729871437901248
        ],
        "Head": [
            -0.17802925983875856,
            -0.33075019666716265,
            0.9238644392780884
        ],
        "L_Shoulder": [
            -0.1702842279648161,
            -0.46113317707378876,
            0.5596742114172799
        ],
        "L_Elbow": [
            -0.1783659807686163,
            -0.8524451216133423,
            0.4393149367936042
        ],
        "L_Wrist": [
            0.15205768572000083,
            -0.780176939932481,
            0.573463308495122
        ],
        "R_Shoulder": [
            0.12943657982090254,
            -0.24646350311614054,
            0.7435024105385891
        ],
        "R_Elbow": [
            0.29927954947143226,
            0.08459407802295055,
            0.85090869235457
        ],
        "R_Wrist": [
            0.5149268537365673,
            0.30828783272219673,
            0.983080959275945
        ]
    }
}