{
    "video": "edition45_sequence_16.mp4",
    "peak_id": 9,
    "frame_idx": 2116,
    "timestamp": 84.64,
    "total_score": 0.708,
    "skeleton_3d": {
        "Pelvis": [
            0.0,
            0.0,
            0.0
        ],
        "R_Hip": [
            0.09970975184988327,
            -0.007860709054872886,
            0.09891675291142171
        ],
        "R_Knee": [
            0.6028051466935441,
            -0.04249592635914766,
            0.4188837290234226
        ],
        "R_Ankle": [
            1.1073441645993793,
            -0.22777689654090344,
            0.7571322137146382
        ],
        "L_Hip": [
            -0.08072842957956758,
            0.07032963043459627,
            -0.09824705970431616
        ],
        "L_Knee": [
            -0.09627970724630423,
            0.11973878346446128,
            -0.7096723530414326
        ],
        "L_Ankle": [
            -0.1850722395615505,
            0.2357267269817481,
            -1.2167480466002947
        ],
        "Spine": [
            -0.26018274517264917,
            0.04794599363758124,
            0.22001572542652253
        ],
        "Thorax": [
            -0.47158942952973426,
            0.25872298516952136,
            0.472011062132137
        ],
        "Neck": [
            -0.6068352241132978,
            0.14599909178095333,
            0.6682561999860163
        ],
        "Head": [
            -0.5924182386389271,
            0.37400242014376256,
            0.7167382610414313
        ],
        "L_Shoulder": [
            -0.6379590561016079,
            0.2127068220470972,
            0.3171615455649075
        ],
        "L_Elbow": [
            -0.9955504713916806,
            0.15942602886457363,
            0.16815713644581423
        ],
        "L_Wrist": [
            -1.363110304198845,
            0.03736909900495749,
            0.08161340163260311
        ],
        "R_Shoulder": [
            -0.2846559634600764,
            0.14852542028929827,
            0.5662554562240765
        ],
        "R_Elbow": [
            -0.07884143678512871,
            0.08948940709221634,
            0.8081554468262665
        ],
        "R_Wrist": [
            0.1024994178990582,
            -0.024084320041956486,
            1.1245730814447272
        ]
    }
}