{
    "video": "edition45_sequence_10.mp4",
    "peak_id": 10,
    "frame_idx": 1601,
    "timestamp": 64.04,
    "total_score": 0.783,
    "skeleton_3d": {
        "Pelvis": [
            0.0,
            0.0,
            0.0
        ],
        "R_Hip": [
            0.08038167094437122,
            0.0226203735311848,
            -0.08725542635180614
        ],
        "R_Knee": [
            0.05227558702684333,
            -0.19180834719093387,
            -0.6445314445404319
        ],
        "R_Ankle": [
            0.14102212679789222,
            -0.1439938922608396,
            -1.1577975451638076
        ],
        "L_Hip": [
            -0.09256780695734047,
            0.042654470074312584,
            0.09058749370620865
        ],
        "L_Knee": [
            -0.548931050469141,
            0.07961708813170316,
            0.19715785504421912
        ],
        "L_Ankle": [
            -1.042649345757919,
            -0.028068624716086125,
            0.34581535503895644
        ],
        "Spine": [
            0.1934459939932922,
            -0.05576687935304575,
            0.23491616287567466
        ],
        "Thorax": [
            0.36804547510950436,
            0.10694494046102263,
            0.5117749775355788
        ],
        "Neck": [
            0.4799375375392033,
            -0.023014649110328012,
            0.7720318277074342
        ],
        "Head": [
            0.44921159452237147,
            0.210642329621898,
            0.7985582149130386
        ],
        "L_Shoulder": [
            0.16377312410641812,
            0.09586279862961394,
            0.5065524113519474
        ],
        "L_Elbow": [
            -0.15168796002678536,
            0.4079261208061445,
            0.44604036034260114
        ],
        "L_Wrist": [
            -0.4403989266124687,
            0.41614000871481976,
            0.4486159600240784
        ],
        "R_Shoulder": [
            0.5680369384242588,
            -0.035762650584964126,
            0.4422360550230555
        ],
        "R_Elbow": [
            0.8984341209565808,
            -0.3307892101726365,
            0.5559669217460522
        ],
        "R_Wrist": [
            1.1726010038920547,
            -0.3857976365763147,
            0.716931691845249
        ]
    }
}