{
    "video": "edition45_sequence_5.mp4",
    "peak_id": 6,
    "frame_idx": 1321,
    "timestamp": 52.84,
    "total_score": 0.977,
    "skeleton_3d": {
        "Pelvis": [
            0.0,
            0.0,
            0.0
        ],
        "R_Hip": [
            0.08601958172304604,
            -0.016847875760007833,
            -0.04447013166702778
        ],
        "R_Knee": [
            0.04960493782258879,
            -0.21747003723302244,
            -0.6311765082305815
        ],
        "R_Ankle": [
            0.10706857888671104,
            -0.2680042958159905,
            -1.1749673952439574
        ],
        "L_Hip": [
            -0.08599598855450494,
            0.07506326672283241,
            0.04945197627394235
        ],
        "L_Knee": [
            -0.6204401644661502,
            0.15304363450479422,
            0.1376896819621408
        ],
        "L_Ankle": [
            -1.1068690465834603,
            0.12520973974680472,
            0.30026148149852105
        ],
        "Spine": [
            0.07608964401992048,
            -0.09369841963313191,
            0.29019284550237545
        ],
        "Thorax": [
            0.13520359991945732,
            -0.021962073574504932,
            0.6116666829656778
        ],
        "Neck": [
            0.20946317857357247,
            -0.08511810177031005,
            0.8417106255276737
        ],
        "Head": [
            0.17826382567769727,
            0.151408681291874,
            0.856425812579284
        ],
        "L_Shoulder": [
            -0.04356612919377314,
            -0.04016647275188167,
            0.5352513266284546
        ],
        "L_Elbow": [
            -0.36191089010063426,
            0.1594552549115194,
            0.41552323185169887
        ],
        "L_Wrist": [
            -0.6726043250155387,
            0.10029683066748875,
            0.4060567739395165
        ],
        "R_Shoulder": [
            0.3237930670294648,
            -0.07960532399474538,
            0.6186293112123394
        ],
        "R_Elbow": [
            0.5451854281969382,
            -0.27277046336719374,
            0.8510708459213333
        ],
        "R_Wrist": [
            0.7008426545884933,
            -0.10152736768183146,
            1.0853440345945404
        ]
    }
}