{
    "video": "edition45_sequence_12.mp4",
    "peak_id": 12,
    "frame_idx": 2960,
    "timestamp": 118.4,
    "total_score": 0.599,
    "skeleton_3d": {
        "Pelvis": [
            0.0,
            0.0,
            0.0
        ],
        "R_Hip": [
            0.06791526544848699,
            0.11848980755980452,
            0.014634259185229507
        ],
        "R_Knee": [
            -0.008662150588944538,
            0.44609151271523745,
            -0.4800571312569831
        ],
        "R_Ankle": [
            -0.06073731489196805,
            0.9053299831082323,
            -1.003634643854896
        ],
        "L_Hip": [
            -0.06808414062740997,
            -0.08640714424124096,
            -0.013331123211072328
        ],
        "L_Knee": [
            0.221508303806349,
            0.16450364297729786,
            -0.4378813341236033
        ],
        "L_Ankle": [
            0.39603927658317334,
            0.41924277121961906,
            -0.8623969096088665
        ],
        "Spine": [
            -0.018982053325700497,
            0.04454663718228857,
            0.31320728971099476
        ],
        "Thorax": [
            0.011939847931222426,
            0.20618606108646303,
            0.6646311692178033
        ],
        "Neck": [
            0.23262432002465244,
            0.03981448127754978,
            0.8241714411882962
        ],
        "Head": [
            0.23606116094678162,
            0.19867285453821162,
            0.8719809894511821
        ],
        "L_Shoulder": [
            -0.19080641498077533,
            0.0698827653980011,
            0.7077832194921033
        ],
        "L_Elbow": [
            -0.5291909132162197,
            0.04380733508665574,
            0.743174824286196
        ],
        "L_Wrist": [
            -0.7551658905092723,
            -0.12250664903950872,
            0.978869434286658
        ],
        "R_Shoulder": [
            0.16979068820542267,
            0.21259730723239068,
            0.5419342011426732
        ],
        "R_Elbow": [
            0.5061872755439704,
            0.17170722946396139,
            0.4421648310327199
        ],
        "R_Wrist": [
            0.7220684432357928,
            0.0407608624612913,
            0.7090320288316121
        ]
    }
}