{
    "video": "edition45_sequence_5.mp4",
    "peak_id": 2,
    "frame_idx": 996,
    "timestamp": 39.84,
    "total_score": 0.695,
    "skeleton_3d": {
        "Pelvis": [
            0.0,
            0.0,
            0.0
        ],
        "R_Hip": [
            0.08013077746127924,
            -0.1636333456837005,
            0.04210419944754906
        ],
        "R_Knee": [
            0.6012383078892344,
            -0.06694009673664682,
            0.019298608784587473
        ],
        "R_Ankle": [
            1.1066834180586331,
            -0.11730470148313274,
            0.1000225222081643
        ],
        "L_Hip": [
            -0.06831836793191332,
            0.1878685924544301,
            -0.04360635447992255
        ],
        "L_Knee": [
            -0.030745552132982936,
            0.23179350030891077,
            -0.5791741534252369
        ],
        "L_Ankle": [
            0.11997896184776079,
            0.45340028731308385,
            -1.0727069435524823
        ],
        "Spine": [
            -0.14727913137607085,
            0.08551519319264608,
            0.24572220259932429
        ],
        "Thorax": [
            -0.25549951438229207,
            0.19646563450538737,
            0.5305987396669432
        ],
        "Neck": [
            -0.34204212816448465,
            0.09908795837358429,
            0.6733594251914037
        ],
        "Head": [
            -0.32513385713072634,
            0.36417963225754846,
            0.7093442238841163
        ],
        "L_Shoulder": [
            -0.4371968249251154,
            0.22196850181477812,
            0.4841115217918105
        ],
        "L_Elbow": [
            -0.7171357787794135,
            0.33234716929946023,
            0.49662614059222493
        ],
        "L_Wrist": [
            -0.9952898128908331,
            0.26272766661773134,
            0.5429655249366105
        ],
        "R_Shoulder": [
            -0.0673558785418729,
            0.013297869486695818,
            0.5187469141642259
        ],
        "R_Elbow": [
            0.17906383673095577,
            -0.2201518697000546,
            0.3967942707060023
        ],
        "R_Wrist": [
            0.43171923342460927,
            -0.3262734230173545,
            0.3821063855763448
        ]
    }
}