{
    "video": "edition45_sequence_10.mp4",
    "peak_id": 5,
    "frame_idx": 1202,
    "timestamp": 48.08,
    "total_score": 0.615,
    "skeleton_3d": {
        "Pelvis": [
            0.0,
            0.0,
            0.0
        ],
        "R_Hip": [
            0.16384950263970616,
            -0.138008217134436,
            0.017090616024440227
        ],
        "R_Knee": [
            0.5437108837813072,
            -0.5156353868742165,
            -0.2932298707426631
        ],
        "R_Ankle": [
            1.0244188658348545,
            -0.6350783350457118,
            -0.6705653449741228
        ],
        "L_Hip": [
            -0.15660181139526952,
            0.14145538753465767,
            -0.014191867439401436
        ],
        "L_Knee": [
            -0.5772221950050371,
            0.18023639101477235,
            -0.27387956890162374
        ],
        "L_Ankle": [
            -1.0275381479703118,
            -0.0756698281187949,
            -0.2979356387422104
        ],
        "Spine": [
            -0.04278773004587879,
            0.12519957860508824,
            0.33276041177077403
        ],
        "Thorax": [
            -0.0612058604041504,
            0.1837875513531324,
            0.6917557511564534
        ],
        "Neck": [
            -0.19243612740605004,
            0.10674113822785004,
            0.9126586194114593
        ],
        "Head": [
            -0.1569530206180398,
            0.32539047514782926,
            0.9530635373026419
        ],
        "L_Shoulder": [
            -0.27517817674894474,
            0.2726130671370978,
            0.6809378610580967
        ],
        "L_Elbow": [
            -0.5767747654182804,
            0.36072542166275817,
            0.8776833491197938
        ],
        "L_Wrist": [
            -0.7523463897610384,
            0.2284319404392436,
            1.1688412763226899
        ],
        "R_Shoulder": [
            0.1470122603814702,
            -0.007853514612276784,
            0.6336412941874369
        ],
        "R_Elbow": [
            0.1043303678417565,
            -0.5192702750801707,
            0.5271373910355446
        ],
        "R_Wrist": [
            -0.34024465290037714,
            -0.5940638910034169,
            0.6754747369942018
        ]
    }
}