{
    "video": "edition45_sequence_12.mp4",
    "peak_id": 2,
    "frame_idx": 1702,
    "timestamp": 68.08,
    "total_score": 0.54,
    "skeleton_3d": {
        "Pelvis": [
            0.0,
            0.0,
            0.0
        ],
        "R_Hip": [
            0.09410451589127444,
            0.07412585793913211,
            -0.010741770722706686
        ],
        "R_Knee": [
            0.03023702882003348,
            -0.10230506368159066,
            -0.520395063815254
        ],
        "R_Ankle": [
            -0.035091041686138656,
            -0.36849805648163486,
            -1.005282224278949
        ],
        "L_Hip": [
            -0.09390183294708287,
            -0.05787700241634679,
            0.010693940512961615
        ],
        "L_Knee": [
            -0.018266853510195854,
            -0.3300823291388466,
            0.11571663748133024
        ],
        "L_Ankle": [
            -0.12426270263792734,
            -0.682190955944665,
            -0.08107230273376595
        ],
        "Spine": [
            -0.036943848638558846,
            0.16758284927721273,
            0.2877114468960159
        ],
        "Thorax": [
            -0.06443531283616928,
            0.36755350705504325,
            0.616373233387815
        ],
        "Neck": [
            0.008930744570405371,
            0.26780550034123374,
            0.8667253006221197
        ],
        "Head": [
            -0.010232448407131342,
            0.48095604218836696,
            0.8864255140846803
        ],
        "L_Shoulder": [
            -0.2529748542845328,
            0.24437919688048407,
            0.5457803157342721
        ],
        "L_Elbow": [
            -0.5701110670738089,
            0.019602657333537905,
            0.4074113103608517
        ],
        "L_Wrist": [
            -0.8601030525375173,
            -0.23520751112218335,
            0.33733869206209666
        ],
        "R_Shoulder": [
            0.12224863277940401,
            0.30918648195250104,
            0.6187956585228305
        ],
        "R_Elbow": [
            0.3588591998433953,
            0.14670570399452515,
            0.8961000489484817
        ],
        "R_Wrist": [
            0.5384775565354105,
            0.26892105248925136,
            1.158538771299016
        ]
    }
}