{
    "video": "edition45_sequence_16.mp4",
    "peak_id": 3,
    "frame_idx": 1000,
    "timestamp": 40.0,
    "total_score": 0.75,
    "skeleton_3d": {
        "Pelvis": [
            0.0,
            0.0,
            0.0
        ],
        "R_Hip": [
            0.11400929123478994,
            0.07671081242899204,
            -0.03224206121470356
        ],
        "R_Knee": [
            0.10798130519809232,
            -0.21818912589892847,
            -0.5535508619514325
        ],
        "R_Ankle": [
            0.061220476104925835,
            -0.5498830975538602,
            -1.045924354522459
        ],
        "L_Hip": [
            -0.11974670424681999,
            -0.06717336298529332,
            0.029869673607859533
        ],
        "L_Knee": [
            0.06460120493013378,
            -0.23069265739380104,
            0.49810741593416286
        ],
        "L_Ankle": [
            0.5011873418050694,
            -0.5426682245643029,
            0.51883000274033
        ],
        "Spine": [
            0.019090378228937332,
            0.1448755464222755,
            0.3024115390311191
        ],
        "Thorax": [
            0.06186662284033345,
            0.39217594483728907,
            0.611736502751466
        ],
        "Neck": [
            0.14577711872551316,
            0.2922941625250276,
            0.8439268409650144
        ],
        "Head": [
            0.15174165768694714,
            0.4864618839347654,
            0.8748449389501066
        ],
        "L_Shoulder": [
            -0.12512032136167536,
            0.25848515335020594,
            0.6358913743599907
        ],
        "L_Elbow": [
            -0.3276555635217735,
            0.007501449947961796,
            0.8665774348832802
        ],
        "L_Wrist": [
            -0.4739625352382244,
            -0.15137902102245293,
            1.1314528763108114
        ],
        "R_Shoulder": [
            0.24264778817484844,
            0.32504260525660267,
            0.5328572440114245
        ],
        "R_Elbow": [
            0.5210323536195697,
            0.19322318579220882,
            0.4195565666174111
        ],
        "R_Wrist": [
            0.8376301758652018,
            0.0645073429355735,
            0.3085513133409408
        ]
    }
}