{
    "video": "edition45_sequence_4.mp4",
    "peak_id": 3,
    "frame_idx": 1217,
    "timestamp": 48.68,
    "total_score": 0.972,
    "skeleton_3d": {
        "Pelvis": [
            0.0,
            0.0,
            0.0
        ],
        "R_Hip": [
            0.05739262739301961,
            0.10644369463335929,
            0.0565310547033414
        ],
        "R_Knee": [
            0.7145569844492724,
            0.027845250200522725,
            0.27059529971819196
        ],
        "R_Ankle": [
            1.2206912330023691,
            -0.2577208851517735,
            0.5284154786310472
        ],
        "L_Hip": [
            -0.03923009165316004,
            -0.0557519139546605,
            -0.05689529610895627
        ],
        "L_Knee": [
            0.014018278694080085,
            -0.12812134910288883,
            -0.7358506112381686
        ],
        "L_Ankle": [
            -0.04526717044622913,
            -0.1375619824749468,
            -1.3385952830808265
        ],
        "Spine": [
            -0.1884585148614879,
            0.0030585633436194834,
            0.2848095277644331
        ],
        "Thorax": [
            -0.32727904938200564,
            0.1932413721215588,
            0.5932112531618868
        ],
        "Neck": [
            -0.3736956791955719,
            0.1309005597324073,
            0.8319587965373705
        ],
        "Head": [
            -0.35076806847613884,
            0.37497217659533544,
            0.8676616440256569
        ],
        "L_Shoulder": [
            -0.508448416490203,
            0.08886599552241126,
            0.5945603727139159
        ],
        "L_Elbow": [
            -0.6645318309172813,
            -0.16687174679808717,
            0.895666833282579
        ],
        "L_Wrist": [
            -0.7733465446017559,
            -0.008559930326001997,
            1.2357804057812956
        ],
        "R_Shoulder": [
            -0.14245370048621828,
            0.17494074920045766,
            0.519616051028544
        ],
        "R_Elbow": [
            0.20078300144134886,
            0.14021370571341216,
            0.5188749281940058
        ],
        "R_Wrist": [
            0.6032999051600995,
            -0.09163178337488422,
            0.6094577418363994
        ]
    }
}