{
    "video": "PdL2024_LeoWEBER_VarContemporaine.mp4",
    "peak_id": 3,
    "frame_idx": 1657,
    "timestamp": 66.28,
    "total_score": 0.684,
    "skeleton_3d": {
        "Pelvis": [
            0.0,
            0.0,
            0.0
        ],
        "R_Hip": [
            0.11487198761322444,
            -0.1929350580582301,
            0.05775164407710252
        ],
        "R_Knee": [
            0.7144785406313213,
            0.2133430052161085,
            -0.02333059160162642
        ],
        "R_Ankle": [
            0.9361826703843181,
            0.43360139187539626,
            0.15874267291647967
        ],
        "L_Hip": [
            -0.10434347953592082,
            0.21633016184597673,
            -0.05643748908996323
        ],
        "L_Knee": [
            -0.14982906363160828,
            0.19858603619036513,
            -0.7282991501143952
        ],
        "L_Ankle": [
            0.042165170559445554,
            0.3948431862693177,
            -1.3481695988812687
        ],
        "Spine": [
            -0.17879700242146002,
            0.013308052200273207,
            0.3200349669317814
        ],
        "Thorax": [
            -0.3253518219453251,
            -0.022008681952728447,
            0.6760130830254489
        ],
        "Neck": [
            -0.47263731844481977,
            -0.13537643017756984,
            0.9230502585758816
        ],
        "Head": [
            -0.4462561875933203,
            0.09432927306437275,
            0.9893649783812052
        ],
        "L_Shoulder": [
            -0.5376366140875934,
            0.12606016230193529,
            0.5968009011636969
        ],
        "L_Elbow": [
            -0.7634987147867259,
            0.4756225713115721,
            0.3126278561675239
        ],
        "L_Wrist": [
            -1.0741486372273732,
            0.5323818217516276,
            0.03769278361590637
        ],
        "R_Shoulder": [
            -0.0871467048137565,
            -0.16121907528586493,
            0.6628883878035088
        ],
        "R_Elbow": [
            0.3277348256962452,
            -0.18442893023068213,
            0.4838451018936242
        ],
        "R_Wrist": [
            0.7683379283262489,
            -0.33430793591469704,
            0.39657172702801397
        ]
    }
}