{
    "video": "PdL2024_NatalieSTEELE_VarClassique.mp4",
    "peak_id": 9,
    "frame_idx": 1550,
    "timestamp": 62.0,
    "total_score": 0.595,
    "skeleton_3d": {
        "Pelvis": [
            0.0,
            0.0,
            0.0
        ],
        "R_Hip": [
            0.1356925947840711,
            0.06207992971058709,
            0.020343269663183394
        ],
        "R_Knee": [
            0.4985826638952397,
            0.06997053088826766,
            -0.38785766430244817
        ],
        "R_Ankle": [
            0.815581780014462,
            0.17447479098837512,
            -0.8295057970196987
        ],
        "L_Hip": [
            -0.13519741553936504,
            -0.049740808899187514,
            -0.014678541356251238
        ],
        "L_Knee": [
            -0.15041861086320032,
            -0.2809124857789279,
            -0.5708959716124156
        ],
        "L_Ankle": [
            -0.17522372341924133,
            0.05438749078820025,
            -1.120763244515461
        ],
        "Spine": [
            -0.008539764103078034,
            -0.0010511640768363297,
            0.283462627760054
        ],
        "Thorax": [
            0.022494264289416435,
            0.17113323383080314,
            0.5971217148780201
        ],
        "Neck": [
            0.19019306726255394,
            0.007020809976707569,
            0.7626497958588551
        ],
        "Head": [
            0.16745808580932697,
            0.23933483888594204,
            0.8187307328778592
        ],
        "L_Shoulder": [
            -0.19820873388508845,
            0.07207869610383089,
            0.592893045999603
        ],
        "L_Elbow": [
            -0.5649493380840831,
            0.09346187613992626,
            0.5709654744255941
        ],
        "L_Wrist": [
            -0.8749164448217462,
            -0.006661304836094151,
            0.6155961512440498
        ],
        "R_Shoulder": [
            0.2244029405322051,
            0.1166118765493375,
            0.5068234788816376
        ],
        "R_Elbow": [
            0.49866389389318255,
            0.14306128530119527,
            0.3133067282305685
        ],
        "R_Wrist": [
            0.8110482948895836,
            0.04024457954031852,
            0.2311102110368154
        ]
    }
}