{
    "video": "PdL2024_JiohKIM_VarClassique.mp4",
    "peak_id": 6,
    "frame_idx": 1249,
    "timestamp": 49.96,
    "total_score": 0.678,
    "skeleton_3d": {
        "Pelvis": [
            0.0,
            0.0,
            0.0
        ],
        "R_Hip": [
            0.11950574116168454,
            -0.03036264801894227,
            0.043538648829585684
        ],
        "R_Knee": [
            0.43730995864036554,
            0.24392600797735,
            0.09256123035812618
        ],
        "R_Ankle": [
            0.6401818653928967,
            0.3739650222178956,
            0.09351110978565723
        ],
        "L_Hip": [
            -0.1089661379197227,
            0.10012543213319955,
            -0.041462828615758486
        ],
        "L_Knee": [
            -0.06766804736163132,
            0.09163228779714988,
            -0.648948869149598
        ],
        "L_Ankle": [
            -0.04504340550716029,
            0.3613370685887912,
            -1.1979877446888727
        ],
        "Spine": [
            -0.07566192522627964,
            -0.05571506660027652,
            0.31192913986050197
        ],
        "Thorax": [
            -0.11926187014921764,
            0.09025877255717088,
            0.6525488979814441
        ],
        "Neck": [
            -0.1751814187657696,
            -0.05250049737294462,
            0.9096056756834685
        ],
        "Head": [
            -0.18133172240990528,
            0.18602691678650524,
            0.9469429891054538
        ],
        "L_Shoulder": [
            -0.34088207534700543,
            0.05523706237764539,
            0.5781527509855846
        ],
        "L_Elbow": [
            -0.6067400041902337,
            -0.025835466228304998,
            0.4907706589311317
        ],
        "L_Wrist": [
            -0.8619796582878421,
            -0.33383611870055513,
            0.5127821150425488
        ],
        "R_Shoulder": [
            0.11429914059902646,
            -0.03384537656211506,
            0.6299125187030554
        ],
        "R_Elbow": [
            0.48565044438865806,
            -0.14122111128911388,
            0.5631231689722931
        ],
        "R_Wrist": [
            0.8064838874687048,
            -0.38839838569165935,
            0.6360846998641505
        ]
    }
}