{
    "video": "PdL2024_NaliDOBRIN_VarClassique.mp4",
    "peak_id": 2,
    "frame_idx": 1611,
    "timestamp": 64.44,
    "total_score": 0.897,
    "skeleton_3d": {
        "Pelvis": [
            0.0,
            0.0,
            0.0
        ],
        "R_Hip": [
            0.09631487308510922,
            0.07472582227415575,
            0.11175112564637846
        ],
        "R_Knee": [
            0.5690374965490633,
            -0.12132132870210001,
            0.3936923278492423
        ],
        "R_Ankle": [
            0.9478094038534224,
            -0.4972893037586367,
            0.7035610044508027
        ],
        "L_Hip": [
            -0.07677558699030862,
            -0.05421455513129754,
            -0.10801840128297885
        ],
        "L_Knee": [
            -0.04256778983378733,
            -0.39564326983183934,
            -0.6543219686632626
        ],
        "L_Ankle": [
            -0.09624668115156026,
            -0.6764037244225127,
            -1.1541473639142188
        ],
        "Spine": [
            -0.17117629345820926,
            0.17028905502787348,
            0.2823939179232337
        ],
        "Thorax": [
            -0.2929218803313314,
            0.46014843583589116,
            0.5905114217070212
        ],
        "Neck": [
            -0.24024321878068872,
            0.4488033311799556,
            0.7564633904764667
        ],
        "Head": [
            -0.25343783761647143,
            0.6586514237679103,
            0.7961884304077432
        ],
        "L_Shoulder": [
            -0.48332573645510546,
            0.24824681250783998,
            0.592609974838623
        ],
        "L_Elbow": [
            -0.5451210358620148,
            -0.15306038743925432,
            0.9742657503727034
        ],
        "L_Wrist": [
            -0.4980434146583671,
            -0.06411943878852717,
            1.2878644330045914
        ],
        "R_Shoulder": [
            -0.09552063137760462,
            0.46157493774737424,
            0.5479298667725606
        ],
        "R_Elbow": [
            0.27427844780058697,
            0.4399165340481223,
            0.5671160881226551
        ],
        "R_Wrist": [
            0.5960678644020533,
            0.2756572939354011,
            0.6542570118292291
        ]
    }
}