{
    "video": "PdL2024_TaichiTOSHIDA_VarClassique.mp4",
    "peak_id": 6,
    "frame_idx": 1189,
    "timestamp": 47.56,
    "total_score": 0.739,
    "skeleton_3d": {
        "Pelvis": [
            0.0,
            0.0,
            0.0
        ],
        "R_Hip": [
            0.11523761474656241,
            0.05212991968178394,
            -0.05798297752200085
        ],
        "R_Knee": [
            0.09725641461862138,
            -0.24417371962224396,
            -0.605376816793537
        ],
        "R_Ankle": [
            0.13417152650088104,
            -0.7210584711944131,
            -1.0913008227685594
        ],
        "L_Hip": [
            -0.11544249443645684,
            -0.015063980368425463,
            0.055991513770537266
        ],
        "L_Knee": [
            -0.6004618790354065,
            -0.006975827730723142,
            0.1492575657910034
        ],
        "L_Ankle": [
            -0.9781289411707659,
            -0.1767750571174168,
            0.3412284080100073
        ],
        "Spine": [
            0.10388751371734033,
            0.14830781732872036,
            0.3077608559967684
        ],
        "Thorax": [
            0.20254425444306065,
            0.3958118751358048,
            0.6433771943216695
        ],
        "Neck": [
            0.2620785163310318,
            0.32284768365164984,
            0.8365963713592166
        ],
        "Head": [
            0.25868634588258554,
            0.5655915814508079,
            0.8486069181691247
        ],
        "L_Shoulder": [
            0.0050695303105788205,
            0.27610724973923767,
            0.6779423675595055
        ],
        "L_Elbow": [
            -0.1308938320524541,
            0.007401756233852386,
            0.994256056902764
        ],
        "L_Wrist": [
            -0.19995826851576665,
            0.023311699562524893,
            1.2799840208321767
        ],
        "R_Shoulder": [
            0.40550718494318544,
            0.2568956161097832,
            0.5516361115952148
        ],
        "R_Elbow": [
            0.6886628777736132,
            -0.1405525644535118,
            0.46988736189537855
        ],
        "R_Wrist": [
            1.015097050194331,
            -0.2546331451761319,
            0.43346382262540784
        ]
    }
}