{
    "video": "PdL2024_JiohKIM_VarClassique.mp4",
    "peak_id": 0,
    "frame_idx": 507,
    "timestamp": 20.28,
    "total_score": 0.438,
    "skeleton_3d": {
        "Pelvis": [
            0.0,
            0.0,
            0.0
        ],
        "R_Hip": [
            0.12980905939568815,
            0.1035795418865435,
            -0.018108295539020432
        ],
        "R_Knee": [
            0.13901786578238567,
            0.06743205150773471,
            -0.6003294251985033
        ],
        "R_Ankle": [
            0.15731863922734227,
            0.2837520414667405,
            -1.1273828185931059
        ],
        "L_Hip": [
            -0.12833418792027054,
            -0.08249278982012176,
            0.024239521238700084
        ],
        "L_Knee": [
            -0.6064958735009481,
            0.16324626166424908,
            -0.2261837671069841
        ],
        "L_Ankle": [
            -1.0608404436370957,
            0.32694003042051034,
            -0.30534866725208887
        ],
        "Spine": [
            0.04554979603459604,
            0.00030015751472996525,
            0.33262573405035195
        ],
        "Thorax": [
            0.08354149319189962,
            0.06038659037733818,
            0.6942674143235509
        ],
        "Neck": [
            0.20121848944708842,
            -0.07423755577158704,
            0.8966089416065097
        ],
        "Head": [
            0.19235191473221186,
            0.10398308997005884,
            0.9536660496747609
        ],
        "L_Shoulder": [
            -0.12802635945252652,
            -0.029064761034133305,
            0.6412830177970457
        ],
        "L_Elbow": [
            -0.4610449432401411,
            0.118501876836001,
            0.4269534338078286
        ],
        "L_Wrist": [
            -0.3483257822223316,
            -0.18046628286197602,
            0.20572021967664292
        ],
        "R_Shoulder": [
            0.29582635431096305,
            0.06273495816559556,
            0.6670718719243485
        ],
        "R_Elbow": [
            0.6272059791506454,
            0.07642491171761705,
            0.8179499912992896
        ],
        "R_Wrist": [
            0.8985348747485306,
            -0.03586022766405543,
            0.9792885312458833
        ]
    }
}