{
    "video": "PdL2024_CarsonWILLEY_VarClassique.mp4",
    "peak_id": 1,
    "frame_idx": 525,
    "timestamp": 21.0,
    "total_score": 0.75,
    "skeleton_3d": {
        "Pelvis": [
            0.0,
            0.0,
            0.0
        ],
        "R_Hip": [
            0.12724040433561504,
            0.03752001616238737,
            -0.025495647299147745
        ],
        "R_Knee": [
            0.09876647233462821,
            -0.1931879073076484,
            -0.5822389550107059
        ],
        "R_Ankle": [
            0.058054961904698305,
            -0.4060870271685817,
            -1.0937508920269743
        ],
        "L_Hip": [
            -0.1243308406367103,
            -0.002535486593927658,
            0.025230324254482253
        ],
        "L_Knee": [
            -0.5604011598775034,
            0.03555241570214101,
            0.1616547452225605
        ],
        "L_Ankle": [
            -0.9031608360580059,
            -0.11009324448156896,
            0.35991741518252945
        ],
        "Spine": [
            0.03548113062167374,
            0.11272791175189596,
            0.3138408053307221
        ],
        "Thorax": [
            0.0648099031009813,
            0.34922425577354793,
            0.6450760146406017
        ],
        "Neck": [
            0.09487959154836965,
            0.24523838322174582,
            0.8683498764565011
        ],
        "Head": [
            0.09559935853311903,
            0.4821148688108086,
            0.8904967515797735
        ],
        "L_Shoulder": [
            -0.13558377604249122,
            0.2273757898602336,
            0.6357584176396196
        ],
        "L_Elbow": [
            -0.3812740329183678,
            -0.06104989758945093,
            0.8455314986069319
        ],
        "L_Wrist": [
            -0.4988475048665061,
            -0.15059810764592205,
            1.1332694234778773
        ],
        "R_Shoulder": [
            0.2669124498980521,
            0.2542872052964442,
            0.5861595971858845
        ],
        "R_Elbow": [
            0.6062726931940385,
            0.10610675580199767,
            0.49357129139629646
        ],
        "R_Wrist": [
            0.9383209572102404,
            -0.05188806985069878,
            0.4256094540811377
        ]
    }
}