{
    "video": "PdL2024_CarsonWILLEY_VarClassique.mp4",
    "peak_id": 9,
    "frame_idx": 1856,
    "timestamp": 74.24,
    "total_score": 0.74,
    "skeleton_3d": {
        "Pelvis": [
            0.0,
            0.0,
            0.0
        ],
        "R_Hip": [
            -0.014928134523999022,
            -0.17476812840448178,
            -0.07373135376113414
        ],
        "R_Knee": [
            -0.3228726830021181,
            -0.10002190231502506,
            -0.5842942195765928
        ],
        "R_Ankle": [
            -0.4752184438788788,
            0.02677705479696203,
            -1.1484732392053645
        ],
        "L_Hip": [
            0.014911532499533675,
            0.1702686473021014,
            0.07067567163840402
        ],
        "L_Knee": [
            0.35072134342609146,
            0.44481853804952376,
            0.17541179472206256
        ],
        "L_Ankle": [
            0.711074722318602,
            0.6644417873099281,
            0.3218132622679653
        ],
        "Spine": [
            -0.03530820980519293,
            -0.20271779131383702,
            0.3207546935839628
        ],
        "Thorax": [
            -0.04076015056238782,
            -0.34261390201911335,
            0.6803701509895657
        ],
        "Neck": [
            -0.11411574445015267,
            -0.3831039469267667,
            0.9096582281329836
        ],
        "Head": [
            -0.07092467178063226,
            -0.4640634954249368,
            0.9579607208685584
        ],
        "L_Shoulder": [
            -0.062449449834800344,
            -0.16081315892965864,
            0.6847105405118592
        ],
        "L_Elbow": [
            -0.09624997992745445,
            0.3028084678930192,
            0.7161748642343564
        ],
        "L_Wrist": [
            -0.12668161886781182,
            0.7424275886700896,
            0.7058574119929928
        ],
        "R_Shoulder": [
            -0.006940378816931189,
            -0.5026446486269901,
            0.6072380878530503
        ],
        "R_Elbow": [
            -0.038636723567428914,
            -0.8504077660448376,
            0.5556289036261493
        ],
        "R_Wrist": [
            -0.08663909027321087,
            -1.0017801402242414,
            0.5623235307420501
        ]
    }
}