{
    "video": "PdL2024_NaliDOBRIN_VarClassique.mp4",
    "peak_id": 5,
    "frame_idx": 2026,
    "timestamp": 81.04,
    "total_score": 0.9,
    "skeleton_3d": {
        "Pelvis": [
            0.0,
            0.0,
            0.0
        ],
        "R_Hip": [
            0.07559718689352951,
            -0.1549929096512398,
            -0.08402990809315088
        ],
        "R_Knee": [
            0.08374358097473257,
            -0.3925161778330429,
            -0.6749461043149554
        ],
        "R_Ankle": [
            0.20401974847211501,
            -0.6941617438013689,
            -1.1870471395636593
        ],
        "L_Hip": [
            -0.08102950880513435,
            0.15829900351071075,
            0.08571355503030621
        ],
        "L_Knee": [
            -0.6092501689980311,
            -0.031500579776606176,
            0.36248164888789247
        ],
        "L_Ankle": [
            -0.8337453508074242,
            -0.2672543121218579,
            0.6994140606542345
        ],
        "Spine": [
            0.1350990114445236,
            0.058655660101563485,
            0.3165601815188667
        ],
        "Thorax": [
            0.25172428615972947,
            0.30819025889495566,
            0.6528805647179516
        ],
        "Neck": [
            0.18353409855469532,
            0.2776936677063509,
            0.8755916673392289
        ],
        "Head": [
            0.18448256379512626,
            0.5088012077478454,
            0.8984699863299711
        ],
        "L_Shoulder": [
            0.1036574505352582,
            0.40521110991059983,
            0.5775060182777577
        ],
        "L_Elbow": [
            -0.15707694990582105,
            0.45151549299820015,
            0.8896603671053634
        ],
        "L_Wrist": [
            -0.23677759992576788,
            0.28291867403483256,
            1.2303924941185729
        ],
        "R_Shoulder": [
            0.41267097538326314,
            0.009304149127432285,
            0.6697204443526955
        ],
        "R_Elbow": [
            0.45962399052969866,
            -0.39147437084720166,
            1.0372119972183282
        ],
        "R_Wrist": [
            0.4250623656180047,
            -0.18231851024043763,
            1.336027442602569
        ]
    }
}