{
    "video": "PdL2024_JiohKIM_VarClassique.mp4",
    "peak_id": 8,
    "frame_idx": 1581,
    "timestamp": 63.24,
    "total_score": 0.578,
    "skeleton_3d": {
        "Pelvis": [
            0.0,
            0.0,
            0.0
        ],
        "R_Hip": [
            0.1399911598564267,
            -0.16226855965940992,
            0.00760754780632674
        ],
        "R_Knee": [
            0.6146849118689682,
            -0.018689645372735045,
            -0.39344795032770113
        ],
        "R_Ankle": [
            1.1421689928344196,
            0.07442782029982392,
            -0.5452681856737722
        ],
        "L_Hip": [
            -0.14148558042540316,
            0.1654886190053493,
            -0.002340030792422253
        ],
        "L_Knee": [
            -0.24762927418024205,
            -0.1162887072560432,
            -0.5874939000012069
        ],
        "L_Ankle": [
            0.013294729446956022,
            0.10940058452410183,
            -1.0579525463511743
        ],
        "Spine": [
            0.02583543652799409,
            0.05449682462646504,
            0.3353317513786057
        ],
        "Thorax": [
            0.11261211144940295,
            0.13549085640002237,
            0.6922112940013668
        ],
        "Neck": [
            0.3449210606777531,
            0.028266913740660295,
            0.8209719178619084
        ],
        "Head": [
            0.3252173114225302,
            0.23730402916866775,
            0.8900141874046816
        ],
        "L_Shoulder": [
            -0.1128542405335778,
            0.10012834875075725,
            0.7266731290266124
        ],
        "L_Elbow": [
            -0.45948463717646537,
            0.31433871757264753,
            0.7512128788019173
        ],
        "L_Wrist": [
            -0.7851789790334893,
            0.291235832051188,
            0.7598348032626366
        ],
        "R_Shoulder": [
            0.3039325127051658,
            0.03926544640730936,
            0.5655969145354224
        ],
        "R_Elbow": [
            0.6254920596851437,
            0.06690314896892549,
            0.3552965534492973
        ],
        "R_Wrist": [
            0.9414496049071159,
            -0.08866856312295976,
            0.14603957232019446
        ]
    }
}