{
    "video": "PdL2024_JeansonBLIGHT_VarClassique.mp4",
    "peak_id": 4,
    "frame_idx": 1119,
    "timestamp": 44.76,
    "total_score": 0.464,
    "skeleton_3d": {
        "Pelvis": [
            0.0,
            0.0,
            0.0
        ],
        "R_Hip": [
            0.14069607405936516,
            -0.06439925284100395,
            0.0473180164627797
        ],
        "R_Knee": [
            0.65548267963569,
            0.0021931819307275517,
            -0.02884576082377431
        ],
        "R_Ankle": [
            1.164789197530945,
            -0.10887028697941975,
            -0.02518824827718383
        ],
        "L_Hip": [
            -0.13315260985717628,
            0.10076816499492003,
            -0.04183872981904202
        ],
        "L_Knee": [
            -0.13710670946490455,
            -0.2030460821124811,
            -0.6057263055341419
        ],
        "L_Ankle": [
            -0.11890599352568394,
            -0.11196872329136175,
            -1.1056738858266875
        ],
        "Spine": [
            -0.07941509814899786,
            0.06955980433916165,
            0.3265976019770466
        ],
        "Thorax": [
            -0.10912670261614414,
            0.24706482905281402,
            0.6738876959619272
        ],
        "Neck": [
            -0.07059798458884517,
            0.09239670317435338,
            0.8825235361352828
        ],
        "Head": [
            -0.07976377057039068,
            0.3642008289691884,
            0.9362220181961406
        ],
        "L_Shoulder": [
            -0.35167867863267044,
            0.1778428412858287,
            0.6346369623375935
        ],
        "L_Elbow": [
            -0.6948599532469258,
            0.227479705399747,
            0.5701719646564558
        ],
        "L_Wrist": [
            -0.9596333504667721,
            -0.07806253465804579,
            0.5670808691940942
        ],
        "R_Shoulder": [
            0.12925335141724095,
            0.1167447230691193,
            0.6313911112449917
        ],
        "R_Elbow": [
            0.4829402425971486,
            -0.05113445720720565,
            0.5194612801094682
        ],
        "R_Wrist": [
            0.8562378428016246,
            -0.31925648936955914,
            0.5130988916523762
        ]
    }
}