{
    "video": "PdL2024_LeoWEBER_VarContemporaine.mp4",
    "peak_id": 1,
    "frame_idx": 1525,
    "timestamp": 61.0,
    "total_score": 0.872,
    "skeleton_3d": {
        "Pelvis": [
            0.0,
            0.0,
            0.0
        ],
        "R_Hip": [
            -0.13268895092137312,
            0.07244592179166841,
            -0.07280034471538395
        ],
        "R_Knee": [
            -0.16916997264948394,
            0.2803200723125555,
            -0.6352938075569794
        ],
        "R_Ankle": [
            -0.2820380267697135,
            0.07557237635111563,
            -1.1034112958398568
        ],
        "L_Hip": [
            0.14231783122068942,
            -0.06501300151489546,
            0.0745783224096228
        ],
        "L_Knee": [
            0.5116853683542331,
            0.43441970521532963,
            0.24651897696596226
        ],
        "L_Ankle": [
            0.9067074526390799,
            0.6548400803371036,
            0.5416145129636954
        ],
        "Spine": [
            -0.08915707379899897,
            -0.2632913553623583,
            0.2874224311620796
        ],
        "Thorax": [
            -0.14244510882149988,
            -0.5704990529261992,
            0.5886574868383692
        ],
        "Neck": [
            -0.08489478269235762,
            -0.5847536556273308,
            0.7505745295265065
        ],
        "Head": [
            -0.11297770584983373,
            -0.8241835878114162,
            0.8029360947692501
        ],
        "L_Shoulder": [
            0.0842119542431728,
            -0.6028492080530352,
            0.5776423311579416
        ],
        "L_Elbow": [
            0.3391228369061027,
            -0.4074420084642001,
            0.7357061605215818
        ],
        "L_Wrist": [
            0.5545444025781578,
            -0.27488162990617926,
            0.9237525862011283
        ],
        "R_Shoulder": [
            -0.3611291340862291,
            -0.3807527261766346,
            0.5612036350551098
        ],
        "R_Elbow": [
            -0.5941926211341902,
            -0.0017888449965873141,
            0.739297685235737
        ],
        "R_Wrist": [
            -0.777768500481086,
            0.27238325121956053,
            0.939320224696571
        ]
    }
}