{
    "video": "PdL2024_JiohKIM_VarClassique.mp4",
    "peak_id": 13,
    "frame_idx": 2521,
    "timestamp": 100.84,
    "total_score": 0.53,
    "skeleton_3d": {
        "Pelvis": [
            0.0,
            0.0,
            0.0
        ],
        "R_Hip": [
            0.13465307810945304,
            -0.1080399335478286,
            0.016603272346589322
        ],
        "R_Knee": [
            0.5541323686939409,
            0.08560699122110277,
            -0.2462505492275132
        ],
        "R_Ankle": [
            0.9665572702250944,
            0.28929286670543947,
            -0.30668502222612865
        ],
        "L_Hip": [
            -0.12783195232722538,
            0.14603749079726452,
            -0.014048008116199995
        ],
        "L_Knee": [
            -0.12344989663582033,
            0.07817479142130535,
            -0.6177589083003855
        ],
        "L_Ankle": [
            -0.116422176858382,
            0.4484550573080968,
            -1.1637402832747221
        ],
        "Spine": [
            -0.05584822055028253,
            -0.0037910495548100762,
            0.3321814732646734
        ],
        "Thorax": [
            -0.09873014480780318,
            0.040782336069567215,
            0.6958895066339477
        ],
        "Neck": [
            -0.1850462151405718,
            -0.11954982967355261,
            0.9250677878172269
        ],
        "Head": [
            -0.18733719583647518,
            0.10654508767183052,
            0.9844820920922192
        ],
        "L_Shoulder": [
            -0.30509555735510896,
            0.09071123292448482,
            0.6025652120640754
        ],
        "L_Elbow": [
            -0.292290301537089,
            0.34893498053444505,
            0.24017527619220935
        ],
        "L_Wrist": [
            -0.32282215158862987,
            0.5110902909398429,
            -0.038596878806324314
        ],
        "R_Shoulder": [
            0.12470005640029425,
            -0.05169429804005899,
            0.6750837796880997
        ],
        "R_Elbow": [
            0.18303722158387278,
            0.18424455468642467,
            0.29736973781733994
        ],
        "R_Wrist": [
            0.27585234274248077,
            0.19993950146147424,
            0.009540241249245539
        ]
    }
}