{
    "video": "PdL2024_TaichiTOSHIDA_VarClassique.mp4",
    "peak_id": 8,
    "frame_idx": 1296,
    "timestamp": 51.84,
    "total_score": 0.45,
    "skeleton_3d": {
        "Pelvis": [
            0.0,
            0.0,
            0.0
        ],
        "R_Hip": [
            0.12982162542964273,
            0.0028535908459181216,
            -0.013053836520456712
        ],
        "R_Knee": [
            0.1424156283414697,
            -0.3245849406677245,
            -0.5007687013643235
        ],
        "R_Ankle": [
            0.10460811851627672,
            -0.41907176293630816,
            -0.9613190133215234
        ],
        "L_Hip": [
            -0.12548109454758102,
            0.0036251032165651293,
            0.014327748984893873
        ],
        "L_Knee": [
            -0.41136851427575305,
            -0.09012558921555038,
            -0.4024163804231795
        ],
        "L_Ankle": [
            -0.7149608461201793,
            -0.37001422687733654,
            -0.758457273651059
        ],
        "Spine": [
            0.04017782032002434,
            0.1334128932317971,
            0.33327015744503585
        ],
        "Thorax": [
            0.09008211344159382,
            0.33642223306372526,
            0.7001639451198862
        ],
        "Neck": [
            0.1241880593031501,
            0.24719791723512274,
            0.8627261389852866
        ],
        "Head": [
            0.12241729473539391,
            0.46399902149985833,
            0.9003850402686222
        ],
        "L_Shoulder": [
            -0.1000466490601513,
            0.2827771979703966,
            0.6895146706174485
        ],
        "L_Elbow": [
            -0.25032642348075756,
            0.20575863430377342,
            0.940297076422682
        ],
        "L_Wrist": [
            -0.2912287863745951,
            0.1296210427754517,
            1.2783046292550373
        ],
        "R_Shoulder": [
            0.2793657134581707,
            0.2071740359015061,
            0.6677823479550784
        ],
        "R_Elbow": [
            0.4571492757237508,
            -0.08160018858145861,
            0.9219184082644246
        ],
        "R_Wrist": [
            0.5334466408732275,
            -0.07919504947827459,
            1.2393373118889786
        ]
    }
}