{
    "video": "PdL2024_NaliDOBRIN_VarClassique.mp4",
    "peak_id": 4,
    "frame_idx": 1953,
    "timestamp": 78.12,
    "total_score": 0.872,
    "skeleton_3d": {
        "Pelvis": [
            0.0,
            0.0,
            0.0
        ],
        "R_Hip": [
            0.07075689167417668,
            -0.16854553713897588,
            -0.07151984449755998
        ],
        "R_Knee": [
            0.04528986094770988,
            -0.29963606312949465,
            -0.7403515393763793
        ],
        "R_Ankle": [
            0.16376657649731377,
            -0.3883421730094584,
            -1.3248001339300506
        ],
        "L_Hip": [
            -0.07473067028680774,
            0.17242029248284307,
            0.0716686902360786
        ],
        "L_Knee": [
            -0.6990460772498712,
            0.052284881675127584,
            0.26870610812688506
        ],
        "L_Ankle": [
            -0.9330399263511613,
            -0.15320387247056672,
            0.5759825639265764
        ],
        "Spine": [
            0.1075714857437141,
            -0.046299058293510685,
            0.33059431895271363
        ],
        "Thorax": [
            0.2030935714759408,
            0.13987205452100715,
            0.6903272338528978
        ],
        "Neck": [
            0.15918215439397207,
            0.10754973466846021,
            0.9004723129844208
        ],
        "Head": [
            0.16095199179996572,
            0.3548293832824508,
            0.929707415914304
        ],
        "L_Shoulder": [
            0.03887545109331639,
            0.25668148613511527,
            0.6250213733014331
        ],
        "L_Elbow": [
            -0.24280277554963822,
            0.3806626742890264,
            0.874284936083171
        ],
        "L_Wrist": [
            -0.44806004245228087,
            0.2704514043401118,
            1.1916323395481532
        ],
        "R_Shoulder": [
            0.3797801682605899,
            -0.16560845370137522,
            0.6835274584442316
        ],
        "R_Elbow": [
            0.48126412824904335,
            -0.6003087770289665,
            0.9911817716437741
        ],
        "R_Wrist": [
            0.5217692632990099,
            -0.4511657614804685,
            1.3212825432312167
        ]
    }
}