{
    "video": "PdL2024_CarsonWILLEY_VarClassique.mp4",
    "peak_id": 2,
    "frame_idx": 605,
    "timestamp": 24.2,
    "total_score": 0.9,
    "skeleton_3d": {
        "Pelvis": [
            0.0,
            0.0,
            0.0
        ],
        "R_Hip": [
            0.1125724909162339,
            -0.09216264028306526,
            -0.04193084190314287
        ],
        "R_Knee": [
            -0.05054694048416013,
            -0.4342339020472847,
            -0.5819017774143765
        ],
        "R_Ankle": [
            -0.2024471617054807,
            -0.7715444633109946,
            -1.0880060801448594
        ],
        "L_Hip": [
            -0.11099045234159212,
            0.09785948931273918,
            0.041737521130719275
        ],
        "L_Knee": [
            -0.5457512971985307,
            -0.1118642909739067,
            0.24055427100674956
        ],
        "L_Ankle": [
            -0.7922656869488344,
            -0.4700868881167302,
            0.457402695746213
        ],
        "Spine": [
            0.05043499885731385,
            0.09444866850152164,
            0.2980774366183155
        ],
        "Thorax": [
            0.09799714338387022,
            0.3439901368255547,
            0.6147882930395798
        ],
        "Neck": [
            0.12682895245616152,
            0.27376074410754325,
            0.802599070489948
        ],
        "Head": [
            0.1416306476534729,
            0.49665104805808424,
            0.8261166382584784
        ],
        "L_Shoulder": [
            -0.09201846907321859,
            0.331318701407417,
            0.5790834489704944
        ],
        "L_Elbow": [
            -0.4177356330289673,
            0.5151052654548793,
            0.435589315631927
        ],
        "L_Wrist": [
            -0.7566555367792303,
            0.43666392499600937,
            0.3982757845718654
        ],
        "R_Shoulder": [
            0.2820283081269577,
            0.16171467916791224,
            0.5935319833201128
        ],
        "R_Elbow": [
            0.4194002640462877,
            -0.24698579191550665,
            0.8629343121260481
        ],
        "R_Wrist": [
            0.47853935231154304,
            -0.15896871995684714,
            1.1497380315869412
        ]
    }
}