{
    "video": "PdL2024_WongyeomLEE_VarClassique.mp4",
    "peak_id": 3,
    "frame_idx": 1079,
    "timestamp": 43.16,
    "total_score": 0.424,
    "skeleton_3d": {
        "Pelvis": [
            0.0,
            0.0,
            0.0
        ],
        "R_Hip": [
            0.1362519261760097,
            -0.15234798079706183,
            0.034442280289624455
        ],
        "R_Knee": [
            0.03697958715014904,
            -0.744921573315623,
            -0.20573722159198615
        ],
        "R_Ankle": [
            0.3760338688236406,
            -0.9558223384852256,
            -0.6318669958603885
        ],
        "L_Hip": [
            -0.12457364394303796,
            0.1764061695317381,
            -0.025256727750959395
        ],
        "L_Knee": [
            -0.04118006066208902,
            0.2916117371132644,
            -0.6514791531893177
        ],
        "L_Ankle": [
            0.20997654813549751,
            0.6134654618319962,
            -1.2149200679609693
        ],
        "Spine": [
            -0.06791816702363059,
            0.10376696945713615,
            0.3421307546283691
        ],
        "Thorax": [
            -0.13934741098986034,
            0.18097814437059045,
            0.7377400415637958
        ],
        "Neck": [
            -0.20737509729555154,
            0.059269111810659796,
            0.8470977009990834
        ],
        "Head": [
            -0.22016286397942322,
            0.29954718354030124,
            0.9308657100286759
        ],
        "L_Shoulder": [
            -0.34955566810516725,
            0.13423311492361453,
            0.6420891779597465
        ],
        "L_Elbow": [
            -0.30692121582024134,
            -0.40427951770532516,
            0.5395166757760567
        ],
        "L_Wrist": [
            0.005510589116029809,
            -0.3987507518896733,
            0.5266367492772877
        ],
        "R_Shoulder": [
            0.10117212818442908,
            0.10988649963969006,
            0.7605294303353513
        ],
        "R_Elbow": [
            0.4821943184640063,
            0.1078988905330152,
            0.7518616688000062
        ],
        "R_Wrist": [
            0.8374763659743872,
            -0.08966663625122855,
            0.7461533971148507
        ]
    }
}