{
    "video": "PdL2024_JiohKIM_VarClassique.mp4",
    "peak_id": 9,
    "frame_idx": 1719,
    "timestamp": 68.76,
    "total_score": 0.508,
    "skeleton_3d": {
        "Pelvis": [
            0.0,
            0.0,
            0.0
        ],
        "R_Hip": [
            0.11894849635486446,
            -0.060909564959012896,
            0.032274572917045746
        ],
        "R_Knee": [
            0.6725367640908327,
            0.07856453735206685,
            -0.1648742626624386
        ],
        "R_Ankle": [
            1.1264536605759208,
            0.10878342682944081,
            -0.14886298264167785
        ],
        "L_Hip": [
            -0.11725804559734081,
            0.10262529227959183,
            -0.026418202862058822
        ],
        "L_Knee": [
            -0.04641368380944099,
            -0.04506383693886175,
            -0.6307647465327203
        ],
        "L_Ankle": [
            0.022451894500873322,
            0.2120386815525825,
            -1.1141497596357965
        ],
        "Spine": [
            -0.02859317975814516,
            0.020529000225571976,
            0.3458065811671836
        ],
        "Thorax": [
            -0.001084428283913449,
            0.14883801383832793,
            0.7128572897789747
        ],
        "Neck": [
            0.14259070997260503,
            0.02758722351992335,
            0.9066388241692587
        ],
        "Head": [
            0.14459692077398204,
            0.24134003725210798,
            0.9624314990125334
        ],
        "L_Shoulder": [
            -0.22586886453062574,
            0.10497928782371835,
            0.7097810588113208
        ],
        "L_Elbow": [
            -0.5645685431175043,
            0.1204870768070964,
            0.819805974530602
        ],
        "L_Wrist": [
            -0.8399356657020425,
            -0.009832329416629254,
            0.9688058438707197
        ],
        "R_Shoulder": [
            0.19715722825919507,
            0.06529829711616476,
            0.6332587905604408
        ],
        "R_Elbow": [
            0.5353369559271529,
            -0.09221469618789406,
            0.5929865750895811
        ],
        "R_Wrist": [
            0.8686240303048016,
            -0.27357180982747104,
            0.6152152266349912
        ]
    }
}