{
    "video": "PdL2024_NatalieSTEELE_VarClassique.mp4",
    "peak_id": 7,
    "frame_idx": 1366,
    "timestamp": 54.64,
    "total_score": 0.593,
    "skeleton_3d": {
        "Pelvis": [
            0.0,
            0.0,
            0.0
        ],
        "R_Hip": [
            0.1342951774742577,
            0.08525540998350059,
            0.02305472199210117
        ],
        "R_Knee": [
            0.503004718552689,
            -0.019103378002253257,
            -0.3816656069366984
        ],
        "R_Ankle": [
            0.756503397423764,
            0.09146270370186338,
            -0.8818631734982744
        ],
        "L_Hip": [
            -0.13421490247971568,
            -0.08482574070830745,
            -0.017078012814891887
        ],
        "L_Knee": [
            -0.12101425661811205,
            -0.3323861707336284,
            -0.5781548896696314
        ],
        "L_Ankle": [
            -0.09283218686602425,
            0.013072007815943113,
            -1.153142923935641
        ],
        "Spine": [
            -0.0036324381366687566,
            -0.051047243386426217,
            0.28718656344597965
        ],
        "Thorax": [
            0.03529013316819106,
            0.07807329941042389,
            0.6099432379931965
        ],
        "Neck": [
            0.21956500078036648,
            -0.07683166436399663,
            0.7628252936567964
        ],
        "Head": [
            0.1981563970020716,
            0.12608433460339868,
            0.8190644986179832
        ],
        "L_Shoulder": [
            -0.18780865026195603,
            -0.014472817632726629,
            0.606977321937008
        ],
        "L_Elbow": [
            -0.5457945877340696,
            0.09118551913713838,
            0.5727236657947522
        ],
        "L_Wrist": [
            -0.8575495124588546,
            0.04948596801126097,
            0.5935017468121518
        ],
        "R_Shoulder": [
            0.23105952825041212,
            0.04468351245590311,
            0.5202158513956092
        ],
        "R_Elbow": [
            0.3431215431212338,
            0.2750611468716524,
            0.2505159568120361
        ],
        "R_Wrist": [
            0.5122608421389874,
            -0.057831568007156275,
            0.12807282360824518
        ]
    }
}