{
    "video": "PdL2024_LeoWEBER_VarContemporaine.mp4",
    "peak_id": 2,
    "frame_idx": 1579,
    "timestamp": 63.16,
    "total_score": 0.518,
    "skeleton_3d": {
        "Pelvis": [
            0.0,
            0.0,
            0.0
        ],
        "R_Hip": [
            0.08631855389373135,
            0.19977577466498928,
            -0.02358932161927384
        ],
        "R_Knee": [
            0.15293693558078625,
            0.08529329720284014,
            -0.6146479758254455
        ],
        "R_Ankle": [
            -0.034580619335954715,
            0.2173989048901046,
            -1.1673966110691683
        ],
        "L_Hip": [
            -0.08326601335137673,
            -0.18205634789007902,
            0.023747223472999273
        ],
        "L_Knee": [
            -0.5933775259150316,
            -0.1425608066167511,
            -0.3461304771493205
        ],
        "L_Ankle": [
            -0.7041026863673724,
            -0.052441826738571055,
            0.1835128813880133
        ],
        "Spine": [
            0.10770901737562272,
            0.028072141982239042,
            0.3163402653869059
        ],
        "Thorax": [
            0.222434010454082,
            -0.0066625820181725765,
            0.6547372702424524
        ],
        "Neck": [
            0.38021519306154905,
            -0.18066450336237427,
            0.8573107465052985
        ],
        "Head": [
            0.3565214802684452,
            -0.055895907114798034,
            0.9291202650036615
        ],
        "L_Shoulder": [
            0.0998274610774432,
            -0.22646236699346678,
            0.6102423236447638
        ],
        "L_Elbow": [
            0.279110549959889,
            -0.46537022977780756,
            0.24221944830132916
        ],
        "L_Wrist": [
            0.47755959987372426,
            -0.27700343089490354,
            -0.06388975648169888
        ],
        "R_Shoulder": [
            0.3292603510256155,
            0.12933790948227714,
            0.6168014632550013
        ],
        "R_Elbow": [
            0.4944249417798623,
            0.3574489836039554,
            0.3042015943927885
        ],
        "R_Wrist": [
            0.7212417943536197,
            0.1898884408203806,
            0.012230274022413062
        ]
    }
}