{
    "video": "PdL2024_LeoWEBER_VarClassique.mp4",
    "peak_id": 1,
    "frame_idx": 874,
    "timestamp": 34.96,
    "total_score": 0.547,
    "skeleton_3d": {
        "Pelvis": [
            0.0,
            0.0,
            0.0
        ],
        "R_Hip": [
            0.030586744776795186,
            0.00829500803560672,
            -0.01600789694295203
        ],
        "R_Knee": [
            -0.031072002138866447,
            0.02504376193858024,
            -0.6470034619211439
        ],
        "R_Ankle": [
            -0.01746111718506129,
            -0.003877701479169106,
            -1.20976171121718
        ],
        "L_Hip": [
            -0.029094836608792515,
            0.01661910381189046,
            0.010785816295903703
        ],
        "L_Knee": [
            0.5399821069015159,
            0.26562591979832817,
            -0.09058016643512816
        ],
        "L_Ankle": [
            1.0056823458110085,
            0.04572599726868038,
            0.02045308793480001
        ],
        "Spine": [
            -0.05560033423582182,
            0.10269650604184641,
            0.3352731006297332
        ],
        "Thorax": [
            -0.08792721350811225,
            0.29532658881339524,
            0.6963850029470066
        ],
        "Neck": [
            -0.0007562798729603927,
            0.2702231383386286,
            0.8947898285152952
        ],
        "Head": [
            -0.0366735510300733,
            0.4534464509073923,
            0.9405678177614158
        ],
        "L_Shoulder": [
            -0.22189284549193503,
            0.0702976893816678,
            0.6860181420160608
        ],
        "L_Elbow": [
            -0.009505552006018592,
            -0.4312005669482775,
            0.8480569277178589
        ],
        "L_Wrist": [
            0.22692739923897523,
            -0.3551587240779782,
            1.0890754689711115
        ],
        "R_Shoulder": [
            0.057330146480887814,
            0.3186706158051396,
            0.6426438159643318
        ],
        "R_Elbow": [
            0.3703409460142576,
            0.12187098059040707,
            0.7479813149075776
        ],
        "R_Wrist": [
            0.5815301593599704,
            -0.043326252919125764,
            1.0646019219311245
        ]
    }
}