{
    "video": "PdL2024_WongyeomLEE_VarClassique.mp4",
    "peak_id": 1,
    "frame_idx": 681,
    "timestamp": 27.24,
    "total_score": 0.416,
    "skeleton_3d": {
        "Pelvis": [
            0.0,
            0.0,
            0.0
        ],
        "R_Hip": [
            0.144869242446948,
            0.030772621744099574,
            -0.021792520826043042
        ],
        "R_Knee": [
            0.29477465382183077,
            -0.18544598879462407,
            -0.6267006339128597
        ],
        "R_Ankle": [
            0.44124348530539825,
            -0.07936770848719345,
            -1.151113231158433
        ],
        "L_Hip": [
            -0.14077732693654527,
            -0.004239113798650347,
            0.02361197483199442
        ],
        "L_Knee": [
            -0.5923586299098083,
            0.2789033060151034,
            -0.167749928306813
        ],
        "L_Ankle": [
            -1.0944000617055059,
            0.45308478436798516,
            -0.1977824361414995
        ],
        "Spine": [
            0.0017399263971554862,
            0.06493688669178892,
            0.3204428182203699
        ],
        "Thorax": [
            -0.0014993854169744801,
            0.23664813809364366,
            0.6624544851118348
        ],
        "Neck": [
            -0.018014457205506762,
            0.1276074509659325,
            0.8726998385473959
        ],
        "Head": [
            -0.006784270921584964,
            0.35805084019913364,
            0.913279678233385
        ],
        "L_Shoulder": [
            -0.21715513358483665,
            0.18005008841578465,
            0.620207288485259
        ],
        "L_Elbow": [
            -0.5732813938651934,
            0.04194343377859223,
            0.6614185499056843
        ],
        "L_Wrist": [
            -0.8557927934836188,
            -0.11173279566670109,
            0.7689683074537514
        ],
        "R_Shoulder": [
            0.22129970723129255,
            0.12641383878799864,
            0.6246704521830552
        ],
        "R_Elbow": [
            0.5936474574205106,
            -0.07664840831468575,
            0.6014382441162702
        ],
        "R_Wrist": [
            0.9296459125803899,
            -0.29198265425023745,
            0.6048477691948009
        ]
    }
}