{
    "video": "edition6_sequence_6.mp4",
    "peak_id": 3,
    "frame_idx": 932,
    "timestamp": 37.28,
    "total_score": 0.903,
    "skeleton_3d": {
        "Pelvis": [
            0.0,
            0.0,
            0.0
        ],
        "R_Hip": [
            0.07693406065693578,
            -0.15075884320019609,
            -0.08942896131299163
        ],
        "R_Knee": [
            -0.03359167315019699,
            -0.13915607810419658,
            -0.7876613708793732
        ],
        "R_Ankle": [
            0.00013133208963277427,
            -0.09920756067963094,
            -1.397457650562616
        ],
        "L_Hip": [
            -0.07450557758336256,
            0.14087986063971444,
            0.09309420569832573
        ],
        "L_Knee": [
            -0.546259047684803,
            -0.06452889799973603,
            0.15017541829474115
        ],
        "L_Ankle": [
            -1.1559282103801192,
            -0.1177315714661495,
            0.18884456520251416
        ],
        "Spine": [
            0.1489284950144687,
            -0.012119191183710949,
            0.3152021485116677
        ],
        "Thorax": [
            0.27025816370478734,
            0.12619632779204537,
            0.6061766859872222
        ],
        "Neck": [
            0.3315201380597564,
            0.05126143191101953,
            0.891479509054239
        ],
        "Head": [
            0.30848697759378313,
            0.13585720466192747,
            0.9329833193126376
        ],
        "L_Shoulder": [
            0.05111728829613221,
            0.11049752190853769,
            0.5737293357666892
        ],
        "L_Elbow": [
            -0.3052884162826395,
            -0.031481273903579535,
            0.5236386479034637
        ],
        "L_Wrist": [
            -0.6643743222906607,
            -0.32009259941100054,
            0.6032050137184826
        ],
        "R_Shoulder": [
            0.49209385103727926,
            0.060535564156911685,
            0.6067576947603038
        ],
        "R_Elbow": [
            0.7336738878741833,
            -0.11817827881062945,
            0.8466204015563812
        ],
        "R_Wrist": [
            0.9303254031513967,
            -0.09100268781557909,
            1.1468213810885404
        ]
    }
}