{
    "video": "edition6_sequence_3.mp4",
    "peak_id": 15,
    "frame_idx": 3691,
    "timestamp": 147.64,
    "total_score": 0.7,
    "skeleton_3d": {
        "Pelvis": [
            0.0,
            0.0,
            0.0
        ],
        "R_Hip": [
            0.09403311379511237,
            0.1118216596750296,
            -0.023727988787841284
        ],
        "R_Knee": [
            0.05496943140820912,
            0.05394855747463336,
            -0.635899059773785
        ],
        "R_Ankle": [
            -0.02579950676180544,
            -0.05363014233670955,
            -1.2075456661143642
        ],
        "L_Hip": [
            -0.10863167109130184,
            -0.1351639781028941,
            0.029234350425507354
        ],
        "L_Knee": [
            0.26425391551404015,
            0.31656988258734425,
            0.3204892524348127
        ],
        "L_Ankle": [
            0.6741404059628585,
            0.7198239695269245,
            0.43325530920280103
        ],
        "Spine": [
            -0.00873180286861208,
            -0.02596953535791818,
            0.3418873669039672
        ],
        "Thorax": [
            -0.01980921030304712,
            -0.1442961316824251,
            0.6901938537256959
        ],
        "Neck": [
            0.031705136461802126,
            -0.15585612563105503,
            0.9858187694143654
        ],
        "Head": [
            0.007221409830721285,
            -0.10540180464797465,
            1.0281321843912972
        ],
        "L_Shoulder": [
            -0.17265392614096867,
            -0.15436178672508818,
            0.6099225972844791
        ],
        "L_Elbow": [
            -0.37093350023707805,
            0.11725029624194151,
            0.5055134376453756
        ],
        "L_Wrist": [
            -0.5684605698790932,
            0.20282889621662908,
            0.4790864186638919
        ],
        "R_Shoulder": [
            0.1401469710367686,
            0.05112364163404239,
            0.740599468259344
        ],
        "R_Elbow": [
            0.27076031692337227,
            0.13566849598420666,
            1.052709115238579
        ],
        "R_Wrist": [
            0.256411915136296,
            0.010654950676962295,
            1.3741004122814062
        ]
    }
}