{
    "video": "edition6_sequence_4.mp4",
    "peak_id": 11,
    "frame_idx": 2087,
    "timestamp": 83.48,
    "total_score": 0.4,
    "skeleton_3d": {
        "Pelvis": [
            0.0,
            0.0,
            0.0
        ],
        "R_Hip": [
            0.12714002948219746,
            0.1604908257645176,
            0.06148138218352928
        ],
        "R_Knee": [
            0.6090771351082728,
            -0.12021075935039237,
            0.0015177111836189746
        ],
        "R_Ankle": [
            0.6805682818370614,
            0.19768045792229674,
            -0.5264946001875569
        ],
        "L_Hip": [
            -0.13412398193272307,
            -0.16021730870839115,
            -0.05920012232578055
        ],
        "L_Knee": [
            -0.09121508413861552,
            -0.1670372142027553,
            -0.6951085054905067
        ],
        "L_Ankle": [
            -0.06075721057931709,
            -0.15781865587855806,
            -1.310329887249995
        ],
        "Spine": [
            -0.0706515859404491,
            -0.019395838553948164,
            0.3434344910713533
        ],
        "Thorax": [
            -0.1423286894647708,
            -0.06052087565432639,
            0.6676939969447889
        ],
        "Neck": [
            -0.09291404585263177,
            -0.1394904952003239,
            0.9353680073887181
        ],
        "Head": [
            -0.11375767888030887,
            -0.021790932023594525,
            0.9795226351083246
        ],
        "L_Shoulder": [
            -0.35320459203070664,
            -0.17333544932190081,
            0.6126792603484992
        ],
        "L_Elbow": [
            -0.7255007484028067,
            -0.2125659922451163,
            0.5932414625406461
        ],
        "L_Wrist": [
            -1.0700671687448002,
            -0.28847430496562904,
            0.6317730394028976
        ],
        "R_Shoulder": [
            0.07571151965063344,
            0.07387303760870538,
            0.6909362498452603
        ],
        "R_Elbow": [
            0.2930203988930055,
            0.42758169436452187,
            0.7821166170392397
        ],
        "R_Wrist": [
            0.15744563493098943,
            0.04679796349234974,
            0.7490642401515376
        ]
    }
}