{
    "video": "edition6_sequence_3.mp4",
    "peak_id": 0,
    "frame_idx": 795,
    "timestamp": 31.8,
    "total_score": 0.851,
    "skeleton_3d": {
        "Pelvis": [
            0.0,
            0.0,
            0.0
        ],
        "R_Hip": [
            0.09422904686341146,
            0.17582703743917902,
            0.09179754129546555
        ],
        "R_Knee": [
            0.6597690834164304,
            0.28278900495199655,
            0.008614213490901038
        ],
        "R_Ankle": [
            1.2432877334415466,
            0.4653946903953658,
            0.08044797314339441
        ],
        "L_Hip": [
            -0.09518625628445958,
            -0.17875687489770217,
            -0.08741630104616313
        ],
        "L_Knee": [
            -0.024613859652789043,
            -0.1291511383920309,
            -0.815552143260188
        ],
        "L_Ankle": [
            -0.07655130662506715,
            -0.04589828966579498,
            -1.3957185083527213
        ],
        "Spine": [
            -0.08852136223870974,
            -0.132484959154685,
            0.30876665255624774
        ],
        "Thorax": [
            -0.16133973690180065,
            -0.12982776578855815,
            0.5988518836011272
        ],
        "Neck": [
            -0.2809652321735161,
            -0.2208814252634456,
            0.912696487394334
        ],
        "Head": [
            -0.25054981683121513,
            -0.14858697488238493,
            0.9506581563899325
        ],
        "L_Shoulder": [
            -0.3733848526693401,
            -0.2513897012624573,
            0.5797335228721344
        ],
        "L_Elbow": [
            -0.6862433812046274,
            -0.5025751616767371,
            0.8054273558192533
        ],
        "L_Wrist": [
            -0.9148514525701572,
            -0.5326791221826536,
            1.098001900232459
        ],
        "R_Shoulder": [
            0.03320407249102406,
            -0.007397964153632581,
            0.5815357587327669
        ],
        "R_Elbow": [
            0.3146718373613943,
            0.43382406024752207,
            0.5936026335882773
        ],
        "R_Wrist": [
            0.600373918070427,
            0.4358832719544044,
            0.639262006722451
        ]
    }
}