{
    "video": "edition6_sequence_6.mp4",
    "peak_id": 8,
    "frame_idx": 2755,
    "timestamp": 110.2,
    "total_score": 0.677,
    "skeleton_3d": {
        "Pelvis": [
            0.0,
            0.0,
            0.0
        ],
        "R_Hip": [
            0.11944120445263207,
            0.03598569034053626,
            0.013742285188181585
        ],
        "R_Knee": [
            0.001111215818830972,
            -0.02542766676045689,
            -0.7199714429985269
        ],
        "R_Ankle": [
            0.0007459976708428306,
            -0.018390896534182716,
            -1.36926834224376
        ],
        "L_Hip": [
            -0.12324239953471211,
            -0.053343318688974135,
            -0.011292302185285564
        ],
        "L_Knee": [
            0.03994435534302177,
            0.35142240865151597,
            0.08807931234315436
        ],
        "L_Ankle": [
            0.5411201510289733,
            0.6868761225808526,
            0.1677434206273036
        ],
        "Spine": [
            -0.06761063312788206,
            -0.04479869212787476,
            0.35039442543979615
        ],
        "Thorax": [
            -0.14538207313086274,
            -0.15212218866301233,
            0.6955252038293875
        ],
        "Neck": [
            -0.13370876353295164,
            -0.2200829396276323,
            0.9572291163357199
        ],
        "Head": [
            -0.17792916653571847,
            -0.07675367416786476,
            0.9937986901748215
        ],
        "L_Shoulder": [
            -0.3400021158359278,
            -0.19509247405228838,
            0.5877190441797515
        ],
        "L_Elbow": [
            -0.5995942261142811,
            -0.34322956924502224,
            0.4917401743106483
        ],
        "L_Wrist": [
            -0.8645674113204274,
            -0.37250235321511843,
            0.5231277249870059
        ],
        "R_Shoulder": [
            0.04877230903781298,
            0.004084385504394788,
            0.7678867947573647
        ],
        "R_Elbow": [
            0.3149378548982956,
            0.26212676799101997,
            0.9375903399374294
        ],
        "R_Wrist": [
            0.5412298079440739,
            0.11700564090235165,
            1.2062644028562113
        ]
    }
}