{
    "video": "edition6_sequence_4.mp4",
    "peak_id": 6,
    "frame_idx": 1559,
    "timestamp": 62.36,
    "total_score": 0.77,
    "skeleton_3d": {
        "Pelvis": [
            0.0,
            0.0,
            0.0
        ],
        "R_Hip": [
            0.14996123770099634,
            -0.03179683137182683,
            0.012266517937303545
        ],
        "R_Knee": [
            0.200833862363885,
            0.043501474431839604,
            0.062035776956963
        ],
        "R_Ankle": [
            0.4045624724488824,
            0.752904111236612,
            0.15888106382514408
        ],
        "L_Hip": [
            -0.14591815558683585,
            0.024351524504938597,
            -0.013096074463588202
        ],
        "L_Knee": [
            -0.2153616504704383,
            -0.16117486429013644,
            -0.6801197155578171
        ],
        "L_Ankle": [
            0.0059008255535555896,
            -0.251027252276637,
            -1.2896098922525274
        ],
        "Spine": [
            0.026403600947230675,
            -0.053186690292268156,
            0.3500875355461163
        ],
        "Thorax": [
            0.054166255934106546,
            -0.19892070578150436,
            0.6838861610157457
        ],
        "Neck": [
            0.12451668744259,
            -0.2400206477827183,
            0.9787038948648361
        ],
        "Head": [
            0.11923591797511542,
            -0.13449945083573436,
            1.0340471038318204
        ],
        "L_Shoulder": [
            -0.18322560614322483,
            -0.14933950531232704,
            0.7020387457370859
        ],
        "L_Elbow": [
            -0.5120586648062174,
            -0.06734829506869457,
            0.656116027663243
        ],
        "L_Wrist": [
            -0.8599556730410217,
            -0.26413110247326527,
            0.6889463688248734
        ],
        "R_Shoulder": [
            0.289523329660918,
            -0.08898200206478636,
            0.6231136416111324
        ],
        "R_Elbow": [
            0.5132424250039899,
            0.21267323155366438,
            0.4975565420562718
        ],
        "R_Wrist": [
            0.5250523497221526,
            0.003408967558818102,
            0.35870239524540387
        ]
    }
}