{
    "video": "edition6_sequence_4.mp4",
    "peak_id": 4,
    "frame_idx": 1265,
    "timestamp": 50.6,
    "total_score": 0.982,
    "skeleton_3d": {
        "Pelvis": [
            0.0,
            0.0,
            0.0
        ],
        "R_Hip": [
            0.07866831780267541,
            0.18205669977679984,
            0.07179793443561293
        ],
        "R_Knee": [
            0.6527048890026772,
            0.22367894622057433,
            0.14228907757009251
        ],
        "R_Ankle": [
            1.1806680327327677,
            0.3763247297370936,
            0.3673341916130198
        ],
        "L_Hip": [
            -0.07660509394379492,
            -0.1859551699848861,
            -0.06717354182011583
        ],
        "L_Knee": [
            0.024831010931993622,
            -0.11395567878739296,
            -0.7314106529031373
        ],
        "L_Ankle": [
            -0.025679249574499522,
            -0.03959542962696748,
            -1.2704885254606122
        ],
        "Spine": [
            -0.10080419362313446,
            -0.04113083323065376,
            0.3252383629539722
        ],
        "Thorax": [
            -0.18702170220465872,
            0.062422792011701526,
            0.6292028520418955
        ],
        "Neck": [
            -0.31322377847054456,
            -0.039986124597420805,
            0.8981448424620159
        ],
        "Head": [
            -0.2745166212001002,
            0.03980240551541858,
            0.9229575195733819
        ],
        "L_Shoulder": [
            -0.3690529434460268,
            -0.1407944944894909,
            0.6236748351052679
        ],
        "L_Elbow": [
            -0.6612941311152315,
            -0.43102433758304143,
            0.8961079458025057
        ],
        "L_Wrist": [
            -0.9025325308362703,
            -0.4661707210925518,
            1.179331947410812
        ],
        "R_Shoulder": [
            -0.01656429872832492,
            0.16628669398988516,
            0.611964710650295
        ],
        "R_Elbow": [
            0.3064797122042175,
            0.43608883544202337,
            0.6469227410897922
        ],
        "R_Wrist": [
            0.6491025797414168,
            0.3894418224914132,
            0.6999891805467776
        ]
    }
}