{
    "video": "edition6_sequence_13.mp4",
    "peak_id": 7,
    "frame_idx": 1121,
    "timestamp": 44.84,
    "total_score": 0.498,
    "skeleton_3d": {
        "Pelvis": [
            0.0,
            0.0,
            0.0
        ],
        "R_Hip": [
            -0.13622917124903072,
            0.08159278110725002,
            -0.01753867120484754
        ],
        "R_Knee": [
            -0.3932598102213629,
            0.2923979711559114,
            -0.3690896051312378
        ],
        "R_Ankle": [
            -0.7353452649373776,
            0.43972183773965773,
            -0.5421668616945031
        ],
        "L_Hip": [
            0.14492419361472264,
            -0.060700970314546826,
            0.019981059104726837
        ],
        "L_Knee": [
            0.5200384256284252,
            -0.02454919208804311,
            -0.4971146837912391
        ],
        "L_Ankle": [
            0.8496882070902064,
            -0.233679304095761,
            -0.9349888730674139
        ],
        "Spine": [
            -0.10733727311593472,
            -0.05945249859575023,
            0.3460632447012799
        ],
        "Thorax": [
            -0.21816838936246558,
            -0.10439845551253865,
            0.6767797550759976
        ],
        "Neck": [
            -0.25828854580980876,
            -0.0858970927584666,
            0.9359858194689251
        ],
        "Head": [
            -0.3049954193286996,
            -0.1642217087316161,
            0.984158359270285
        ],
        "L_Shoulder": [
            0.008990800345505104,
            -0.1484082746670806,
            0.7265945660297721
        ],
        "L_Elbow": [
            0.4308744522198368,
            -0.2079006681674968,
            0.7793486499948988
        ],
        "L_Wrist": [
            0.7946085999130088,
            -0.09519837988498198,
            0.9105302429384332
        ],
        "R_Shoulder": [
            -0.44384928178556965,
            -0.12818936416087812,
            0.6083880361945123
        ],
        "R_Elbow": [
            -0.8248365715722493,
            -0.16252488204148766,
            0.49501910656561116
        ],
        "R_Wrist": [
            -1.225949623422421,
            -0.12640936129456476,
            0.5014169577837804
        ]
    }
}