{
    "video": "edition6_sequence_10.mp4",
    "peak_id": 3,
    "frame_idx": 375,
    "timestamp": 15.0,
    "total_score": 0.532,
    "skeleton_3d": {
        "Pelvis": [
            0.0,
            0.0,
            0.0
        ],
        "R_Hip": [
            0.07667388889318333,
            -0.17410966269955402,
            -0.028381820002193966
        ],
        "R_Knee": [
            -0.18114973288497696,
            -0.3357721299528353,
            -0.5763379642874228
        ],
        "R_Ankle": [
            -0.03599561942128105,
            -0.32693628651010886,
            -1.1234362738837824
        ],
        "L_Hip": [
            -0.07637973580602593,
            0.1625723228478951,
            0.03035480954920539
        ],
        "L_Knee": [
            -0.6007309185007151,
            -0.011116959057224,
            -0.16024464874323702
        ],
        "L_Ankle": [
            -1.087770771142647,
            0.07634166819481075,
            -0.1812195182559916
        ],
        "Spine": [
            0.07526052409836811,
            0.0025871341203128426,
            0.3616217199226236
        ],
        "Thorax": [
            0.13961894546487497,
            -0.013566804019644036,
            0.733448558191858
        ],
        "Neck": [
            0.04015003805753343,
            -0.06969766999144017,
            0.9571739818243375
        ],
        "Head": [
            0.038642549944338044,
            -0.03579335649543353,
            1.0313210960138115
        ],
        "L_Shoulder": [
            0.05721792525720635,
            0.18496359979260157,
            0.7350886341003622
        ],
        "L_Elbow": [
            -0.04512848850299578,
            0.41605559440303796,
            0.9481481215977795
        ],
        "L_Wrist": [
            -0.05859185545890441,
            0.20837300737768827,
            1.199825591162034
        ],
        "R_Shoulder": [
            0.2417341817972475,
            -0.13187593160904365,
            0.6942169587374243
        ],
        "R_Elbow": [
            0.3151804689334517,
            -0.3919187256656879,
            0.9447570993592277
        ],
        "R_Wrist": [
            0.2857663697132192,
            -0.2608652510019119,
            1.2165178386644429
        ]
    }
}