{
    "video": "edition6_sequence_3.mp4",
    "peak_id": 17,
    "frame_idx": 4115,
    "timestamp": 164.6,
    "total_score": 0.4,
    "skeleton_3d": {
        "Pelvis": [
            0.0,
            0.0,
            0.0
        ],
        "R_Hip": [
            0.11027655277439284,
            -0.14363728863252365,
            -0.04463770064034696
        ],
        "R_Knee": [
            -0.07698972383659182,
            -0.19659816982339642,
            -0.6473834882313376
        ],
        "R_Ankle": [
            -0.1983252908183007,
            -0.14281459895636395,
            -1.2205097920671213
        ],
        "L_Hip": [
            -0.10570736279606892,
            0.14063028340185332,
            0.045570001274867114
        ],
        "L_Knee": [
            -0.5513546690965554,
            -0.29486976118537445,
            -0.21173605567164638
        ],
        "L_Ankle": [
            -0.26640114865357917,
            0.07414677806570957,
            -0.6623482461323292
        ],
        "Spine": [
            0.061402158749843505,
            -0.0014026187257556388,
            0.3329056781005226
        ],
        "Thorax": [
            0.11618417133991428,
            -0.08976087849873679,
            0.6507779082651263
        ],
        "Neck": [
            0.05076589388038876,
            -0.1614891949180478,
            0.9321282831560738
        ],
        "Head": [
            0.07388086721660508,
            -0.0827793205468794,
            1.0004187034089862
        ],
        "L_Shoulder": [
            -0.08867383113983493,
            0.01526223466444165,
            0.6415935846454381
        ],
        "L_Elbow": [
            -0.4294686862596628,
            0.0430697197012888,
            0.5434992045551872
        ],
        "L_Wrist": [
            -0.7494379916262482,
            -0.2092295958778405,
            0.5753952293804354
        ],
        "R_Shoulder": [
            0.3178077236584266,
            -0.10521971866043991,
            0.6003418868792388
        ],
        "R_Elbow": [
            0.5435992585302053,
            0.06113132536541326,
            0.38628930862925664
        ],
        "R_Wrist": [
            0.7134442129157822,
            -0.029446477931916605,
            0.2788735254623072
        ]
    }
}