{
    "video": "edition6_sequence_8.mp4",
    "peak_id": 2,
    "frame_idx": 351,
    "timestamp": 14.04,
    "total_score": 0.94,
    "skeleton_3d": {
        "Pelvis": [
            0.0,
            0.0,
            0.0
        ],
        "R_Hip": [
            0.09034382144684591,
            0.18029918022137578,
            0.1116230998641688
        ],
        "R_Knee": [
            0.70013301124899,
            0.25190073395704643,
            0.2343314525546984
        ],
        "R_Ankle": [
            1.3120578450892744,
            0.4519002216915188,
            0.4493625887114672
        ],
        "L_Hip": [
            -0.09290070397884533,
            -0.1836867083491047,
            -0.10682883969855787
        ],
        "L_Knee": [
            -0.02173135836154323,
            -0.1779798998790724,
            -0.7623049865089948
        ],
        "L_Ankle": [
            -0.07184170233568395,
            -0.2751858631766622,
            -1.3882151315778186
        ],
        "Spine": [
            -0.18597258240814676,
            -0.13172319379706923,
            0.29639508665291064
        ],
        "Thorax": [
            -0.3594598939599611,
            -0.2068502976499139,
            0.5866204913050713
        ],
        "Neck": [
            -0.4324203956479469,
            -0.2824025373963313,
            0.8244457170687728
        ],
        "Head": [
            -0.4456131591817408,
            -0.1597425910652725,
            0.8565204651807937
        ],
        "L_Shoulder": [
            -0.5765094574021329,
            -0.2751911688804743,
            0.47335930451580693
        ],
        "L_Elbow": [
            -0.9849099166037476,
            -0.4259844459188494,
            0.3802985697020738
        ],
        "L_Wrist": [
            -1.388413735206933,
            -0.49798173310613414,
            0.4646465528261609
        ],
        "R_Shoulder": [
            -0.14379931137378138,
            -0.1268369271596428,
            0.6902064324316669
        ],
        "R_Elbow": [
            0.08866748924010481,
            0.15400240906323698,
            0.9814188289979087
        ],
        "R_Wrist": [
            0.11869007627088039,
            0.09389568719990268,
            1.356469206097115
        ]
    }
}