{
    "video": "edition6_sequence_13.mp4",
    "peak_id": 2,
    "frame_idx": 265,
    "timestamp": 10.6,
    "total_score": 0.534,
    "skeleton_3d": {
        "Pelvis": [
            0.0,
            0.0,
            0.0
        ],
        "R_Hip": [
            -0.017305919162684844,
            0.04262725459066224,
            -0.00919395609626973
        ],
        "R_Knee": [
            -0.03711986413070211,
            -0.06240057636640744,
            -0.6034870422730282
        ],
        "R_Ankle": [
            -0.13977705977823465,
            -0.24135419966700397,
            -1.098858523472308
        ],
        "L_Hip": [
            0.013249131745703482,
            -0.04764757624781586,
            0.011066168479385956
        ],
        "L_Knee": [
            -0.046685405272485714,
            0.3742151701485184,
            -0.2177508666932313
        ],
        "L_Ankle": [
            -0.14787389392993852,
            0.8523118072734337,
            -0.33226024137758947
        ],
        "Spine": [
            -0.0024403578186187633,
            -0.045151611573795165,
            0.32410980064226097
        ],
        "Thorax": [
            -0.004289148384237409,
            -0.10544761502733509,
            0.6786622047186742
        ],
        "Neck": [
            -0.07217233975337008,
            -0.10339781071074322,
            0.8961540125914851
        ],
        "Head": [
            -0.07109609203606572,
            -0.13456166699730626,
            0.9046260088276468
        ],
        "L_Shoulder": [
            0.05850573746258895,
            -0.15232067834288798,
            0.6709933692266695
        ],
        "L_Elbow": [
            0.25488607499098814,
            0.05681479555299729,
            0.6885624405043392
        ],
        "L_Wrist": [
            0.4252695819871721,
            0.24410774964540266,
            0.7358002987914812
        ],
        "R_Shoulder": [
            -0.06719849860225817,
            0.004688113790346241,
            0.6944249203302217
        ],
        "R_Elbow": [
            -0.1535643118825522,
            0.09979841352345237,
            1.0476273737094766
        ],
        "R_Wrist": [
            -0.24791159105851493,
            0.0009615416247282935,
            1.3639053770855385
        ]
    }
}