{
    "video": "edition6_sequence_4.mp4",
    "peak_id": 10,
    "frame_idx": 1991,
    "timestamp": 79.64,
    "total_score": 0.499,
    "skeleton_3d": {
        "Pelvis": [
            0.0,
            0.0,
            0.0
        ],
        "R_Hip": [
            0.13879760167934418,
            0.1673167742115675,
            0.04214135215155414
        ],
        "R_Knee": [
            0.5719930878831838,
            -0.12685252732755214,
            0.15553530494067894
        ],
        "R_Ankle": [
            0.6580853694617248,
            0.021836125307690045,
            -0.4199315455209233
        ],
        "L_Hip": [
            -0.1457345796602746,
            -0.16177811186951702,
            -0.03899133181307476
        ],
        "L_Knee": [
            -0.047599108267545424,
            -0.20062257849521606,
            -0.6866362226335684
        ],
        "L_Ankle": [
            0.0022424056622248984,
            -0.13628979875143984,
            -1.2537416788002493
        ],
        "Spine": [
            -0.009289813854181638,
            -0.01828501568618209,
            0.35524598946953956
        ],
        "Thorax": [
            -0.007433175184152488,
            -0.09267524470833949,
            0.6792740070302116
        ],
        "Neck": [
            0.11533970466572384,
            -0.14529226317451374,
            0.9548814914427792
        ],
        "Head": [
            0.1044987071233503,
            -0.0348036694879527,
            1.0122721043601235
        ],
        "L_Shoulder": [
            -0.2499840005654437,
            -0.19767667012953333,
            0.6896850735220668
        ],
        "L_Elbow": [
            -0.606520083044444,
            -0.24915652311824116,
            0.6623182158102066
        ],
        "L_Wrist": [
            -0.9635752847450091,
            -0.33901528074053205,
            0.6831196977103127
        ],
        "R_Shoulder": [
            0.23308971932804307,
            0.04273460798102046,
            0.6369676548066266
        ],
        "R_Elbow": [
            0.5673735030599294,
            0.295430412630113,
            0.6128217403466345
        ],
        "R_Wrist": [
            0.5850045221347558,
            -0.07433448804491595,
            0.5349485900426293
        ]
    }
}