{
    "video": "edition6_sequence_10.mp4",
    "peak_id": 11,
    "frame_idx": 1299,
    "timestamp": 51.96,
    "total_score": 0.522,
    "skeleton_3d": {
        "Pelvis": [
            0.0,
            0.0,
            0.0
        ],
        "R_Hip": [
            -0.1315042125469994,
            -0.0005928662548277862,
            -0.015901257529090874
        ],
        "R_Knee": [
            -0.4716459797906379,
            0.13489546005241,
            -0.4571020532078882
        ],
        "R_Ankle": [
            -0.8791962693542174,
            0.28665108677480167,
            -0.719547443721635
        ],
        "L_Hip": [
            0.13549823398864588,
            0.03288833073989599,
            0.01932110895789117
        ],
        "L_Knee": [
            0.41944335222003054,
            0.08786286894609757,
            -0.5192586124259334
        ],
        "L_Ankle": [
            0.7183378997128073,
            -0.14458418612420385,
            -1.0213461774687695
        ],
        "Spine": [
            -0.06632230936151302,
            -0.04323131897848818,
            0.3525091432424747
        ],
        "Thorax": [
            -0.1325810661334359,
            -0.08816405727585863,
            0.6949367121663067
        ],
        "Neck": [
            -0.19188784263768802,
            -0.08688195768603074,
            0.9482485708157198
        ],
        "Head": [
            -0.19476175406953655,
            -0.1744181833811644,
            1.003046583788012
        ],
        "L_Shoulder": [
            0.06856714480175385,
            -0.09393624254979577,
            0.6946170212578334
        ],
        "L_Elbow": [
            0.4256282495765037,
            -0.04775807680865894,
            0.6207314045584589
        ],
        "L_Wrist": [
            0.7557256112434533,
            0.11377272456689869,
            0.6346336591408532
        ],
        "R_Shoulder": [
            -0.34185612142493593,
            -0.15028886941063183,
            0.6697383382436926
        ],
        "R_Elbow": [
            -0.7187962168251596,
            -0.21132686098729717,
            0.7059793222247196
        ],
        "R_Wrist": [
            -1.059452398990053,
            -0.15338504547921208,
            0.8491144765893622
        ]
    }
}