{
    "video": "edition6_sequence_6.mp4",
    "peak_id": 10,
    "frame_idx": 2926,
    "timestamp": 117.04,
    "total_score": 0.587,
    "skeleton_3d": {
        "Pelvis": [
            0.0,
            0.0,
            0.0
        ],
        "R_Hip": [
            0.1355572069155057,
            -0.03945611584424358,
            -0.05503902873978397
        ],
        "R_Knee": [
            0.08281677089551848,
            -0.09966035445817129,
            -0.730753943323233
        ],
        "R_Ankle": [
            0.1024152976174803,
            -0.11202419798371663,
            -1.3977112191931134
        ],
        "L_Hip": [
            -0.13608559844095272,
            0.032117328187180834,
            0.06193187446992924
        ],
        "L_Knee": [
            -0.16083622933404804,
            0.4339847823261551,
            -0.032221816119343764
        ],
        "L_Ankle": [
            -0.3827834849658126,
            0.8588420918293053,
            0.04190999519358541
        ],
        "Spine": [
            0.05813414013640934,
            -0.06194370730530017,
            0.3413971507414856
        ],
        "Thorax": [
            0.11301136323086518,
            -0.1790893188490194,
            0.670181272365497
        ],
        "Neck": [
            0.2995320893867924,
            -0.18674757372639883,
            0.8828893521771711
        ],
        "Head": [
            0.31430691823345996,
            -0.06365287530195782,
            0.926036768063141
        ],
        "L_Shoulder": [
            -0.07821037569462594,
            -0.13834144214276725,
            0.686733424020395
        ],
        "L_Elbow": [
            -0.3505801012588658,
            0.03811967571687066,
            0.7013147769858886
        ],
        "L_Wrist": [
            -0.6427379624865777,
            -0.041466972806114034,
            0.7400994599840751
        ],
        "R_Shoulder": [
            0.29992257295403296,
            -0.07835654601391384,
            0.6037829279064062
        ],
        "R_Elbow": [
            0.32938331681470073,
            -0.1996313917387232,
            0.5508879367529603
        ],
        "R_Wrist": [
            0.36098229785221103,
            -0.19039512901317945,
            0.7544954060824933
        ]
    }
}