{
    "video": "edition6_sequence_6.mp4",
    "peak_id": 4,
    "frame_idx": 1204,
    "timestamp": 48.16,
    "total_score": 0.4,
    "skeleton_3d": {
        "Pelvis": [
            0.0,
            0.0,
            0.0
        ],
        "R_Hip": [
            0.12167701627406942,
            0.164706307656672,
            0.03964570239356917
        ],
        "R_Knee": [
            0.4477046274341448,
            -0.01861984652891195,
            -0.04050040663378629
        ],
        "R_Ankle": [
            0.3779353269466785,
            0.15878380411404866,
            -0.6615043151368541
        ],
        "L_Hip": [
            -0.12669263311273551,
            -0.1611117630203859,
            -0.03775097609561871
        ],
        "L_Knee": [
            -0.1418261521335449,
            -0.1616917193070983,
            -0.751119988774218
        ],
        "L_Ankle": [
            -0.02271737728743436,
            -0.18615677633688058,
            -1.3898074598131462
        ],
        "Spine": [
            -0.016497663493937408,
            -0.021485126464512023,
            0.35625888539097395
        ],
        "Thorax": [
            -0.04110121598377977,
            -0.0990317505350658,
            0.7024926923820658
        ],
        "Neck": [
            0.004544690884342746,
            -0.18908098652782274,
            0.9346235932198408
        ],
        "Head": [
            -0.00259998923786789,
            -0.03179953381833172,
            1.000830636798717
        ],
        "L_Shoulder": [
            -0.2612552555870459,
            -0.16909025288647778,
            0.6603281625233711
        ],
        "L_Elbow": [
            -0.5958441569678544,
            -0.1065506486414582,
            0.6400210228900644
        ],
        "L_Wrist": [
            -0.9303987646600124,
            -0.18247097421661299,
            0.7493822770090801
        ],
        "R_Shoulder": [
            0.19596894808638962,
            0.02089012718807149,
            0.723118147792079
        ],
        "R_Elbow": [
            0.2870793374241975,
            0.33906686572577327,
            0.45278649594215126
        ],
        "R_Wrist": [
            0.20474745914749437,
            0.0015358412275410498,
            0.2816717613107611
        ]
    }
}