{
    "video": "edition6_sequence_2.mp4",
    "peak_id": 2,
    "frame_idx": 1342,
    "timestamp": 53.68,
    "total_score": 0.566,
    "skeleton_3d": {
        "Pelvis": [
            0.0,
            0.0,
            0.0
        ],
        "R_Hip": [
            0.00045295382073415764,
            0.13279135385500948,
            0.061971867238439234
        ],
        "R_Knee": [
            0.009813399752444706,
            0.2285144244130386,
            0.4764815234923458
        ],
        "R_Ankle": [
            -0.1282585726521221,
            0.5802338254858787,
            0.15679532740031912
        ],
        "L_Hip": [
            -0.0033427273106168176,
            -0.14064567629900124,
            -0.05196963163027742
        ],
        "L_Knee": [
            -0.03324397822577716,
            -0.18970175955002652,
            -0.6180593568221592
        ],
        "L_Ankle": [
            -0.09167052723522716,
            -0.4676361416095543,
            -1.1086427564633212
        ],
        "Spine": [
            0.002279612671775509,
            -0.09918766050424623,
            0.2737152482861694
        ],
        "Thorax": [
            0.0079338890823276,
            -0.18156295947771148,
            0.5553876339862274
        ],
        "Neck": [
            -0.03772156330130072,
            -0.14609673657080946,
            0.7706949744817879
        ],
        "Head": [
            -0.050912099362141854,
            -0.19721341575990153,
            0.8019300799746479
        ],
        "L_Shoulder": [
            -0.07700327856770052,
            -0.2769830072773331,
            0.5282213108160876
        ],
        "L_Elbow": [
            -0.2765654329937201,
            -0.25289926633682047,
            0.4203498759912121
        ],
        "L_Wrist": [
            0.09891104156354187,
            -0.2611793992435891,
            0.42146263870412465
        ],
        "R_Shoulder": [
            0.10010617293157671,
            -0.045946307903191715,
            0.5821290801272289
        ],
        "R_Elbow": [
            0.0927745733251912,
            0.006453354802716493,
            1.0202878816010963
        ],
        "R_Wrist": [
            0.07947518242973302,
            0.009271043922756381,
            1.3137602960972259
        ]
    }
}