{
    "video": "edition6_sequence_8.mp4",
    "peak_id": 1,
    "frame_idx": 239,
    "timestamp": 9.56,
    "total_score": 0.975,
    "skeleton_3d": {
        "Pelvis": [
            0.0,
            0.0,
            0.0
        ],
        "R_Hip": [
            0.10643269347636725,
            0.18210755730433376,
            0.10496629155666995
        ],
        "R_Knee": [
            0.6791365823826017,
            0.20150186484195742,
            0.23600769052050355
        ],
        "R_Ankle": [
            1.2847431464783567,
            0.4035511364757654,
            0.44858150902463106
        ],
        "L_Hip": [
            -0.10910417728894671,
            -0.18591689107308254,
            -0.09782192054214443
        ],
        "L_Knee": [
            -0.06110874543700809,
            -0.168695884646725,
            -0.7552868930144633
        ],
        "L_Ankle": [
            -0.13579456599539638,
            -0.2073979827306106,
            -1.3745528923456933
        ],
        "Spine": [
            -0.17011804438222788,
            -0.08734492390529479,
            0.31308926858771574
        ],
        "Thorax": [
            -0.3299585429067016,
            -0.10420372670139444,
            0.61396506059111
        ],
        "Neck": [
            -0.32715890193334385,
            -0.2047974910834168,
            0.8775830472376764
        ],
        "Head": [
            -0.354388669264098,
            -0.07636166086878247,
            0.9116547172309812
        ],
        "L_Shoulder": [
            -0.5450963931192463,
            -0.19975721393344556,
            0.5042981341426899
        ],
        "L_Elbow": [
            -0.9144993540208624,
            -0.34865414601271216,
            0.42466582002793735
        ],
        "L_Wrist": [
            -1.2944128680303952,
            -0.44424677452803657,
            0.5177339230348246
        ],
        "R_Shoulder": [
            -0.10818473791467455,
            -0.024592319934040936,
            0.7218195885511328
        ],
        "R_Elbow": [
            0.10626788598548706,
            0.1821386704200609,
            1.0536325746972144
        ],
        "R_Wrist": [
            0.10440510519265767,
            0.09269437276848257,
            1.440183320694703
        ]
    }
}