{
    "video": "edition6_sequence_3.mp4",
    "peak_id": 5,
    "frame_idx": 1566,
    "timestamp": 62.64,
    "total_score": 0.426,
    "skeleton_3d": {
        "Pelvis": [
            0.0,
            0.0,
            0.0
        ],
        "R_Hip": [
            0.10983056422755953,
            0.18940649113037436,
            0.028419689377725085
        ],
        "R_Knee": [
            0.6469791207513506,
            0.10227198318923005,
            -0.030521500653779104
        ],
        "R_Ankle": [
            0.4298052415173787,
            0.2672882918515148,
            -0.5893755261619196
        ],
        "L_Hip": [
            -0.11476377032137977,
            -0.18257180056648142,
            -0.025668881240045457
        ],
        "L_Knee": [
            0.02201861650206197,
            -0.19676385522059503,
            -0.6695878086273699
        ],
        "L_Ankle": [
            0.11961849021437823,
            -0.14926703680882125,
            -1.249505337740651
        ],
        "Spine": [
            0.05633612825842175,
            -0.023915099526080327,
            0.3518000504472309
        ],
        "Thorax": [
            0.10847603687336389,
            -0.11532388104826269,
            0.6777434060694211
        ],
        "Neck": [
            0.3088618227755181,
            -0.13651652570478826,
            0.8779977711317202
        ],
        "Head": [
            0.30633258958467546,
            -0.07823871569475349,
            0.9540293826233707
        ],
        "L_Shoulder": [
            -0.08599408218225504,
            -0.23952423377602003,
            0.6776882812965201
        ],
        "L_Elbow": [
            -0.4161610661407706,
            -0.26410122441677386,
            0.5438473819410916
        ],
        "L_Wrist": [
            -0.7400923419364756,
            -0.3939361768113938,
            0.4965103664548488
        ],
        "R_Shoulder": [
            0.2959082183806184,
            0.07580004005660511,
            0.6433984183792635
        ],
        "R_Elbow": [
            0.569549153612552,
            0.32709672366337883,
            0.4878979916195032
        ],
        "R_Wrist": [
            0.9122372225466213,
            0.28963465035983965,
            0.40702247001838776
        ]
    }
}