{
    "video": "edition6_sequence_13.mp4",
    "peak_id": 3,
    "frame_idx": 415,
    "timestamp": 16.6,
    "total_score": 0.906,
    "skeleton_3d": {
        "Pelvis": [
            0.0,
            0.0,
            0.0
        ],
        "R_Hip": [
            0.04352919507323597,
            0.17876679049743477,
            0.07130419709582352
        ],
        "R_Knee": [
            0.6298785247250405,
            0.23931765085649243,
            0.13279242441583952
        ],
        "R_Ankle": [
            1.2141887123833137,
            0.3602904854735546,
            0.2729753625290171
        ],
        "L_Hip": [
            -0.04022899275257499,
            -0.1820605674112984,
            -0.07124480257920918
        ],
        "L_Knee": [
            0.0858267301050664,
            -0.1129153677437832,
            -0.7478825784241497
        ],
        "L_Ankle": [
            0.04362407443883895,
            -0.038988737379702584,
            -1.3452424973128059
        ],
        "Spine": [
            -0.170773003995094,
            -0.02590670194418932,
            0.2988255840000635
        ],
        "Thorax": [
            -0.3275640528240353,
            0.07600434167183841,
            0.5797622955260976
        ],
        "Neck": [
            -0.4632834930136448,
            -0.03920009411695011,
            0.7685491704551867
        ],
        "Head": [
            -0.4470178186836704,
            0.057006776053925894,
            0.800555687568325
        ],
        "L_Shoulder": [
            -0.5254059457810718,
            -0.11133015509285388,
            0.5418642743249371
        ],
        "L_Elbow": [
            -0.7827669218522983,
            -0.44127696068778827,
            0.6124456941485791
        ],
        "L_Wrist": [
            -1.120359846796696,
            -0.5311699676384336,
            0.7624535652100715
        ],
        "R_Shoulder": [
            -0.1442559305887601,
            0.16253873719423406,
            0.5894863657861983
        ],
        "R_Elbow": [
            0.08285008616303895,
            0.5344172278467851,
            0.5831475669930549
        ],
        "R_Wrist": [
            0.3142155131800669,
            0.48945190710869874,
            0.6296104934700645
        ]
    }
}