{
    "video": "edition46_sequence_12.mp4",
    "peak_id": 19,
    "frame_idx": 2036,
    "timestamp": 81.44,
    "total_score": 0.47,
    "skeleton_3d": {
        "Pelvis": [
            0.0,
            0.0,
            0.0
        ],
        "R_Hip": [
            0.11172388705596277,
            -0.06154252803896179,
            -0.01722547773041057
        ],
        "R_Knee": [
            0.05942310468974587,
            -0.45822658495075846,
            -0.5483675073264234
        ],
        "R_Ankle": [
            0.012951189359259983,
            -0.7861868983239875,
            -1.1226433544941428
        ],
        "L_Hip": [
            -0.10698371737132333,
            0.0682857255414955,
            0.014618963050014417
        ],
        "L_Knee": [
            -0.41384283993160165,
            0.00014680858064208046,
            -0.0988447955845182
        ],
        "L_Ankle": [
            -0.4869917095950414,
            -0.4610608578630655,
            -0.13969347512208344
        ],
        "Spine": [
            0.013521399216117447,
            0.17082861021594387,
            0.3139250551852284
        ],
        "Thorax": [
            0.04325838983573506,
            0.4414844659765505,
            0.6608274943940067
        ],
        "Neck": [
            0.1350223742468655,
            0.3395302866501778,
            0.8586804132112846
        ],
        "Head": [
            0.12968062603528466,
            0.5732697985359659,
            0.8812951858189356
        ],
        "L_Shoulder": [
            -0.15333099736567343,
            0.3858744033357514,
            0.6351821555376165
        ],
        "L_Elbow": [
            -0.44234700777415525,
            0.3504969153811751,
            0.8165899053317667
        ],
        "L_Wrist": [
            -0.6600049047334242,
            0.27296166850814246,
            1.0842597011102653
        ],
        "R_Shoulder": [
            0.2342982984136358,
            0.2957159889622711,
            0.6241267989064576
        ],
        "R_Elbow": [
            0.46959964387360126,
            0.009215666164907222,
            0.9099330018400645
        ],
        "R_Wrist": [
            0.5768809645583494,
            0.08165960637570331,
            1.2438171510533624
        ]
    }
}