{
    "video": "edition46_sequence_15.mp4",
    "peak_id": 15,
    "frame_idx": 4327,
    "timestamp": 173.08,
    "total_score": 0.785,
    "skeleton_3d": {
        "Pelvis": [
            0.0,
            0.0,
            0.0
        ],
        "R_Hip": [
            0.10678207934348376,
            -0.15533526511996315,
            -0.005984906055775625
        ],
        "R_Knee": [
            0.03220304158196356,
            -0.3913702968720422,
            -0.5503558915730817
        ],
        "R_Ankle": [
            -0.026822150712593435,
            -0.5819177421042436,
            -1.0526853632320567
        ],
        "L_Hip": [
            -0.10233112818691745,
            0.13859501293784485,
            0.0018282413271965322
        ],
        "L_Knee": [
            -0.3463598372373517,
            0.2512329470422556,
            0.1674449654697759
        ],
        "L_Ankle": [
            -0.3209066574366786,
            -0.01895224907658244,
            0.34691328734625093
        ],
        "Spine": [
            -0.019025478497359076,
            0.15716736153595198,
            0.29340515720075055
        ],
        "Thorax": [
            -0.029088158091688847,
            0.42271573502455073,
            0.608740671368971
        ],
        "Neck": [
            -0.08859724879140445,
            0.3580360096214786,
            0.8132298505805117
        ],
        "Head": [
            -0.057279706664147084,
            0.5802223067023482,
            0.8306007048765452
        ],
        "L_Shoulder": [
            -0.20459477348403082,
            0.41982748240968754,
            0.5383896959617657
        ],
        "L_Elbow": [
            -0.5437492488518839,
            0.5057938779675469,
            0.4630467447300066
        ],
        "L_Wrist": [
            -0.8300782210509092,
            0.3234230383919479,
            0.43806968723112205
        ],
        "R_Shoulder": [
            0.14680730641968417,
            0.21915682515474166,
            0.627965886160566
        ],
        "R_Elbow": [
            0.3169655260762791,
            -0.15782737282886267,
            0.9326673827624152
        ],
        "R_Wrist": [
            0.5108022285014984,
            -0.17080206971407988,
            1.2070852105203704
        ]
    }
}