{
    "video": "edition46_sequence_1.mp4",
    "peak_id": 19,
    "frame_idx": 2729,
    "timestamp": 109.16,
    "total_score": 0.782,
    "skeleton_3d": {
        "Pelvis": [
            0.0,
            0.0,
            0.0
        ],
        "R_Hip": [
            0.11258579980372056,
            -0.11811224811751393,
            -0.06290241690659618
        ],
        "R_Knee": [
            0.013794599846177317,
            -0.576779528290417,
            -0.6299648082742966
        ],
        "R_Ankle": [
            0.017583759024924397,
            -0.7793183262605532,
            -1.2043357353047137
        ],
        "L_Hip": [
            -0.11461995639101895,
            0.12254325655092256,
            0.06736788028183088
        ],
        "L_Knee": [
            -0.6643094028069156,
            -0.07405750627701038,
            0.11275492275401561
        ],
        "L_Ankle": [
            -1.0962500467828806,
            -0.5668050477573968,
            0.1597132420754257
        ],
        "Spine": [
            0.08480409625624116,
            0.16742577461670394,
            0.29417273418208084
        ],
        "Thorax": [
            0.1618757774472132,
            0.47513523438138516,
            0.6162473246770384
        ],
        "Neck": [
            0.12421228795196233,
            0.45254174039395445,
            0.811444940194526
        ],
        "Head": [
            0.13770713302033316,
            0.6808927142475103,
            0.8224705215788728
        ],
        "L_Shoulder": [
            -0.03486213691797622,
            0.5057142132308204,
            0.5403416513182433
        ],
        "L_Elbow": [
            -0.37453941128456114,
            0.646799803023613,
            0.48212722196624236
        ],
        "L_Wrist": [
            -0.7190681322810317,
            0.6896875078861973,
            0.5391975843015415
        ],
        "R_Shoulder": [
            0.3621536708650404,
            0.2115495549840774,
            0.637713818314658
        ],
        "R_Elbow": [
            0.417097903859181,
            -0.21425144848690222,
            0.955319057550466
        ],
        "R_Wrist": [
            0.43589708043217434,
            -0.20022587867677552,
            1.3043609256748914
        ]
    }
}