{
    "video": "edition46_sequence_7.mp4",
    "peak_id": 7,
    "frame_idx": 1568,
    "timestamp": 62.72,
    "total_score": 0.75,
    "skeleton_3d": {
        "Pelvis": [
            0.0,
            0.0,
            0.0
        ],
        "R_Hip": [
            0.12555908946210886,
            -0.00816361096557039,
            0.03700800014356008
        ],
        "R_Knee": [
            0.4570280057170078,
            -0.048848196274020296,
            0.4348885169007812
        ],
        "R_Ankle": [
            0.7031910729476107,
            -0.20855499531615856,
            0.9113411565403108
        ],
        "L_Hip": [
            -0.11630855814170057,
            0.061878254937876916,
            -0.0387472458525567
        ],
        "L_Knee": [
            -0.02244120685852637,
            -0.04028678804875526,
            -0.6340890842021696
        ],
        "L_Ankle": [
            0.08853896346024233,
            -0.06428439300178827,
            -1.1114614979565491
        ],
        "Spine": [
            -0.08178163637394882,
            0.13435691013163295,
            0.2823604797175644
        ],
        "Thorax": [
            -0.11803955277429172,
            0.40866408852114666,
            0.5760919218655354
        ],
        "Neck": [
            -0.13060145240795937,
            0.2593812677506301,
            0.7827600118332904
        ],
        "Head": [
            -0.14887635674614239,
            0.5476835732684525,
            0.8126289561842348
        ],
        "L_Shoulder": [
            -0.34790325739739864,
            0.3017330040924255,
            0.5547213712782628
        ],
        "L_Elbow": [
            -0.5861524079813997,
            0.06851591156435027,
            0.751045118996563
        ],
        "L_Wrist": [
            -0.6896767889390881,
            -0.05171627222368175,
            1.0733131059156966
        ],
        "R_Shoulder": [
            0.12031247953808796,
            0.29117265320017005,
            0.5404027565799094
        ],
        "R_Elbow": [
            0.4333323949367259,
            -0.06268046016953102,
            0.44436595879272833
        ],
        "R_Wrist": [
            0.7969695833627077,
            -0.3984515485602065,
            0.4981131122747399
        ]
    }
}