{
    "video": "edition46_sequence_1.mp4",
    "peak_id": 12,
    "frame_idx": 1994,
    "timestamp": 79.76,
    "total_score": 0.561,
    "skeleton_3d": {
        "Pelvis": [
            0.0,
            0.0,
            0.0
        ],
        "R_Hip": [
            0.14684652661998115,
            -0.12638536078680404,
            0.030369429761263556
        ],
        "R_Knee": [
            0.5999851550124212,
            -0.05278597302216152,
            -0.10722691864157517
        ],
        "R_Ankle": [
            1.0239082028650162,
            -0.11819006656409638,
            -0.17121880783766003
        ],
        "L_Hip": [
            -0.14259354556310488,
            0.14761760213834477,
            -0.027517500684646437
        ],
        "L_Knee": [
            -0.0691911568856912,
            0.12590060543029655,
            -0.6264024171468787
        ],
        "L_Ankle": [
            0.07262307507002794,
            0.3389268798296388,
            -1.0959102786467438
        ],
        "Spine": [
            -0.034241953514295854,
            0.10804917726883052,
            0.3431297353295328
        ],
        "Thorax": [
            -0.043387028497207276,
            0.30092625163065667,
            0.7111540503260385
        ],
        "Neck": [
            -0.09753328968057165,
            0.1876273746655365,
            0.9166525380397197
        ],
        "Head": [
            -0.1055773179273178,
            0.4411571541221732,
            0.9561596008632135
        ],
        "L_Shoulder": [
            -0.25945620421627497,
            0.3035200419002782,
            0.6442885041686508
        ],
        "L_Elbow": [
            -0.6128220085129268,
            0.36353255554315855,
            0.6812216779266378
        ],
        "L_Wrist": [
            -0.9651407162428408,
            0.3108377963731896,
            0.7766901575921282
        ],
        "R_Shoulder": [
            0.18200916619933474,
            0.1376572657963518,
            0.7085993894770677
        ],
        "R_Elbow": [
            0.4912094035288726,
            -0.1808488394724708,
            0.8482296986250828
        ],
        "R_Wrist": [
            0.8292034745038095,
            -0.38649669437573064,
            1.0001083817065195
        ]
    }
}