{
    "video": "edition46_sequence_1.mp4",
    "peak_id": 20,
    "frame_idx": 3193,
    "timestamp": 127.72,
    "total_score": 0.869,
    "skeleton_3d": {
        "Pelvis": [
            0.0,
            0.0,
            0.0
        ],
        "R_Hip": [
            0.0940264964142249,
            -0.08741868214420047,
            -0.06582095497592451
        ],
        "R_Knee": [
            0.06886385980054095,
            -0.46233738362489296,
            -0.5767927563706077
        ],
        "R_Ankle": [
            0.15178835603585455,
            -0.8265258020719729,
            -1.0905069138785508
        ],
        "L_Hip": [
            -0.09925076064251329,
            0.10499273275233317,
            0.06855732845375682
        ],
        "L_Knee": [
            -0.5785326012156572,
            -0.05565800552232029,
            0.25925099883282426
        ],
        "L_Ankle": [
            -0.9897389713233602,
            -0.3797026253737593,
            0.413014805343139
        ],
        "Spine": [
            0.1154764223118624,
            0.09644950312190059,
            0.28461296478873094
        ],
        "Thorax": [
            0.21709641810218172,
            0.359282867313371,
            0.5906982378786952
        ],
        "Neck": [
            0.2966224756588084,
            0.2994624431922051,
            0.8093937908150439
        ],
        "Head": [
            0.28747056535286203,
            0.5268537567227646,
            0.8139418532423168
        ],
        "L_Shoulder": [
            0.03247067834509027,
            0.3996177953671506,
            0.5265998620718929
        ],
        "L_Elbow": [
            -0.2990102031852008,
            0.5319367927074963,
            0.4822985516880422
        ],
        "L_Wrist": [
            -0.624391076146979,
            0.5082392589026948,
            0.526088504180596
        ],
        "R_Shoulder": [
            0.40084386827502905,
            0.14339687018032804,
            0.5985059969459526
        ],
        "R_Elbow": [
            0.4851763042872983,
            -0.22489442914723998,
            0.8901841392992881
        ],
        "R_Wrist": [
            0.497814831545418,
            -0.11234964251292688,
            1.1963422535995478
        ]
    }
}