{
    "video": "edition46_sequence_7.mp4",
    "peak_id": 4,
    "frame_idx": 1206,
    "timestamp": 48.24,
    "total_score": 0.818,
    "skeleton_3d": {
        "Pelvis": [
            0.0,
            0.0,
            0.0
        ],
        "R_Hip": [
            0.11922013113715325,
            0.0071610809053854665,
            -0.032032035237455465
        ],
        "R_Knee": [
            0.019038720580435108,
            -0.26957334362233276,
            -0.572692186415809
        ],
        "R_Ankle": [
            -0.050827543738394106,
            -0.47920411000219004,
            -1.0960413979857901
        ],
        "L_Hip": [
            -0.11423840071947043,
            -0.004289699153295452,
            0.02450034394999494
        ],
        "L_Knee": [
            -0.06149113937290209,
            -0.28560972031590587,
            0.36317376607656976
        ],
        "L_Ankle": [
            -0.05143429652448018,
            -0.6243100758019116,
            0.38694531876920907
        ],
        "Spine": [
            -0.00784915649828901,
            0.15505261979465493,
            0.33370898896974693
        ],
        "Thorax": [
            -0.006166573732751479,
            0.36326487823834525,
            0.6869052178193588
        ],
        "Neck": [
            -0.04764957300812717,
            0.3013935172371785,
            0.8881018663155493
        ],
        "Head": [
            -0.04576025152520631,
            0.5218223869934259,
            0.92323378277191
        ],
        "L_Shoulder": [
            -0.20064297709355958,
            0.2763341735329329,
            0.666109695306982
        ],
        "L_Elbow": [
            -0.34928137492501454,
            -0.039304522763257445,
            1.0056042667856537
        ],
        "L_Wrist": [
            -0.2554328792645235,
            -0.04219725105834126,
            1.3150371797392495
        ],
        "R_Shoulder": [
            0.19884876734978046,
            0.2825193293949103,
            0.646241146921159
        ],
        "R_Elbow": [
            0.40862388964379204,
            0.18184903263613117,
            0.3813985312423248
        ],
        "R_Wrist": [
            0.38794688981843833,
            -0.1880167984550115,
            0.43491501039460717
        ]
    }
}