{
    "video": "edition46_sequence_16.mp4",
    "peak_id": 2,
    "frame_idx": 1136,
    "timestamp": 45.44,
    "total_score": 0.582,
    "skeleton_3d": {
        "Pelvis": [
            0.0,
            0.0,
            0.0
        ],
        "R_Hip": [
            0.12323822271113188,
            -0.017964648594281114,
            -0.013138918098597113
        ],
        "R_Knee": [
            0.08615521358816869,
            -0.17168321072821024,
            -0.5938663115346136
        ],
        "R_Ankle": [
            0.15225380503062186,
            -0.09024586283928501,
            -1.1372954520950282
        ],
        "L_Hip": [
            -0.11737013189011274,
            0.05411179225106708,
            0.015832125560287947
        ],
        "L_Knee": [
            -0.6035378506176389,
            0.30570033133158414,
            -0.170671195587822
        ],
        "L_Ankle": [
            -1.102490623885314,
            0.2901364689060529,
            -0.18555369186091097
        ],
        "Spine": [
            -0.005827374434159352,
            0.04801611006416959,
            0.30508895261435776
        ],
        "Thorax": [
            -0.02264800476364134,
            0.20983473127119814,
            0.6515171855499777
        ],
        "Neck": [
            -0.15434094827243366,
            0.13654251157420125,
            0.8190802727190222
        ],
        "Head": [
            -0.14285818354495045,
            0.4052636581731638,
            0.8480749011124039
        ],
        "L_Shoulder": [
            -0.2003759968244914,
            0.1884927014349875,
            0.5462994450531129
        ],
        "L_Elbow": [
            -0.43823313397807473,
            0.021425794312590972,
            0.2208929311173138
        ],
        "L_Wrist": [
            -0.1578138929680632,
            -0.2885607865432804,
            0.0987122669380169
        ],
        "R_Shoulder": [
            0.1755693642026666,
            0.07059630871613308,
            0.6746168994528932
        ],
        "R_Elbow": [
            0.3305315401986047,
            -0.20751725348390704,
            0.9294388507693082
        ],
        "R_Wrist": [
            0.43793377706779335,
            -0.15472158261975844,
            1.2143771331431024
        ]
    }
}