{
    "video": "edition46_sequence_12.mp4",
    "peak_id": 14,
    "frame_idx": 1617,
    "timestamp": 64.68,
    "total_score": 0.954,
    "skeleton_3d": {
        "Pelvis": [
            0.0,
            0.0,
            0.0
        ],
        "R_Hip": [
            0.06312961085982653,
            -0.0942880249349452,
            -0.05623208224174005
        ],
        "R_Knee": [
            0.09915563609917939,
            -0.13944289389711553,
            -0.6390199821831098
        ],
        "R_Ankle": [
            0.23145293287449187,
            -0.0082539738343179,
            -1.2040112117916808
        ],
        "L_Hip": [
            -0.06899057329810529,
            0.12818660651669034,
            0.059869008858405556
        ],
        "L_Knee": [
            -0.6637505650957207,
            0.05982618624933735,
            0.2669804424185151
        ],
        "L_Ankle": [
            -1.179852311021477,
            0.05747521442570939,
            0.5686204846454237
        ],
        "Spine": [
            0.11123097048244995,
            -0.19672235849896744,
            0.28861778457209636
        ],
        "Thorax": [
            0.21778688520857845,
            -0.25354157812750994,
            0.6190046311899307
        ],
        "Neck": [
            0.3880159783404678,
            -0.27885129059280056,
            0.7737266469472156
        ],
        "Head": [
            0.37451681244320756,
            -0.1280255531560767,
            0.8267785106484131
        ],
        "L_Shoulder": [
            0.06853106932966416,
            -0.1766670679660814,
            0.5765644553569405
        ],
        "L_Elbow": [
            -0.3019697458047686,
            0.031913401518448375,
            0.6077612833735077
        ],
        "L_Wrist": [
            -0.6207037864875397,
            -0.09708172537310565,
            0.732486027230395
        ],
        "R_Shoulder": [
            0.3520111620303699,
            -0.36192284314839396,
            0.601059909329837
        ],
        "R_Elbow": [
            0.3975358609180569,
            -0.5205848378326733,
            0.773866329478351
        ],
        "R_Wrist": [
            0.4179655519443027,
            -0.24833439369872493,
            0.9654790795677421
        ]
    }
}