{
    "video": "edition46_sequence_1.mp4",
    "peak_id": 11,
    "frame_idx": 1792,
    "timestamp": 71.68,
    "total_score": 0.491,
    "skeleton_3d": {
        "Pelvis": [
            0.0,
            0.0,
            0.0
        ],
        "R_Hip": [
            0.13482821540913836,
            -0.002567174827688502,
            0.037298493751056386
        ],
        "R_Knee": [
            0.5888719101737298,
            -0.04270294167424402,
            -0.021364902468341655
        ],
        "R_Ankle": [
            1.092217377433887,
            -0.17146435969197069,
            -0.048329684966904124
        ],
        "L_Hip": [
            -0.12981081121372484,
            0.053346549799546984,
            -0.03137106470312638
        ],
        "L_Knee": [
            -0.07152720429283536,
            -0.20853416362826233,
            -0.6074432011501368
        ],
        "L_Ankle": [
            -0.001563545626388113,
            -0.028689278095851263,
            -1.1092552960107926
        ],
        "Spine": [
            -0.03527541291684347,
            0.021081516773941038,
            0.31777087408216487
        ],
        "Thorax": [
            -0.023476356394299194,
            0.2138061350655935,
            0.6560599709411105
        ],
        "Neck": [
            0.08996062815213916,
            0.05832692973721375,
            0.914734136739759
        ],
        "Head": [
            0.056897192897637144,
            0.2886272098201613,
            0.956149526590155
        ],
        "L_Shoulder": [
            -0.2627365503006323,
            0.13343628789978584,
            0.6069028795123174
        ],
        "L_Elbow": [
            -0.6150582363783016,
            0.13267845923531355,
            0.45702542400509677
        ],
        "L_Wrist": [
            -0.9259151988908174,
            -0.13788431678279975,
            0.47956589759671553
        ],
        "R_Shoulder": [
            0.21234450990043086,
            0.06504025229244999,
            0.6030812186078041
        ],
        "R_Elbow": [
            0.48069347741924223,
            -0.30426479881433144,
            0.49156458576475465
        ],
        "R_Wrist": [
            0.6742298801294231,
            -0.6620525070683801,
            0.5568824241035907
        ]
    }
}