{
    "video": "edition46_sequence_17.mp4",
    "peak_id": 4,
    "frame_idx": 1044,
    "timestamp": 41.76,
    "total_score": 0.625,
    "skeleton_3d": {
        "Pelvis": [
            0.0,
            0.0,
            0.0
        ],
        "R_Hip": [
            0.08214962706694058,
            0.004221286845485892,
            -0.00020861360767214992
        ],
        "R_Knee": [
            0.038311975883615124,
            -0.08154385030495466,
            -0.6132257518624972
        ],
        "R_Ankle": [
            0.058761326091353754,
            -0.29765604226551756,
            -1.147732706105041
        ],
        "L_Hip": [
            -0.07565264070517146,
            0.018250973800098165,
            -0.006067582563812526
        ],
        "L_Knee": [
            0.38686706759858697,
            -0.048364211895093226,
            0.08698808525202305
        ],
        "L_Ankle": [
            0.6099798209608819,
            -0.37481700040325405,
            0.17379250211585845
        ],
        "Spine": [
            -0.07058955713387641,
            0.1589028111223494,
            0.29213778080081754
        ],
        "Thorax": [
            -0.10899379480632862,
            0.42819177078921666,
            0.6126956396349287
        ],
        "Neck": [
            -0.037188477274044625,
            0.3446958057568438,
            0.8309408386344566
        ],
        "Head": [
            -0.07056886154830197,
            0.5593112384996713,
            0.8477537060588353
        ],
        "L_Shoulder": [
            -0.285401071669208,
            0.2638788204667894,
            0.5845890082835966
        ],
        "L_Elbow": [
            -0.4149851979593228,
            -0.18368250539254827,
            0.862349922334084
        ],
        "L_Wrist": [
            -0.5220484485484361,
            -0.2169212472635011,
            1.1853694638403627
        ],
        "R_Shoulder": [
            0.07128193827732689,
            0.39524884554004114,
            0.574260845384284
        ],
        "R_Elbow": [
            0.3397662567346827,
            0.5523082102051897,
            0.36319597519494107
        ],
        "R_Wrist": [
            0.30018161417071093,
            0.16439028576553374,
            0.19264803567751937
        ]
    }
}