{
    "video": "edition46_sequence_17.mp4",
    "peak_id": 2,
    "frame_idx": 792,
    "timestamp": 31.68,
    "total_score": 0.687,
    "skeleton_3d": {
        "Pelvis": [
            0.0,
            0.0,
            0.0
        ],
        "R_Hip": [
            0.12886407260071547,
            0.07186189824287115,
            0.05218125948496856
        ],
        "R_Knee": [
            0.7210776179466628,
            -0.001914037689726975,
            0.009306972960946418
        ],
        "R_Ankle": [
            1.2383127215039769,
            -0.1389649682476741,
            0.0987854280775921
        ],
        "L_Hip": [
            -0.1309799769896858,
            -0.028269283931818722,
            -0.04269925861280942
        ],
        "L_Knee": [
            -0.0564283210707098,
            -0.17165159795165488,
            -0.6593266524510656
        ],
        "L_Ankle": [
            -0.008786996647624954,
            0.19512269984791913,
            -1.2529912637793834
        ],
        "Spine": [
            -0.0657149270822664,
            -0.0392790210889354,
            0.3351108668302366
        ],
        "Thorax": [
            -0.08603598063600165,
            0.012023511920861341,
            0.6825168947724353
        ],
        "Neck": [
            0.044663644608269853,
            -0.12859657192838347,
            0.9021793131301888
        ],
        "Head": [
            0.01567971166592035,
            0.0885689444664666,
            0.9586717461791627
        ],
        "L_Shoulder": [
            -0.3104802767157618,
            -0.0807331774076304,
            0.6139929417797816
        ],
        "L_Elbow": [
            -0.5721242771159221,
            -0.25839076110724674,
            0.3218479380650154
        ],
        "L_Wrist": [
            -0.3031419853902322,
            -0.4849559801261349,
            0.09137862159348153
        ],
        "R_Shoulder": [
            0.1295230440832025,
            -0.029173292100217792,
            0.6612919644885195
        ],
        "R_Elbow": [
            0.32443289765979233,
            -0.1905388039296321,
            0.7042023845736767
        ],
        "R_Wrist": [
            0.3508005513709792,
            -0.13647513407624262,
            0.8516651682118778
        ]
    }
}