{
    "video": "edition46_sequence_1.mp4",
    "peak_id": 17,
    "frame_idx": 2592,
    "timestamp": 103.68,
    "total_score": 0.772,
    "skeleton_3d": {
        "Pelvis": [
            0.0,
            0.0,
            0.0
        ],
        "R_Hip": [
            0.11334215759886485,
            -0.10183711273134817,
            -0.06782070646849296
        ],
        "R_Knee": [
            0.04711346111968486,
            -0.6453738766871133,
            -0.5799070644137536
        ],
        "R_Ankle": [
            0.05867401730371194,
            -0.900326554622118,
            -1.1488611763851577
        ],
        "L_Hip": [
            -0.11577706191409898,
            0.10709072237930954,
            0.07267727674098956
        ],
        "L_Knee": [
            -0.6636444811432352,
            -0.09331969102495706,
            0.1091324015252663
        ],
        "L_Ankle": [
            -1.121788998821913,
            -0.5609195562399248,
            0.1468761155006244
        ],
        "Spine": [
            0.08860218615323506,
            0.18072530223126693,
            0.2950071883596704
        ],
        "Thorax": [
            0.1664188134020901,
            0.4785176128126166,
            0.6155541899865629
        ],
        "Neck": [
            0.1392740406371396,
            0.4608389341794915,
            0.8039429006304449
        ],
        "Head": [
            0.15202285777303556,
            0.6769559493736165,
            0.8235945818174626
        ],
        "L_Shoulder": [
            -0.025081624788729003,
            0.5126918422968214,
            0.5345025869132826
        ],
        "L_Elbow": [
            -0.3766494922554201,
            0.6416233148452817,
            0.4790658562304451
        ],
        "L_Wrist": [
            -0.6827560484613786,
            0.6217933403996934,
            0.5269598132116896
        ],
        "R_Shoulder": [
            0.36280275447643173,
            0.23857135838309984,
            0.6475977537808216
        ],
        "R_Elbow": [
            0.42466475212979266,
            -0.1532833693952118,
            0.9894191168387251
        ],
        "R_Wrist": [
            0.4589710032617398,
            -0.10168616621750438,
            1.305507784728192
        ]
    }
}