{
    "video": "edition46_sequence_20.mp4",
    "peak_id": 12,
    "frame_idx": 2195,
    "timestamp": 87.8,
    "total_score": 0.846,
    "skeleton_3d": {
        "Pelvis": [
            0.0,
            0.0,
            0.0
        ],
        "R_Hip": [
            -0.0994851217529903,
            -0.12214705799936112,
            -0.021956956706106773
        ],
        "R_Knee": [
            -0.6475960430322737,
            0.3149380097671068,
            0.013048833977831333
        ],
        "R_Ankle": [
            -1.1398274358520926,
            0.5483805849480451,
            0.1262394836170364
        ],
        "L_Hip": [
            0.10223560966979665,
            0.1022327220795612,
            0.01834225261976241
        ],
        "L_Knee": [
            0.3597206453868467,
            0.3928907903007089,
            -0.44701345297208556
        ],
        "L_Ankle": [
            0.6585850005434396,
            0.3269970290436673,
            -0.8067245273945228
        ],
        "Spine": [
            -0.05110540449779853,
            -0.10832082185519934,
            0.31844829486461457
        ],
        "Thorax": [
            -0.10757784954502297,
            -0.3806901626675215,
            0.6364369971414329
        ],
        "Neck": [
            -0.2750173076322612,
            -0.3635650060449811,
            0.7426792663415085
        ],
        "Head": [
            -0.24085890824733602,
            -0.5706574121337815,
            0.800953445438806
        ],
        "L_Shoulder": [
            0.002251816619952352,
            -0.16277152874953335,
            0.7119994584225553
        ],
        "L_Elbow": [
            -0.1103386303237976,
            0.15336972123906895,
            0.9888182031954096
        ],
        "L_Wrist": [
            -0.19127850652087733,
            0.0695329516428422,
            1.260073772509499
        ],
        "R_Shoulder": [
            -0.1926558521326575,
            -0.43120128828700555,
            0.5201381826320237
        ],
        "R_Elbow": [
            -0.4771417311560687,
            -0.5737343723998283,
            0.3699461380119718
        ],
        "R_Wrist": [
            -0.7573093819914983,
            -0.26566221387996053,
            0.33703273247186594
        ]
    }
}