{
    "video": "edition46_sequence_16.mp4",
    "peak_id": 5,
    "frame_idx": 1693,
    "timestamp": 67.72,
    "total_score": 0.581,
    "skeleton_3d": {
        "Pelvis": [
            0.0,
            0.0,
            0.0
        ],
        "R_Hip": [
            0.09836281261835049,
            0.09056369942693251,
            -0.07296996697435454
        ],
        "R_Knee": [
            0.07976335394102804,
            -0.04514367669435683,
            -0.6545965549948214
        ],
        "R_Ankle": [
            0.15427498718348567,
            0.08673025502147222,
            -1.2087702556915292
        ],
        "L_Hip": [
            -0.10863410084065644,
            -0.02651221413294299,
            0.0761083478580669
        ],
        "L_Knee": [
            -0.6377891263038588,
            -2.0252457901585496e-05,
            0.06389219860134758
        ],
        "L_Ankle": [
            -1.1728381170771114,
            -0.04442786412666205,
            0.12284935382596314
        ],
        "Spine": [
            0.19318762640966164,
            0.001141260143182454,
            0.25822067180107444
        ],
        "Thorax": [
            0.376971500439434,
            0.17328322463814477,
            0.5642442562241332
        ],
        "Neck": [
            0.46514542372455414,
            0.02145080125294644,
            0.7774399080925174
        ],
        "Head": [
            0.4610075048671228,
            0.3109638228747258,
            0.8092304329566358
        ],
        "L_Shoulder": [
            0.1842918523462751,
            -0.013693044643192468,
            0.59256124841836
        ],
        "L_Elbow": [
            -0.1966755636055094,
            -0.2516385952019098,
            0.47180248164590866
        ],
        "L_Wrist": [
            -0.06875606667335551,
            -0.5642239759850822,
            0.20834372969061174
        ],
        "R_Shoulder": [
            0.5584955029819177,
            0.10901702231320308,
            0.4536557237431003
        ],
        "R_Elbow": [
            0.9119312303797129,
            -0.20353047887278308,
            0.38477325284004354
        ],
        "R_Wrist": [
            1.248560862581716,
            -0.4794486873911122,
            0.4229728888672563
        ]
    }
}