{
    "video": "edition46_sequence_7.mp4",
    "peak_id": 5,
    "frame_idx": 1254,
    "timestamp": 50.16,
    "total_score": 0.9,
    "skeleton_3d": {
        "Pelvis": [
            0.0,
            0.0,
            0.0
        ],
        "R_Hip": [
            0.141731913068739,
            -0.06413977846844145,
            -0.06005572641535371
        ],
        "R_Knee": [
            0.04730873558309036,
            -0.08508944717030628,
            -0.6825467145490612
        ],
        "R_Ankle": [
            -0.001990996644797352,
            0.11722651375800765,
            -1.3134639674376059
        ],
        "L_Hip": [
            -0.13052381292227297,
            0.1053688245994623,
            0.06826745843593457
        ],
        "L_Knee": [
            -0.6806075698642734,
            0.030696375765868575,
            0.21142591289956655
        ],
        "L_Ankle": [
            -1.1586240030179098,
            -0.0037836770430941715,
            0.41081951381330895
        ],
        "Spine": [
            0.03990128824079331,
            -0.19341561316984296,
            0.3032556072735437
        ],
        "Thorax": [
            0.06766473978659908,
            -0.24946335228208294,
            0.6510876778774365
        ],
        "Neck": [
            0.14520716302179912,
            -0.34410744240509933,
            0.8714674420211045
        ],
        "Head": [
            0.1381473956947191,
            -0.17972240179931462,
            0.9206821010897207
        ],
        "L_Shoulder": [
            -0.1602491217314659,
            -0.25294264139935896,
            0.6047110566383158
        ],
        "L_Elbow": [
            -0.4952469394981925,
            -0.2055577360727293,
            0.5864924743795142
        ],
        "L_Wrist": [
            -0.6022216468541706,
            -0.5411523990252297,
            0.7720649694080757
        ],
        "R_Shoulder": [
            0.28612186793959105,
            -0.30266633397665166,
            0.6064271208774182
        ],
        "R_Elbow": [
            0.5003056035848059,
            -0.2157272645761592,
            0.28636513185417184
        ],
        "R_Wrist": [
            0.31456247548444505,
            -0.541237085599738,
            0.05063624723766648
        ]
    }
}