{
    "video": "edition46_sequence_12.mp4",
    "peak_id": 16,
    "frame_idx": 1771,
    "timestamp": 70.84,
    "total_score": 0.79,
    "skeleton_3d": {
        "Pelvis": [
            0.0,
            0.0,
            0.0
        ],
        "R_Hip": [
            0.0774518010927398,
            -0.034768469575958486,
            0.04802002324639484
        ],
        "R_Knee": [
            0.7452839786121448,
            -0.0336035275491021,
            0.1551826989678881
        ],
        "R_Ankle": [
            1.314672269902032,
            -0.19730853065216297,
            0.3554944031569672
        ],
        "L_Hip": [
            -0.06442061244542925,
            0.08778380461000689,
            -0.046541011418354636
        ],
        "L_Knee": [
            -0.10273587438008254,
            0.16168379810496272,
            -0.6900738845765435
        ],
        "L_Ankle": [
            -0.16858298502699784,
            0.3257103493162249,
            -1.282245312351634
        ],
        "Spine": [
            -0.12465306746427922,
            -0.025846733151691243,
            0.3306197337651186
        ],
        "Thorax": [
            -0.22275324433875754,
            0.025347236341315586,
            0.6852359354620873
        ],
        "Neck": [
            -0.4586903047976647,
            0.0038769500667410893,
            0.8281530398502718
        ],
        "Head": [
            -0.4242624705152227,
            0.20467361291912803,
            0.9032148249363618
        ],
        "L_Shoulder": [
            -0.3187599407645076,
            0.13280439665525268,
            0.6313961982269498
        ],
        "L_Elbow": [
            -0.22642292278417,
            0.3131184332408621,
            0.7561647562096452
        ],
        "L_Wrist": [
            -0.2238885977278912,
            0.6158154033189783,
            0.8470404811761865
        ],
        "R_Shoulder": [
            -0.09164546869897845,
            -0.13516295922081287,
            0.6682731239592213
        ],
        "R_Elbow": [
            0.19577613325879298,
            -0.39995039893368567,
            0.7731302153514211
        ],
        "R_Wrist": [
            0.4769324350553963,
            -0.5653504382875841,
            0.962707474908911
        ]
    }
}