{
    "video": "edition46_sequence_17.mp4",
    "peak_id": 0,
    "frame_idx": 645,
    "timestamp": 25.8,
    "total_score": 0.895,
    "skeleton_3d": {
        "Pelvis": [
            0.0,
            0.0,
            0.0
        ],
        "R_Hip": [
            0.05201932321521904,
            -0.07199587543941147,
            -0.0051653006112487125
        ],
        "R_Knee": [
            -0.3954126123962469,
            -0.2758711487209711,
            0.10306891241611951
        ],
        "R_Ankle": [
            -0.5609819592838865,
            -0.6814772031831511,
            0.20939377133265374
        ],
        "L_Hip": [
            -0.050745104421251984,
            0.12509196739796707,
            0.0015845890298637156
        ],
        "L_Knee": [
            0.030173483524901113,
            0.19807931800733766,
            -0.6181936947448212
        ],
        "L_Ankle": [
            0.03272651387065746,
            0.09745457251262224,
            -1.188220591346784
        ],
        "Spine": [
            0.04136135049541284,
            0.09968270115074539,
            0.31803929367382244
        ],
        "Thorax": [
            0.08583179134485755,
            0.33171115248635086,
            0.6657929667494635
        ],
        "Neck": [
            0.0525606941056085,
            0.24846994980655718,
            0.918510422304341
        ],
        "Head": [
            0.1006494574044622,
            0.46478804449312616,
            0.9307317683855353
        ],
        "L_Shoulder": [
            -0.1009121028960322,
            0.38036380905548656,
            0.5959752005765613
        ],
        "L_Elbow": [
            -0.4074669236239219,
            0.5814150302343095,
            0.3377129726123391
        ],
        "L_Wrist": [
            -0.4710699562845629,
            0.034593825505042516,
            0.1616232605771719
        ],
        "R_Shoulder": [
            0.26971821249931566,
            0.07585487801689283,
            0.6492735560481789
        ],
        "R_Elbow": [
            0.44085926476513093,
            -0.33513772116599816,
            0.9266401992018094
        ],
        "R_Wrist": [
            0.631630135307423,
            -0.255708640602071,
            1.2340578698546536
        ]
    }
}