{
    "video": "edition46_sequence_15.mp4",
    "peak_id": 4,
    "frame_idx": 2116,
    "timestamp": 84.64,
    "total_score": 0.75,
    "skeleton_3d": {
        "Pelvis": [
            0.0,
            0.0,
            0.0
        ],
        "R_Hip": [
            0.10269078890103712,
            -0.1872751009897747,
            -0.024472239609068618
        ],
        "R_Knee": [
            0.014266778921675358,
            -0.6243541947535902,
            -0.5576406372676166
        ],
        "R_Ankle": [
            -0.00690595022352963,
            -1.0252256171117373,
            -1.097597528345198
        ],
        "L_Hip": [
            -0.10302023859913818,
            0.1679435449139854,
            0.02349398287025894
        ],
        "L_Knee": [
            -0.1753040235375371,
            -0.1917832451855745,
            0.6096752400782751
        ],
        "L_Ankle": [
            -0.13154334045598204,
            -0.755593909692911,
            0.44538863657324496
        ],
        "Spine": [
            0.04128937335063194,
            0.12231609504070395,
            0.3245776039173324
        ],
        "Thorax": [
            0.08710160200437594,
            0.2527242943038331,
            0.6439593417002358
        ],
        "Neck": [
            -0.017134433698174245,
            0.2255056836202029,
            0.8413873523164823
        ],
        "Head": [
            -0.004414573802211524,
            0.40642821460155276,
            0.8780433999000936
        ],
        "L_Shoulder": [
            -0.1057645618569403,
            0.3544826694917093,
            0.6246477534327238
        ],
        "L_Elbow": [
            -0.30591335540749265,
            0.45918982425926597,
            0.8987292837364008
        ],
        "L_Wrist": [
            -0.2905913479927681,
            0.2731585199609317,
            1.2489509122546147
        ],
        "R_Shoulder": [
            0.27984818229822955,
            0.06628325440734349,
            0.6191079051186423
        ],
        "R_Elbow": [
            0.3935007875841874,
            -0.21850378345276955,
            1.01451552270094
        ],
        "R_Wrist": [
            0.2654392587375348,
            -0.026511322844685763,
            1.3180423358703162
        ]
    }
}