{
    "video": "edition46_sequence_20.mp4",
    "peak_id": 4,
    "frame_idx": 1207,
    "timestamp": 48.28,
    "total_score": 0.691,
    "skeleton_3d": {
        "Pelvis": [
            0.0,
            0.0,
            0.0
        ],
        "R_Hip": [
            0.13471237219007065,
            -0.08642911057389427,
            0.0036448367969883983
        ],
        "R_Knee": [
            0.6302339648466725,
            0.1256387083071009,
            0.042478375748800784
        ],
        "R_Ankle": [
            1.1195024726451053,
            -0.0713487119281486,
            0.1808396129940626
        ],
        "L_Hip": [
            -0.1280054328139667,
            0.08337412499364608,
            -0.00996183341030113
        ],
        "L_Knee": [
            -0.5372083665434622,
            -0.25886795688333397,
            -0.4413186766580965
        ],
        "L_Ankle": [
            -0.9844134583130775,
            -0.7105830275866283,
            -0.8065039610356153
        ],
        "Spine": [
            -0.013713300842390452,
            0.16109043852877944,
            0.32419363065613305
        ],
        "Thorax": [
            0.0022190145420212127,
            0.4106653756762189,
            0.6468863912560414
        ],
        "Neck": [
            0.00013199796843372098,
            0.3085587324437588,
            0.8728992847365447
        ],
        "Head": [
            -0.013088322108807516,
            0.5591553488591458,
            0.9014781064316559
        ],
        "L_Shoulder": [
            -0.19242526430469734,
            0.277131686573803,
            0.6707815276637551
        ],
        "L_Elbow": [
            -0.25993699274771387,
            -0.07505467263085373,
            0.9769847606860057
        ],
        "L_Wrist": [
            -0.14275901445046424,
            -0.027488431763810616,
            1.2795998964018067
        ],
        "R_Shoulder": [
            0.20306116777510866,
            0.3310021484578313,
            0.5869935605461515
        ],
        "R_Elbow": [
            0.5605317850369855,
            0.1692233076210069,
            0.5130716820188836
        ],
        "R_Wrist": [
            0.9451996419619054,
            -0.014098166833125082,
            0.5298454474253353
        ]
    }
}