{
    "video": "edition46_sequence_1.mp4",
    "peak_id": 18,
    "frame_idx": 2657,
    "timestamp": 106.28,
    "total_score": 0.703,
    "skeleton_3d": {
        "Pelvis": [
            0.0,
            0.0,
            0.0
        ],
        "R_Hip": [
            0.12039700139102974,
            -0.05732959566079284,
            -0.056023750712038876
        ],
        "R_Knee": [
            0.008955156688708051,
            -0.3809456361213463,
            -0.680932543103754
        ],
        "R_Ankle": [
            0.04863200858624681,
            -0.5006876307505663,
            -1.3072316699784856
        ],
        "L_Hip": [
            -0.11945853894258635,
            0.09490381154728705,
            0.05634349447223501
        ],
        "L_Knee": [
            -0.6158566321144024,
            0.0033761814460457275,
            0.10514677003044128
        ],
        "L_Ankle": [
            -0.9508672979705876,
            -0.30924031391130724,
            0.1971415160633077
        ],
        "Spine": [
            0.09283811610653679,
            0.019565942850794136,
            0.32251909812503987
        ],
        "Thorax": [
            0.1803327411898736,
            0.20627048770057482,
            0.6820479145384507
        ],
        "Neck": [
            0.11812266248467725,
            0.07437456509587607,
            0.8789579451229058
        ],
        "Head": [
            0.13118054925163117,
            0.39475536201616784,
            0.9135724876633533
        ],
        "L_Shoulder": [
            -0.04548860696895366,
            0.21239093295989048,
            0.6798437083872061
        ],
        "L_Elbow": [
            -0.24980301127550716,
            0.05322395665030848,
            0.9501678066656309
        ],
        "L_Wrist": [
            -0.23324264792380753,
            0.025994336950659957,
            1.3091742999079767
        ],
        "R_Shoulder": [
            0.4160229423013885,
            -0.041463540661286415,
            0.6000134413408011
        ],
        "R_Elbow": [
            0.7253075038208593,
            -0.5182852066092897,
            0.5372320679651431
        ],
        "R_Wrist": [
            1.1115448162462074,
            -0.5974024178229342,
            0.5288914826769443
        ]
    }
}