{
    "video": "edition46_sequence_1.mp4",
    "peak_id": 15,
    "frame_idx": 2466,
    "timestamp": 98.64,
    "total_score": 0.847,
    "skeleton_3d": {
        "Pelvis": [
            0.0,
            0.0,
            0.0
        ],
        "R_Hip": [
            0.09750427385081953,
            -0.11008123408973133,
            -0.07644366866363692
        ],
        "R_Knee": [
            0.008966228155265007,
            -0.6257933068199614,
            -0.5816229318150788
        ],
        "R_Ankle": [
            -0.0015566752889423915,
            -0.9050362472840263,
            -1.1648823334278748
        ],
        "L_Hip": [
            -0.10325238950790652,
            0.11835677109828967,
            0.08096277708052231
        ],
        "L_Knee": [
            -0.5894736827167275,
            -0.15859671442939471,
            0.2453325573033874
        ],
        "L_Ankle": [
            -1.00996157759059,
            -0.6378803556735911,
            0.36384276152939954
        ],
        "Spine": [
            0.11496829892100208,
            0.1512756556977952,
            0.2911885277484965
        ],
        "Thorax": [
            0.21905370468149815,
            0.4377832195581573,
            0.6057734807625116
        ],
        "Neck": [
            0.17769127985477837,
            0.43032406537793294,
            0.8048434289881844
        ],
        "Head": [
            0.19940674337742864,
            0.627911117775476,
            0.8249351407335263
        ],
        "L_Shoulder": [
            0.02024647054711857,
            0.4832742968994446,
            0.5494715508746617
        ],
        "L_Elbow": [
            -0.3109510920553516,
            0.6989533882431704,
            0.5186196333174086
        ],
        "L_Wrist": [
            -0.6128150106446612,
            0.6994743904701495,
            0.6079583324457625
        ],
        "R_Shoulder": [
            0.4173551211024681,
            0.19158756922191125,
            0.6075190185004788
        ],
        "R_Elbow": [
            0.48730124750330134,
            -0.1985939168061857,
            0.9662035875664043
        ],
        "R_Wrist": [
            0.5239461036411752,
            -0.12640182743688155,
            1.2946862524503888
        ]
    }
}