{
    "video": "edition47_sequence_17.mp4",
    "peak_id": 3,
    "frame_idx": 493,
    "timestamp": 19.72,
    "total_score": 0.685,
    "skeleton_3d": {
        "Pelvis": [
            0.0,
            0.0,
            0.0
        ],
        "R_Hip": [
            0.05112387770296538,
            0.0517027832026683,
            -0.0012073396615815072
        ],
        "R_Knee": [
            -0.348066901495979,
            0.10550633065159798,
            -0.5681558471849643
        ],
        "R_Ankle": [
            -0.9415681838578704,
            -0.01196034593437894,
            -0.8280867601029092
        ],
        "L_Hip": [
            -0.050708247666181046,
            -0.06706072137130831,
            0.001249281982331237
        ],
        "L_Knee": [
            0.5359022025284221,
            0.24672758631548042,
            -0.17534721663244116
        ],
        "L_Ankle": [
            0.90811348122373,
            0.6566400826589008,
            -0.18949941576089924
        ],
        "Spine": [
            -0.027778660568042644,
            -0.013490239498359246,
            0.39349753800290205
        ],
        "Thorax": [
            -0.049381776471865195,
            -0.06468605154305401,
            0.8084929314223419
        ],
        "Neck": [
            -0.005062036902128358,
            -0.18547756759062056,
            1.004886591996155
        ],
        "Head": [
            -0.027403399410971852,
            -0.029146276792448814,
            1.0735738104729888
        ],
        "L_Shoulder": [
            -0.25706185039988544,
            -0.14429225016168049,
            0.7011441707782938
        ],
        "L_Elbow": [
            -0.4463696989596184,
            -0.47824151387127084,
            0.5009250612999708
        ],
        "L_Wrist": [
            -0.4134632906959241,
            -1.0117347872334068,
            0.4037576540559817
        ],
        "R_Shoulder": [
            0.16417458933950177,
            -0.008460959464175296,
            0.8469227277712199
        ],
        "R_Elbow": [
            0.404001455875501,
            0.23713820914987427,
            1.0255212473921014
        ],
        "R_Wrist": [
            0.5390574440725647,
            0.2792857718435954,
            1.3091160853259483
        ]
    }
}