{
    "video": "edition47_sequence_6.mp4",
    "peak_id": 5,
    "frame_idx": 1486,
    "timestamp": 59.44,
    "total_score": 0.571,
    "skeleton_3d": {
        "Pelvis": [
            0.0,
            0.0,
            0.0
        ],
        "R_Hip": [
            0.025968288901240987,
            -0.21357360007905163,
            -0.012882699786044756
        ],
        "R_Knee": [
            -0.593153876771853,
            -0.2365336190489806,
            -0.18969655725421677
        ],
        "R_Ankle": [
            -1.145891764313545,
            -0.3556397145259282,
            -0.2011759193305028
        ],
        "L_Hip": [
            -0.020990537639921817,
            0.21792281828945675,
            0.012276285513706893
        ],
        "L_Knee": [
            0.3375841705378851,
            0.47235552830093647,
            -0.4349065275373912
        ],
        "L_Ankle": [
            0.918137202388731,
            0.6788430815957917,
            -0.6980741487303209
        ],
        "Spine": [
            -0.07003916885703682,
            -0.03312294268246805,
            0.37077353979381567
        ],
        "Thorax": [
            -0.1033956367359318,
            -0.13377337117756263,
            0.7722664992283967
        ],
        "Neck": [
            -0.0474015258170256,
            -0.14451783889697994,
            1.0441371009181442
        ],
        "Head": [
            -0.014674682727735937,
            -0.18520955093262054,
            1.1065484701873158
        ],
        "L_Shoulder": [
            -0.2941941324219349,
            0.061277481829865955,
            0.7491633418642357
        ],
        "L_Elbow": [
            -0.7090455515144287,
            0.189352807676466,
            0.6278958297608166
        ],
        "L_Wrist": [
            -1.1510712291854248,
            0.03365098996656598,
            0.6261317510493118
        ],
        "R_Shoulder": [
            0.04715776118050948,
            -0.32743888565801976,
            0.6947837490906644
        ],
        "R_Elbow": [
            -0.04251703499736568,
            -0.8046609727797484,
            0.5541633592990992
        ],
        "R_Wrist": [
            -0.20193079784959744,
            -1.0806948275908252,
            0.5618687440986868
        ]
    }
}