{
    "video": "edition47_sequence_0.mp4",
    "peak_id": 3,
    "frame_idx": 880,
    "timestamp": 35.2,
    "total_score": 0.463,
    "skeleton_3d": {
        "Pelvis": [
            0.0,
            0.0,
            0.0
        ],
        "R_Hip": [
            -0.0740974622903153,
            -0.19913451208366753,
            0.01904518373156865
        ],
        "R_Knee": [
            -0.6932217977807191,
            0.26047438408595375,
            -0.025707268639833514
        ],
        "R_Ankle": [
            -0.36031467003514955,
            -0.3330725963631811,
            -0.3668934989469703
        ],
        "L_Hip": [
            0.07884364265830035,
            0.23295683258770467,
            -0.015796380651815812
        ],
        "L_Knee": [
            -0.05313546440925118,
            0.533067010194184,
            -0.640555798739592
        ],
        "L_Ankle": [
            -0.1312129218226403,
            0.7543563656323908,
            -1.1910388825601166
        ],
        "Spine": [
            0.023968467020331546,
            0.0035615397702840517,
            0.3333805525891029
        ],
        "Thorax": [
            0.04591362872990609,
            -0.017061887849694105,
            0.6822700493178764
        ],
        "Neck": [
            -0.12998648769121657,
            0.11813983090284201,
            0.7814957872290521
        ],
        "Head": [
            -0.08456158664223645,
            0.08172294374740785,
            0.8435895647518383
        ],
        "L_Shoulder": [
            0.17891973142004713,
            0.12258095776843171,
            0.6564797387072965
        ],
        "L_Elbow": [
            0.44352622939378594,
            0.4332885241652279,
            0.5046458421998239
        ],
        "L_Wrist": [
            0.7367767763729312,
            0.6110871889801994,
            0.36713176305504597
        ],
        "R_Shoulder": [
            -0.0637109222538466,
            -0.2430976911880083,
            0.6435707787444984
        ],
        "R_Elbow": [
            -0.30841177961952776,
            -0.5705962557841145,
            0.7710661009495675
        ],
        "R_Wrist": [
            -0.38524045059267914,
            -0.25494441485941344,
            1.0216854845078416
        ]
    }
}