{
    "video": "edition47_sequence_10.mp4",
    "peak_id": 7,
    "frame_idx": 1699,
    "timestamp": 67.96,
    "total_score": 0.611,
    "skeleton_3d": {
        "Pelvis": [
            0.0,
            0.0,
            0.0
        ],
        "R_Hip": [
            0.12071686017585163,
            0.07914460724004002,
            0.024669806976831965
        ],
        "R_Knee": [
            0.5993745465473952,
            0.17873570685065007,
            -0.3562585875380096
        ],
        "R_Ankle": [
            1.1261415297474442,
            0.3280883420804737,
            -0.5571991541115994
        ],
        "L_Hip": [
            -0.12747948251870103,
            -0.07881416067663623,
            -0.015934457419704624
        ],
        "L_Knee": [
            0.04609383981564793,
            -0.22709679467735627,
            -0.6447038079134415
        ],
        "L_Ankle": [
            0.15449044996259928,
            0.11645997343649628,
            -1.2839941153392564
        ],
        "Spine": [
            0.006822917027700262,
            -0.12553444932738056,
            0.3134233175025638
        ],
        "Thorax": [
            0.05191453682503842,
            -0.1509790676833496,
            0.6614282737775127
        ],
        "Neck": [
            0.247842819769914,
            -0.2948343915665964,
            0.8106045776506366
        ],
        "Head": [
            0.217929332340968,
            -0.11218211904818044,
            0.8870200094177473
        ],
        "L_Shoulder": [
            -0.17306634130881401,
            -0.20617915744253731,
            0.6304843727575432
        ],
        "L_Elbow": [
            -0.46546168753772693,
            -0.1324450041086509,
            0.5174342647266685
        ],
        "L_Wrist": [
            -0.7015108200573503,
            -0.48189779147854434,
            0.46310446979419173
        ],
        "R_Shoulder": [
            0.25890167156894317,
            -0.11867899585494543,
            0.5957643355546406
        ],
        "R_Elbow": [
            0.5149121731622475,
            0.1604628249135156,
            0.38394171448647596
        ],
        "R_Wrist": [
            0.7322366575281307,
            -0.09843482636262119,
            0.22730164442611783
        ]
    }
}