{
    "video": "edition47_sequence_14.mp4",
    "peak_id": 5,
    "frame_idx": 1054,
    "timestamp": 42.16,
    "total_score": 0.591,
    "skeleton_3d": {
        "Pelvis": [
            0.0,
            0.0,
            0.0
        ],
        "R_Hip": [
            0.03688103703377385,
            -0.08688002641343444,
            0.029604816984848275
        ],
        "R_Knee": [
            0.4325898867139746,
            -0.33303185856143247,
            0.030411072824730077
        ],
        "R_Ankle": [
            0.7586883034114351,
            -0.6814689477960097,
            0.004890717594047255
        ],
        "L_Hip": [
            -0.03469544632204646,
            0.10530179600232617,
            -0.03475157949583815
        ],
        "L_Knee": [
            0.06290687972307492,
            0.2188656888559843,
            -0.58936611145381
        ],
        "L_Ankle": [
            0.05869566794460957,
            0.12250570326492646,
            -1.0835397086528609
        ],
        "Spine": [
            -0.033430127394769964,
            0.11980468907162493,
            0.31038024512227963
        ],
        "Thorax": [
            -0.037845983592462586,
            0.24377309436866368,
            0.6556943654114864
        ],
        "Neck": [
            -0.07886802779689707,
            0.25973217149095174,
            0.8211361525071706
        ],
        "Head": [
            -0.05206104036656649,
            0.410550054430831,
            0.8494168069763254
        ],
        "L_Shoulder": [
            -0.11940632628781578,
            0.3312709914444992,
            0.6348308076316642
        ],
        "L_Elbow": [
            -0.19799567801714998,
            0.39132762511560726,
            0.8385914564067812
        ],
        "L_Wrist": [
            -0.20301354814018402,
            0.4393032234343354,
            1.1230543468368954
        ],
        "R_Shoulder": [
            0.036040328091097557,
            0.03588660051476027,
            0.6246935063642816
        ],
        "R_Elbow": [
            -0.021186228583462308,
            -0.31018590027862863,
            0.9055073672072986
        ],
        "R_Wrist": [
            -0.06962234582306955,
            -0.18179128078022125,
            1.1867427413456313
        ]
    }
}