{
    "video": "edition47_sequence_15.mp4",
    "peak_id": 3,
    "frame_idx": 1638,
    "timestamp": 65.52,
    "total_score": 0.861,
    "skeleton_3d": {
        "Pelvis": [
            0.0,
            0.0,
            0.0
        ],
        "R_Hip": [
            0.016168650575858378,
            -0.16593585728742452,
            -0.00042166079409330654
        ],
        "R_Knee": [
            -0.43682288697002236,
            -0.15768661986634752,
            -0.10590517519765108
        ],
        "R_Ankle": [
            -0.8302998223492222,
            -0.21877607949574487,
            -0.09891778901434341
        ],
        "L_Hip": [
            -0.016545243348182016,
            0.16364523531159114,
            -0.00040733343587816495
        ],
        "L_Knee": [
            0.13429544038114372,
            0.2456074735476091,
            -0.5664375153761416
        ],
        "L_Ankle": [
            0.41023050361580016,
            0.3455966832835775,
            -1.0822428110021416
        ],
        "Spine": [
            0.046870158515959895,
            -0.025945576665262985,
            0.3154144190271677
        ],
        "Thorax": [
            0.09136221870632169,
            -0.13021490676206687,
            0.6580296597168662
        ],
        "Neck": [
            -0.03482732603317271,
            -0.15051282384109665,
            0.8539945212252237
        ],
        "Head": [
            0.011165668737525128,
            -0.1888833630837939,
            0.9037453712372165
        ],
        "L_Shoulder": [
            0.1453857170297497,
            0.056889391010509834,
            0.6456923810461245
        ],
        "L_Elbow": [
            0.38414875774551394,
            0.3671074088634399,
            0.6095045104560204
        ],
        "L_Wrist": [
            0.5135515832021249,
            0.6231196281781689,
            0.6238364230631774
        ],
        "R_Shoulder": [
            0.05438337831541645,
            -0.28600623536783526,
            0.5892961037846476
        ],
        "R_Elbow": [
            -0.08742878364706545,
            -0.6898036602618698,
            0.5161383355421268
        ],
        "R_Wrist": [
            -0.3108494238178476,
            -0.8995988819566874,
            0.5784680367680122
        ]
    }
}