{
    "video": "edition47_sequence_18.mp4",
    "peak_id": 0,
    "frame_idx": 802,
    "timestamp": 32.08,
    "total_score": 0.522,
    "skeleton_3d": {
        "Pelvis": [
            0.0,
            0.0,
            0.0
        ],
        "R_Hip": [
            0.040928603273854995,
            -0.20930244155540959,
            -0.005958566631337246
        ],
        "R_Knee": [
            -0.016099122403017065,
            -0.48410593419704995,
            -0.5843472407925167
        ],
        "R_Ankle": [
            0.007835360639096664,
            -0.6192429509922768,
            -1.1708239035387364
        ],
        "L_Hip": [
            -0.037435419415872806,
            0.1978988809973194,
            -3.337984152358585e-05
        ],
        "L_Knee": [
            0.28131036290790906,
            0.686716697728676,
            -0.11448257755406521
        ],
        "L_Ankle": [
            0.603710780892598,
            1.184840575849369,
            -0.25672955357769134
        ],
        "Spine": [
            -0.022325482786767936,
            -0.011691660380763984,
            0.33587792637890246
        ],
        "Thorax": [
            -0.022864130110401514,
            0.05475570590116824,
            0.7037248396463271
        ],
        "Neck": [
            -0.15065403350653153,
            0.0704600901534695,
            0.8268580945425446
        ],
        "Head": [
            -0.11825353269050375,
            0.22577035987913294,
            0.8809018594209949
        ],
        "L_Shoulder": [
            -0.1214003510202955,
            0.19606347981436995,
            0.6754445901655384
        ],
        "L_Elbow": [
            -0.2722713932346369,
            0.3956927744454658,
            0.8726768545340815
        ],
        "L_Wrist": [
            -0.3547905207151627,
            0.3400792033056492,
            1.1612367891821591
        ],
        "R_Shoulder": [
            0.08855928265704739,
            -0.2528162969978052,
            0.6695669828958646
        ],
        "R_Elbow": [
            0.1485107297774647,
            -0.6681504060022542,
            0.8909198386526036
        ],
        "R_Wrist": [
            0.03166003128788067,
            -0.5494201111546241,
            1.159121884810325
        ]
    }
}