{
    "video": "edition47_sequence_18.mp4",
    "peak_id": 3,
    "frame_idx": 1622,
    "timestamp": 64.88,
    "total_score": 0.793,
    "skeleton_3d": {
        "Pelvis": [
            0.0,
            0.0,
            0.0
        ],
        "R_Hip": [
            0.1471962122368477,
            -0.06618358913375677,
            -0.022807627265908334
        ],
        "R_Knee": [
            0.5208157489403467,
            -0.3666503163851348,
            -0.3637281677636553
        ],
        "R_Ankle": [
            0.9434912550869933,
            -0.7602992704074709,
            -0.7086577995013422
        ],
        "L_Hip": [
            -0.1487142451373176,
            0.06415652739257577,
            0.0196554428704879
        ],
        "L_Knee": [
            -0.6321298398088676,
            0.04327457582004251,
            -0.050468237657144775
        ],
        "L_Ankle": [
            -1.0851040740478557,
            -0.07280588095973613,
            0.01579183855288266
        ],
        "Spine": [
            0.00826353214944843,
            0.1771662037499397,
            0.29262074501840685
        ],
        "Thorax": [
            0.020467589625541203,
            0.4221144598043143,
            0.6052722862639602
        ],
        "Neck": [
            0.01890517311386064,
            0.32523141851823195,
            0.8280769682646127
        ],
        "Head": [
            0.029587241643878593,
            0.5730735676694291,
            0.8503707707499442
        ],
        "L_Shoulder": [
            -0.19092170921761328,
            0.35900492297628545,
            0.5848282529887057
        ],
        "L_Elbow": [
            -0.5563268472079339,
            0.2625568909747763,
            0.5235622439963002
        ],
        "L_Wrist": [
            -0.8131015885791721,
            -0.015782470443359193,
            0.5845367953165592
        ],
        "R_Shoulder": [
            0.2352908902737833,
            0.2795283009165916,
            0.5785340445748818
        ],
        "R_Elbow": [
            0.5352762394247609,
            -0.009191985738110163,
            0.5560968356253667
        ],
        "R_Wrist": [
            0.8408010019340643,
            -0.057856083652142086,
            0.6043534011196366
        ]
    }
}