{
    "video": "edition47_sequence_6.mp4",
    "peak_id": 6,
    "frame_idx": 1554,
    "timestamp": 62.16,
    "total_score": 0.636,
    "skeleton_3d": {
        "Pelvis": [
            0.0,
            0.0,
            0.0
        ],
        "R_Hip": [
            0.09626373201551432,
            0.03909820257517358,
            -0.05058008800098565
        ],
        "R_Knee": [
            0.100715808788825,
            -0.06006340290847417,
            -0.6351174090326199
        ],
        "R_Ankle": [
            0.21341495592390358,
            0.11744581287726709,
            -1.176874350405671
        ],
        "L_Hip": [
            -0.09994879113842325,
            0.03451790483672133,
            0.05661467102450127
        ],
        "L_Knee": [
            -0.6060352408074734,
            0.18295751231918161,
            0.06187412027332354
        ],
        "L_Ankle": [
            -1.10646773737477,
            0.29334801723690906,
            0.16302315698878644
        ],
        "Spine": [
            0.12616841361573955,
            -0.1320616732138005,
            0.26434239397378323
        ],
        "Thorax": [
            0.24791146969269873,
            -0.08356044828532612,
            0.5702538956407758
        ],
        "Neck": [
            0.2959779927461515,
            -0.21724877720751437,
            0.7724915560043316
        ],
        "Head": [
            0.30755356797614114,
            0.015443916698353054,
            0.8175741552285856
        ],
        "L_Shoulder": [
            0.040929040903490845,
            -0.20716897734155945,
            0.5827082200807735
        ],
        "L_Elbow": [
            -0.3074828686306891,
            -0.1892551355440428,
            0.43317905427276976
        ],
        "L_Wrist": [
            -0.1898733157682933,
            -0.43645882149500276,
            0.181631385278052
        ],
        "R_Shoulder": [
            0.4451742092945762,
            -0.13103861504884565,
            0.4703434271603291
        ],
        "R_Elbow": [
            0.772979376470254,
            -0.3609252264061905,
            0.3326643547646912
        ],
        "R_Wrist": [
            1.1147807560819518,
            -0.6589611019808382,
            0.2747248111232166
        ]
    }
}