{
    "video": "edition47_sequence_15.mp4",
    "peak_id": 4,
    "frame_idx": 1993,
    "timestamp": 79.72,
    "total_score": 0.658,
    "skeleton_3d": {
        "Pelvis": [
            0.0,
            0.0,
            0.0
        ],
        "R_Hip": [
            0.14858459267806096,
            -0.0615141175538517,
            -0.01516921713426221
        ],
        "R_Knee": [
            0.7535999026782471,
            0.021966347593241262,
            -0.02720961649944834
        ],
        "R_Ankle": [
            1.3235092588507915,
            -0.2642277989766122,
            0.11497668024338015
        ],
        "L_Hip": [
            -0.14890438501398934,
            0.05534406977166343,
            0.012261858792038538
        ],
        "L_Knee": [
            -0.5483735321986685,
            -0.40189176158861206,
            -0.3869225010148926
        ],
        "L_Ankle": [
            -0.8423662468214743,
            -0.965960200738437,
            -0.6348346987370252
        ],
        "Spine": [
            0.032760059565727306,
            0.18060369198215256,
            0.34416206686469897
        ],
        "Thorax": [
            0.09691912073628257,
            0.4159949540294378,
            0.700139406122777
        ],
        "Neck": [
            0.16481563943721556,
            0.299004741365597,
            0.9181955522186093
        ],
        "Head": [
            0.13586176618950982,
            0.5375372933468213,
            0.9682496028759682
        ],
        "L_Shoulder": [
            -0.10983044898743585,
            0.31096025967323615,
            0.7297916578023835
        ],
        "L_Elbow": [
            -0.21038619174799203,
            -0.031091172750301394,
            1.0168768278249314
        ],
        "L_Wrist": [
            -0.20367720953879057,
            -0.13876793132361467,
            1.3904668232428994
        ],
        "R_Shoulder": [
            0.29686668825787366,
            0.3035222524236085,
            0.62890784560958
        ],
        "R_Elbow": [
            0.5697232659463508,
            -0.07004273586420612,
            0.5494427973941539
        ],
        "R_Wrist": [
            0.8555776480743819,
            -0.4399026245418125,
            0.5356509192315702
        ]
    }
}