{
    "video": "edition47_sequence_15.mp4",
    "peak_id": 0,
    "frame_idx": 483,
    "timestamp": 19.32,
    "total_score": 0.9,
    "skeleton_3d": {
        "Pelvis": [
            0.0,
            0.0,
            0.0
        ],
        "R_Hip": [
            0.10944290936030744,
            -0.02138901984225349,
            -0.043398503153278804
        ],
        "R_Knee": [
            -0.05993872869518963,
            -0.25311649792161744,
            -0.6785585468532602
        ],
        "R_Ankle": [
            -0.19557274002297514,
            -0.2566258629313349,
            -1.27729613562158
        ],
        "L_Hip": [
            -0.11006137978535933,
            0.07763962794752124,
            0.04812609825051897
        ],
        "L_Knee": [
            -0.6186416973491294,
            0.0686220488295173,
            0.21205941571669795
        ],
        "L_Ankle": [
            -1.0348565466602035,
            -0.029688072630096117,
            0.5466342337947132
        ],
        "Spine": [
            0.07007990068968648,
            -0.04700619506009222,
            0.27581348421901986
        ],
        "Thorax": [
            0.13219467199434093,
            0.1114662132756658,
            0.5854836095468634
        ],
        "Neck": [
            0.1557721134620531,
            0.028905116477183312,
            0.7794294807883939
        ],
        "Head": [
            0.17839347993311747,
            0.3061695092690198,
            0.8139852748203474
        ],
        "L_Shoulder": [
            -0.08071271739040026,
            0.05387830179307408,
            0.5330404900192364
        ],
        "L_Elbow": [
            -0.3542871583769312,
            0.11486250967858438,
            0.3151760227357377
        ],
        "L_Wrist": [
            -0.5034664194899208,
            -0.20687036115658897,
            0.24780288664629316
        ],
        "R_Shoulder": [
            0.3425062735414612,
            -0.033079759480616276,
            0.5672548296686478
        ],
        "R_Elbow": [
            0.46907617414247876,
            -0.4598421334419278,
            0.8051177088665765
        ],
        "R_Wrist": [
            0.47122945176367587,
            -0.3101531982426086,
            1.122523324059967
        ]
    }
}