{
    "video": "edition47_sequence_18.mp4",
    "peak_id": 5,
    "frame_idx": 1828,
    "timestamp": 73.12,
    "total_score": 0.756,
    "skeleton_3d": {
        "Pelvis": [
            0.0,
            0.0,
            0.0
        ],
        "R_Hip": [
            -0.14641481651744404,
            0.07609458970591097,
            0.003614946749685681
        ],
        "R_Knee": [
            -0.55122126649985,
            0.6193083764826723,
            -0.050556492032307866
        ],
        "R_Ankle": [
            -0.8567331612995669,
            0.9281430557353405,
            0.0056561916530635595
        ],
        "L_Hip": [
            0.14890080173640358,
            -0.09913004886331721,
            -0.011507034641290942
        ],
        "L_Knee": [
            0.581175661100911,
            0.3359927791080137,
            -0.2726047478412041
        ],
        "L_Ankle": [
            1.0532548539856585,
            0.4229398292782683,
            -0.5021299403599497
        ],
        "Spine": [
            -0.014568317162205822,
            -0.11129726282471458,
            0.3226262034810459
        ],
        "Thorax": [
            -0.010948058410241586,
            -0.3268934545563169,
            0.6528412149176387
        ],
        "Neck": [
            -0.031747852222787386,
            -0.2784908198490393,
            0.8144243363232426
        ],
        "Head": [
            -0.01653669086168666,
            -0.5130767849498041,
            0.8442024700175216
        ],
        "L_Shoulder": [
            0.1864459962033903,
            -0.30136188849581663,
            0.5864803963808456
        ],
        "L_Elbow": [
            0.21725122605808955,
            0.0234382405178049,
            0.29182858226075903
        ],
        "L_Wrist": [
            0.1882902851776195,
            0.44929674108808176,
            0.09651255123585457
        ],
        "R_Shoulder": [
            -0.21119734718170818,
            -0.1918042698651944,
            0.6670084227081723
        ],
        "R_Elbow": [
            -0.28932929061723367,
            0.09442869450550528,
            1.0076363077825887
        ],
        "R_Wrist": [
            -0.3127767162159644,
            0.10552054901285463,
            1.3415244946048266
        ]
    }
}