{
    "video": "edition47_sequence_0.mp4",
    "peak_id": 0,
    "frame_idx": 7,
    "timestamp": 0.28,
    "total_score": 0.575,
    "skeleton_3d": {
        "Pelvis": [
            0.0,
            0.0,
            0.0
        ],
        "R_Hip": [
            0.15770965798709768,
            0.036767136412409446,
            -0.003459428200114832
        ],
        "R_Knee": [
            0.5892095190127392,
            -0.24960804650416502,
            -0.2592845894243447
        ],
        "R_Ankle": [
            0.33037081516882405,
            0.023705596123491067,
            0.22044748261411576
        ],
        "L_Hip": [
            -0.17688581982818985,
            -0.036479346922141886,
            0.00928711862617276
        ],
        "L_Knee": [
            0.07987861244677524,
            -0.45028109307367964,
            -0.26205191056762706
        ],
        "L_Ankle": [
            0.44202347284811366,
            -0.43800236406043846,
            -0.6329638144229307
        ],
        "Spine": [
            0.13982844038789405,
            -0.22008319212010619,
            -0.1322666823285649
        ],
        "Thorax": [
            0.2979642509303044,
            -0.42045475277441424,
            -0.2703845731388995
        ],
        "Neck": [
            0.15710791292549386,
            -0.5789369758995265,
            0.1144705755556619
        ],
        "Head": [
            0.19536757068078314,
            -0.5643810946853326,
            0.17421403704608798
        ],
        "L_Shoulder": [
            -0.0008134121213166338,
            -0.4405635282013614,
            -0.2738587225647271
        ],
        "L_Elbow": [
            -0.19266040609094687,
            -0.43501488279765527,
            -0.6121592516327229
        ],
        "L_Wrist": [
            -0.17996298985941606,
            -0.5355544812021533,
            -0.3143945152004929
        ],
        "R_Shoulder": [
            0.5982148997094175,
            -0.4038761990842412,
            -0.25962724689764227
        ],
        "R_Elbow": [
            0.8296252073009596,
            -0.41955795485355557,
            -0.6093079417077826
        ],
        "R_Wrist": [
            0.8070300407880817,
            -0.4990885688945338,
            -0.30694093720531906
        ]
    }
}