{
    "video": "edition47_sequence_0.mp4",
    "peak_id": 2,
    "frame_idx": 827,
    "timestamp": 33.08,
    "total_score": 0.437,
    "skeleton_3d": {
        "Pelvis": [
            0.0,
            0.0,
            0.0
        ],
        "R_Hip": [
            0.11008542721426313,
            0.06805972594952567,
            0.030967570563908357
        ],
        "R_Knee": [
            0.5038094594279894,
            -0.4799783166679238,
            -0.047385276853422635
        ],
        "R_Ankle": [
            0.1492596784883063,
            -0.3853572955558185,
            -0.38240780697881804
        ],
        "L_Hip": [
            -0.11158404170948544,
            -0.05391804353878538,
            -0.028407100585521414
        ],
        "L_Knee": [
            -0.0058542599623619945,
            -0.18770919361397614,
            -0.6327777747456631
        ],
        "L_Ankle": [
            0.025785128119316585,
            -0.16331883827928637,
            -1.2486206044557628
        ],
        "Spine": [
            -0.02091093222398481,
            0.08336517228651809,
            0.33490889917193745
        ],
        "Thorax": [
            -0.008139624230438337,
            0.23130013734588575,
            0.7120201643837734
        ],
        "Neck": [
            -0.11340092784217914,
            0.14823846148399467,
            0.9313147237922451
        ],
        "Head": [
            -0.08452626883509172,
            0.36987757611480887,
            0.9771561503481714
        ],
        "L_Shoulder": [
            -0.2092704145784501,
            0.2760349376635402,
            0.6848148519739263
        ],
        "L_Elbow": [
            -0.5072995454058775,
            0.31426043292540023,
            0.9021652484836643
        ],
        "L_Wrist": [
            -0.6771601224590816,
            0.25167845104966013,
            1.194325630222937
        ],
        "R_Shoulder": [
            0.18398860368606598,
            -0.0017583705348712167,
            0.64950868365853
        ],
        "R_Elbow": [
            0.17446443770867184,
            -0.544184588713966,
            0.5331212494848679
        ],
        "R_Wrist": [
            -0.22947600976445084,
            -0.7817819164593081,
            0.5246623869832042
        ]
    }
}