{
    "video": "edition47_sequence_0.mp4",
    "peak_id": 9,
    "frame_idx": 1785,
    "timestamp": 71.4,
    "total_score": 0.929,
    "skeleton_3d": {
        "Pelvis": [
            0.0,
            0.0,
            0.0
        ],
        "R_Hip": [
            0.058173760858179206,
            0.03958880863266229,
            0.03250572360929908
        ],
        "R_Knee": [
            0.6997397164415718,
            0.12294902620517381,
            0.07578339043930447
        ],
        "R_Ankle": [
            1.2722426355152354,
            0.0030585650771149412,
            0.2197286115141468
        ],
        "L_Hip": [
            -0.05085896213107541,
            0.0009108301030035944,
            -0.03415245699550624
        ],
        "L_Knee": [
            -0.03257927628127428,
            0.12768001922314187,
            -0.6946530674600983
        ],
        "L_Ankle": [
            -0.10448243262309097,
            0.35636447087641754,
            -1.293205417922796
        ],
        "Spine": [
            -0.07549058840346887,
            -0.06784828763219003,
            0.32821333060608626
        ],
        "Thorax": [
            -0.12277423861724505,
            -0.035872720744719234,
            0.6798779517857604
        ],
        "Neck": [
            -0.2850423643895273,
            -0.045971162554481595,
            0.8815985592659503
        ],
        "Head": [
            -0.24153954269277272,
            0.1593129139672738,
            0.9253092495651968
        ],
        "L_Shoulder": [
            -0.20814069543018146,
            0.016717390319118345,
            0.6359437128655585
        ],
        "L_Elbow": [
            -0.11727863435747264,
            0.0411500253653268,
            0.692873347120549
        ],
        "L_Wrist": [
            -0.12849958701746325,
            0.2367878851951874,
            0.7089490629605091
        ],
        "R_Shoulder": [
            -0.012166266553599373,
            -0.1551021151228176,
            0.6394225862953162
        ],
        "R_Elbow": [
            0.29684939279654127,
            -0.3097482094159811,
            0.6030677878447321
        ],
        "R_Wrist": [
            0.6510642478734621,
            -0.4279182591970922,
            0.7110597209255145
        ]
    }
}