{
    "video": "edition47_sequence_18.mp4",
    "peak_id": 8,
    "frame_idx": 2083,
    "timestamp": 83.32,
    "total_score": 0.527,
    "skeleton_3d": {
        "Pelvis": [
            0.0,
            0.0,
            0.0
        ],
        "R_Hip": [
            0.15464857437384028,
            -0.11712654654325204,
            0.011473943183529267
        ],
        "R_Knee": [
            0.6080780178578888,
            0.1350064609190301,
            0.00380198922570804
        ],
        "R_Ankle": [
            1.008137410547936,
            -0.09807383493358088,
            0.061398485496619824
        ],
        "L_Hip": [
            -0.15031494050859714,
            0.10915219436458751,
            -0.014679046910106474
        ],
        "L_Knee": [
            -0.6087316961112935,
            -0.13808811487535427,
            -0.2641478613430623
        ],
        "L_Ankle": [
            -1.0724153814688993,
            -0.562540386189846,
            -0.5055234397106126
        ],
        "Spine": [
            0.005632960017603385,
            0.20934392779433783,
            0.297699999958792
        ],
        "Thorax": [
            0.031962777760823055,
            0.45348662690215236,
            0.6149389048718286
        ],
        "Neck": [
            0.09155950336150953,
            0.3736173357787639,
            0.8069081809131595
        ],
        "Head": [
            0.0553119002976933,
            0.6301628789916872,
            0.8287072226223966
        ],
        "L_Shoulder": [
            -0.11862018865570725,
            0.39975350291122397,
            0.5654261710684468
        ],
        "L_Elbow": [
            -0.3592024997001266,
            0.21862048460055472,
            0.5451886126873786
        ],
        "L_Wrist": [
            -0.5700814677646459,
            0.3859371394035265,
            0.5785213203131431
        ],
        "R_Shoulder": [
            0.17592268597811891,
            0.31536530560125536,
            0.6409624875718051
        ],
        "R_Elbow": [
            0.31394360667472787,
            -0.00015221239473049258,
            0.8980602096918234
        ],
        "R_Wrist": [
            0.41187213908006987,
            0.08114450332194263,
            1.1332337800110746
        ]
    }
}