{
    "video": "edition47_sequence_10.mp4",
    "peak_id": 0,
    "frame_idx": 1069,
    "timestamp": 42.76,
    "total_score": 0.558,
    "skeleton_3d": {
        "Pelvis": [
            0.0,
            0.0,
            0.0
        ],
        "R_Hip": [
            0.13256231439785032,
            -0.07031082935638293,
            0.028380731855139563
        ],
        "R_Knee": [
            0.6050397758888734,
            0.17587819472421304,
            0.029674196737731764
        ],
        "R_Ankle": [
            1.0263468137585696,
            0.2022199671585176,
            0.21280074980409533
        ],
        "L_Hip": [
            -0.1271219275369384,
            0.11652275370908469,
            -0.025200650258439525
        ],
        "L_Knee": [
            -0.10972754975384097,
            -0.04805898614705556,
            -0.6310316814225574
        ],
        "L_Ankle": [
            -0.1180087467557394,
            0.1582063321345183,
            -1.1862470896306743
        ],
        "Spine": [
            -0.043975090774531114,
            -0.0063785604095285275,
            0.3292700315127437
        ],
        "Thorax": [
            -0.029211146832802435,
            0.11296028274704374,
            0.6751199310659874
        ],
        "Neck": [
            0.08963591924731294,
            -0.018450291403087793,
            0.9191717887432274
        ],
        "Head": [
            0.06649983607951791,
            0.205693619812454,
            0.9586476650301322
        ],
        "L_Shoulder": [
            -0.2551292384473843,
            0.12142016625547807,
            0.6659061900998108
        ],
        "L_Elbow": [
            -0.537275365012307,
            0.2254199488237873,
            0.856411613736878
        ],
        "L_Wrist": [
            -0.7443573260033204,
            0.11639040718938595,
            1.0788952968738763
        ],
        "R_Shoulder": [
            0.18104851841704453,
            -0.001544256114496403,
            0.5956451158907533
        ],
        "R_Elbow": [
            0.429886017557843,
            -0.15374487749554136,
            0.3088896087601219
        ],
        "R_Wrist": [
            0.18952031275022058,
            -0.4243496441721127,
            0.16027003035040957
        ]
    }
}