{
    "video": "edition47_sequence_16.mp4",
    "peak_id": 5,
    "frame_idx": 1436,
    "timestamp": 57.44,
    "total_score": 0.475,
    "skeleton_3d": {
        "Pelvis": [
            0.0,
            0.0,
            0.0
        ],
        "R_Hip": [
            0.09831927287589654,
            -0.1621153271019419,
            -0.0005210961009894467
        ],
        "R_Knee": [
            0.08246325105807044,
            -0.4304515646468475,
            -0.5464939176258791
        ],
        "R_Ankle": [
            0.03464655446712125,
            -0.7620453097675086,
            -1.0584226299407087
        ],
        "L_Hip": [
            -0.09209521436353933,
            0.1556283252427074,
            -0.0005806900717225486
        ],
        "L_Knee": [
            -0.027080785108003158,
            0.635854374454315,
            -0.4759593867724751
        ],
        "L_Ankle": [
            0.22346743283903914,
            0.5321827365666298,
            -0.23542778725902008
        ],
        "Spine": [
            0.008879949189701574,
            0.057832349381492155,
            0.3294079807378721
        ],
        "Thorax": [
            0.058957618237326564,
            0.2516151249675865,
            0.7020536947532608
        ],
        "Neck": [
            0.15266288561697897,
            0.08777220602573184,
            0.8524048685446746
        ],
        "Head": [
            0.14305969094973855,
            0.36944349119071007,
            0.9022049614613363
        ],
        "L_Shoulder": [
            -0.12657780703102733,
            0.18565386703110406,
            0.7229382713721614
        ],
        "L_Elbow": [
            -0.3440710320898043,
            0.0338431049670234,
            0.9765991048586592
        ],
        "L_Wrist": [
            -0.5188965918692999,
            -0.10038415003627786,
            1.227541490144847
        ],
        "R_Shoulder": [
            0.222434746577678,
            0.12591566434147827,
            0.6048258305225549
        ],
        "R_Elbow": [
            0.5117828375110486,
            0.21967418630798213,
            0.3992607425203723
        ],
        "R_Wrist": [
            0.8135877237157133,
            0.12270755987280256,
            0.19783542895313913
        ]
    }
}