{
    "video": "edition20_sequence_8.mp4",
    "peak_id": 5,
    "frame_idx": 1281,
    "timestamp": 51.24,
    "total_score": 0.794,
    "skeleton_3d": {
        "Pelvis": [
            0.0,
            0.0,
            0.0
        ],
        "R_Hip": [
            0.08881953126543346,
            0.1602645440883964,
            0.05841623220687986
        ],
        "R_Knee": [
            0.24913414995250507,
            0.005842519570321528,
            0.5788676867044272
        ],
        "R_Ankle": [
            0.3127533870930139,
            -0.028119528689651993,
            1.118887048763086
        ],
        "L_Hip": [
            -0.09422927735842494,
            -0.16782640265443022,
            -0.05471081212569658
        ],
        "L_Knee": [
            -0.02920750046148338,
            -0.10558913853382886,
            -0.7064871145012563
        ],
        "L_Ankle": [
            -0.03305568504893972,
            -0.06160852903453323,
            -1.2710183040117313
        ],
        "Spine": [
            -0.04503115238775698,
            -0.05449517279247372,
            0.3354924520550613
        ],
        "Thorax": [
            -0.05635544234360161,
            -0.03565010763325389,
            0.6712455926855847
        ],
        "Neck": [
            -0.04511630068138707,
            -0.09833434929019301,
            0.8927710929722772
        ],
        "Head": [
            -0.05400454194624011,
            -0.009697303964828067,
            0.9324184349741192
        ],
        "L_Shoulder": [
            -0.24440959903989934,
            -0.15480501690045315,
            0.7008021335019224
        ],
        "L_Elbow": [
            -0.3799438057336685,
            -0.39709653558197805,
            0.9847902658170783
        ],
        "L_Wrist": [
            -0.45215995305897516,
            -0.3464909385605976,
            1.2997325320934698
        ],
        "R_Shoulder": [
            0.12272414362069169,
            0.09206120114627668,
            0.6318708512152013
        ],
        "R_Elbow": [
            0.31894402489749774,
            0.14153097455095878,
            0.51819333706994
        ],
        "R_Wrist": [
            0.3021194465292843,
            -0.02129733708956064,
            0.8536279474155951
        ]
    }
}