{
    "video": "edition20_sequence_8.mp4",
    "peak_id": 3,
    "frame_idx": 925,
    "timestamp": 37.0,
    "total_score": 0.806,
    "skeleton_3d": {
        "Pelvis": [
            0.0,
            0.0,
            0.0
        ],
        "R_Hip": [
            0.029913706040971436,
            0.15732728548233696,
            0.03738110648743075
        ],
        "R_Knee": [
            0.6079521362889235,
            0.327070183530566,
            -0.025608656563181804
        ],
        "R_Ankle": [
            1.139755702324557,
            0.6530306407541361,
            -0.038931311282931945
        ],
        "L_Hip": [
            -0.030551914027441878,
            -0.1394538882501624,
            -0.031500878786947524
        ],
        "L_Knee": [
            -0.03403057323919151,
            -0.09754001647877067,
            -0.739967353086575
        ],
        "L_Ankle": [
            0.20414051243374115,
            -0.10742751396836069,
            -1.3073587861530644
        ],
        "Spine": [
            -0.07575707425367506,
            -0.07120241605343149,
            0.34871898797404965
        ],
        "Thorax": [
            -0.14693270642016504,
            -0.14734348972967004,
            0.7086364355300236
        ],
        "Neck": [
            -0.2641610923829044,
            -0.18025710210109944,
            0.9372653247862374
        ],
        "Head": [
            -0.2222798125261116,
            -0.1477119574090995,
            0.9715684968573601
        ],
        "L_Shoulder": [
            -0.1669594408236746,
            -0.09157972096843868,
            0.7449660997774769
        ],
        "L_Elbow": [
            -0.26397005339800206,
            -0.0029954409088179972,
            1.07306545416377
        ],
        "L_Wrist": [
            -0.32929187783944297,
            -0.06228223174154807,
            1.3486448669048838
        ],
        "R_Shoulder": [
            -0.12253414295770824,
            -0.04322503401505508,
            0.6766772029213294
        ],
        "R_Elbow": [
            -0.2354558400213173,
            -0.015528751781421804,
            1.030053559479459
        ],
        "R_Wrist": [
            -0.3768943851809244,
            -0.01597833533584124,
            1.3495953455362601
        ]
    }
}