{
    "video": "edition20_sequence_8.mp4",
    "peak_id": 10,
    "frame_idx": 1779,
    "timestamp": 71.16,
    "total_score": 0.85,
    "skeleton_3d": {
        "Pelvis": [
            0.0,
            0.0,
            0.0
        ],
        "R_Hip": [
            -0.14336256186617133,
            -0.15240421064433357,
            0.016872782531052722
        ],
        "R_Knee": [
            -0.634921129451868,
            0.1780323904947355,
            -0.03513452604586738
        ],
        "R_Ankle": [
            -1.0488191875693698,
            0.42113847295084167,
            0.14141129941455313
        ],
        "L_Hip": [
            0.1363052233499597,
            0.15578389597523085,
            -0.020747623020901565
        ],
        "L_Knee": [
            0.5181617128187789,
            0.04970496353690317,
            -0.5063171821187455
        ],
        "L_Ankle": [
            0.9639123378748551,
            -0.21818137503414892,
            -0.9127748036835868
        ],
        "Spine": [
            -0.05860968686800407,
            0.0034569681851384336,
            0.36509002192686557
        ],
        "Thorax": [
            -0.11465782024204722,
            0.03526238930686068,
            0.7180834457145927
        ],
        "Neck": [
            -0.30844497545957916,
            0.013496311878563495,
            0.8920585547022171
        ],
        "Head": [
            -0.27689945383312137,
            -0.02432069454727983,
            0.9529613320016145
        ],
        "L_Shoulder": [
            -0.03897137071681273,
            0.2157622020139826,
            0.7227556364053795
        ],
        "L_Elbow": [
            -0.5578181078333146,
            0.08042866980893283,
            0.9676723356966355
        ],
        "L_Wrist": [
            -0.8013538606929632,
            0.00941886418219911,
            1.2812092395814865
        ],
        "R_Shoulder": [
            -0.2078956258589574,
            -0.17704578202028176,
            0.7102425747695267
        ],
        "R_Elbow": [
            -0.6048550257362336,
            -0.3211602334950631,
            0.9887537354932423
        ],
        "R_Wrist": [
            -0.798877412946424,
            -0.1677969399646969,
            1.2873225835834807
        ]
    }
}