{
    "video": "edition20_sequence_4.mp4",
    "peak_id": 5,
    "frame_idx": 2375,
    "timestamp": 95.0,
    "total_score": 0.738,
    "skeleton_3d": {
        "Pelvis": [
            0.0,
            0.0,
            0.0
        ],
        "R_Hip": [
            0.15757306903548468,
            0.15253244801215893,
            0.015688225265550693
        ],
        "R_Knee": [
            0.5078607743073676,
            0.3848520608125228,
            0.13213001705685282
        ],
        "R_Ankle": [
            1.037843783348057,
            0.571986396968264,
            0.26257542187084326
        ],
        "L_Hip": [
            -0.15843896204421098,
            -0.14815465124642868,
            -0.022100938568271885
        ],
        "L_Knee": [
            -0.5723888592458242,
            -0.21992015984146104,
            -0.3982696768775351
        ],
        "L_Ankle": [
            -1.135565188804179,
            -0.4470385745063803,
            -0.7552274115267715
        ],
        "Spine": [
            0.03362568175508123,
            0.004768938375765624,
            0.4021335715043867
        ],
        "Thorax": [
            0.07036026377500978,
            -0.03112550002117004,
            0.8041912722741871
        ],
        "Neck": [
            0.1644367399608824,
            -0.06671626589732176,
            1.049306708500208
        ],
        "Head": [
            0.15565299068402222,
            0.014440945882559631,
            1.1090890210929132
        ],
        "L_Shoulder": [
            -0.14467099133952624,
            -0.09033028944054915,
            0.8010625987969916
        ],
        "L_Elbow": [
            -0.17466831380147876,
            -0.2619056751009679,
            1.2437724130973544
        ],
        "L_Wrist": [
            0.008911184074790511,
            -0.16500185610424542,
            1.4980286869563981
        ],
        "R_Shoulder": [
            0.28758688667479604,
            0.1148186011119403,
            0.8245319795927295
        ],
        "R_Elbow": [
            0.4580568478152223,
            0.20114081887442908,
            1.124761790276501
        ],
        "R_Wrist": [
            0.40030358650364906,
            0.02193942377039875,
            1.4561653603318223
        ]
    }
}