{
    "video": "edition20_sequence_3.mp4",
    "peak_id": 18,
    "frame_idx": 2836,
    "timestamp": 113.44,
    "total_score": 0.45,
    "skeleton_3d": {
        "Pelvis": [
            0.0,
            0.0,
            0.0
        ],
        "R_Hip": [
            -0.10462086073713026,
            0.0909647849391485,
            0.05463693536957353
        ],
        "R_Knee": [
            -0.43823881534005077,
            0.24909944510831744,
            0.4696845763813122
        ],
        "R_Ankle": [
            -0.5885022377920749,
            0.7702619499959465,
            0.4086602104613966
        ],
        "L_Hip": [
            0.09817338974720044,
            -0.10283999437849396,
            -0.042574769701059785
        ],
        "L_Knee": [
            0.04394274055075933,
            -0.1543642483886681,
            -0.7402711150534281
        ],
        "L_Ankle": [
            -0.11827837269340397,
            -0.33593264325442207,
            -1.3489091643204867
        ],
        "Spine": [
            0.031184295641650546,
            -0.08710264700679664,
            0.3540079961721935
        ],
        "Thorax": [
            0.07819012685560503,
            -0.1799737328209499,
            0.7154172453807015
        ],
        "Neck": [
            0.06881877292801755,
            -0.07212943359541248,
            0.9268486195052232
        ],
        "Head": [
            0.08413546126493289,
            -0.17239761435407158,
            0.9529483828132567
        ],
        "L_Shoulder": [
            0.26544620482161835,
            -0.14373750413507888,
            0.6186364780274947
        ],
        "L_Elbow": [
            0.42522830397303235,
            0.15262950451674828,
            0.4017819295796474
        ],
        "L_Wrist": [
            0.6489623062905531,
            0.43155955140946095,
            0.1805642269726971
        ],
        "R_Shoulder": [
            -0.13636273355690187,
            -0.15634050746654374,
            0.7977352520867433
        ],
        "R_Elbow": [
            -0.24732339100783218,
            0.10986680861573664,
            1.070094145435891
        ],
        "R_Wrist": [
            -0.24293819069107467,
            0.19342367854869277,
            1.4181286855651862
        ]
    }
}