{
    "video": "edition20_sequence_3.mp4",
    "peak_id": 13,
    "frame_idx": 2539,
    "timestamp": 101.56,
    "total_score": 0.968,
    "skeleton_3d": {
        "Pelvis": [
            0.0,
            0.0,
            0.0
        ],
        "R_Hip": [
            0.08144955196285984,
            0.18323655189492224,
            0.060902918665276674
        ],
        "R_Knee": [
            0.6527438526077798,
            0.21353074346163706,
            0.15915962883843204
        ],
        "R_Ankle": [
            1.252932555908417,
            0.34203582713632497,
            0.2770485179147375
        ],
        "L_Hip": [
            -0.07933488760412752,
            -0.186779837370721,
            -0.059108125265879115
        ],
        "L_Knee": [
            -0.036006256480654836,
            -0.10415696808786365,
            -0.7496243490146508
        ],
        "L_Ankle": [
            -0.1424744475126112,
            -0.010987389659987159,
            -1.3130762634867736
        ],
        "Spine": [
            -0.0930316417908295,
            -0.045946530129422854,
            0.3286129103369125
        ],
        "Thorax": [
            -0.15548963838819393,
            0.022850671046947154,
            0.6284971101432223
        ],
        "Neck": [
            -0.2541950730332427,
            -0.07923345570726165,
            0.8867429807841872
        ],
        "Head": [
            -0.22565990072666256,
            0.011138739150316115,
            0.9224900576094941
        ],
        "L_Shoulder": [
            -0.4062026168337162,
            -0.13897385851773625,
            0.6515400965760071
        ],
        "L_Elbow": [
            -0.6695941905568132,
            -0.4790659574207773,
            0.8232726831460633
        ],
        "L_Wrist": [
            -0.8766280029051233,
            -0.5144922555457203,
            1.089790255753024
        ],
        "R_Shoulder": [
            0.06087189220751143,
            0.09088378284467963,
            0.5980634660445944
        ],
        "R_Elbow": [
            0.3565593178936961,
            0.38015875610784494,
            0.5572340843379522
        ],
        "R_Wrist": [
            0.6775234325259221,
            0.2693736262880914,
            0.5789404580231621
        ]
    }
}