{
    "video": "edition20_sequence_3.mp4",
    "peak_id": 1,
    "frame_idx": 603,
    "timestamp": 24.12,
    "total_score": 0.954,
    "skeleton_3d": {
        "Pelvis": [
            0.0,
            0.0,
            0.0
        ],
        "R_Hip": [
            0.07004010580767796,
            0.1817997150489979,
            0.058562522385486544
        ],
        "R_Knee": [
            0.5071746781134783,
            0.3387092767763461,
            0.06847151632564079
        ],
        "R_Ankle": [
            1.0177984509077418,
            0.5741515497763234,
            0.23888341036425628
        ],
        "L_Hip": [
            -0.07210835654204448,
            -0.18092217830306387,
            -0.05585514941611906
        ],
        "L_Knee": [
            -0.01093972115889045,
            -0.12915886402504484,
            -0.7994518485901447
        ],
        "L_Ankle": [
            -0.07544784403997748,
            -0.05483587816851162,
            -1.497359909903922
        ],
        "Spine": [
            -0.07841303267785743,
            -0.13559462793940083,
            0.3137645867244946
        ],
        "Thorax": [
            -0.14659681022056262,
            -0.20796244290606578,
            0.6126524850382107
        ],
        "Neck": [
            -0.18578333622778037,
            -0.2635884659681494,
            0.9093952904478835
        ],
        "Head": [
            -0.1694976482785548,
            -0.22073669461992618,
            0.9628484947644383
        ],
        "L_Shoulder": [
            -0.3752252635946097,
            -0.2619000176733708,
            0.6059439404324005
        ],
        "L_Elbow": [
            -0.7357525041009729,
            -0.4779210873105374,
            0.633029425882865
        ],
        "L_Wrist": [
            -1.0139011957251862,
            -0.5953384733541327,
            0.8746914091774234
        ],
        "R_Shoulder": [
            0.07125979330046271,
            -0.0984805392686139,
            0.5759235083056561
        ],
        "R_Elbow": [
            0.27862344120796806,
            0.33862385345872953,
            0.3709887272897973
        ],
        "R_Wrist": [
            0.43362406488612487,
            0.06410868188140198,
            0.32464221066278315
        ]
    }
}