{
    "video": "edition20_sequence_8.mp4",
    "peak_id": 8,
    "frame_idx": 1530,
    "timestamp": 61.2,
    "total_score": 0.992,
    "skeleton_3d": {
        "Pelvis": [
            0.0,
            0.0,
            0.0
        ],
        "R_Hip": [
            0.11019329172408686,
            0.16986824383705715,
            0.043850959643999717
        ],
        "R_Knee": [
            0.38848143268900426,
            0.23815727164979295,
            0.2715808328898759
        ],
        "R_Ankle": [
            0.706226931570129,
            0.630061757574577,
            0.5624516448562041
        ],
        "L_Hip": [
            -0.11474569563541469,
            -0.16828740284832536,
            -0.03877911467167921
        ],
        "L_Knee": [
            -0.02739303351073559,
            -0.1594469426509961,
            -0.7362916481909028
        ],
        "L_Ankle": [
            0.005475860606249731,
            -0.17193998310508987,
            -1.3121264839629811
        ],
        "Spine": [
            -0.033300439339710254,
            -0.05485774545223442,
            0.352391451162589
        ],
        "Thorax": [
            -0.06618259075162145,
            -0.16020915267649175,
            0.6937539310240111
        ],
        "Neck": [
            0.014846513267976563,
            -0.19254714906735776,
            0.9650127383414517
        ],
        "Head": [
            0.005090950250485918,
            -0.08801670622027895,
            1.0096968495741496
        ],
        "L_Shoulder": [
            -0.27240228128790317,
            -0.22920230801287517,
            0.6475921547094712
        ],
        "L_Elbow": [
            -0.5833131457140022,
            -0.18461459639518482,
            0.6374981672042226
        ],
        "L_Wrist": [
            -0.9240652102674449,
            -0.20733829161447273,
            0.7063758077141693
        ],
        "R_Shoulder": [
            0.14157580928697694,
            0.017900174614943178,
            0.7191941824205299
        ],
        "R_Elbow": [
            0.3242622400014087,
            0.2275747698485282,
            0.9481670789994888
        ],
        "R_Wrist": [
            0.5046858515754344,
            0.17491908085970426,
            1.301980482276973
        ]
    }
}