{
    "video": "edition20_sequence_13.mp4",
    "peak_id": 0,
    "frame_idx": 60,
    "timestamp": 2.4,
    "total_score": 0.74,
    "skeleton_3d": {
        "Pelvis": [
            0.0,
            0.0,
            0.0
        ],
        "R_Hip": [
            0.07793444237366869,
            0.16159486729620273,
            0.06180197368046522
        ],
        "R_Knee": [
            0.5603818752715044,
            0.11451606348991333,
            0.10461405103899833
        ],
        "R_Ankle": [
            0.9975983765562223,
            0.2880869609067327,
            0.3094221740721623
        ],
        "L_Hip": [
            -0.08441649093103526,
            -0.1597476882785615,
            -0.05285159394491409
        ],
        "L_Knee": [
            0.039117053509912306,
            -0.09139285876835415,
            -0.5926554469496051
        ],
        "L_Ankle": [
            0.18897449812035685,
            -0.04525544509689476,
            -1.1130899812368091
        ],
        "Spine": [
            -0.057732747534472,
            -0.053475506646604574,
            0.3210077882765324
        ],
        "Thorax": [
            -0.09399660847492658,
            -0.07373868129095279,
            0.6557207999194742
        ],
        "Neck": [
            -0.08797581350861769,
            -0.12082347437704383,
            0.8653008892351932
        ],
        "Head": [
            -0.0983389640213353,
            -0.07144842933870756,
            0.9151048457536585
        ],
        "L_Shoulder": [
            -0.2302525780302463,
            -0.22968410112952173,
            0.633631411777034
        ],
        "L_Elbow": [
            -0.05632667745409881,
            -0.4725662643567278,
            0.8455573043752193
        ],
        "L_Wrist": [
            0.11902462307093897,
            -0.2515931420243312,
            1.033895382231904
        ],
        "R_Shoulder": [
            0.035201283657313565,
            0.07919192967106467,
            0.6747174090991738
        ],
        "R_Elbow": [
            0.28429689600436636,
            0.20474257538213708,
            0.7723229447655119
        ],
        "R_Wrist": [
            0.24927671965557205,
            0.06032937699064066,
            1.0153782072997157
        ]
    }
}