{
    "video": "edition20_sequence_8.mp4",
    "peak_id": 11,
    "frame_idx": 1826,
    "timestamp": 73.04,
    "total_score": 0.639,
    "skeleton_3d": {
        "Pelvis": [
            0.0,
            0.0,
            0.0
        ],
        "R_Hip": [
            -0.13421128436248175,
            0.087930168536545,
            -0.02104744045087991
        ],
        "R_Knee": [
            -0.060732153132949655,
            0.053750141198217756,
            -0.6772732125268108
        ],
        "R_Ankle": [
            -0.058142956436460676,
            -0.12605710984016713,
            -1.2535126538701071
        ],
        "L_Hip": [
            0.1300695781768906,
            -0.10923019429236526,
            0.02196908960245206
        ],
        "L_Knee": [
            0.5064077385312377,
            0.3968903693196654,
            -0.09546938166615043
        ],
        "L_Ankle": [
            1.0323262119627385,
            0.6863357060810225,
            -0.19397066397314258
        ],
        "Spine": [
            -0.041752605962108516,
            -0.05409859154967031,
            0.335576525281847
        ],
        "Thorax": [
            -0.0839295613753877,
            -0.12501753590182,
            0.6714433899246879
        ],
        "Neck": [
            -0.049541992697370967,
            -0.03533770876794055,
            0.8921525200029881
        ],
        "Head": [
            -0.05349164357594344,
            -0.1577418688609113,
            0.9130875898836243
        ],
        "L_Shoulder": [
            0.11822852933746081,
            -0.13068019120271016,
            0.6890718885406505
        ],
        "L_Elbow": [
            0.3156234701166626,
            0.006394981034347726,
            1.0211927556930365
        ],
        "L_Wrist": [
            0.26839839326669307,
            0.10765968841088372,
            1.2721329601622478
        ],
        "R_Shoulder": [
            -0.27788803530488,
            -0.10265613590776725,
            0.6506862888348018
        ],
        "R_Elbow": [
            -0.5935098391565832,
            -0.08744214291611487,
            0.6445843680880826
        ],
        "R_Wrist": [
            -0.9220146190199094,
            -0.025165374955126104,
            0.6876722259747639
        ]
    }
}