{
    "video": "edition20_sequence_13.mp4",
    "peak_id": 4,
    "frame_idx": 326,
    "timestamp": 13.04,
    "total_score": 0.696,
    "skeleton_3d": {
        "Pelvis": [
            0.0,
            0.0,
            0.0
        ],
        "R_Hip": [
            -0.11078348350692514,
            -0.1802745506758499,
            -0.020804542430274266
        ],
        "R_Knee": [
            -0.6660821206814507,
            0.03692135025888292,
            -0.24709868336298982
        ],
        "R_Ankle": [
            -1.1738408175127202,
            0.1812076353119837,
            -0.2799588564037159
        ],
        "L_Hip": [
            0.10843121061733878,
            0.17561587579848173,
            0.019030215308133352
        ],
        "L_Knee": [
            0.3302778684620446,
            0.18729514425179752,
            -0.5061236506753954
        ],
        "L_Ankle": [
            0.47537346385779206,
            -0.2841105932180728,
            -0.9413009086388048
        ],
        "Spine": [
            -0.017296721379036487,
            -0.034097671380960384,
            0.3662962976207835
        ],
        "Thorax": [
            -0.04759850507952238,
            -0.11735216654138643,
            0.7185870311033783
        ],
        "Neck": [
            -0.16229098717501214,
            -0.1034969277580452,
            0.9609106250854046
        ],
        "Head": [
            -0.1355206812172607,
            -0.18022718711959776,
            1.0093731763970322
        ],
        "L_Shoulder": [
            0.11734643424657519,
            0.07543047092059049,
            0.763121618334637
        ],
        "L_Elbow": [
            0.05083076048252181,
            0.24720738372805368,
            1.1571049249803265
        ],
        "L_Wrist": [
            -0.06316093289315082,
            0.1560442032253228,
            1.3422859938884137
        ],
        "R_Shoulder": [
            -0.19965737110310514,
            -0.24433202952945587,
            0.663853825914215
        ],
        "R_Elbow": [
            -0.5261074087659144,
            -0.15335792695229306,
            0.7090210979382063
        ],
        "R_Wrist": [
            -0.8762669327369388,
            -0.09456513441010934,
            0.7778558988827898
        ]
    }
}