{
    "video": "edition20_sequence_3.mp4",
    "peak_id": 7,
    "frame_idx": 1345,
    "timestamp": 53.8,
    "total_score": 0.593,
    "skeleton_3d": {
        "Pelvis": [
            0.0,
            0.0,
            0.0
        ],
        "R_Hip": [
            0.11809823517793168,
            -0.09374284283864436,
            -0.038229822150059586
        ],
        "R_Knee": [
            0.12062212227200551,
            -0.16658750864867178,
            -0.6769351332930178
        ],
        "R_Ankle": [
            0.19719314574592112,
            -0.16163883410439292,
            -1.2418879568157544
        ],
        "L_Hip": [
            -0.11812141518901571,
            0.08943064726917228,
            0.04171999073049662
        ],
        "L_Knee": [
            -0.4567297287522826,
            0.05396351549343867,
            -0.2423206940395977
        ],
        "L_Ankle": [
            -0.8157998763212412,
            0.3558078697958888,
            -0.4192818632306594
        ],
        "Spine": [
            0.030836945547223393,
            -0.03141885316380946,
            0.3078907936396265
        ],
        "Thorax": [
            0.03825417435259911,
            -0.1533284703582359,
            0.5998310535062686
        ],
        "Neck": [
            -0.11365932900984636,
            -0.2308880679416938,
            0.8374783311363122
        ],
        "Head": [
            -0.12029714643114818,
            -0.17522706932409873,
            0.9000150990427417
        ],
        "L_Shoulder": [
            -0.13538722572129575,
            -0.09485781576186034,
            0.5469718982563723
        ],
        "L_Elbow": [
            0.03842314080432014,
            -0.015057894989967457,
            0.3059224233657636
        ],
        "L_Wrist": [
            0.27840090293207786,
            0.2909501747993158,
            0.2613044635723539
        ],
        "R_Shoulder": [
            0.22082662404109582,
            -0.10193547179492914,
            0.5926953035447484
        ],
        "R_Elbow": [
            0.29246911907452,
            0.20201843739623018,
            0.35637095339674846
        ],
        "R_Wrist": [
            0.34477029919987434,
            0.12501504016150455,
            0.25945543497997475
        ]
    }
}