{
    "video": "edition25_sequence_5.mp4",
    "peak_id": 12,
    "frame_idx": 1549,
    "timestamp": 61.96,
    "total_score": 0.587,
    "skeleton_3d": {
        "Pelvis": [
            0.0,
            0.0,
            0.0
        ],
        "R_Hip": [
            0.08937741878379164,
            0.1610033384020033,
            0.04841371651375686
        ],
        "R_Knee": [
            0.37922054114888876,
            0.3481003529918601,
            -0.21834206700300898
        ],
        "R_Ankle": [
            0.6919874911549277,
            0.7047277774232178,
            -0.37253060051377973
        ],
        "L_Hip": [
            -0.09017321768992617,
            -0.153672028224731,
            -0.042405326081851755
        ],
        "L_Knee": [
            0.07598237786984974,
            -0.18698782966424032,
            -0.6111547497848246
        ],
        "L_Ankle": [
            0.15941684873055423,
            -0.20426221833700275,
            -1.119474081719427
        ],
        "Spine": [
            -0.05712929482738586,
            -0.01854110302500044,
            0.2911645337512644
        ],
        "Thorax": [
            -0.10542340099164423,
            0.0865713636603904,
            0.5644159457473811
        ],
        "Neck": [
            -0.22382235426090835,
            -0.0010722919808949074,
            0.7779622924140945
        ],
        "Head": [
            -0.23704501126628466,
            0.06275052494346871,
            0.8108257635476426
        ],
        "L_Shoulder": [
            -0.27996500471750396,
            -0.07759333718361394,
            0.5577727769227578
        ],
        "L_Elbow": [
            -0.4361413274986346,
            -0.3193188821119963,
            0.8384927724586296
        ],
        "L_Wrist": [
            -0.5394161722122504,
            -0.32191706252212726,
            1.1152044365111542
        ],
        "R_Shoulder": [
            0.05582698509932218,
            0.18296144857164323,
            0.5533900681509257
        ],
        "R_Elbow": [
            0.3607553852771345,
            0.3454086036101827,
            0.5404588413533244
        ],
        "R_Wrist": [
            0.6197386572129993,
            0.20562938751066426,
            0.5699553505456886
        ]
    }
}