{
    "video": "edition25_sequence_6.mp4",
    "peak_id": 4,
    "frame_idx": 1162,
    "timestamp": 46.48,
    "total_score": 0.83,
    "skeleton_3d": {
        "Pelvis": [
            0.0,
            0.0,
            0.0
        ],
        "R_Hip": [
            0.12011247122430437,
            0.0838424518597367,
            0.05730770091680613
        ],
        "R_Knee": [
            0.6414589452922399,
            0.1394192367139892,
            0.06933177638617308
        ],
        "R_Ankle": [
            1.223653563168563,
            0.40795605663836604,
            0.003372214559448994
        ],
        "L_Hip": [
            -0.1093463230438624,
            -0.05212983193215047,
            -0.04248231754238953
        ],
        "L_Knee": [
            -0.04841793747322987,
            -0.01764672507504712,
            -0.7539012535761187
        ],
        "L_Ankle": [
            0.214532024320983,
            -0.017915211201685113,
            -1.3782293303033168
        ],
        "Spine": [
            -0.09074595635628101,
            -0.1135846900189264,
            0.33800464396572455
        ],
        "Thorax": [
            -0.16693322459912976,
            -0.29048557894406485,
            0.674158595415097
        ],
        "Neck": [
            -0.20577284711901908,
            -0.35886195999353787,
            0.9422240737100893
        ],
        "Head": [
            -0.16270401703794088,
            -0.3072388574544636,
            0.9798908907718339
        ],
        "L_Shoulder": [
            -0.23456429548600305,
            -0.09736286421373855,
            0.7427715709719168
        ],
        "L_Elbow": [
            -0.4849576600767267,
            0.05700792066437725,
            0.9160665446366179
        ],
        "L_Wrist": [
            -0.633923990286394,
            -0.2538270466977295,
            0.9501479356204438
        ],
        "R_Shoulder": [
            -0.09181611566076611,
            -0.3286707749072944,
            0.5925096423155533
        ],
        "R_Elbow": [
            -0.4787597986337503,
            -0.5386357526935368,
            0.5351932599796723
        ],
        "R_Wrist": [
            -0.6887726275751316,
            -0.3514571229235878,
            0.7405197762242606
        ]
    }
}