{
    "video": "edition25_sequence_14.mp4",
    "peak_id": 2,
    "frame_idx": 182,
    "timestamp": 7.28,
    "total_score": 0.947,
    "skeleton_3d": {
        "Pelvis": [
            0.0,
            0.0,
            0.0
        ],
        "R_Hip": [
            0.09222557364655518,
            -0.027544660741322897,
            -0.08312453412499314
        ],
        "R_Knee": [
            0.2179709372941286,
            0.07457632180205914,
            -0.667313969850078
        ],
        "R_Ankle": [
            0.19186033971890773,
            0.07787624617971171,
            -1.2991047301167264
        ],
        "L_Hip": [
            -0.08740442551264856,
            0.03357745606420523,
            0.08329858090721717
        ],
        "L_Knee": [
            -0.5847861600832386,
            -0.021966293138886477,
            0.39425568412616513
        ],
        "L_Ankle": [
            -1.1024881047434136,
            -0.20464975983349307,
            0.881924732788113
        ],
        "Spine": [
            0.2392513969316764,
            0.013180008631703384,
            0.24493190758610178
        ],
        "Thorax": [
            0.4558310314271826,
            0.06500644702752495,
            0.4740633987917177
        ],
        "Neck": [
            0.6343805554796217,
            0.03451323191673948,
            0.7072894320151807
        ],
        "Head": [
            0.6244608296862694,
            0.09335074950722286,
            0.7600767234714089
        ],
        "L_Shoulder": [
            0.2511726084543041,
            0.009253554221109076,
            0.49395595294020606
        ],
        "L_Elbow": [
            -0.11648372284971145,
            -0.14176670968225177,
            0.6020234293436405
        ],
        "L_Wrist": [
            -0.48242888159317937,
            -0.326600380965573,
            0.7684821899931111
        ],
        "R_Shoulder": [
            0.6434171898518157,
            0.12168368406646018,
            0.433045014857096
        ],
        "R_Elbow": [
            0.9261818503285288,
            0.08614237727632046,
            0.5577885772474371
        ],
        "R_Wrist": [
            1.204360770090896,
            0.06490474987241611,
            0.7827636431348598
        ]
    }
}