{
    "video": "edition25_sequence_5.mp4",
    "peak_id": 17,
    "frame_idx": 2368,
    "timestamp": 94.72,
    "total_score": 0.96,
    "skeleton_3d": {
        "Pelvis": [
            0.0,
            0.0,
            0.0
        ],
        "R_Hip": [
            0.11668020970049792,
            0.1634221952564186,
            0.05028822661891171
        ],
        "R_Knee": [
            0.41990268440960093,
            0.040941688474991786,
            0.4115821722643727
        ],
        "R_Ankle": [
            0.6241500841255893,
            0.2236728640400529,
            0.8747410945905233
        ],
        "L_Hip": [
            -0.12217901233508771,
            -0.16670904466498776,
            -0.04777186844224943
        ],
        "L_Knee": [
            -0.03888027779796717,
            -0.1438464062017445,
            -0.7322001415779621
        ],
        "L_Ankle": [
            -0.08753125749269455,
            -0.16299765971012548,
            -1.316311901431729
        ],
        "Spine": [
            -0.06194292611688151,
            -0.0559788183428264,
            0.33485818432593945
        ],
        "Thorax": [
            -0.11682713946866935,
            -0.12796242849106182,
            0.6557997866960145
        ],
        "Neck": [
            -0.07043799716596355,
            -0.1835361159014419,
            0.90425311249375
        ],
        "Head": [
            -0.06615625101052698,
            -0.0916930458049931,
            0.9625880610570217
        ],
        "L_Shoulder": [
            -0.3071387366339281,
            -0.1958674456841785,
            0.6197723251275734
        ],
        "L_Elbow": [
            -0.6352449415488576,
            -0.10320163047599618,
            0.5538124711918929
        ],
        "L_Wrist": [
            -0.9503555006461005,
            -0.14297755119087976,
            0.4986293697034253
        ],
        "R_Shoulder": [
            0.08012108349449353,
            0.005643811000485371,
            0.6834488414942878
        ],
        "R_Elbow": [
            0.2005935037932078,
            0.03991406639329547,
            1.0621216299041352
        ],
        "R_Wrist": [
            0.05284338651228873,
            -0.07514081630644558,
            1.4200018657083302
        ]
    }
}