{
    "video": "edition25_sequence_9.mp4",
    "peak_id": 1,
    "frame_idx": 1223,
    "timestamp": 48.92,
    "total_score": 0.419,
    "skeleton_3d": {
        "Pelvis": [
            0.0,
            0.0,
            0.0
        ],
        "R_Hip": [
            0.13887831985405594,
            0.08117000848102562,
            0.01382627988232125
        ],
        "R_Knee": [
            -0.0241854385385274,
            0.4483388813129356,
            -0.17932641788574286
        ],
        "R_Ankle": [
            -0.021065878470946427,
            0.8919826539999117,
            -0.3513313582393885
        ],
        "L_Hip": [
            -0.14247649807843812,
            -0.05409095814254033,
            -0.01174281375780892
        ],
        "L_Knee": [
            -0.08461471996087215,
            -0.13430981295537928,
            -0.6951348558548539
        ],
        "L_Ankle": [
            -0.03423910099742439,
            -0.15144973398014527,
            -1.330128995787975
        ],
        "Spine": [
            0.012973905841250842,
            -0.05529827655319227,
            0.33803096040283637
        ],
        "Thorax": [
            0.002323387760988491,
            -0.1474132851465963,
            0.6699820499299318
        ],
        "Neck": [
            -0.031899103304243,
            -0.22493497359596382,
            0.9352615831941679
        ],
        "Head": [
            -0.039381327413629506,
            -0.12172931487857035,
            0.9981919923871054
        ],
        "L_Shoulder": [
            -0.21900558149858942,
            -0.13631671244680732,
            0.6163497646030569
        ],
        "L_Elbow": [
            -0.4643646244349784,
            0.05738721839249225,
            0.4249837638910628
        ],
        "L_Wrist": [
            -0.6576767515407818,
            -0.3058006497191814,
            0.46555351483106483
        ],
        "R_Shoulder": [
            0.2386991998237366,
            -0.03869781347851973,
            0.6783242380480238
        ],
        "R_Elbow": [
            0.5769723188776203,
            0.12110704424557697,
            0.7171063315142586
        ],
        "R_Wrist": [
            0.8147441020233399,
            -0.04452235664249677,
            0.9174705923446265
        ]
    }
}