{
    "video": "edition25_sequence_1.mp4",
    "peak_id": 1,
    "frame_idx": 1081,
    "timestamp": 43.24,
    "total_score": 0.582,
    "skeleton_3d": {
        "Pelvis": [
            0.0,
            0.0,
            0.0
        ],
        "R_Hip": [
            0.15561043472719324,
            -0.09657120639019447,
            -0.03498558036664655
        ],
        "R_Knee": [
            0.08943434672297267,
            -0.16931602258041822,
            -0.7060821257342406
        ],
        "R_Ankle": [
            0.016778590310615443,
            -0.11705943417785933,
            -1.3228984969761675
        ],
        "L_Hip": [
            -0.1571281272557082,
            0.09030928137210037,
            0.03518834669811476
        ],
        "L_Knee": [
            -0.5963593402659856,
            -0.018418414797226133,
            -0.4013725357312393
        ],
        "L_Ankle": [
            -1.0850100958538371,
            0.15666390316357895,
            -0.6515728815752703
        ],
        "Spine": [
            0.027046548406603414,
            -0.02546111284283843,
            0.3545678943786547
        ],
        "Thorax": [
            0.03428527343094384,
            -0.12926930966286254,
            0.6851613107871654
        ],
        "Neck": [
            0.037690324525979466,
            -0.22054615820885992,
            0.9332429141599634
        ],
        "Head": [
            0.03749371988844504,
            -0.07182360411291687,
            0.9904650641337819
        ],
        "L_Shoulder": [
            -0.211468727405079,
            -0.13072420728114054,
            0.6600371332194931
        ],
        "L_Elbow": [
            -0.5251160745195386,
            -0.12593760667339907,
            0.44582786299001
        ],
        "L_Wrist": [
            -0.9016727762744982,
            -0.2698437225470683,
            0.32159651480212903
        ],
        "R_Shoulder": [
            0.2810524133809769,
            -0.058238732387380004,
            0.6839213087171958
        ],
        "R_Elbow": [
            0.587817782663417,
            0.1820494090445607,
            0.6090622159893677
        ],
        "R_Wrist": [
            0.9109814906612939,
            0.31143155796376953,
            0.6006373681189567
        ]
    }
}