{
    "video": "edition25_sequence_6.mp4",
    "peak_id": 5,
    "frame_idx": 1286,
    "timestamp": 51.44,
    "total_score": 0.638,
    "skeleton_3d": {
        "Pelvis": [
            0.0,
            0.0,
            0.0
        ],
        "R_Hip": [
            0.04609681825100464,
            0.16029173224221824,
            0.03757948587772307
        ],
        "R_Knee": [
            0.6489050826217375,
            0.2748894108210771,
            0.006527744792109896
        ],
        "R_Ankle": [
            1.0240932980359014,
            0.5734905137856212,
            -0.3035448759816047
        ],
        "L_Hip": [
            -0.04634435797478696,
            -0.14738170809413043,
            -0.030289000172654332
        ],
        "L_Knee": [
            -0.025962271137462505,
            -0.10318874767994947,
            -0.7617346726585652
        ],
        "L_Ankle": [
            0.19862336688949248,
            -0.06233580984502666,
            -1.3318132105687357
        ],
        "Spine": [
            -0.028972729833351658,
            -0.06957911721071608,
            0.3430822696052949
        ],
        "Thorax": [
            -0.05040196163042496,
            -0.17378392457420305,
            0.6784100776539127
        ],
        "Neck": [
            -0.15603011990751325,
            -0.227910523500642,
            0.945929408474679
        ],
        "Head": [
            -0.10113943439958191,
            -0.20232638022481383,
            0.9934589540178047
        ],
        "L_Shoulder": [
            -0.11456654167427557,
            -0.048895509023151304,
            0.6987668182914697
        ],
        "L_Elbow": [
            -0.36573591987166776,
            0.14955965263050974,
            0.8725604689847766
        ],
        "L_Wrist": [
            -0.43570791233865264,
            0.008189670412518174,
            1.1286813211538076
        ],
        "R_Shoulder": [
            0.020556502466672736,
            -0.1994617716796993,
            0.6323211702018368
        ],
        "R_Elbow": [
            -0.4164961091244852,
            -0.3366018497105234,
            0.7264661659737316
        ],
        "R_Wrist": [
            -0.5078307361195833,
            -0.09793778918061567,
            0.9854714919530605
        ]
    }
}