{
    "video": "edition25_sequence_9.mp4",
    "peak_id": 8,
    "frame_idx": 2860,
    "timestamp": 114.4,
    "total_score": 1.0,
    "skeleton_3d": {
        "Pelvis": [
            0.0,
            0.0,
            0.0
        ],
        "R_Hip": [
            0.06981914277057687,
            0.14403227833812685,
            0.09234191557382847
        ],
        "R_Knee": [
            0.3620343117315816,
            0.0820090450270371,
            0.5277851369576345
        ],
        "R_Ankle": [
            0.643480074476744,
            0.08425929534609364,
            0.9822651140644375
        ],
        "L_Hip": [
            -0.07211982298864421,
            -0.14990006728355643,
            -0.0880410627028578
        ],
        "L_Knee": [
            -0.01258683481709815,
            -0.0888021892985001,
            -0.6986683706365678
        ],
        "L_Ankle": [
            -0.035445551542490766,
            -0.030928357505908857,
            -1.251476397240865
        ],
        "Spine": [
            -0.14218630518017092,
            -0.1597858318749937,
            0.24763132448669872
        ],
        "Thorax": [
            -0.2646454737406682,
            -0.3392334255902028,
            0.4919328372351789
        ],
        "Neck": [
            -0.25109800889599937,
            -0.35041924302239635,
            0.7075922259780517
        ],
        "Head": [
            -0.2838377090057678,
            -0.3445173282837332,
            0.7572046367293082
        ],
        "L_Shoulder": [
            -0.41027577878312954,
            -0.3414502561214156,
            0.37959230947384986
        ],
        "L_Elbow": [
            -0.5120988320836903,
            -0.14493108258295923,
            0.22721507382114128
        ],
        "L_Wrist": [
            -0.5559538810502976,
            -0.19673502643865787,
            0.12290606337405253
        ],
        "R_Shoulder": [
            -0.11150211007095784,
            -0.21952448453017576,
            0.6012314451009741
        ],
        "R_Elbow": [
            -0.19074969749310022,
            -0.07455999535573521,
            0.9466718853291284
        ],
        "R_Wrist": [
            -0.3663154756298127,
            -0.1518271452849823,
            1.202045357294791
        ]
    }
}