{
    "video": "edition25_sequence_5.mp4",
    "peak_id": 7,
    "frame_idx": 1068,
    "timestamp": 42.72,
    "total_score": 1.0,
    "skeleton_3d": {
        "Pelvis": [
            0.0,
            0.0,
            0.0
        ],
        "R_Hip": [
            0.09590845450673889,
            -0.14639578873696482,
            -0.08585044333119729
        ],
        "R_Knee": [
            0.1147095943596223,
            -0.08013186063718325,
            -0.7636427023968677
        ],
        "R_Ankle": [
            0.2734523479809645,
            -0.08803503119945594,
            -1.3222968987101222
        ],
        "L_Hip": [
            -0.08791465163176443,
            0.13270367825104545,
            0.08407293457363109
        ],
        "L_Knee": [
            -0.4734528845870453,
            -0.036357328301604167,
            0.5580150228242872
        ],
        "L_Ankle": [
            -0.7980830709363007,
            -0.06205279633674572,
            1.1044666693636536
        ],
        "Spine": [
            0.16207881967709187,
            -0.090266269701325,
            0.29351729386909475
        ],
        "Thorax": [
            0.29371035572203635,
            -0.16314181118198465,
            0.5652910862634013
        ],
        "Neck": [
            0.43361399109005594,
            -0.10853939017109356,
            0.8246303316943648
        ],
        "Head": [
            0.44289070881750614,
            -0.06190537584889895,
            0.867324273872564
        ],
        "L_Shoulder": [
            0.11216037646683145,
            -0.13766557122055975,
            0.6608284738552974
        ],
        "L_Elbow": [
            0.09463605099895166,
            -0.04393595175154052,
            1.0841257969394185
        ],
        "L_Wrist": [
            0.23580006836532807,
            -0.09527108274897347,
            1.4618885131094936
        ],
        "R_Shoulder": [
            0.4509121955540606,
            -0.12661781900616942,
            0.46416315850983836
        ],
        "R_Elbow": [
            0.7547466658013795,
            -0.03167129832165842,
            0.22924839058215107
        ],
        "R_Wrist": [
            1.0481109097071293,
            0.017324996805062592,
            0.05886353025560732
        ]
    }
}