{
    "video": "edition25_sequence_4.mp4",
    "peak_id": 0,
    "frame_idx": 455,
    "timestamp": 18.2,
    "total_score": 0.612,
    "skeleton_3d": {
        "Pelvis": [
            0.0,
            0.0,
            0.0
        ],
        "R_Hip": [
            0.09326696165914007,
            0.18808688979135432,
            0.047390379177351734
        ],
        "R_Knee": [
            0.6686671056108195,
            0.279990225363435,
            -0.1378010983964688
        ],
        "R_Ankle": [
            1.2488283451245012,
            0.5742904127677251,
            -0.28688131910978143
        ],
        "L_Hip": [
            -0.09905977348336367,
            -0.1841593495815749,
            -0.03874569558567154
        ],
        "L_Knee": [
            -0.014527047685939983,
            -0.20273979127096955,
            -0.7216183738403981
        ],
        "L_Ankle": [
            -0.01052342451838797,
            -0.19101929436800072,
            -1.32937832028919
        ],
        "Spine": [
            -0.011279470703787502,
            -0.015156207783396413,
            0.35882879717451793
        ],
        "Thorax": [
            0.005658675427882605,
            0.0717983763707188,
            0.7163387914094372
        ],
        "Neck": [
            0.017357164074392518,
            0.034442479441251964,
            0.9388801364432331
        ],
        "Head": [
            0.04117652985484147,
            0.13634680460731202,
            0.9938680114025895
        ],
        "L_Shoulder": [
            -0.12452640774823778,
            -0.08899014770253323,
            0.7829754589044413
        ],
        "L_Elbow": [
            -0.23359743636359231,
            -0.15010379738966753,
            1.1011245695541991
        ],
        "L_Wrist": [
            -0.23173743014272902,
            -0.1417862333023496,
            1.4985339902461563
        ],
        "R_Shoulder": [
            0.11783484470600926,
            0.16822400409066696,
            0.645579502851953
        ],
        "R_Elbow": [
            -0.2256763366182027,
            0.1335015601096708,
            0.6669817362633699
        ],
        "R_Wrist": [
            -0.549133834964857,
            0.10072296483469284,
            0.8171983318439447
        ]
    }
}