{
    "video": "edition25_sequence_0.mp4",
    "peak_id": 11,
    "frame_idx": 2420,
    "timestamp": 96.8,
    "total_score": 0.4,
    "skeleton_3d": {
        "Pelvis": [
            0.0,
            0.0,
            0.0
        ],
        "R_Hip": [
            0.12714630524116283,
            0.17765164405174555,
            -0.006537150285188584
        ],
        "R_Knee": [
            0.5722798358230442,
            0.20240142836595615,
            -0.19774492824498985
        ],
        "R_Ankle": [
            0.5429303474740798,
            0.42296041373337295,
            -0.7721762734109586
        ],
        "L_Hip": [
            -0.1288285115723573,
            -0.1653084671837371,
            0.008220860792702723
        ],
        "L_Knee": [
            -0.09015634656147536,
            -0.1668760069308499,
            -0.6786957979091549
        ],
        "L_Ankle": [
            0.05976559215523481,
            -0.20210096914610653,
            -1.2311380192228578
        ],
        "Spine": [
            0.1218085878392904,
            0.004801173008103117,
            0.330675758405689
        ],
        "Thorax": [
            0.2283490876665804,
            -0.08007596122375397,
            0.6326301295170321
        ],
        "Neck": [
            0.15731591886812377,
            -0.11537452735258052,
            0.909859709815333
        ],
        "Head": [
            0.16817752235171643,
            -0.03288606876429742,
            0.9654579344714741
        ],
        "L_Shoulder": [
            0.019267098561995707,
            -0.13716632207391263,
            0.646915506907057
        ],
        "L_Elbow": [
            -0.2846144951013595,
            -0.2005713695606277,
            0.8940142866995021
        ],
        "L_Wrist": [
            -0.3112531353988219,
            -0.21317181429987875,
            1.2447271778592173
        ],
        "R_Shoulder": [
            0.4502232872034891,
            0.03847658515642705,
            0.6033246920460001
        ],
        "R_Elbow": [
            0.7738947948561561,
            0.14221734615528936,
            0.7807122054220447
        ],
        "R_Wrist": [
            0.847892748901221,
            0.05146732000265308,
            1.0732955580619832
        ]
    }
}