{
    "video": "edition25_sequence_4.mp4",
    "peak_id": 8,
    "frame_idx": 1633,
    "timestamp": 65.32,
    "total_score": 0.497,
    "skeleton_3d": {
        "Pelvis": [
            0.0,
            0.0,
            0.0
        ],
        "R_Hip": [
            -0.005683366135827397,
            0.0025324792959719755,
            0.03762266750376655
        ],
        "R_Knee": [
            -0.013566768772698853,
            0.5463426954110595,
            -0.04002125767171726
        ],
        "R_Ankle": [
            0.3851961313549505,
            0.8338687599905219,
            -0.0819199483714143
        ],
        "L_Hip": [
            -0.009153718028255197,
            -0.001965450544404942,
            -0.03423245601924802
        ],
        "L_Knee": [
            0.12957393434861456,
            -0.09648320581460457,
            -0.7049166214656523
        ],
        "L_Ankle": [
            0.19921188335297033,
            -0.29638101338337114,
            -1.3089249538922632
        ],
        "Spine": [
            -0.046559476775505995,
            -0.05528078864589734,
            0.337666307270354
        ],
        "Thorax": [
            -0.09120564538783779,
            -0.12931094965625195,
            0.6840100781933696
        ],
        "Neck": [
            -0.2294595018184992,
            -0.16519195818046256,
            0.9042762646443536
        ],
        "Head": [
            -0.2173520882999478,
            -0.16285574785600343,
            0.9432570014192672
        ],
        "L_Shoulder": [
            -0.12521353247603015,
            0.015114977754862351,
            0.6903481333216421
        ],
        "L_Elbow": [
            -0.0584986859005505,
            0.11812195753250941,
            1.0127960303986898
        ],
        "L_Wrist": [
            0.039785031750263065,
            0.05683108243595904,
            1.2838771302771692
        ],
        "R_Shoulder": [
            -0.052119681857288276,
            -0.18280079864844062,
            0.6678558806785325
        ],
        "R_Elbow": [
            -0.18501534287183002,
            -0.21044659180187836,
            0.9818852786280797
        ],
        "R_Wrist": [
            -0.23385737045381325,
            -0.1572849319239866,
            1.3446331251165264
        ]
    }
}