{
    "video": "edition25_sequence_8.mp4",
    "peak_id": 1,
    "frame_idx": 701,
    "timestamp": 28.04,
    "total_score": 0.919,
    "skeleton_3d": {
        "Pelvis": [
            0.0,
            0.0,
            0.0
        ],
        "R_Hip": [
            0.0957134532425995,
            0.18438257742073091,
            0.06280681970515267
        ],
        "R_Knee": [
            0.5082119773389022,
            0.10473979812580583,
            0.5627553218098628
        ],
        "R_Ankle": [
            0.7897518198929987,
            0.07068049068208003,
            1.2055102182156618
        ],
        "L_Hip": [
            -0.09791855537197557,
            -0.18667312637416017,
            -0.05689523801296132
        ],
        "L_Knee": [
            -0.0870809152320656,
            -0.1005259816511347,
            -0.7361482174005513
        ],
        "L_Ankle": [
            -0.13229132890343523,
            0.010292260351882574,
            -1.3488137157146187
        ],
        "Spine": [
            -0.041164613288863124,
            -0.06333238834989224,
            0.36441806930351606
        ],
        "Thorax": [
            -0.055198486070152396,
            -0.09258052322597767,
            0.7237244453474356
        ],
        "Neck": [
            -0.1340032366953957,
            -0.11554842471295027,
            0.8958956994442
        ],
        "Head": [
            -0.1270057995325139,
            -0.021459395070956018,
            0.948116459614631
        ],
        "L_Shoulder": [
            -0.22357874051172377,
            -0.19454663868885513,
            0.7236265940215787
        ],
        "L_Elbow": [
            -0.32161994178932457,
            -0.41936464662613593,
            1.1516569102171361
        ],
        "L_Wrist": [
            -0.3697030794162223,
            -0.39332289516834196,
            1.5315106800024454
        ],
        "R_Shoulder": [
            0.1011072263155983,
            0.03160978614537726,
            0.7336037367561268
        ],
        "R_Elbow": [
            0.24391739245066613,
            0.10395709569774489,
            1.0553086638066467
        ],
        "R_Wrist": [
            0.3808642462717826,
            0.0027322952590175557,
            1.410923229332326
        ]
    }
}