{
    "video": "edition25_sequence_1.mp4",
    "peak_id": 10,
    "frame_idx": 2670,
    "timestamp": 106.8,
    "total_score": 0.677,
    "skeleton_3d": {
        "Pelvis": [
            0.0,
            0.0,
            0.0
        ],
        "R_Hip": [
            0.13573292766220135,
            -0.11560316454163568,
            0.02133311074157038
        ],
        "R_Knee": [
            -0.2039358099000225,
            -0.1593051434159088,
            -0.10611529890923584
        ],
        "R_Ankle": [
            -0.5673466524902097,
            0.24363688310185133,
            -0.20777105805573004
        ],
        "L_Hip": [
            -0.13656988087471525,
            0.12298461286632138,
            -0.020491812082529294
        ],
        "L_Knee": [
            -0.3418727000387835,
            -0.0647529008659288,
            -0.6917762400158262
        ],
        "L_Ankle": [
            -0.0444077570777758,
            -0.10913516949972141,
            -1.240031072131978
        ],
        "Spine": [
            -0.03477873390985863,
            -0.05628228658058482,
            0.3523041465410691
        ],
        "Thorax": [
            -0.08984040161431,
            -0.2150076665842511,
            0.6789844075941144
        ],
        "Neck": [
            -0.23103718510362328,
            -0.29949461703030833,
            0.9457374240459993
        ],
        "Head": [
            -0.2191615597650985,
            -0.20341564479218474,
            1.0053452277989638
        ],
        "L_Shoulder": [
            -0.3199044467059731,
            -0.12012696385810917,
            0.6116463576399859
        ],
        "L_Elbow": [
            -0.6029820425492705,
            -0.23746978496772023,
            0.3742388489844139
        ],
        "L_Wrist": [
            -0.9162903540692255,
            -0.48242925019572175,
            0.2249542673638443
        ],
        "R_Shoulder": [
            0.15455530508735,
            -0.14887583174055077,
            0.7127869287307694
        ],
        "R_Elbow": [
            0.5115978578956201,
            0.008037662857751763,
            0.6191797450077788
        ],
        "R_Wrist": [
            0.8705722143274612,
            -0.04908619239326809,
            0.6213502450196569
        ]
    }
}