{
    "video": "edition25_sequence_1.mp4",
    "peak_id": 0,
    "frame_idx": 1021,
    "timestamp": 40.84,
    "total_score": 1.0,
    "skeleton_3d": {
        "Pelvis": [
            0.0,
            0.0,
            0.0
        ],
        "R_Hip": [
            0.056303885946418476,
            -0.09903200699526424,
            -0.12497871606902164
        ],
        "R_Knee": [
            0.06019323666853691,
            -0.01038249732584237,
            -0.7368090309802107
        ],
        "R_Ankle": [
            0.04594131816353651,
            0.016076736588374108,
            -1.3587533294878482
        ],
        "L_Hip": [
            -0.05857005218112473,
            0.11830519725705557,
            0.12930300773660847
        ],
        "L_Knee": [
            -0.41950120695157866,
            0.0034969843995277055,
            0.6866564546912731
        ],
        "L_Ankle": [
            -0.7396344880077111,
            -0.0668465660440515,
            1.3306995895016507
        ],
        "Spine": [
            0.29485400646944904,
            -0.009686555060478047,
            0.1116201976282447
        ],
        "Thorax": [
            0.5815462162379444,
            0.220084444714816,
            0.216504572011646
        ],
        "Neck": [
            0.6795786711164082,
            0.18228939964774935,
            0.45086926274692735
        ],
        "Head": [
            0.690414210050557,
            0.19097441357491104,
            0.4854032237922136
        ],
        "L_Shoulder": [
            0.39020804278200283,
            0.19130256892272654,
            0.377267146054454
        ],
        "L_Elbow": [
            0.06491687874937321,
            0.16726942499657815,
            0.46190137566705314
        ],
        "L_Wrist": [
            -0.2285905959161332,
            0.01034488189955494,
            0.680073074292535
        ],
        "R_Shoulder": [
            0.7294641644027462,
            0.1911966093838466,
            0.045378348609003284
        ],
        "R_Elbow": [
            1.0101011953533416,
            0.12889948502650564,
            -0.219584231125286
        ],
        "R_Wrist": [
            1.2162075075426646,
            0.06934874007039747,
            -0.29120302270682197
        ]
    }
}