{
    "video": "edition25_sequence_14.mp4",
    "peak_id": 6,
    "frame_idx": 406,
    "timestamp": 16.24,
    "total_score": 0.893,
    "skeleton_3d": {
        "Pelvis": [
            0.0,
            0.0,
            0.0
        ],
        "R_Hip": [
            0.09039926710008142,
            0.17005638313647617,
            0.07035362898613495
        ],
        "R_Knee": [
            0.6212504003001764,
            0.12872074297038347,
            0.12487668885086137
        ],
        "R_Ankle": [
            1.0809821227078542,
            0.2985494458330558,
            0.3693728377885919
        ],
        "L_Hip": [
            -0.09178444587677423,
            -0.1705398191232522,
            -0.061543696751222496
        ],
        "L_Knee": [
            0.01422225558662988,
            -0.12688028321747416,
            -0.6826112950421892
        ],
        "L_Ankle": [
            0.06628107898604998,
            -0.06183287907941619,
            -1.2766237715893693
        ],
        "Spine": [
            -0.07466993931198011,
            -0.04387093719914768,
            0.3261794708777159
        ],
        "Thorax": [
            -0.12400185445304314,
            0.03950731836580445,
            0.6453646164756008
        ],
        "Neck": [
            -0.15555242824789292,
            -0.03119943519224187,
            0.8596654382902132
        ],
        "Head": [
            -0.17123243503539565,
            0.06396547856388934,
            0.9002882248870199
        ],
        "L_Shoulder": [
            -0.300809538578958,
            -0.15363599107835835,
            0.637104045125011
        ],
        "L_Elbow": [
            -0.3133513425338057,
            -0.45362095785489165,
            0.9819314428458785
        ],
        "L_Wrist": [
            -0.11957580191693896,
            -0.2564049889999811,
            1.1898139301572122
        ],
        "R_Shoulder": [
            0.0422219858918269,
            0.136649302691507,
            0.6438340872911209
        ],
        "R_Elbow": [
            0.30540942808087185,
            0.43815654975164037,
            0.7189248664288592
        ],
        "R_Wrist": [
            0.5421498596208995,
            0.2969547821073296,
            0.7508849809119276
        ]
    }
}