{
    "video": "edition25_sequence_0.mp4",
    "peak_id": 9,
    "frame_idx": 1842,
    "timestamp": 73.68,
    "total_score": 0.671,
    "skeleton_3d": {
        "Pelvis": [
            0.0,
            0.0,
            0.0
        ],
        "R_Hip": [
            0.12552293437602166,
            -0.11369504639162528,
            -0.023593447916950262
        ],
        "R_Knee": [
            0.21552601431713925,
            -0.15609470894861666,
            -0.6922874304942188
        ],
        "R_Ankle": [
            0.34631052002157214,
            -0.18992426437726992,
            -1.2716186790791966
        ],
        "L_Hip": [
            -0.1261936106946868,
            0.11462866764654477,
            0.022993117460101024
        ],
        "L_Knee": [
            -0.6134731430727951,
            0.08789993727912432,
            -0.3658735104901308
        ],
        "L_Ankle": [
            -1.072804747581589,
            0.27970269852335183,
            -0.5092218999036473
        ],
        "Spine": [
            -0.01567507595068868,
            -0.03835492261835651,
            0.329475791680673
        ],
        "Thorax": [
            -0.04429048956520401,
            -0.14209194710015577,
            0.6337582023055979
        ],
        "Neck": [
            -0.20581473008854478,
            -0.24358261170878479,
            0.857999919334018
        ],
        "Head": [
            -0.19626393691555016,
            -0.15803077712388508,
            0.9175261021205596
        ],
        "L_Shoulder": [
            -0.21348887760147164,
            -0.020595781550850276,
            0.5775438899433145
        ],
        "L_Elbow": [
            -0.5197868724803923,
            -0.06297727990646258,
            0.46015059805231945
        ],
        "L_Wrist": [
            -0.8309569987005435,
            -0.16233505381655314,
            0.3935024423112664
        ],
        "R_Shoulder": [
            0.13996551110643538,
            -0.145443452967295,
            0.6366242138413025
        ],
        "R_Elbow": [
            0.4518452748074773,
            -0.005733422203769044,
            0.6231327161049554
        ],
        "R_Wrist": [
            0.7555858089785398,
            -0.04212123368496262,
            0.656820660336356
        ]
    }
}