{
    "video": "edition25_sequence_7.mp4",
    "peak_id": 0,
    "frame_idx": 77,
    "timestamp": 3.08,
    "total_score": 0.75,
    "skeleton_3d": {
        "Pelvis": [
            0.0,
            0.0,
            0.0
        ],
        "R_Hip": [
            0.10152776519538814,
            -0.14065629287319806,
            -0.06638669755640272
        ],
        "R_Knee": [
            0.013328989153918539,
            -0.1678576671624004,
            -0.7152570318870604
        ],
        "R_Ankle": [
            0.05281647461923684,
            -0.2556678752779397,
            -1.3018765629995177
        ],
        "L_Hip": [
            -0.09940271120835754,
            0.13468041541373954,
            0.07113937447973352
        ],
        "L_Knee": [
            -0.6077112720492567,
            -0.10191551252746764,
            0.24094311750574812
        ],
        "L_Ankle": [
            -1.1187817690356212,
            -0.2010517831551392,
            0.49103791743213804
        ],
        "Spine": [
            0.06332123396902575,
            -0.001158061036275358,
            0.29873747546655016
        ],
        "Thorax": [
            0.09723829766798102,
            0.19177581197943003,
            0.5779885123235724
        ],
        "Neck": [
            0.04696334062896129,
            0.10405963830983964,
            0.8227525319347878
        ],
        "Head": [
            0.06201916956874627,
            0.15629015644503333,
            0.8620190930884822
        ],
        "L_Shoulder": [
            -0.05604152244934051,
            0.2294678751933193,
            0.5035394032807591
        ],
        "L_Elbow": [
            -0.3571386277477475,
            0.15302258973002147,
            0.3913655737411038
        ],
        "L_Wrist": [
            -0.6102791535818575,
            -0.1677645302127028,
            0.515554388258159
        ],
        "R_Shoulder": [
            0.2596216647315922,
            0.06443887012752375,
            0.6205305294738431
        ],
        "R_Elbow": [
            0.3348557355764417,
            -0.2121321560684616,
            1.024039980234639
        ],
        "R_Wrist": [
            0.32146509150615077,
            -0.10564307502279346,
            1.3210267010782135
        ]
    }
}