{
    "video": "edition25_sequence_5.mp4",
    "peak_id": 9,
    "frame_idx": 1207,
    "timestamp": 48.28,
    "total_score": 1.0,
    "skeleton_3d": {
        "Pelvis": [
            0.0,
            0.0,
            0.0
        ],
        "R_Hip": [
            0.09933925801510214,
            -0.14215541797698553,
            -0.10851221898047556
        ],
        "R_Knee": [
            0.11643259872305595,
            -0.08022495337208131,
            -0.7998711811775812
        ],
        "R_Ankle": [
            0.23443200814416135,
            -0.0960024596498706,
            -1.4194748104426786
        ],
        "L_Hip": [
            -0.09121498251694173,
            0.12893428368590173,
            0.10974853167000903
        ],
        "L_Knee": [
            -0.43447190570574723,
            -0.022005842756892387,
            0.6519511917306151
        ],
        "L_Ankle": [
            -0.7344427662859376,
            -0.034728746228700626,
            1.1847560863711644
        ],
        "Spine": [
            0.20098831231938616,
            -0.10520147263070434,
            0.2849282255931939
        ],
        "Thorax": [
            0.3764347558797184,
            -0.18839274585999344,
            0.5522013948428206
        ],
        "Neck": [
            0.5045986602243256,
            -0.14196267139785632,
            0.8153818898991265
        ],
        "Head": [
            0.5082337070461329,
            -0.09666310426019495,
            0.8547189956713213
        ],
        "L_Shoulder": [
            0.21619032622132014,
            -0.10009916703381287,
            0.6678628874516185
        ],
        "L_Elbow": [
            0.15810971377477168,
            0.0021411325501414624,
            1.1179939232937839
        ],
        "L_Wrist": [
            0.2516695453999803,
            -0.08443096421512535,
            1.4611682579197827
        ],
        "R_Shoulder": [
            0.5036612349126546,
            -0.20434921399015396,
            0.42909442469724157
        ],
        "R_Elbow": [
            0.7204283473254353,
            -0.08187615758557198,
            0.11623447721860337
        ],
        "R_Wrist": [
            0.8994567114025958,
            -0.1028126657379207,
            -0.2102005030517556
        ]
    }
}