{
    "video": "edition25_sequence_1.mp4",
    "peak_id": 3,
    "frame_idx": 1397,
    "timestamp": 55.88,
    "total_score": 0.554,
    "skeleton_3d": {
        "Pelvis": [
            0.0,
            0.0,
            0.0
        ],
        "R_Hip": [
            0.1595968009338075,
            -0.08943249180387368,
            -0.030007091272053348
        ],
        "R_Knee": [
            0.0814103048820977,
            -0.16318117268640975,
            -0.7395398812310283
        ],
        "R_Ankle": [
            0.02165374113867822,
            -0.10763511591582228,
            -1.359674809760382
        ],
        "L_Hip": [
            -0.16204186948101085,
            0.08250358743849033,
            0.03039027718377917
        ],
        "L_Knee": [
            -0.5661227839756441,
            0.06887832413270224,
            -0.4785442678267373
        ],
        "L_Ankle": [
            -1.0403585736954148,
            0.2923430938274012,
            -0.7643120416161201
        ],
        "Spine": [
            0.04221208250850954,
            -0.006573560618056332,
            0.35238377271093574
        ],
        "Thorax": [
            0.06243138923191167,
            -0.10777818695773293,
            0.6735344272962919
        ],
        "Neck": [
            0.08232694298730463,
            -0.206701554626669,
            0.9046503629457783
        ],
        "Head": [
            0.07890198912626006,
            -0.03142564987642225,
            0.9638759051869141
        ],
        "L_Shoulder": [
            -0.1888181011128285,
            -0.11710178006140748,
            0.6506756229898847
        ],
        "L_Elbow": [
            -0.5199952567716812,
            -0.1887418420744752,
            0.44846018223634654
        ],
        "L_Wrist": [
            -0.8963502073650045,
            -0.3479612211664324,
            0.31317055587767134
        ],
        "R_Shoulder": [
            0.31775184911874693,
            -0.051658913789522996,
            0.6764635726730425
        ],
        "R_Elbow": [
            0.6770818380996922,
            0.09939780707869146,
            0.5621458121015194
        ],
        "R_Wrist": [
            1.0268769000665263,
            0.13405025942543697,
            0.5216209608165772
        ]
    }
}