{
    "video": "edition25_sequence_6.mp4",
    "peak_id": 0,
    "frame_idx": 671,
    "timestamp": 26.84,
    "total_score": 1.0,
    "skeleton_3d": {
        "Pelvis": [
            0.0,
            0.0,
            0.0
        ],
        "R_Hip": [
            0.1063461677647183,
            0.15387066617845988,
            0.07825429073210328
        ],
        "R_Knee": [
            0.44470000931288545,
            0.058201016069508865,
            0.48904061535969334
        ],
        "R_Ankle": [
            0.7200942335640539,
            0.11025965909510782,
            1.0083507762578263
        ],
        "L_Hip": [
            -0.111768697752537,
            -0.16123107734489778,
            -0.07562966159141155
        ],
        "L_Knee": [
            -0.09062589906112888,
            -0.09265913203050968,
            -0.7266329412289795
        ],
        "L_Ankle": [
            -0.12984450517439572,
            -0.1030426293460439,
            -1.256565509516398
        ],
        "Spine": [
            -0.0814939948127422,
            -0.11928578355602841,
            0.30611312164760013
        ],
        "Thorax": [
            -0.14981011462588886,
            -0.25848705992267185,
            0.6011324395175759
        ],
        "Neck": [
            -0.19308859312776228,
            -0.27724022020509465,
            0.8623438807882209
        ],
        "Head": [
            -0.1920252345981422,
            -0.2171664413393724,
            0.9038199713223868
        ],
        "L_Shoulder": [
            -0.33913718643493623,
            -0.27016624644067166,
            0.5400271520823173
        ],
        "L_Elbow": [
            -0.6772040104618688,
            -0.25666361787206576,
            0.4573945176592684
        ],
        "L_Wrist": [
            -1.0195080818661286,
            -0.3015594121613288,
            0.46427252432144345
        ],
        "R_Shoulder": [
            0.051262411710066534,
            -0.16340503874741633,
            0.6584473128671311
        ],
        "R_Elbow": [
            0.11388314033804431,
            -0.046484769130385344,
            0.9851604963030328
        ],
        "R_Wrist": [
            0.045438364938690794,
            -0.11662123938317484,
            1.345271794079702
        ]
    }
}