{
    "video": "edition25_sequence_1.mp4",
    "peak_id": 12,
    "frame_idx": 2866,
    "timestamp": 114.64,
    "total_score": 0.636,
    "skeleton_3d": {
        "Pelvis": [
            0.0,
            0.0,
            0.0
        ],
        "R_Hip": [
            0.1348035181525506,
            -0.02699835509632792,
            0.03422464171407989
        ],
        "R_Knee": [
            -0.253289312398998,
            0.44668145267874687,
            -0.07191875160494797
        ],
        "R_Ankle": [
            -0.44431149156544725,
            0.9286026784665837,
            -0.126421954620987
        ],
        "L_Hip": [
            -0.13490186613517388,
            0.007725735363117638,
            -0.03094633760673406
        ],
        "L_Knee": [
            -0.022140065626290444,
            -0.06709885926606479,
            -0.7886859776952798
        ],
        "L_Ankle": [
            0.0005351644709204111,
            -0.057428709755594484,
            -1.4790064075723328
        ],
        "Spine": [
            -0.006676124520571787,
            -0.05537144689423596,
            0.3648399342622101
        ],
        "Thorax": [
            0.0013880171945900913,
            -0.1789204869938324,
            0.7232194126429863
        ],
        "Neck": [
            -0.034303553209705344,
            -0.2649083466626925,
            0.9526185771679356
        ],
        "Head": [
            -0.008732688320677338,
            -0.0764865791194199,
            1.0067538235682103
        ],
        "L_Shoulder": [
            -0.22955193324542028,
            -0.16462911933277408,
            0.7525783813031637
        ],
        "L_Elbow": [
            -0.5925931601809019,
            -0.29351680244880624,
            0.8810801006271408
        ],
        "L_Wrist": [
            -0.9901428521546273,
            -0.4390934025309007,
            0.9736600838520545
        ],
        "R_Shoulder": [
            0.2196608465175353,
            -0.060873615887287805,
            0.6596660280911647
        ],
        "R_Elbow": [
            0.5101257676354586,
            0.18503269007393894,
            0.4967511263569333
        ],
        "R_Wrist": [
            0.8622069830385877,
            0.20176818617297165,
            0.38726019468822576
        ]
    }
}