{
    "video": "edition13_sequence_0.mp4",
    "peak_id": 6,
    "frame_idx": 1280,
    "timestamp": 51.2,
    "total_score": 0.89,
    "skeleton_3d": {
        "Pelvis": [
            0.0,
            0.0,
            0.0
        ],
        "R_Hip": [
            0.11943674752006055,
            0.16509024907033004,
            0.046295351151765834
        ],
        "R_Knee": [
            0.5175955056806667,
            0.13237498482914384,
            0.029942428253792404
        ],
        "R_Ankle": [
            1.026000052247613,
            0.3739786742367692,
            -0.04129999063253401
        ],
        "L_Hip": [
            -0.12023826562999508,
            -0.15817322500562875,
            -0.039489050954788954
        ],
        "L_Knee": [
            -0.035416234965384,
            -0.1456606701468332,
            -0.6677962513501681
        ],
        "L_Ankle": [
            -0.01562825894033201,
            -0.057453177536638506,
            -1.2390126137056456
        ],
        "Spine": [
            -0.003029871845937189,
            -0.048577432614627256,
            0.3386513972685341
        ],
        "Thorax": [
            0.005178412377885709,
            -0.1342722061259206,
            0.6711300682195894
        ],
        "Neck": [
            0.1253102487497054,
            -0.179083207902232,
            0.9217056506812943
        ],
        "Head": [
            0.09741647066512675,
            -0.11253859643183504,
            0.990723632477937
        ],
        "L_Shoulder": [
            -0.15015347301331922,
            -0.22077273484463966,
            0.6432104766184288
        ],
        "L_Elbow": [
            -0.40448654600756195,
            0.0033478783796189585,
            0.46947035390334574
        ],
        "L_Wrist": [
            -0.6087259760834628,
            -0.33433296193996587,
            0.49590050800346275
        ],
        "R_Shoulder": [
            0.1575984713013803,
            0.07272694267743345,
            0.6622417503347602
        ],
        "R_Elbow": [
            0.2922159121614191,
            0.3336104962209802,
            0.3971630613003539
        ],
        "R_Wrist": [
            0.36484631878231566,
            -0.013026475089873701,
            0.3732900090683871
        ]
    }
}