{
    "video": "edition13_sequence_5.mp4",
    "peak_id": 7,
    "frame_idx": 931,
    "timestamp": 37.24,
    "total_score": 0.93,
    "skeleton_3d": {
        "Pelvis": [
            0.0,
            0.0,
            0.0
        ],
        "R_Hip": [
            0.09579337816626982,
            0.11117914725750089,
            0.08311723249628085
        ],
        "R_Knee": [
            0.5203366152342416,
            0.22152106352332956,
            0.19143019463824706
        ],
        "R_Ankle": [
            0.8933657271765502,
            0.4730928084623127,
            0.4092504790587474
        ],
        "L_Hip": [
            -0.09453790157530316,
            -0.1218814712865539,
            -0.0771053398011846
        ],
        "L_Knee": [
            -0.15630573781786955,
            0.023861381566320453,
            -0.6504726619479523
        ],
        "L_Ankle": [
            0.029845439546657086,
            0.03474705197553319,
            -1.2164760360148454
        ],
        "Spine": [
            -0.1983925663274948,
            -0.08520682578868188,
            0.2809328437438178
        ],
        "Thorax": [
            -0.39554667130493915,
            -0.20630146747040085,
            0.5499774512817401
        ],
        "Neck": [
            -0.5381952202653956,
            -0.27267045276070007,
            0.7747643910320835
        ],
        "Head": [
            -0.522113120934497,
            -0.23483812654461667,
            0.8233484642280439
        ],
        "L_Shoulder": [
            -0.6127594424182822,
            -0.18091433426262823,
            0.49258077196302213
        ],
        "L_Elbow": [
            -0.9373507692807822,
            -0.22582754224704735,
            0.5018452723382185
        ],
        "L_Wrist": [
            -1.225577209168681,
            -0.32303167599282706,
            0.6090030117841534
        ],
        "R_Shoulder": [
            -0.17675014638598296,
            -0.07246431351983193,
            0.5931366933906519
        ],
        "R_Elbow": [
            0.0811677106717024,
            0.32536316969132467,
            0.6172808668291416
        ],
        "R_Wrist": [
            0.26469044795677055,
            0.20366138459899008,
            0.7916398826483948
        ]
    }
}