{
    "video": "edition13_sequence_0.mp4",
    "peak_id": 1,
    "frame_idx": 852,
    "timestamp": 34.08,
    "total_score": 0.561,
    "skeleton_3d": {
        "Pelvis": [
            0.0,
            0.0,
            0.0
        ],
        "R_Hip": [
            0.11401240998750577,
            -0.08843149174722585,
            -0.044346346909535185
        ],
        "R_Knee": [
            0.08248393692788006,
            -0.1182442132282301,
            -0.7029573311963646
        ],
        "R_Ankle": [
            0.09245342194584243,
            -0.1241976805917328,
            -1.2944372509391833
        ],
        "L_Hip": [
            -0.11562533166737253,
            0.08847989950918217,
            0.04802426759602145
        ],
        "L_Knee": [
            -0.506725884079578,
            -0.02838912850251491,
            -0.24202496080842484
        ],
        "L_Ankle": [
            -0.9702730118856264,
            0.18665840804939232,
            -0.536083110541459
        ],
        "Spine": [
            0.05781902388709073,
            -0.037324637472232754,
            0.33891054423245504
        ],
        "Thorax": [
            0.08673562897429904,
            -0.15680148568661229,
            0.6648050902881928
        ],
        "Neck": [
            0.1052923429254902,
            -0.22510357765225272,
            0.9239173418965811
        ],
        "Head": [
            0.08076319564568592,
            -0.13554088064571124,
            0.9834390066615795
        ],
        "L_Shoulder": [
            -0.059166880293494845,
            -0.2198018648602592,
            0.595400146544635
        ],
        "L_Elbow": [
            0.27582556921711426,
            -0.4066665182336006,
            0.5791341202204595
        ],
        "L_Wrist": [
            0.4518782477632679,
            0.04095074543322778,
            0.5400295078293607
        ],
        "R_Shoulder": [
            0.24708329826289405,
            -0.027085536622064806,
            0.702111372779426
        ],
        "R_Elbow": [
            0.5569653764004963,
            0.14031857273188886,
            0.8230306271913777
        ],
        "R_Wrist": [
            0.7611796873341071,
            0.0006478650669455475,
            0.8285759189822657
        ]
    }
}