{
    "video": "edition13_sequence_0.mp4",
    "peak_id": 10,
    "frame_idx": 1970,
    "timestamp": 78.8,
    "total_score": 0.501,
    "skeleton_3d": {
        "Pelvis": [
            0.0,
            0.0,
            0.0
        ],
        "R_Hip": [
            0.11981439454589544,
            0.15338914406058302,
            0.008675279261357558
        ],
        "R_Knee": [
            0.55980929363866,
            0.21460988337290324,
            -0.132470419198979
        ],
        "R_Ankle": [
            0.9788863584197344,
            0.4111787267086393,
            -0.2843528418607135
        ],
        "L_Hip": [
            -0.12428313584600026,
            -0.13828618085413752,
            -0.005212006980151113
        ],
        "L_Knee": [
            -0.394179019407606,
            -0.26542394900395355,
            -0.4674034428391438
        ],
        "L_Ankle": [
            -0.7114622088655139,
            -0.5296982235137109,
            -0.9241495985291842
        ],
        "Spine": [
            0.03530924495662057,
            -0.005850250585964881,
            0.3057066512436859
        ],
        "Thorax": [
            0.06853326092943633,
            -0.08823466130876331,
            0.6010218572096248
        ],
        "Neck": [
            0.05583366294129367,
            -0.12118154132899689,
            0.8151955492348384
        ],
        "Head": [
            0.047667835480162284,
            -0.046725334701227444,
            0.8575417574015541
        ],
        "L_Shoulder": [
            -0.04334688411875761,
            -0.22412759740825916,
            0.5467215176653134
        ],
        "L_Elbow": [
            0.23885986285209082,
            -0.30424999147212434,
            0.6444568771450118
        ],
        "L_Wrist": [
            0.4611479658030661,
            -0.08288274257611218,
            0.692923147872369
        ],
        "R_Shoulder": [
            0.19233677203624577,
            0.09158789978707157,
            0.6444043601443916
        ],
        "R_Elbow": [
            0.27775407055507817,
            0.14581126401349234,
            0.9065057183092069
        ],
        "R_Wrist": [
            0.30846575298605383,
            0.03905908347788732,
            1.2239846251938447
        ]
    }
}