{
    "video": "edition13_sequence_3.mp4",
    "peak_id": 2,
    "frame_idx": 1409,
    "timestamp": 56.36,
    "total_score": 0.4,
    "skeleton_3d": {
        "Pelvis": [
            0.0,
            0.0,
            0.0
        ],
        "R_Hip": [
            0.18927101615868352,
            0.11365426683868102,
            0.011417278867136007
        ],
        "R_Knee": [
            0.46017759897398786,
            -0.42293368505057916,
            -0.11128828522299827
        ],
        "R_Ankle": [
            0.2956529082306674,
            -0.2532411138941684,
            -0.7810657617863594
        ],
        "L_Hip": [
            -0.19062117991850763,
            -0.10384498095635009,
            -0.009676026940328122
        ],
        "L_Knee": [
            -0.2423183070718442,
            -0.46271650000926223,
            -0.5896872959478703
        ],
        "L_Ankle": [
            -0.07445219974764208,
            -0.308639793678981,
            -1.158118414777761
        ],
        "Spine": [
            0.03340317199535745,
            -0.015925702866666887,
            0.36285973175828695
        ],
        "Thorax": [
            0.05995501783126656,
            -0.11803457252194723,
            0.7073074397932543
        ],
        "Neck": [
            0.10578643324726096,
            -0.1934734506091271,
            0.9550359640264962
        ],
        "Head": [
            0.10334176114598964,
            -0.05291601860710265,
            1.0217308199782065
        ],
        "L_Shoulder": [
            -0.16289134105972902,
            -0.12355342747441536,
            0.6905005916437633
        ],
        "L_Elbow": [
            -0.3419431413227322,
            0.15341727454444012,
            0.5159067499017496
        ],
        "L_Wrist": [
            -0.7539092299405954,
            0.061293097590633075,
            0.4372117459477874
        ],
        "R_Shoulder": [
            0.29835454922862625,
            -0.02232894575153837,
            0.7093274643567057
        ],
        "R_Elbow": [
            0.5912188641971726,
            0.2125926379200955,
            0.5466261704737387
        ],
        "R_Wrist": [
            0.6114660272769425,
            0.24586937449327376,
            0.1658806469424943
        ]
    }
}