{
    "video": "edition13_sequence_5.mp4",
    "peak_id": 5,
    "frame_idx": 623,
    "timestamp": 24.92,
    "total_score": 0.564,
    "skeleton_3d": {
        "Pelvis": [
            0.0,
            0.0,
            0.0
        ],
        "R_Hip": [
            0.10153875432454076,
            0.11667904335926141,
            0.03875270539615133
        ],
        "R_Knee": [
            -0.08095555850297394,
            0.44255096795747095,
            -0.010619300012705007
        ],
        "R_Ankle": [
            -0.1549162853725519,
            0.8180547832783618,
            -0.00398319714997644
        ],
        "L_Hip": [
            -0.09504101891099336,
            -0.12154019313295758,
            -0.03440029033016632
        ],
        "L_Knee": [
            -0.09283141349288801,
            -0.16876985755787505,
            -0.5352485444192719
        ],
        "L_Ankle": [
            -0.16677604956716602,
            -0.32444435191727866,
            -0.9427559026772062
        ],
        "Spine": [
            -0.04381440149150446,
            -0.03078207917239991,
            0.2662968150733868
        ],
        "Thorax": [
            -0.08255708919592172,
            0.006050459844402981,
            0.5347965292070598
        ],
        "Neck": [
            -0.06564975298650295,
            -0.036901217811790614,
            0.7379383340853496
        ],
        "Head": [
            -0.06913199301845203,
            0.045049484407093617,
            0.7705923379375276
        ],
        "L_Shoulder": [
            -0.25910780034719644,
            -0.10075077401878454,
            0.5346917270229703
        ],
        "L_Elbow": [
            -0.42463608796537555,
            -0.21671868679991158,
            0.7546920433708488
        ],
        "L_Wrist": [
            -0.567943612159594,
            -0.23562093012856714,
            0.9780135355763635
        ],
        "R_Shoulder": [
            0.0787847127086372,
            0.11644977742290043,
            0.5255780433960004
        ],
        "R_Elbow": [
            0.3143563605920988,
            0.3369451814308813,
            0.4907031080804818
        ],
        "R_Wrist": [
            0.549548463214857,
            0.216343465521995,
            0.5281673893514514
        ]
    }
}