{
    "video": "edition13_sequence_0.mp4",
    "peak_id": 12,
    "frame_idx": 2140,
    "timestamp": 85.6,
    "total_score": 0.702,
    "skeleton_3d": {
        "Pelvis": [
            0.0,
            0.0,
            0.0
        ],
        "R_Hip": [
            0.0762013958425316,
            0.1858534651364155,
            0.010781265318611946
        ],
        "R_Knee": [
            0.524524733896537,
            0.3354063029314338,
            -0.2611481984928478
        ],
        "R_Ankle": [
            1.0247440088294408,
            0.534936749684416,
            -0.5392241682274046
        ],
        "L_Hip": [
            -0.08440391666014008,
            -0.18237835021628068,
            -0.009493092317652566
        ],
        "L_Knee": [
            0.07468112927342473,
            -0.14027815208804972,
            -0.6453915703697242
        ],
        "L_Ankle": [
            0.06566745038476415,
            -0.06312029805454066,
            -1.1992531699367317
        ],
        "Spine": [
            0.04381636002183625,
            -0.017120204553535946,
            0.3515356722987153
        ],
        "Thorax": [
            0.11044961797087571,
            -0.042162815660305726,
            0.695371136312016
        ],
        "Neck": [
            0.31401107058857636,
            -0.06856993259804742,
            0.9292489013906009
        ],
        "Head": [
            0.302474361588099,
            -0.06943850548674176,
            1.000497450320943
        ],
        "L_Shoulder": [
            0.0029943929816141734,
            -0.19206618634021436,
            0.7012915389482616
        ],
        "L_Elbow": [
            -0.2820172407081457,
            -0.3264320262516176,
            0.8007487282184206
        ],
        "L_Wrist": [
            -0.5000905912805181,
            -0.2820139472467159,
            0.9571656169462966
        ],
        "R_Shoulder": [
            0.19013065724300807,
            0.18627332180455278,
            0.6502404047581731
        ],
        "R_Elbow": [
            0.07111429264575439,
            0.4187462943222038,
            0.39794655799090595
        ],
        "R_Wrist": [
            0.21718440237428935,
            0.21530044697382,
            0.29204067577863874
        ]
    }
}