{
    "video": "edition34_sequence_35.mp4",
    "peak_id": 1,
    "frame_idx": 559,
    "timestamp": 22.36,
    "total_score": 0.711,
    "skeleton_3d": {
        "Pelvis": [
            0.0,
            0.0,
            0.0
        ],
        "R_Hip": [
            0.045425318676337374,
            -0.195987772268945,
            -0.019066499465040243
        ],
        "R_Knee": [
            -0.5920513840199123,
            -0.2578421017362826,
            -0.08152930801965896
        ],
        "R_Ankle": [
            -0.03752203993660556,
            -0.4313704605502587,
            -0.11625739888878998
        ],
        "L_Hip": [
            -0.03977058565507096,
            0.21521871874546583,
            0.02218837762366165
        ],
        "L_Knee": [
            -0.001209139123054811,
            0.33719304003948924,
            -0.6777642843591646
        ],
        "L_Ankle": [
            -0.05494558740431975,
            0.44391243682799614,
            -1.347599808863879
        ],
        "Spine": [
            0.005069321147617823,
            -0.11309599309988609,
            0.32443021695719004
        ],
        "Thorax": [
            0.029136751039274243,
            -0.2381964671690373,
            0.6650948239303253
        ],
        "Neck": [
            -0.01108329482594031,
            -0.34033676903189913,
            0.9399176637245663
        ],
        "Head": [
            0.03920535877201351,
            -0.34319191112052266,
            0.9794310117589646
        ],
        "L_Shoulder": [
            -0.1817020919114463,
            -0.08765741081560133,
            0.6491316960489141
        ],
        "L_Elbow": [
            -0.520755407337306,
            0.21175615365128625,
            0.41730848093245987
        ],
        "L_Wrist": [
            -0.4890079814132681,
            -0.06534120958599754,
            0.06002647830440814
        ],
        "R_Shoulder": [
            0.22925278763195836,
            -0.38375797147642654,
            0.5870586319404649
        ],
        "R_Elbow": [
            0.43621661842834036,
            -0.7094073090612351,
            0.4277264757025879
        ],
        "R_Wrist": [
            0.6796165511257863,
            -1.0496634638547846,
            0.3496019751646665
        ]
    }
}