{
    "video": "edition34_sequence_24.mp4",
    "peak_id": 5,
    "frame_idx": 1519,
    "timestamp": 60.76,
    "total_score": 0.477,
    "skeleton_3d": {
        "Pelvis": [
            0.0,
            0.0,
            0.0
        ],
        "R_Hip": [
            -0.124485039867158,
            -0.027649007627184877,
            0.008245444143042695
        ],
        "R_Knee": [
            -0.5439265112383044,
            0.4869210967771072,
            -0.2762359751993179
        ],
        "R_Ankle": [
            -0.9136893564585705,
            0.6801646498408277,
            -0.5840796157698938
        ],
        "L_Hip": [
            0.13142651570382866,
            0.05379130266247889,
            -0.0009125131701023434
        ],
        "L_Knee": [
            0.04213214356949517,
            0.14728411489688606,
            -0.693362245464636
        ],
        "L_Ankle": [
            -0.014343187028500798,
            0.1623787371218063,
            -1.2890510080066784
        ],
        "Spine": [
            0.023817400419377334,
            -0.24879638562993883,
            0.29417614339573084
        ],
        "Thorax": [
            0.04602095887535118,
            -0.5255959319154747,
            0.6084834189211982
        ],
        "Neck": [
            -0.051544696645886255,
            -0.5389306084609092,
            0.7688676116378346
        ],
        "Head": [
            -0.03550970075536844,
            -0.7517178317380243,
            0.8216568287267203
        ],
        "L_Shoulder": [
            0.26461085264848877,
            -0.5051084767949862,
            0.5749105870964473
        ],
        "L_Elbow": [
            0.629080665031342,
            -0.4128986616225206,
            0.4711822354953521
        ],
        "L_Wrist": [
            0.9731448920896194,
            -0.28774941297517714,
            0.4717917430151012
        ],
        "R_Shoulder": [
            -0.16804644809994462,
            -0.43550069800197283,
            0.5751193890670433
        ],
        "R_Elbow": [
            -0.449416669521827,
            -0.025220974549513334,
            0.48569542920970865
        ],
        "R_Wrist": [
            -0.45852849616704966,
            0.39565732448653385,
            0.5827737779575058
        ]
    }
}