{
    "video": "edition34_sequence_35.mp4",
    "peak_id": 0,
    "frame_idx": 331,
    "timestamp": 13.24,
    "total_score": 0.574,
    "skeleton_3d": {
        "Pelvis": [
            0.0,
            0.0,
            0.0
        ],
        "R_Hip": [
            0.1291077940444916,
            -0.125131476373104,
            -0.019400877169601777
        ],
        "R_Knee": [
            0.04893032880432951,
            -0.025144232877014158,
            -0.6492302931764138
        ],
        "R_Ankle": [
            0.085403315283583,
            0.31425850373046527,
            -1.2397144010460888
        ],
        "L_Hip": [
            -0.12079050313375667,
            0.13884007500083032,
            0.020195557313553693
        ],
        "L_Knee": [
            0.051512261214992104,
            0.46474582012421034,
            0.08143123268422439
        ],
        "L_Ankle": [
            0.4167916235520833,
            0.7941984441742752,
            -0.06536412610500154
        ],
        "Spine": [
            -0.003980078281096329,
            -0.09995228279341829,
            0.316459032510944
        ],
        "Thorax": [
            0.014857306993905287,
            -0.018480917614671393,
            0.663620604147803
        ],
        "Neck": [
            0.06798727113662632,
            -0.1912526673713562,
            0.9130816270878539
        ],
        "Head": [
            0.04984016446229147,
            0.03762156669483794,
            0.958173061426209
        ],
        "L_Shoulder": [
            -0.2256830828827164,
            0.01641523987410122,
            0.5975628537962558
        ],
        "L_Elbow": [
            -0.5590570418967031,
            0.13185692941777408,
            0.43347307187669815
        ],
        "L_Wrist": [
            -0.8853514982853603,
            -0.06403483219268746,
            0.3311338133925683
        ],
        "R_Shoulder": [
            0.255983595286341,
            -0.1960617076060454,
            0.6285586014824717
        ],
        "R_Elbow": [
            0.5356648961530178,
            -0.28003301932699753,
            0.3811757174027074
        ],
        "R_Wrist": [
            0.33220456653160857,
            -0.38228640470796904,
            0.0961533682617348
        ]
    }
}