{
    "video": "edition34_sequence_31.mp4",
    "peak_id": 1,
    "frame_idx": 345,
    "timestamp": 13.8,
    "total_score": 0.705,
    "skeleton_3d": {
        "Pelvis": [
            0.0,
            0.0,
            0.0
        ],
        "R_Hip": [
            0.1052402789306714,
            -0.1690196353258412,
            0.007379007717557189
        ],
        "R_Knee": [
            -0.2397729269963775,
            -0.4311814907932095,
            0.29385664436540243
        ],
        "R_Ankle": [
            -0.764399713303881,
            -0.6266836017725973,
            0.28400306424941263
        ],
        "L_Hip": [
            -0.09498546412657449,
            0.1978214723104334,
            -0.005492061933215641
        ],
        "L_Knee": [
            6.884939396316189e-05,
            0.2539076682990231,
            -0.6859732289826481
        ],
        "L_Ankle": [
            0.019115308157736037,
            0.34291897854226105,
            -1.2919757242914072
        ],
        "Spine": [
            0.026147781689524315,
            0.0734889957197312,
            0.3473927563919712
        ],
        "Thorax": [
            0.06709115950289377,
            0.11905705837683317,
            0.7249280480749933
        ],
        "Neck": [
            -0.007560319264706655,
            -0.01752584727477976,
            0.9242909253691346
        ],
        "Head": [
            0.012257065624012888,
            0.1894116595686735,
            0.9742772649481758
        ],
        "L_Shoulder": [
            -0.15480622363781035,
            0.24183433693842474,
            0.7467981865191051
        ],
        "L_Elbow": [
            -0.31627538868376126,
            0.2556838980940489,
            1.0383684728092495
        ],
        "L_Wrist": [
            -0.2675703015294896,
            0.30901284286666175,
            1.3286928397401534
        ],
        "R_Shoulder": [
            0.28394989313138336,
            -0.10860947682991326,
            0.6269104652095221
        ],
        "R_Elbow": [
            0.24244494719708332,
            -0.6440188727545105,
            0.5646979701854823
        ],
        "R_Wrist": [
            0.10004191595801092,
            -1.049682829339914,
            0.6528115461327036
        ]
    }
}