{
    "video": "edition34_sequence_31.mp4",
    "peak_id": 5,
    "frame_idx": 863,
    "timestamp": 34.52,
    "total_score": 0.467,
    "skeleton_3d": {
        "Pelvis": [
            0.0,
            0.0,
            0.0
        ],
        "R_Hip": [
            -0.05339701383328137,
            0.2044481256938474,
            -0.0008370354768181563
        ],
        "R_Knee": [
            -0.05290741957885205,
            0.4224499112318237,
            -0.6428472850999228
        ],
        "R_Ankle": [
            -0.05495700622823324,
            0.4758635104951728,
            -1.1983876655683996
        ],
        "L_Hip": [
            0.06075969627091255,
            -0.18229805528562462,
            -0.0017961113374499146
        ],
        "L_Knee": [
            0.11274649826527089,
            -0.4612515214639519,
            -0.3423105049290796
        ],
        "L_Ankle": [
            0.07187280087024309,
            -0.9836744208200194,
            -0.531592793293518
        ],
        "Spine": [
            -0.0026308395394301367,
            -0.13451371882006768,
            0.33096336906376306
        ],
        "Thorax": [
            0.013227078330679575,
            -0.32707663390627906,
            0.689979652471227
        ],
        "Neck": [
            0.1761947125353258,
            -0.4462931691609595,
            0.831784465527486
        ],
        "Head": [
            0.14240291190953513,
            -0.6069913727813063,
            0.881308409615223
        ],
        "L_Shoulder": [
            0.015432708565625657,
            -0.5295770529290261,
            0.6552234681013851
        ],
        "L_Elbow": [
            0.06524070969720623,
            -0.6520694118850074,
            0.9389359225158284
        ],
        "L_Wrist": [
            0.16433894771797034,
            -0.42079527067918815,
            1.2256410953226093
        ],
        "R_Shoulder": [
            -0.008522507838939333,
            -0.09208622383490145,
            0.6787667828600166
        ],
        "R_Elbow": [
            0.05864304471920087,
            0.18183052490648896,
            0.939235456337997
        ],
        "R_Wrist": [
            0.16081074712277238,
            0.3036294614267565,
            1.2047372586325047
        ]
    }
}