{
    "video": "edition34_sequence_31.mp4",
    "peak_id": 10,
    "frame_idx": 1565,
    "timestamp": 62.6,
    "total_score": 0.482,
    "skeleton_3d": {
        "Pelvis": [
            0.0,
            0.0,
            0.0
        ],
        "R_Hip": [
            0.019150769587312818,
            -0.17078576798212566,
            -0.007008445104120704
        ],
        "R_Knee": [
            -0.5728515661094851,
            -0.005559880032500733,
            -0.20795860095832266
        ],
        "R_Ankle": [
            -1.0353576360197128,
            -0.10321508301572085,
            -0.38778477903606645
        ],
        "L_Hip": [
            -0.009204979120873572,
            0.18508805316503885,
            0.005952895602575033
        ],
        "L_Knee": [
            0.03628134432752814,
            0.2713098719652396,
            -0.7041138265085548
        ],
        "L_Ankle": [
            -0.018990297806681062,
            0.48430643015404296,
            -1.3292416587877103
        ],
        "Spine": [
            -0.019681429012974205,
            -0.04758516426035325,
            0.33918216646260835
        ],
        "Thorax": [
            -0.02628323390886602,
            -0.02268074121702664,
            0.7131444421266444
        ],
        "Neck": [
            -0.11718114256900744,
            -0.10451476993248572,
            0.9639773085160122
        ],
        "Head": [
            -0.08410660745825661,
            -0.09647938727658606,
            1.0227707931990138
        ],
        "L_Shoulder": [
            -0.15421251913892525,
            0.19056060343884587,
            0.6502326614018181
        ],
        "L_Elbow": [
            -0.41693977220481393,
            0.41456027768325454,
            0.3112550787657245
        ],
        "L_Wrist": [
            -0.7256787436130941,
            0.14622702794150505,
            0.32413097942734903
        ],
        "R_Shoulder": [
            0.09510756336196857,
            -0.2513329482612105,
            0.6636628489890051
        ],
        "R_Elbow": [
            0.21927476461625228,
            -0.6384840648524555,
            0.3593951773263536
        ],
        "R_Wrist": [
            -0.02040949244352366,
            -0.9096610539335265,
            0.16130940971683827
        ]
    }
}