{
    "video": "edition34_sequence_35.mp4",
    "peak_id": 2,
    "frame_idx": 597,
    "timestamp": 23.88,
    "total_score": 0.848,
    "skeleton_3d": {
        "Pelvis": [
            0.0,
            0.0,
            0.0
        ],
        "R_Hip": [
            0.08307247902903901,
            -0.14799652298902446,
            -0.02314554698503302
        ],
        "R_Knee": [
            0.37735323848878655,
            -0.16850211552879046,
            -0.650367733189139
        ],
        "R_Ankle": [
            0.7135966521972129,
            -0.24955176713734958,
            -1.1428152887890666
        ],
        "L_Hip": [
            -0.08102995027547315,
            0.15490037079921476,
            0.02441610760423541
        ],
        "L_Knee": [
            -0.6214742345938498,
            0.416005705955207,
            -0.11625823171735873
        ],
        "L_Ankle": [
            -1.1199852533924604,
            0.7788675920055134,
            -0.18599645182643693
        ],
        "Spine": [
            -0.06525679572662826,
            -0.05532192987059686,
            0.35220458960461387
        ],
        "Thorax": [
            -0.12612694269801855,
            -0.06950927223554587,
            0.7356497608673347
        ],
        "Neck": [
            -0.27782360341018,
            -0.12129901552638515,
            0.9387898797754402
        ],
        "Head": [
            -0.23868139635997582,
            0.047377965962968165,
            1.0015673008296984
        ],
        "L_Shoulder": [
            -0.24165722890374736,
            0.05356095239649178,
            0.7287112150064239
        ],
        "L_Elbow": [
            -0.21600350508259697,
            0.46152026021085646,
            0.643879330739806
        ],
        "L_Wrist": [
            -0.20940470744087059,
            0.6941075952305241,
            0.4908450837559176
        ],
        "R_Shoulder": [
            0.0014663113420874544,
            -0.15720716832458034,
            0.6550113458633934
        ],
        "R_Elbow": [
            0.18521334500099168,
            0.015440272770335512,
            0.5531027476028688
        ],
        "R_Wrist": [
            0.464662943332439,
            0.203276347156037,
            0.5368062499380245
        ]
    }
}