{
    "video": "edition34_sequence_31.mp4",
    "peak_id": 16,
    "frame_idx": 2166,
    "timestamp": 86.64,
    "total_score": 0.731,
    "skeleton_3d": {
        "Pelvis": [
            0.0,
            0.0,
            0.0
        ],
        "R_Hip": [
            0.0731857644666882,
            -0.06331998785232179,
            0.005286291140217119
        ],
        "R_Knee": [
            -0.4546988585978076,
            0.10753681575933724,
            0.18649082467334602
        ],
        "R_Ankle": [
            -0.7678014982359544,
            0.03289198844382438,
            0.43632321884127845
        ],
        "L_Hip": [
            -0.06338751994911478,
            0.10368658471307565,
            -0.007487288319950086
        ],
        "L_Knee": [
            -0.01795930881862671,
            0.1240461045473586,
            -0.6627228494235017
        ],
        "L_Ankle": [
            -0.062012832650349264,
            0.09054399082692897,
            -1.2280735131449483
        ],
        "Spine": [
            0.014503653299996845,
            0.03185429408460426,
            0.315596282785884
        ],
        "Thorax": [
            0.03720670997281235,
            0.11900685989758013,
            0.6608196458738946
        ],
        "Neck": [
            -0.04088200653069837,
            -0.006504245289010142,
            0.9099092351504129
        ],
        "Head": [
            0.0009110447953065828,
            0.2001118001598566,
            0.9386931999687628
        ],
        "L_Shoulder": [
            -0.12742540709229092,
            0.2527175624405801,
            0.6488889616766649
        ],
        "L_Elbow": [
            -0.4276326989098655,
            0.3207900261183286,
            0.8340356684565194
        ],
        "L_Wrist": [
            -0.4862471730307701,
            0.27143201195857997,
            1.19739080424899
        ],
        "R_Shoulder": [
            0.19067897083391813,
            -0.14541959682731376,
            0.5908633030251995
        ],
        "R_Elbow": [
            0.32492142412133873,
            -0.5915487954431509,
            0.37665724526728167
        ],
        "R_Wrist": [
            0.25712751227787056,
            -1.0879583343856976,
            0.3699716709132947
        ]
    }
}