{
    "video": "edition34_sequence_35.mp4",
    "peak_id": 8,
    "frame_idx": 2663,
    "timestamp": 106.52,
    "total_score": 0.41,
    "skeleton_3d": {
        "Pelvis": [
            0.0,
            0.0,
            0.0
        ],
        "R_Hip": [
            0.08614221540835218,
            0.19987350629411968,
            -0.003015767335287731
        ],
        "R_Knee": [
            0.0657521964039537,
            0.3303924493113547,
            -0.6753946303543518
        ],
        "R_Ankle": [
            0.0817003233731506,
            0.5558738874553784,
            -1.2910829169326654
        ],
        "L_Hip": [
            -0.08236432098432746,
            -0.18434667664135468,
            0.006190148939600095
        ],
        "L_Knee": [
            0.05243715114772033,
            -0.6921900746987681,
            -0.328926964265969
        ],
        "L_Ankle": [
            -0.07939556271594897,
            -0.9449337770446964,
            -0.7804136469584888
        ],
        "Spine": [
            -0.02105605980992342,
            0.11241828740698151,
            0.31475818818782964
        ],
        "Thorax": [
            -0.025454612729590594,
            0.18010535454537877,
            0.6854920406737072
        ],
        "Neck": [
            0.11561431751324146,
            0.12709925331592578,
            0.899644661779524
        ],
        "Head": [
            0.07836522503723252,
            0.23596580139847914,
            0.9562822337036904
        ],
        "L_Shoulder": [
            -0.11109719225470098,
            -0.08928236492903734,
            0.6357660181436663
        ],
        "L_Elbow": [
            0.15112001931871907,
            -0.5258040558625651,
            0.43946663584976386
        ],
        "L_Wrist": [
            0.4550147272012716,
            -0.29913837603563326,
            0.38026408453172894
        ],
        "R_Shoulder": [
            0.04054290268919238,
            0.31738585465592556,
            0.6348800142092027
        ],
        "R_Elbow": [
            0.05777240885579996,
            0.537948578472139,
            0.25660664356492396
        ],
        "R_Wrist": [
            0.20080756116864099,
            0.41574985973339657,
            0.1275985413882213
        ]
    }
}