{
    "video": "edition34_sequence_24.mp4",
    "peak_id": 8,
    "frame_idx": 1938,
    "timestamp": 77.52,
    "total_score": 0.453,
    "skeleton_3d": {
        "Pelvis": [
            0.0,
            0.0,
            0.0
        ],
        "R_Hip": [
            -0.11560046137932649,
            0.2016251611056431,
            -0.00921797828550209
        ],
        "R_Knee": [
            0.11032954471038203,
            0.5415878050338506,
            -0.5851673105047942
        ],
        "R_Ankle": [
            0.09148841433072048,
            1.072361048885057,
            -1.1684129364687632
        ],
        "L_Hip": [
            0.11659606145382598,
            -0.1965799804890255,
            0.0113611074990227
        ],
        "L_Knee": [
            0.5463678329205872,
            0.2416970446052189,
            -0.4577683409793122
        ],
        "L_Ankle": [
            0.9764531240478824,
            0.5625096321661789,
            -0.8998882728242522
        ],
        "Spine": [
            -0.06926735423300687,
            -0.15185141663051807,
            0.34826039393947766
        ],
        "Thorax": [
            -0.11653818710200055,
            -0.3168898398107674,
            0.7243070205163653
        ],
        "Neck": [
            -0.004482745748701393,
            -0.3189162245308884,
            0.9428589714102417
        ],
        "Head": [
            -0.017832705066657125,
            -0.5226343697234193,
            0.9991592167357102
        ],
        "L_Shoulder": [
            0.060781992691218686,
            -0.46612301697121844,
            0.6757985928819691
        ],
        "L_Elbow": [
            0.36267122609040714,
            -0.8021608978604562,
            0.6442426796043154
        ],
        "L_Wrist": [
            0.7385976466190542,
            -0.7128497955973097,
            0.6807437796113177
        ],
        "R_Shoulder": [
            -0.3015532314141487,
            -0.11850801333532127,
            0.6877188600341876
        ],
        "R_Elbow": [
            -0.539142998945022,
            0.33234155676048416,
            0.6468835140179667
        ],
        "R_Wrist": [
            -0.6767555468305058,
            0.7527606693782265,
            0.6840738902053332
        ]
    }
}