{
    "video": "edition34_sequence_24.mp4",
    "peak_id": 3,
    "frame_idx": 1404,
    "timestamp": 56.16,
    "total_score": 0.941,
    "skeleton_3d": {
        "Pelvis": [
            0.0,
            0.0,
            0.0
        ],
        "R_Hip": [
            0.08605498469086979,
            -0.14557194189081107,
            -0.018138879973037727
        ],
        "R_Knee": [
            0.0877224093165572,
            -0.3704308976454206,
            -0.6066597749173128
        ],
        "R_Ankle": [
            0.15076992976192843,
            -0.42875687276163055,
            -1.1836243416059913
        ],
        "L_Hip": [
            -0.08970317385846956,
            0.14604920854676812,
            0.014641183178836838
        ],
        "L_Knee": [
            -0.561217501007591,
            -0.04500559813860604,
            0.27792692657055235
        ],
        "L_Ankle": [
            -0.9188282981175188,
            -0.3476079368273291,
            0.42363677020419194
        ],
        "Spine": [
            0.06301880072649624,
            0.03656384523498269,
            0.2992959148297943
        ],
        "Thorax": [
            0.1234044394893302,
            0.21643498016729276,
            0.617802842704361
        ],
        "Neck": [
            0.1405094749887417,
            0.16544555567353586,
            0.8301017255125448
        ],
        "Head": [
            0.13996124296047913,
            0.3776801183461203,
            0.8508754680019452
        ],
        "L_Shoulder": [
            -0.07467963448612042,
            0.2739015613545892,
            0.5862571191894909
        ],
        "L_Elbow": [
            -0.40519581974686314,
            0.47232537305664496,
            0.6120797764840559
        ],
        "L_Wrist": [
            -0.7052238617577072,
            0.41552277921181047,
            0.7124755940439338
        ],
        "R_Shoulder": [
            0.31325470545348094,
            0.0171250595074588,
            0.5829629654723543
        ],
        "R_Elbow": [
            0.4713514534439462,
            -0.3550758486053014,
            0.867067241295364
        ],
        "R_Wrist": [
            0.5676904324817288,
            -0.24616416020641155,
            1.1766716449715444
        ]
    }
}