{
    "video": "edition34_sequence_31.mp4",
    "peak_id": 4,
    "frame_idx": 792,
    "timestamp": 31.68,
    "total_score": 0.577,
    "skeleton_3d": {
        "Pelvis": [
            0.0,
            0.0,
            0.0
        ],
        "R_Hip": [
            0.032755711379550544,
            -0.17010405678355214,
            0.016536729431087315
        ],
        "R_Knee": [
            0.7493190643579326,
            -0.06360083211810687,
            -0.030064967141598165
        ],
        "R_Ankle": [
            1.2597838361662603,
            -0.21359859975064996,
            -0.053767406912971875
        ],
        "L_Hip": [
            -0.037474438884001704,
            0.18708869822158186,
            -0.021396829593281808
        ],
        "L_Knee": [
            0.09863643076842968,
            0.23640123376190675,
            -0.7075574627726007
        ],
        "L_Ankle": [
            0.18723496195168646,
            0.4133651366423088,
            -1.3131064999360733
        ],
        "Spine": [
            -0.02701982682248381,
            -0.09602516990076491,
            0.3367882757721116
        ],
        "Thorax": [
            -0.027904249815582843,
            -0.20186348427845136,
            0.6943322235504527
        ],
        "Neck": [
            -0.20140288303870696,
            -0.1966600032811592,
            0.8570306181169757
        ],
        "Head": [
            -0.174427750973237,
            -0.17048137201646893,
            0.9175472088924153
        ],
        "L_Shoulder": [
            0.12707251237053924,
            -0.03427380379680516,
            0.7065171936808695
        ],
        "L_Elbow": [
            0.20704802098138653,
            0.29048329507089676,
            0.9342228172232252
        ],
        "L_Wrist": [
            0.015152574897145206,
            0.4228699093401044,
            1.1959378993233456
        ],
        "R_Shoulder": [
            -0.17699749283650557,
            -0.3832316393769785,
            0.6123555361274131
        ],
        "R_Elbow": [
            -0.5550204294797837,
            -0.46998791026677816,
            0.757951104414456
        ],
        "R_Wrist": [
            -0.7026979137171511,
            -0.26444347381758593,
            1.0861294395105159
        ]
    }
}