{
    "video": "edition19_sequence_17.mp4",
    "peak_id": 2,
    "frame_idx": 1055,
    "timestamp": 42.2,
    "total_score": 0.924,
    "skeleton_3d": {
        "Pelvis": [
            0.0,
            0.0,
            0.0
        ],
        "R_Hip": [
            0.12764971922523083,
            0.1855266093977323,
            0.061105307783377825
        ],
        "R_Knee": [
            0.7313759249061946,
            0.1494375375590101,
            0.18843318198608275
        ],
        "R_Ankle": [
            1.4356923856186674,
            0.2719094788140995,
            0.33447834773608
        ],
        "L_Hip": [
            -0.12382996536951002,
            -0.18362441178992417,
            -0.05415073249879577
        ],
        "L_Knee": [
            0.04691112859666838,
            -0.17213955248925417,
            -0.7447932557821786
        ],
        "L_Ankle": [
            -0.06443098963137807,
            -0.09755665905328106,
            -1.405748357167248
        ],
        "Spine": [
            -0.07516089454869698,
            -0.02324511410534677,
            0.3439694725059352
        ],
        "Thorax": [
            -0.1196142403171647,
            0.060008101692743676,
            0.6583405288640324
        ],
        "Neck": [
            -0.16895011779544017,
            -0.0617932075452669,
            0.9420503626193851
        ],
        "Head": [
            -0.1194036024312989,
            0.053846734387676246,
            0.9731392246762136
        ],
        "L_Shoulder": [
            -0.34262577740211486,
            -0.11702482936713697,
            0.6604608792230461
        ],
        "L_Elbow": [
            -0.5562321709310167,
            -0.5179480862938154,
            0.878945743145378
        ],
        "L_Wrist": [
            -0.7123062140602651,
            -0.5741889666861679,
            1.180665856188462
        ],
        "R_Shoulder": [
            0.08486199938556804,
            0.14010014219429814,
            0.6375889182229674
        ],
        "R_Elbow": [
            0.42465558778080714,
            0.37870365201997874,
            0.62602366201851
        ],
        "R_Wrist": [
            0.7754040265392166,
            0.21986701282805265,
            0.6305792005582708
        ]
    }
}