{
    "video": "edition19_sequence_13.mp4",
    "peak_id": 5,
    "frame_idx": 1521,
    "timestamp": 60.84,
    "total_score": 0.594,
    "skeleton_3d": {
        "Pelvis": [
            0.0,
            0.0,
            0.0
        ],
        "R_Hip": [
            0.13214930967661473,
            -0.10669814085250094,
            -0.018739376328207043
        ],
        "R_Knee": [
            0.08606711209396349,
            -0.0894107394362211,
            -0.6729317000185238
        ],
        "R_Ankle": [
            0.01883396270551102,
            -0.03720551285920711,
            -1.2436925605020315
        ],
        "L_Hip": [
            -0.1328612692664231,
            0.10452628789887496,
            0.017111968584121978
        ],
        "L_Knee": [
            -0.46301447935151085,
            0.13397582423313384,
            -0.46662038585124416
        ],
        "L_Ankle": [
            -0.8764414471280508,
            0.32448235912171713,
            -0.8203699440857857
        ],
        "Spine": [
            -0.0044165591856941775,
            -0.050144629437359235,
            0.33939969590128105
        ],
        "Thorax": [
            -0.025563410532292708,
            -0.17081030910902217,
            0.6559194350721171
        ],
        "Neck": [
            -0.17682441400746046,
            -0.24493550688259974,
            0.9255905831909372
        ],
        "Head": [
            -0.1557561239537844,
            -0.17851341666585488,
            0.988500924499518
        ],
        "L_Shoulder": [
            -0.2392966176704958,
            -0.0807235592286104,
            0.6131996062111383
        ],
        "L_Elbow": [
            -0.5869351341323109,
            -0.17201356325619663,
            0.5981808631702116
        ],
        "L_Wrist": [
            -0.8904509349632946,
            -0.36289600239214825,
            0.7267734170856252
        ],
        "R_Shoulder": [
            0.1999961703848002,
            -0.12435319630303324,
            0.6513884530829235
        ],
        "R_Elbow": [
            0.515781189893833,
            0.015121147715788978,
            0.6369317761543608
        ],
        "R_Wrist": [
            0.8554452932321492,
            0.024854917221325646,
            0.6600930664039845
        ]
    }
}