{
    "video": "edition19_sequence_9.mp4",
    "peak_id": 1,
    "frame_idx": 351,
    "timestamp": 14.04,
    "total_score": 0.656,
    "skeleton_3d": {
        "Pelvis": [
            0.0,
            0.0,
            0.0
        ],
        "R_Hip": [
            0.08317677228960231,
            0.18947383109300642,
            0.04119671814125461
        ],
        "R_Knee": [
            0.6530186269572308,
            0.2961391478054788,
            -0.1036749244557451
        ],
        "R_Ankle": [
            1.2659121087739733,
            0.4423019838094527,
            -0.1908243401514118
        ],
        "L_Hip": [
            -0.08324418599982818,
            -0.18652799130584924,
            -0.03807707245259664
        ],
        "L_Knee": [
            0.0034121660838138503,
            -0.10827667265822205,
            -0.7376281443552225
        ],
        "L_Ankle": [
            0.08558178400892857,
            -0.012145638001908682,
            -1.285910633061023
        ],
        "Spine": [
            -0.025095854625772233,
            -0.03671654599029263,
            0.3493264880741883
        ],
        "Thorax": [
            -0.04396809143039404,
            -0.11771853594964542,
            0.6803072972122
        ],
        "Neck": [
            0.03915289496230042,
            -0.14817428338049854,
            0.9337313145600225
        ],
        "Head": [
            0.02744056144216683,
            -0.08040555346830515,
            0.9912824305307197
        ],
        "L_Shoulder": [
            -0.2599705616961601,
            -0.2352225522184278,
            0.6527444498237537
        ],
        "L_Elbow": [
            -0.5855280903424135,
            -0.3109894100910052,
            0.5459762772476293
        ],
        "L_Wrist": [
            -0.8695416834303908,
            -0.4758427761322956,
            0.5265634424336652
        ],
        "R_Shoulder": [
            0.16557685397587893,
            0.06505789158447413,
            0.6755149291192637
        ],
        "R_Elbow": [
            0.5207292643352728,
            0.2940314176649732,
            0.6054875441250187
        ],
        "R_Wrist": [
            0.8792853834587069,
            0.25264928552819876,
            0.6205633951912543
        ]
    }
}