{
    "video": "edition19_sequence_8.mp4",
    "peak_id": 0,
    "frame_idx": 769,
    "timestamp": 30.76,
    "total_score": 0.75,
    "skeleton_3d": {
        "Pelvis": [
            0.0,
            0.0,
            0.0
        ],
        "R_Hip": [
            0.08010439566564741,
            -0.1292426001697754,
            0.00593824189454473
        ],
        "R_Knee": [
            -0.252567429669068,
            0.34744311608941325,
            0.1301062134045056
        ],
        "R_Ankle": [
            -0.5871745328508625,
            0.6431942755337389,
            0.39566559698515735
        ],
        "L_Hip": [
            -0.07705112185382859,
            0.1032848896947129,
            -0.007527909143919915
        ],
        "L_Knee": [
            -0.04757422546711731,
            0.02378712926393984,
            -0.6823726013772679
        ],
        "L_Ankle": [
            -0.04273236771694846,
            0.012011685776817396,
            -1.3150597963480528
        ],
        "Spine": [
            0.019758731571980024,
            -0.06264281182138592,
            0.33645445923741657
        ],
        "Thorax": [
            0.030233065449802643,
            -0.15627949327455068,
            0.6656867552613468
        ],
        "Neck": [
            0.0751119560610943,
            -0.1874349242398981,
            0.9756534606570181
        ],
        "Head": [
            0.09937605624987818,
            -0.13265343935097254,
            1.0268945742977655
        ],
        "L_Shoulder": [
            -0.12973131758349088,
            -0.04022685122829237,
            0.6543307801150715
        ],
        "L_Elbow": [
            -0.4785396712429805,
            0.030362580986402272,
            0.5844446660287373
        ],
        "L_Wrist": [
            -0.7886982348548598,
            -0.2842551124600248,
            0.6222263994751545
        ],
        "R_Shoulder": [
            0.1841749743781753,
            -0.1988329923488278,
            0.5952727269214266
        ],
        "R_Elbow": [
            0.13924734228491584,
            -0.34515777105386214,
            0.4357888787631611
        ],
        "R_Wrist": [
            -0.04466525527090796,
            -0.386581372288945,
            0.565580459504307
        ]
    }
}