{
    "video": "edition19_sequence_15.mp4",
    "peak_id": 6,
    "frame_idx": 1848,
    "timestamp": 73.92,
    "total_score": 0.9,
    "skeleton_3d": {
        "Pelvis": [
            0.0,
            0.0,
            0.0
        ],
        "R_Hip": [
            0.10344367368685163,
            -0.15384614699853652,
            -0.0471463433781409
        ],
        "R_Knee": [
            0.05752633333148204,
            -0.1267428038375333,
            -0.8045076904085878
        ],
        "R_Ankle": [
            0.11577967207170893,
            -0.032998372206252485,
            -1.5231873415264328
        ],
        "L_Hip": [
            -0.10196224463885023,
            0.15231451115079606,
            0.051682910932880466
        ],
        "L_Knee": [
            -0.3320832265327344,
            -0.02173778470290869,
            0.6093505127028906
        ],
        "L_Ankle": [
            -0.7020159986437043,
            -0.19887169884900838,
            1.2088288357838195
        ],
        "Spine": [
            0.10621151512162504,
            0.013872292242737108,
            0.3542751950843106
        ],
        "Thorax": [
            0.16492355006619688,
            0.13641062363121137,
            0.6854528848950224
        ],
        "Neck": [
            0.1482975292307392,
            0.08278670374374612,
            0.9340807109822526
        ],
        "Head": [
            0.1625505984060066,
            0.1820098937437481,
            0.9667320853830188
        ],
        "L_Shoulder": [
            -0.07113286874431533,
            0.12667575977302192,
            0.6410351637770925
        ],
        "L_Elbow": [
            -0.36587800214475424,
            -0.12234955245288998,
            0.5110958368950511
        ],
        "L_Wrist": [
            -0.6797894327584761,
            -0.4096468512084866,
            0.6944416850935381
        ],
        "R_Shoulder": [
            0.4057679145265908,
            0.06353135593410353,
            0.7245387377251501
        ],
        "R_Elbow": [
            0.49469635664757494,
            -0.2869791268479045,
            1.0262104700368788
        ],
        "R_Wrist": [
            0.3725068950665632,
            -0.29706687725304487,
            1.3761237734354486
        ]
    }
}