{
    "video": "edition19_sequence_8.mp4",
    "peak_id": 6,
    "frame_idx": 1838,
    "timestamp": 73.52,
    "total_score": 0.544,
    "skeleton_3d": {
        "Pelvis": [
            0.0,
            0.0,
            0.0
        ],
        "R_Hip": [
            0.12327396954081139,
            -0.14158187493739702,
            -0.03798401771277167
        ],
        "R_Knee": [
            0.10687962696428577,
            -0.20378290170689603,
            -0.6862376074268506
        ],
        "R_Ankle": [
            0.11089039486291893,
            -0.3571626520910826,
            -1.2626028191280783
        ],
        "L_Hip": [
            -0.12187515557812546,
            0.13900591686487393,
            0.04282871284099841
        ],
        "L_Knee": [
            -0.6056334970420822,
            -0.06337713680840633,
            -0.20272264402307974
        ],
        "L_Ankle": [
            -1.101279248474536,
            0.16346256821849836,
            -0.32415356418618113
        ],
        "Spine": [
            0.07421908650244936,
            0.024252180212174002,
            0.36444900715036604
        ],
        "Thorax": [
            0.14160830928581492,
            0.06160795068028388,
            0.7215056014314325
        ],
        "Neck": [
            0.22387733212515315,
            -0.011649090299294538,
            0.959227963592506
        ],
        "Head": [
            0.24296811660190826,
            0.10606300949948265,
            1.0051148465400597
        ],
        "L_Shoulder": [
            -0.03634630787762747,
            0.13772451364586347,
            0.7452502002813923
        ],
        "L_Elbow": [
            -0.18176208453261086,
            0.09466997282172797,
            1.1053429433275221
        ],
        "L_Wrist": [
            -0.23184614486937663,
            -0.05308382000016398,
            1.4259366236692417
        ],
        "R_Shoulder": [
            0.31686817037593107,
            0.03450909153382457,
            0.6811148491691502
        ],
        "R_Elbow": [
            0.5155648121596366,
            -0.15442426397398645,
            1.0104330587678803
        ],
        "R_Wrist": [
            0.5908598567467807,
            -0.11180210316013003,
            1.3347046526838569
        ]
    }
}