{
    "video": "edition19_sequence_21.mp4",
    "peak_id": 4,
    "frame_idx": 897,
    "timestamp": 35.88,
    "total_score": 0.4,
    "skeleton_3d": {
        "Pelvis": [
            0.0,
            0.0,
            0.0
        ],
        "R_Hip": [
            0.14471702069798645,
            0.1078801617014304,
            -0.044333107727040244
        ],
        "R_Knee": [
            0.298540083907452,
            -0.0771033461788642,
            -0.6870247163968768
        ],
        "R_Ankle": [
            0.026284482539447172,
            -0.1279754685219316,
            -1.2829967105765567
        ],
        "L_Hip": [
            -0.15182272009640116,
            -0.10709271435879016,
            0.044952520085865005
        ],
        "L_Knee": [
            -0.5525058351528722,
            0.09086727495760931,
            -0.3754738172508967
        ],
        "L_Ankle": [
            -0.9640447680295547,
            0.4197426679031648,
            -0.5796916467850816
        ],
        "Spine": [
            0.16739185398648812,
            -0.012385500689721891,
            0.35280195330517744
        ],
        "Thorax": [
            0.33183153519779923,
            -0.11166519164297002,
            0.682085817243738
        ],
        "Neck": [
            0.500486030764338,
            -0.14104212976801977,
            0.9332704497366926
        ],
        "Head": [
            0.4992197240959158,
            -0.08597039386844563,
            1.0101145561394167
        ],
        "L_Shoulder": [
            0.12542506397644965,
            -0.18874877119268446,
            0.7231471316415431
        ],
        "L_Elbow": [
            -0.06148305635192991,
            -0.07700296002956815,
            0.34072341230809455
        ],
        "L_Wrist": [
            -0.15148909766236068,
            0.03476357441288306,
            -0.0038011563303745545
        ],
        "R_Shoulder": [
            0.5265046794745833,
            0.0441279062623313,
            0.6306030290578241
        ],
        "R_Elbow": [
            0.7475197456800142,
            0.10114930145120091,
            0.3040426115319974
        ],
        "R_Wrist": [
            1.0316816754817444,
            0.06293392817392479,
            0.042419509180112586
        ]
    }
}