{
    "video": "edition19_sequence_9.mp4",
    "peak_id": 3,
    "frame_idx": 549,
    "timestamp": 21.96,
    "total_score": 0.816,
    "skeleton_3d": {
        "Pelvis": [
            0.0,
            0.0,
            0.0
        ],
        "R_Hip": [
            0.10922911649823552,
            0.18687718499931774,
            0.05249231207577601
        ],
        "R_Knee": [
            0.6695433822234466,
            0.2716713777770296,
            -0.14306647877752088
        ],
        "R_Ankle": [
            1.1788166113348981,
            0.521650661585267,
            -0.17593873972372837
        ],
        "L_Hip": [
            -0.11030159572612297,
            -0.17997893968489626,
            -0.04647620918536011
        ],
        "L_Knee": [
            -0.001580533723964732,
            -0.13671184472246864,
            -0.7262926849654878
        ],
        "L_Ankle": [
            0.06325619442456067,
            -0.051177431746862664,
            -1.2901835706489786
        ],
        "Spine": [
            -0.004303878647161807,
            -0.05564214461586064,
            0.3449007914234757
        ],
        "Thorax": [
            -0.0006538952678460596,
            -0.16348689498584873,
            0.6673805427684382
        ],
        "Neck": [
            0.09846608750110299,
            -0.17942301390476265,
            0.9521893086151934
        ],
        "Head": [
            0.0845454342068777,
            -0.12741098126728226,
            1.0212648952458712
        ],
        "L_Shoulder": [
            -0.22587370131148113,
            -0.2606174280732051,
            0.648756786256954
        ],
        "L_Elbow": [
            -0.5546412889698659,
            -0.30134942533299913,
            0.5387617013157827
        ],
        "L_Wrist": [
            -0.8750604980301778,
            -0.4433701676105611,
            0.5120988996158727
        ],
        "R_Shoulder": [
            0.22230461710471386,
            0.02958075890338532,
            0.6404463489861827
        ],
        "R_Elbow": [
            0.5686550560578236,
            0.25316286312404135,
            0.5446336009054786
        ],
        "R_Wrist": [
            0.8901356770315194,
            0.15836782222364604,
            0.5671148219681962
        ]
    }
}