{
    "video": "edition19_sequence_13.mp4",
    "peak_id": 12,
    "frame_idx": 2304,
    "timestamp": 92.16,
    "total_score": 0.936,
    "skeleton_3d": {
        "Pelvis": [
            0.0,
            0.0,
            0.0
        ],
        "R_Hip": [
            0.1418527266139164,
            -0.10321682453973997,
            -0.05883697165543284
        ],
        "R_Knee": [
            0.10231899620994483,
            -0.034184931244782966,
            -0.648315451021229
        ],
        "R_Ankle": [
            0.03707811203258722,
            -0.002326376870589681,
            -1.0153495898276812
        ],
        "L_Hip": [
            -0.1297531986650701,
            0.09169706679265005,
            0.056810300130408664
        ],
        "L_Knee": [
            -0.5520942319330284,
            -0.14709593416052244,
            0.2711450601199247
        ],
        "L_Ankle": [
            -0.9009571611225617,
            -0.09238678727136962,
            0.5514221722422792
        ],
        "Spine": [
            0.10549429734437724,
            0.014212438560070494,
            0.3078983131512567
        ],
        "Thorax": [
            0.17559344720711523,
            -0.04710501309616286,
            0.5931922649354848
        ],
        "Neck": [
            0.2563064479769017,
            -0.05459068280083137,
            0.9564905478405467
        ],
        "Head": [
            0.23656885536137875,
            -0.036259494372012584,
            0.998467233310828
        ],
        "L_Shoulder": [
            -0.06618990278726493,
            -0.004495910015940306,
            0.5761887024986311
        ],
        "L_Elbow": [
            -0.44446495788567136,
            -0.12260883329847032,
            0.5574678149892918
        ],
        "L_Wrist": [
            -0.2474307600631,
            -0.2514073092130883,
            0.7823661231677516
        ],
        "R_Shoulder": [
            0.4308718044097884,
            0.0029024826991058375,
            0.5943294297311915
        ],
        "R_Elbow": [
            0.5868645470679336,
            -0.029360407048839292,
            0.8747552452359943
        ],
        "R_Wrist": [
            0.7422098330280459,
            -0.06148558671072106,
            1.2080214147302923
        ]
    }
}