{
    "video": "edition19_sequence_20.mp4",
    "peak_id": 1,
    "frame_idx": 678,
    "timestamp": 27.12,
    "total_score": 0.564,
    "skeleton_3d": {
        "Pelvis": [
            0.0,
            0.0,
            0.0
        ],
        "R_Hip": [
            0.0687216427682745,
            -0.1415859574805854,
            -0.04153451713625805
        ],
        "R_Knee": [
            -0.06510936519606308,
            -0.18471039077236784,
            -0.5832407567651715
        ],
        "R_Ankle": [
            -0.16462444459855186,
            -0.30146646714140946,
            -1.0429206888844456
        ],
        "L_Hip": [
            -0.06628693893771961,
            0.13332957267709736,
            0.04565529501375924
        ],
        "L_Knee": [
            -0.4249334743391435,
            -0.13822573004435593,
            0.029384982845996402
        ],
        "L_Ankle": [
            -0.7109976029790345,
            0.1803223280335676,
            0.0265712582723922
        ],
        "Spine": [
            0.024057249302171884,
            -0.013234939816104204,
            0.29885735347923353
        ],
        "Thorax": [
            0.03114539873260468,
            0.032559073269584425,
            0.5917501341231269
        ],
        "Neck": [
            -0.06879731085911626,
            -0.047474521558566296,
            0.8132763464341243
        ],
        "Head": [
            -0.07480094101155371,
            0.009731121505081207,
            0.841811230359189
        ],
        "L_Shoulder": [
            -0.12540474442737692,
            0.08447353739251368,
            0.5525669947962403
        ],
        "L_Elbow": [
            -0.3630461880152401,
            0.004283037297945878,
            0.7561522553356703
        ],
        "L_Wrist": [
            -0.5355001080845714,
            -0.12543623743186286,
            1.0126882034492388
        ],
        "R_Shoulder": [
            0.20837999869882173,
            -0.02446683623417679,
            0.6167421236965253
        ],
        "R_Elbow": [
            0.3465104508584209,
            -0.1946794183346723,
            0.9068916801589415
        ],
        "R_Wrist": [
            0.38553299208950254,
            -0.16234219412126255,
            1.2184015572700004
        ]
    }
}