{
    "video": "edition19_sequence_15.mp4",
    "peak_id": 1,
    "frame_idx": 968,
    "timestamp": 38.72,
    "total_score": 0.487,
    "skeleton_3d": {
        "Pelvis": [
            0.0,
            0.0,
            0.0
        ],
        "R_Hip": [
            0.044736046344938434,
            -0.18300428665568827,
            -0.0020228783080374923
        ],
        "R_Knee": [
            -0.47812413349131994,
            0.036904725042495874,
            -0.21294921158407143
        ],
        "R_Ankle": [
            -0.9741234007746864,
            0.2318605616698941,
            -0.28446948664069177
        ],
        "L_Hip": [
            -0.041823393204975315,
            0.17820887453558049,
            0.0027564248357574285
        ],
        "L_Knee": [
            -0.058252372414563255,
            0.11011739508715411,
            -0.6802496983209716
        ],
        "L_Ankle": [
            0.015238366048794041,
            -0.019305789877254925,
            -1.285057327377446
        ],
        "Spine": [
            0.053262223865920916,
            -0.010788835064834103,
            0.3691296746870929
        ],
        "Thorax": [
            0.09583551548806392,
            -0.0469353435134055,
            0.7344371751214119
        ],
        "Neck": [
            0.07215119717730584,
            -0.0921200248486573,
            0.991856366458321
        ],
        "Head": [
            0.08481583144134786,
            -0.06424740465880813,
            1.0523925698122882
        ],
        "L_Shoulder": [
            -0.02638833783389134,
            0.12470983912918403,
            0.7332341669982885
        ],
        "L_Elbow": [
            -0.2985538714686764,
            0.2563660222632988,
            0.7538014942792703
        ],
        "L_Wrist": [
            -0.539501378827641,
            0.15339896707476441,
            0.8745664496678623
        ],
        "R_Shoulder": [
            0.21644332525574353,
            -0.18877555754800632,
            0.6779025437627757
        ],
        "R_Elbow": [
            -0.02008398447841027,
            -0.5369930322271018,
            0.7516761321981186
        ],
        "R_Wrist": [
            -0.3373253136357387,
            -0.37660631085036106,
            0.8424337979071733
        ]
    }
}