{
    "video": "edition36_sequence_7.mp4",
    "peak_id": 1,
    "frame_idx": 264,
    "timestamp": 10.56,
    "total_score": 0.665,
    "skeleton_3d": {
        "Pelvis": [
            0.0,
            0.0,
            0.0
        ],
        "R_Hip": [
            0.12060262651626066,
            0.06597566174776603,
            0.007655649095228812
        ],
        "R_Knee": [
            -0.3736767632746578,
            0.4640571622757032,
            -0.02644171503843854
        ],
        "R_Ankle": [
            -0.6541125309990128,
            0.5277481652101651,
            0.029376687245596295
        ],
        "L_Hip": [
            -0.12118631427941838,
            -0.0037851225128002677,
            -0.0015616181800348471
        ],
        "L_Knee": [
            -0.0013274077255883403,
            0.15490775288715553,
            -0.6558506529732179
        ],
        "L_Ankle": [
            0.014530539844665943,
            0.5276804570359866,
            -1.2527096734760481
        ],
        "Spine": [
            0.01598935791186573,
            -0.11169055039164993,
            0.3231129532449175
        ],
        "Thorax": [
            0.013272464396799296,
            -0.040974972005737416,
            0.6757262005185246
        ],
        "Neck": [
            -0.1797482630986649,
            -0.15340643729974837,
            0.8730349058137468
        ],
        "Head": [
            -0.15355079693346646,
            0.0589345652065768,
            0.9373277537179593
        ],
        "L_Shoulder": [
            -0.2143144792749311,
            0.00930399223246505,
            0.6007533722680969
        ],
        "L_Elbow": [
            -0.5176535456488535,
            0.30059836151535224,
            0.3401973592466738
        ],
        "L_Wrist": [
            -0.3193949330509944,
            -0.024626243487163982,
            0.09357515704074326
        ],
        "R_Shoulder": [
            0.26040691725996895,
            -0.21124822406725868,
            0.6548516129584319
        ],
        "R_Elbow": [
            0.6167451474503525,
            -0.4290094725839626,
            0.5936495251098138
        ],
        "R_Wrist": [
            1.0140528262143866,
            -0.7613188295388446,
            0.5441518973940357
        ]
    }
}