{
    "video": "edition36_sequence_19.mp4",
    "peak_id": 6,
    "frame_idx": 1148,
    "timestamp": 45.92,
    "total_score": 0.587,
    "skeleton_3d": {
        "Pelvis": [
            0.0,
            0.0,
            0.0
        ],
        "R_Hip": [
            0.11931099037589223,
            -0.1726182034630969,
            -0.018111839235401196
        ],
        "R_Knee": [
            0.04522445309520971,
            -0.048592897125509724,
            -0.6668483935982877
        ],
        "R_Ankle": [
            -0.022803969097827444,
            0.2807656945686644,
            -1.3359643591054666
        ],
        "L_Hip": [
            -0.11606635462855604,
            0.16885102762522336,
            0.016526104446643586
        ],
        "L_Knee": [
            0.053409227945223126,
            0.7455860069627556,
            -0.04112260608138091
        ],
        "L_Ankle": [
            0.48632944112934784,
            0.5897535236095857,
            0.12323526169223763
        ],
        "Spine": [
            -0.028170626544417484,
            -0.1329594228862866,
            0.32245467864454896
        ],
        "Thorax": [
            -0.04364748910588735,
            -0.1504749893803384,
            0.6802535482721631
        ],
        "Neck": [
            -0.20675868671302616,
            -0.3037264565926162,
            0.8145746369661121
        ],
        "Head": [
            -0.17802064255274078,
            -0.018528540721230516,
            0.9026939480164047
        ],
        "L_Shoulder": [
            -0.2754262507401386,
            -0.05888573764308845,
            0.6079990008606021
        ],
        "L_Elbow": [
            -0.5935385435986772,
            0.18694158519975634,
            0.3145769879899552
        ],
        "L_Wrist": [
            -0.32535037497596786,
            -0.024395735621682912,
            0.05778868283108513
        ],
        "R_Shoulder": [
            0.20880266599983724,
            -0.34799012252194744,
            0.6640114052968501
        ],
        "R_Elbow": [
            0.583850173703608,
            -0.505074039631749,
            0.6209504042606485
        ],
        "R_Wrist": [
            0.9375462275061531,
            -0.7961571039886329,
            0.5829965898466434
        ]
    }
}