{
    "video": "edition36_sequence_5.mp4",
    "peak_id": 3,
    "frame_idx": 639,
    "timestamp": 25.56,
    "total_score": 0.739,
    "skeleton_3d": {
        "Pelvis": [
            0.0,
            0.0,
            0.0
        ],
        "R_Hip": [
            0.13047466470977495,
            -0.14397030462394864,
            -0.02021970285682694
        ],
        "R_Knee": [
            0.10635279070076648,
            -0.13810456730995224,
            -0.6679513648702402
        ],
        "R_Ankle": [
            0.08784625206323182,
            0.19633967018016615,
            -1.2733542988141153
        ],
        "L_Hip": [
            -0.12083586445350458,
            0.14919211897439555,
            0.027195484788737463
        ],
        "L_Knee": [
            -0.7018723676246902,
            0.22629316372109112,
            -0.21518366127773608
        ],
        "L_Ankle": [
            -1.2510108643692315,
            0.367338407893683,
            -0.2817650147387832
        ],
        "Spine": [
            0.00015372108423097885,
            -0.09493844838318784,
            0.3320975737914341
        ],
        "Thorax": [
            -0.00967127564971387,
            -0.0791333293898063,
            0.6956519433533873
        ],
        "Neck": [
            -0.2164384681467474,
            -0.16518623417420691,
            0.880779243468567
        ],
        "Head": [
            -0.17126953506547396,
            0.05761420313791724,
            0.9429500708244418
        ],
        "L_Shoulder": [
            -0.22938842424047814,
            0.05123332808024636,
            0.6174511771265172
        ],
        "L_Elbow": [
            -0.6197145909282661,
            0.2937815233667701,
            0.5214646104085507
        ],
        "L_Wrist": [
            -0.9551841053997927,
            0.189115455604184,
            0.6570374375953374
        ],
        "R_Shoulder": [
            0.22097322311725773,
            -0.2744887454585247,
            0.6652437676497363
        ],
        "R_Elbow": [
            0.48672161997201946,
            -0.4165488180417628,
            0.39633363077374056
        ],
        "R_Wrist": [
            0.5195587308937158,
            -0.5167919292866615,
            0.047635849418487156
        ]
    }
}