{
    "video": "edition36_sequence_14.mp4",
    "peak_id": 6,
    "frame_idx": 950,
    "timestamp": 38.0,
    "total_score": 0.605,
    "skeleton_3d": {
        "Pelvis": [
            0.0,
            0.0,
            0.0
        ],
        "R_Hip": [
            0.12268292003315676,
            -0.15344581345594133,
            0.03220103463138453
        ],
        "R_Knee": [
            0.5916656164979743,
            0.10923768711321036,
            0.04167899468458156
        ],
        "R_Ankle": [
            0.9825100744000593,
            0.0270893886305185,
            0.16486351718003528
        ],
        "L_Hip": [
            -0.11323906017363783,
            0.1658129408852852,
            -0.03601191406153922
        ],
        "L_Knee": [
            -0.3414720280274243,
            -0.08442875342966798,
            -0.5403071050442411
        ],
        "L_Ankle": [
            -0.5524472534339778,
            -0.5455674284888441,
            -0.9476237903521222
        ],
        "Spine": [
            -0.0918671623206649,
            0.19877911434395804,
            0.2707083129313287
        ],
        "Thorax": [
            -0.16084402127502387,
            0.46602592800173065,
            0.5530988607904335
        ],
        "Neck": [
            -0.34086678255116093,
            0.3975421674367637,
            0.7366731122906135
        ],
        "Head": [
            -0.31533243766491587,
            0.635192470113651,
            0.7680317702570783
        ],
        "L_Shoulder": [
            -0.3229782644299372,
            0.45547272711392023,
            0.44733624111220055
        ],
        "L_Elbow": [
            -0.5927316041341626,
            0.5680328997761599,
            0.2772802892387021
        ],
        "L_Wrist": [
            -0.88412000049709,
            0.5058906245785207,
            0.18778172397371645
        ],
        "R_Shoulder": [
            0.016923529085915726,
            0.282888111036597,
            0.6106307418587602
        ],
        "R_Elbow": [
            0.14030358682639296,
            -0.13712902060607413,
            0.8363414700091829
        ],
        "R_Wrist": [
            0.2336836530825707,
            -0.2436967404633433,
            1.0920239311310331
        ]
    }
}