{
    "video": "edition36_sequence_14.mp4",
    "peak_id": 3,
    "frame_idx": 720,
    "timestamp": 28.8,
    "total_score": 0.748,
    "skeleton_3d": {
        "Pelvis": [
            0.0,
            0.0,
            0.0
        ],
        "R_Hip": [
            0.13023331703908253,
            0.036346815493417985,
            -0.045978577105184645
        ],
        "R_Knee": [
            0.3333360169374657,
            -0.34050268801705874,
            -0.6032096071611153
        ],
        "R_Ankle": [
            0.5887376430844292,
            -0.8010727780830686,
            -1.0730488263643667
        ],
        "L_Hip": [
            -0.1305210998322939,
            -0.010317828399408646,
            0.04474764729984563
        ],
        "L_Knee": [
            -0.6194956567308542,
            0.17506577602818651,
            0.13865586781778586
        ],
        "L_Ankle": [
            -1.0458711352952326,
            0.2777943994078802,
            0.3424041366016622
        ],
        "Spine": [
            0.07570520881197233,
            0.11216805541465537,
            0.2875769373561062
        ],
        "Thorax": [
            0.15092475371024747,
            0.3767083173695677,
            0.5929930744008869
        ],
        "Neck": [
            0.3286999522981505,
            0.24971248623796963,
            0.7392581213319867
        ],
        "Head": [
            0.31812042807211977,
            0.5054869504686268,
            0.7807733086022298
        ],
        "L_Shoulder": [
            -0.05539775177521388,
            0.20898723363115604,
            0.6413298139220827
        ],
        "L_Elbow": [
            -0.19144724035098076,
            -0.08110580307129067,
            0.8707752937475735
        ],
        "L_Wrist": [
            -0.23129164375339256,
            -0.1117554846892366,
            1.168786261293474
        ],
        "R_Shoulder": [
            0.34602623037828834,
            0.29606815803770714,
            0.4718932134384666
        ],
        "R_Elbow": [
            0.606588638200786,
            0.10140967019527629,
            0.3112551814542749
        ],
        "R_Wrist": [
            0.8705397954696751,
            -0.2359458887366787,
            0.178492822151194
        ]
    }
}