{
    "video": "edition36_sequence_4.mp4",
    "peak_id": 4,
    "frame_idx": 1467,
    "timestamp": 58.68,
    "total_score": 0.573,
    "skeleton_3d": {
        "Pelvis": [
            0.0,
            0.0,
            0.0
        ],
        "R_Hip": [
            -0.140937663108747,
            -0.104710402642126,
            -0.025778267469865827
        ],
        "R_Knee": [
            -0.6358902527410686,
            0.19282165997078923,
            -0.32424589187720454
        ],
        "R_Ankle": [
            -1.1525154709914827,
            0.08871636893720397,
            -0.5011103420209488
        ],
        "L_Hip": [
            0.1443397776559917,
            0.0983101185466498,
            0.028619847300990393
        ],
        "L_Knee": [
            0.4589190251162978,
            0.4543639231877135,
            -0.39296569511576906
        ],
        "L_Ankle": [
            0.8337005952140152,
            0.6185523945547926,
            -0.7916892800127252
        ],
        "Spine": [
            -0.05368991395148533,
            -0.14623510147384605,
            0.3149261801551044
        ],
        "Thorax": [
            -0.10369242830312447,
            -0.33389939499327587,
            0.6379735665731717
        ],
        "Neck": [
            -0.31924584456161925,
            -0.3198016380564025,
            0.8205599532166997
        ],
        "Head": [
            -0.2825754034305792,
            -0.5168099258806603,
            0.8706057915077262
        ],
        "L_Shoulder": [
            0.09172466799305597,
            -0.24782905109547965,
            0.6529220374427274
        ],
        "L_Elbow": [
            0.41059230897572435,
            0.03821868813508521,
            0.5681901297400015
        ],
        "L_Wrist": [
            0.7385614831452751,
            0.2255827935197088,
            0.5744136239272157
        ],
        "R_Shoulder": [
            -0.28113590745564804,
            -0.34810202351078723,
            0.5387291450675403
        ],
        "R_Elbow": [
            -0.6253481294512542,
            -0.21376564639960297,
            0.38355459429355726
        ],
        "R_Wrist": [
            -0.9471699042713253,
            0.021215458115404824,
            0.3529606106642017
        ]
    }
}