{
    "video": "edition36_sequence_10.mp4",
    "peak_id": 3,
    "frame_idx": 391,
    "timestamp": 15.64,
    "total_score": 0.771,
    "skeleton_3d": {
        "Pelvis": [
            0.0,
            0.0,
            0.0
        ],
        "R_Hip": [
            0.09940280463225476,
            0.15966868383645594,
            0.041112026321607875
        ],
        "R_Knee": [
            0.6612856390870084,
            0.2474837892850811,
            -0.0752482777961463
        ],
        "R_Ankle": [
            1.1949116210663364,
            0.21003728628924745,
            -0.10454057734121895
        ],
        "L_Hip": [
            -0.10249179764717509,
            -0.1694340963047994,
            -0.0365572669856231
        ],
        "L_Knee": [
            0.11366046891258935,
            -0.3936284333518944,
            -0.635039850491428
        ],
        "L_Ankle": [
            0.12794882568982008,
            -0.12499627111846563,
            -1.2937022505517175
        ],
        "Spine": [
            -0.02139594488326631,
            -0.1636604252438503,
            0.3292542676929219
        ],
        "Thorax": [
            -0.013276131675947114,
            -0.2999596870704347,
            0.677498624918579
        ],
        "Neck": [
            0.12483150529511236,
            -0.41378379327334064,
            0.8628275687896447
        ],
        "Head": [
            0.08400820334583199,
            -0.31565871014349817,
            0.9210635232054838
        ],
        "L_Shoulder": [
            -0.17222266542138975,
            -0.43200451141116414,
            0.5990829630813113
        ],
        "L_Elbow": [
            -0.08932031039761991,
            -0.9118578631233268,
            0.4491907249244828
        ],
        "L_Wrist": [
            0.05576273824897327,
            -0.7974835370366931,
            0.6976166712157917
        ],
        "R_Shoulder": [
            0.14164982904414847,
            -0.14343592466540236,
            0.6744197947038241
        ],
        "R_Elbow": [
            0.5306243242152081,
            0.03417358010586029,
            0.6314108724269687
        ],
        "R_Wrist": [
            0.5238979311579006,
            -0.3892655006208017,
            0.4766942755950983
        ]
    }
}