{
    "video": "edition36_sequence_19.mp4",
    "peak_id": 0,
    "frame_idx": 79,
    "timestamp": 3.16,
    "total_score": 0.696,
    "skeleton_3d": {
        "Pelvis": [
            0.0,
            0.0,
            0.0
        ],
        "R_Hip": [
            0.1381300772244187,
            0.06412518004675047,
            -0.07867786622766518
        ],
        "R_Knee": [
            0.07768684751518473,
            -0.3086717564662156,
            -0.7051479241949894
        ],
        "R_Ankle": [
            0.08102443530345552,
            -0.26446539744304454,
            -1.372490343907206
        ],
        "L_Hip": [
            -0.14389535835969747,
            -0.01639928243349786,
            0.08343719729072878
        ],
        "L_Knee": [
            -0.6983165120927435,
            -0.023298608690653123,
            0.14744829324726402
        ],
        "L_Ankle": [
            -1.2665283668406988,
            -0.17882851557620366,
            0.2508984618690404
        ],
        "Spine": [
            0.15769841740899834,
            0.0622785306576558,
            0.30573607047822726
        ],
        "Thorax": [
            0.28955330035181326,
            0.24245554082753365,
            0.6510366765163046
        ],
        "Neck": [
            0.2581334989127278,
            0.1438368171058722,
            0.845623431855666
        ],
        "Head": [
            0.2585235209072223,
            0.4624794577748989,
            0.8799934635050336
        ],
        "L_Shoulder": [
            0.08404164788196294,
            0.1318872658511161,
            0.5641252622843484
        ],
        "L_Elbow": [
            -0.22905335880293612,
            -0.1308059226599963,
            0.4194665448002765
        ],
        "L_Wrist": [
            -0.03346293826135444,
            -0.4075068216990311,
            0.10928571140713383
        ],
        "R_Shoulder": [
            0.5038638429447162,
            0.10229558813593327,
            0.6709982724316508
        ],
        "R_Elbow": [
            0.6247135167153578,
            -0.2869477894644971,
            1.007382875475304
        ],
        "R_Wrist": [
            0.6340651176492927,
            -0.17007202838933724,
            1.3154150505252462
        ]
    }
}