{
    "video": "edition36_sequence_10.mp4",
    "peak_id": 6,
    "frame_idx": 829,
    "timestamp": 33.16,
    "total_score": 0.649,
    "skeleton_3d": {
        "Pelvis": [
            0.0,
            0.0,
            0.0
        ],
        "R_Hip": [
            0.09628570946132219,
            0.1324480358995234,
            -0.061585000663920204
        ],
        "R_Knee": [
            0.2223869289961487,
            -0.1588302629659264,
            -0.5412268702961243
        ],
        "R_Ankle": [
            0.22866497239351724,
            -0.27275147874397726,
            -0.5681124774570375
        ],
        "L_Hip": [
            -0.10515910217713971,
            -0.11911122421095942,
            0.06135840539190493
        ],
        "L_Knee": [
            -0.6636556706755726,
            0.005760823817557592,
            0.08660919277881188
        ],
        "L_Ankle": [
            -1.273329367380911,
            0.07783469457424055,
            0.18045490091018335
        ],
        "Spine": [
            0.1730733515608172,
            0.04433275615777928,
            0.25478778694161314
        ],
        "Thorax": [
            0.32526433398854565,
            0.1853637358650412,
            0.5641172121299047
        ],
        "Neck": [
            0.3360042206099299,
            0.07101357784160874,
            0.7944647976680199
        ],
        "Head": [
            0.3276411881648181,
            0.3138003322231879,
            0.8245819659530739
        ],
        "L_Shoulder": [
            0.13230073594999667,
            -0.06743336603240897,
            0.5517755313442745
        ],
        "L_Elbow": [
            -0.053388414817684506,
            -0.5303454006978807,
            0.3333574836510572
        ],
        "L_Wrist": [
            0.12189581964969153,
            -0.9293285735761283,
            0.05637893522121888
        ],
        "R_Shoulder": [
            0.5250171821717596,
            0.16865208712229568,
            0.49570596378294035
        ],
        "R_Elbow": [
            0.8685919768651535,
            -0.1351917790757088,
            0.5312542300566969
        ],
        "R_Wrist": [
            1.2294616687178301,
            -0.3187671443131614,
            0.6367677194256385
        ]
    }
}