{
    "video": "edition36_sequence_19.mp4",
    "peak_id": 9,
    "frame_idx": 1953,
    "timestamp": 78.12,
    "total_score": 0.777,
    "skeleton_3d": {
        "Pelvis": [
            0.0,
            0.0,
            0.0
        ],
        "R_Hip": [
            -0.010489985055527801,
            0.13779797185801046,
            -0.06183697773765104
        ],
        "R_Knee": [
            -0.042086704252730936,
            0.1963954748089654,
            -0.7391802177778831
        ],
        "R_Ankle": [
            -0.03386166445308279,
            0.20816644024685949,
            -1.433094317698928
        ],
        "L_Hip": [
            0.023795954019072783,
            -0.12196957056577634,
            0.06558899566909349
        ],
        "L_Knee": [
            -0.3907203553157825,
            -0.174128493689901,
            0.038756746231930074
        ],
        "L_Ankle": [
            -0.9336263391076539,
            -0.08216900716618186,
            0.1860727411331649
        ],
        "Spine": [
            0.04825289684646387,
            -0.04626610134841589,
            0.3274443303281305
        ],
        "Thorax": [
            0.11445677125725577,
            -0.15614631115361347,
            0.6837751880703651
        ],
        "Neck": [
            0.2546734935856946,
            -0.17322063493369405,
            0.8773221746145843
        ],
        "Head": [
            0.2175444060598343,
            -0.27043653746881097,
            0.9243085594813722
        ],
        "L_Shoulder": [
            0.3269612092020649,
            -0.3012257589353468,
            0.6258246537305441
        ],
        "L_Elbow": [
            0.5647474377811876,
            -0.47131158041355525,
            0.37563643899445104
        ],
        "L_Wrist": [
            0.4789006190674409,
            -0.01937069358749788,
            0.08728644493012606
        ],
        "R_Shoulder": [
            -0.11468012069602462,
            -0.009293977035531571,
            0.6686121638884305
        ],
        "R_Elbow": [
            -0.4423243128496211,
            0.2656153265365083,
            0.7541627623496991
        ],
        "R_Wrist": [
            -0.8115468570382818,
            0.3940142529420419,
            0.8369680075115256
        ]
    }
}