{
    "video": "edition36_sequence_5.mp4",
    "peak_id": 4,
    "frame_idx": 691,
    "timestamp": 27.64,
    "total_score": 0.511,
    "skeleton_3d": {
        "Pelvis": [
            0.0,
            0.0,
            0.0
        ],
        "R_Hip": [
            0.11523866937364055,
            -0.1036825751749703,
            0.034734213921735445
        ],
        "R_Knee": [
            0.5376406449123678,
            0.0499560538259948,
            -0.17726265477781045
        ],
        "R_Ankle": [
            0.8974811275339826,
            0.10849575723262349,
            -0.17363962956886478
        ],
        "L_Hip": [
            -0.1067556926068238,
            0.14463354436027157,
            -0.03132833979522105
        ],
        "L_Knee": [
            -0.018106163009310165,
            0.14824360787578525,
            -0.6608331683641648
        ],
        "L_Ankle": [
            0.03873750372711604,
            0.459868287423217,
            -1.1861182681897433
        ],
        "Spine": [
            -0.06432001147932377,
            0.047127814149881556,
            0.3266816392661957
        ],
        "Thorax": [
            -0.07545894541372018,
            0.23222977922726162,
            0.6923053805154842
        ],
        "Neck": [
            0.04136826370440348,
            0.08784743175340301,
            0.887591575135091
        ],
        "Head": [
            0.04438735577281375,
            0.33337548736992784,
            0.943361323768605
        ],
        "L_Shoulder": [
            -0.31020798598328997,
            0.1324942715970368,
            0.664499496857759
        ],
        "L_Elbow": [
            -0.681628069603528,
            0.042451459121082155,
            0.6656479370697899
        ],
        "L_Wrist": [
            -0.9736519469702651,
            -0.2521995747012985,
            0.6652685085147864
        ],
        "R_Shoulder": [
            0.1348257897668237,
            0.12691001523999282,
            0.6288750025540054
        ],
        "R_Elbow": [
            0.47100221121151753,
            -0.015226648668112661,
            0.5719265453471504
        ],
        "R_Wrist": [
            0.8299615915993824,
            -0.10475191488310974,
            0.5854154941051907
        ]
    }
}