{
    "video": "edition36_sequence_9.mp4",
    "peak_id": 2,
    "frame_idx": 525,
    "timestamp": 21.0,
    "total_score": 0.9,
    "skeleton_3d": {
        "Pelvis": [
            0.0,
            0.0,
            0.0
        ],
        "R_Hip": [
            0.10281553309093115,
            0.1303604713918925,
            0.04015318094225329
        ],
        "R_Knee": [
            0.23262168717182669,
            -0.05994452946972037,
            0.586157760480532
        ],
        "R_Ankle": [
            0.2577884059169868,
            -0.20160198516549635,
            1.1452354882363613
        ],
        "L_Hip": [
            -0.08417310763266285,
            -0.1431940418442135,
            -0.04669301068312586
        ],
        "L_Knee": [
            -0.03418208256093777,
            -0.17314592277770602,
            -0.6618052603235157
        ],
        "L_Ankle": [
            -0.05750856182683728,
            0.15779914874925657,
            -1.2217306601591473
        ],
        "Spine": [
            -0.15467088013015318,
            0.08273424295734139,
            0.27015539703057995
        ],
        "Thorax": [
            -0.26250770719309147,
            0.28747900924711706,
            0.5589927662601271
        ],
        "Neck": [
            -0.11631793246225439,
            0.19794853582991254,
            0.7041614014815869
        ],
        "Head": [
            -0.14331155966088932,
            0.41844655100477773,
            0.7537400574272699
        ],
        "L_Shoulder": [
            -0.45501664627290633,
            0.06579977066928071,
            0.5286352571968908
        ],
        "L_Elbow": [
            -0.5916778947423932,
            -0.3305004808324407,
            0.81006396299713
        ],
        "L_Wrist": [
            -0.5754718832636665,
            -0.23798153406308775,
            1.1484278980588023
        ],
        "R_Shoulder": [
            -0.07106946411929721,
            0.2949197301505449,
            0.5414428088475304
        ],
        "R_Elbow": [
            0.17471349650503798,
            0.47403090298658507,
            0.44313280146460104
        ],
        "R_Wrist": [
            0.19745967904090553,
            0.4490160962359036,
            0.473286360929996
        ]
    }
}