{
    "video": "edition36_sequence_16.mp4",
    "peak_id": 3,
    "frame_idx": 299,
    "timestamp": 11.96,
    "total_score": 0.401,
    "skeleton_3d": {
        "Pelvis": [
            0.0,
            0.0,
            0.0
        ],
        "R_Hip": [
            0.09499537930948612,
            -0.01404664296229365,
            -0.020809057754973742
        ],
        "R_Knee": [
            0.06140701026643901,
            -0.07712644886741234,
            -0.5889684808593316
        ],
        "R_Ankle": [
            0.0477467521219554,
            -0.2460133217068421,
            -1.0873814256592718
        ],
        "L_Hip": [
            -0.08466425250561592,
            0.034940019375297664,
            0.021746015901597845
        ],
        "L_Knee": [
            -0.5910123376539599,
            0.1302888604192859,
            -0.13892073628052554
        ],
        "L_Ankle": [
            -1.037968644190887,
            -0.014751021047163767,
            -0.2321945500061452
        ],
        "Spine": [
            -0.0220489374773571,
            0.06863222917764042,
            0.31686595398193856
        ],
        "Thorax": [
            -0.031500345179459294,
            0.20527342470965546,
            0.6729926318466409
        ],
        "Neck": [
            0.03985452380443229,
            0.12880982853676956,
            0.8459751144228302
        ],
        "Head": [
            0.011861695493015393,
            0.34050445175286465,
            0.878639435199439
        ],
        "L_Shoulder": [
            -0.17610372055035164,
            0.07786796773389074,
            0.6208972658665942
        ],
        "L_Elbow": [
            -0.36530521107916514,
            -0.012197756012212504,
            0.7585358218638146
        ],
        "L_Wrist": [
            -0.5345276894463658,
            0.1602485003104885,
            0.9761457380577999
        ],
        "R_Shoulder": [
            0.10501853710184571,
            0.1870915243626525,
            0.6670582212043087
        ],
        "R_Elbow": [
            0.12078532690930814,
            0.15002025453091258,
            0.9119044281138966
        ],
        "R_Wrist": [
            0.12387634125546734,
            0.2614884612076333,
            1.1776617906076343
        ]
    }
}