{
    "video": "edition36_sequence_10.mp4",
    "peak_id": 1,
    "frame_idx": 212,
    "timestamp": 8.48,
    "total_score": 0.568,
    "skeleton_3d": {
        "Pelvis": [
            0.0,
            0.0,
            0.0
        ],
        "R_Hip": [
            0.11636708773492949,
            -0.11801213088702518,
            -0.021167359833957324
        ],
        "R_Knee": [
            0.08734643616340096,
            -0.39518491324874394,
            -0.6337185015686724
        ],
        "R_Ankle": [
            0.10797374615801152,
            -0.532386190743327,
            -1.2270428614869697
        ],
        "L_Hip": [
            -0.11144382227915697,
            0.10006379393689865,
            0.015927102486400932
        ],
        "L_Knee": [
            0.09725750562997558,
            -0.10659142597157402,
            -0.04774036292439473
        ],
        "L_Ankle": [
            0.47223684697128865,
            -0.42905662801881966,
            -0.0603431336121771
        ],
        "Spine": [
            0.00559848895061512,
            0.17961980215766277,
            0.3165688875780664
        ],
        "Thorax": [
            0.02347659944173864,
            0.43613697777820204,
            0.6634038252277537
        ],
        "Neck": [
            0.035603001368035105,
            0.37791216112295056,
            0.821730553359671
        ],
        "Head": [
            0.020167643615554343,
            0.6240984652124056,
            0.8576058975153513
        ],
        "L_Shoulder": [
            -0.15575495313160861,
            0.36228131699835464,
            0.6327951058425689
        ],
        "L_Elbow": [
            -0.20283327669132037,
            0.013000621671723828,
            0.9655273308670284
        ],
        "L_Wrist": [
            -0.005685416535977746,
            0.08824846864972972,
            1.1763503118551963
        ],
        "R_Shoulder": [
            0.21737345005150174,
            0.2839480980163972,
            0.6436983567818781
        ],
        "R_Elbow": [
            0.4130681355263681,
            -0.0022266291352541594,
            0.864156379976766
        ],
        "R_Wrist": [
            0.43536814231176674,
            0.10287714973142356,
            1.1209212727125102
        ]
    }
}