{
    "video": "edition36_sequence_9.mp4",
    "peak_id": 6,
    "frame_idx": 1443,
    "timestamp": 57.72,
    "total_score": 0.549,
    "skeleton_3d": {
        "Pelvis": [
            0.0,
            0.0,
            0.0
        ],
        "R_Hip": [
            0.10154080691651682,
            -0.12791257401851652,
            -0.02059113232469623
        ],
        "R_Knee": [
            0.06452967743127302,
            -0.40557576926690897,
            -0.5908332694317142
        ],
        "R_Ankle": [
            0.05327380132820663,
            -0.33854362336151617,
            -1.136147485944502
        ],
        "L_Hip": [
            -0.10272831401947273,
            0.12966354238661545,
            0.018559245709588005
        ],
        "L_Knee": [
            -0.4131922951203436,
            0.14209966092668413,
            -0.15131430630910142
        ],
        "L_Ankle": [
            -0.3628824273539589,
            -0.2268762465384983,
            -0.041971034196762166
        ],
        "Spine": [
            0.044897297139179844,
            0.10451032019645959,
            0.30516031359996115
        ],
        "Thorax": [
            0.08448587862025254,
            0.3877750977697192,
            0.6497164192233109
        ],
        "Neck": [
            -0.07695727762396487,
            0.34660403936067485,
            0.7631344835897889
        ],
        "Head": [
            -0.054109438501901176,
            0.5654928843061015,
            0.801127436188973
        ],
        "L_Shoulder": [
            -0.09422779900721366,
            0.39011137154807896,
            0.56863116650766
        ],
        "L_Elbow": [
            -0.3837667406015585,
            0.5650214733457753,
            0.30779450220227833
        ],
        "L_Wrist": [
            -0.22934036239051966,
            0.38164680877588675,
            0.059298074881719176
        ],
        "R_Shoulder": [
            0.2845417674414777,
            0.09122855843336401,
            0.6523124156747517
        ],
        "R_Elbow": [
            0.3803873771338943,
            -0.277606869849411,
            0.9744447006354165
        ],
        "R_Wrist": [
            0.4631419852285692,
            -0.19109425306576153,
            1.292022598349286
        ]
    }
}