{
    "video": "edition36_sequence_19.mp4",
    "peak_id": 1,
    "frame_idx": 458,
    "timestamp": 18.32,
    "total_score": 0.4,
    "skeleton_3d": {
        "Pelvis": [
            0.0,
            0.0,
            0.0
        ],
        "R_Hip": [
            0.13473300956768078,
            -0.10245734413539233,
            0.02699820985727549
        ],
        "R_Knee": [
            0.5820327928769518,
            0.15476249752016338,
            -0.405285822542911
        ],
        "R_Ankle": [
            1.10734817101415,
            0.2774853592048259,
            -0.7612624243760725
        ],
        "L_Hip": [
            -0.13165004373325692,
            0.13642245011503693,
            -0.02638504916134747
        ],
        "L_Knee": [
            -0.24828057166815548,
            0.20313191876256484,
            -0.6619025893764798
        ],
        "L_Ankle": [
            -0.40594061107810175,
            0.4900916281209948,
            -1.2102637739463142
        ],
        "Spine": [
            -0.08027000171102448,
            0.013965371984868535,
            0.3391620774885423
        ],
        "Thorax": [
            -0.1412228098553055,
            0.14114222359659967,
            0.7039959150160622
        ],
        "Neck": [
            -0.28652295701945024,
            -0.0006714366508785817,
            0.9295866700494145
        ],
        "Head": [
            -0.2549960764381711,
            0.253427313813227,
            0.9846929640119916
        ],
        "L_Shoulder": [
            -0.3373917988504219,
            0.16267979523954149,
            0.6193190978183193
        ],
        "L_Elbow": [
            -0.5325045286427574,
            0.4681397801502904,
            0.317990858532639
        ],
        "L_Wrist": [
            -0.41513129760106127,
            0.11347586551343233,
            0.07284937347313424
        ],
        "R_Shoulder": [
            0.07425921747758989,
            0.036375472456543406,
            0.6925421900662019
        ],
        "R_Elbow": [
            0.443882208218777,
            -0.12213655887776885,
            0.80844154880258
        ],
        "R_Wrist": [
            0.791859717279974,
            -0.16517431769457475,
            0.8833386191094295
        ]
    }
}