{
    "video": "edition42_sequence_17.mp4",
    "peak_id": 0,
    "frame_idx": 329,
    "timestamp": 13.16,
    "total_score": 0.784,
    "skeleton_3d": {
        "Pelvis": [
            0.0,
            0.0,
            0.0
        ],
        "R_Hip": [
            0.03786247114677001,
            -0.1875715387921074,
            -0.0003003127433481947
        ],
        "R_Knee": [
            -0.3803471813077618,
            -0.24297929193305282,
            0.16475720706407773
        ],
        "R_Ankle": [
            -0.8748277631848143,
            -0.17770393067828258,
            0.04817503059689693
        ],
        "L_Hip": [
            -0.030785247276054046,
            0.2113255566850813,
            0.00022825016331346515
        ],
        "L_Knee": [
            -0.012458403447043112,
            0.322996858098088,
            -0.6458398163138508
        ],
        "L_Ankle": [
            -0.06248198090331036,
            0.47738240893712397,
            -1.2294041492311951
        ],
        "Spine": [
            0.00866764153503696,
            -0.05737841903700878,
            0.3412061257965607
        ],
        "Thorax": [
            0.036996134393646865,
            -0.1691087392351251,
            0.7105065711251891
        ],
        "Neck": [
            -0.04172777262752082,
            -0.24801012830597519,
            0.9395426637025828
        ],
        "Head": [
            -0.000568188379193989,
            -0.19951901802677224,
            0.990059260211777
        ],
        "L_Shoulder": [
            -0.09990872950739743,
            0.06687342435718541,
            0.7281241561679654
        ],
        "L_Elbow": [
            -0.4604787945646485,
            0.3445866199009604,
            0.830449900225072
        ],
        "L_Wrist": [
            -0.7763336062655716,
            0.15402804557185068,
            0.8851816897274666
        ],
        "R_Shoulder": [
            0.1538197607986767,
            -0.36008579386081097,
            0.6163246265168557
        ],
        "R_Elbow": [
            0.11149824203519604,
            -0.815315822540116,
            0.5158554557699079
        ],
        "R_Wrist": [
            -0.053501708297667504,
            -1.2813945450864677,
            0.41531443041573934
        ]
    }
}