{
    "video": "edition42_sequence_6.mp4",
    "peak_id": 0,
    "frame_idx": 100,
    "timestamp": 4.0,
    "total_score": 0.4,
    "skeleton_3d": {
        "Pelvis": [
            0.0,
            0.0,
            0.0
        ],
        "R_Hip": [
            0.10091133823915907,
            -0.1744753330628133,
            0.007263027568121549
        ],
        "R_Knee": [
            0.2604491573029234,
            -0.34617312134198575,
            -0.46435396675738966
        ],
        "R_Ankle": [
            0.4891143523140161,
            -0.38341760474000797,
            -0.8304503829283058
        ],
        "L_Hip": [
            -0.0945472120685461,
            0.18138981773382803,
            -0.006571553166014538
        ],
        "L_Knee": [
            -0.2409975259155558,
            0.31889008495156773,
            -0.496116662344682
        ],
        "L_Ankle": [
            -0.027289853170850007,
            0.521973957171754,
            -0.9535065142613749
        ],
        "Spine": [
            -0.03556843661251071,
            0.13348446738348993,
            0.272969234070179
        ],
        "Thorax": [
            -0.0489537729490729,
            0.3804906507472103,
            0.591937265502017
        ],
        "Neck": [
            0.005117571549838044,
            0.313339592953449,
            0.779386997685857
        ],
        "Head": [
            0.007179588318923457,
            0.5172255877402638,
            0.8052584388795841
        ],
        "L_Shoulder": [
            -0.22920872199526393,
            0.35306994663195923,
            0.5211264011908844
        ],
        "L_Elbow": [
            -0.515353504731668,
            0.38432903156632586,
            0.38560798099834626
        ],
        "L_Wrist": [
            -0.7995116188895688,
            0.12008152766192115,
            0.3367445443890058
        ],
        "R_Shoulder": [
            0.1309882702553436,
            0.18146174021963093,
            0.5949972189186514
        ],
        "R_Elbow": [
            0.33046152994820216,
            -0.12177233677046932,
            0.8035239057094324
        ],
        "R_Wrist": [
            0.4957701235161847,
            -0.011525523090669891,
            1.0448132004372521
        ]
    }
}