{
    "video": "edition42_sequence_15.mp4",
    "peak_id": 3,
    "frame_idx": 633,
    "timestamp": 25.32,
    "total_score": 0.534,
    "skeleton_3d": {
        "Pelvis": [
            0.0,
            0.0,
            0.0
        ],
        "R_Hip": [
            0.16475314860762774,
            -0.04501381403803889,
            -0.007527118845637403
        ],
        "R_Knee": [
            0.5355778471078878,
            -0.3983644297337827,
            -0.3570127084652565
        ],
        "R_Ankle": [
            0.9563293032296076,
            -0.6580868578638258,
            -0.7125284214954982
        ],
        "L_Hip": [
            -0.1618873309845312,
            0.04786286528005892,
            0.009737900327373103
        ],
        "L_Knee": [
            -0.5599919522586075,
            -0.2122190350954036,
            -0.29740720297595136
        ],
        "L_Ankle": [
            -1.0201378652802635,
            -0.46586636876354015,
            -0.4583534658307894
        ],
        "Spine": [
            -0.012496677359637134,
            0.1665542909685124,
            0.29604247533883044
        ],
        "Thorax": [
            -0.005589170607467019,
            0.329894819494634,
            0.6253946288125752
        ],
        "Neck": [
            0.031120335537985058,
            0.1600130387806374,
            0.8274222575570445
        ],
        "Head": [
            0.02276484647723388,
            0.4186345732749411,
            0.8804046428423522
        ],
        "L_Shoulder": [
            -0.23402870679476026,
            0.23801781156685706,
            0.608166966666309
        ],
        "L_Elbow": [
            -0.600176657493995,
            0.29021997786625814,
            0.5561244878543825
        ],
        "L_Wrist": [
            -0.3596640682310027,
            0.09732829295017331,
            0.4064012971709553
        ],
        "R_Shoulder": [
            0.22231405847709004,
            0.19837296597473397,
            0.5715692260912304
        ],
        "R_Elbow": [
            0.36564896755629334,
            -0.11212704676365545,
            0.31828702055456676
        ],
        "R_Wrist": [
            0.20347332727699652,
            -0.39753167167824316,
            0.1886226209728112
        ]
    }
}