{
    "video": "edition42_sequence_13.mp4",
    "peak_id": 11,
    "frame_idx": 1027,
    "timestamp": 41.08,
    "total_score": 0.44,
    "skeleton_3d": {
        "Pelvis": [
            0.0,
            0.0,
            0.0
        ],
        "R_Hip": [
            0.13004779038369,
            -0.08824458859489913,
            -0.024269824798047544
        ],
        "R_Knee": [
            0.21836023967213108,
            -0.23808711039554836,
            -0.605885912816286
        ],
        "R_Ankle": [
            0.38205003228968143,
            -0.049048414566357806,
            -1.1261632203079175
        ],
        "L_Hip": [
            -0.12178482284678617,
            0.10712588694560925,
            0.027702842636070337
        ],
        "L_Knee": [
            -0.5419782026710892,
            0.21483528823398873,
            -0.32246608364255697
        ],
        "L_Ankle": [
            -0.9845188836389711,
            0.1894388790781182,
            -0.5409729051797394
        ],
        "Spine": [
            0.0024253979395280514,
            -0.02628797715156201,
            0.3009463808959408
        ],
        "Thorax": [
            0.0035326939962474543,
            0.12750010902507267,
            0.6342100393554466
        ],
        "Neck": [
            -0.06350500200807925,
            -0.007625657367195048,
            0.8103665308210098
        ],
        "Head": [
            -0.056155894116707794,
            0.22544184776541207,
            0.8649878636121708
        ],
        "L_Shoulder": [
            -0.2003892384534799,
            0.1459738742810969,
            0.5697160478667235
        ],
        "L_Elbow": [
            -0.5214802149536419,
            0.3676196621801235,
            0.4658210724122477
        ],
        "L_Wrist": [
            -0.823138452910754,
            0.33142669277424797,
            0.5013526825207496
        ],
        "R_Shoulder": [
            0.21831262420078748,
            -0.030525284287470294,
            0.6071500632283636
        ],
        "R_Elbow": [
            0.5721755426054117,
            -0.23019467884738817,
            0.5560341514616752
        ],
        "R_Wrist": [
            0.9204472286989788,
            -0.43419702077143,
            0.6006889319962857
        ]
    }
}