{
    "video": "edition42_sequence_4.mp4",
    "peak_id": 6,
    "frame_idx": 631,
    "timestamp": 25.24,
    "total_score": 0.88,
    "skeleton_3d": {
        "Pelvis": [
            0.0,
            0.0,
            0.0
        ],
        "R_Hip": [
            0.07648992034777019,
            -0.02666374941358794,
            0.010917469692638878
        ],
        "R_Knee": [
            -0.20627096576985962,
            -0.167721060354961,
            0.2471343885863608
        ],
        "R_Ankle": [
            -0.5916616221644726,
            -0.4548539914757258,
            0.28830319074639366
        ],
        "L_Hip": [
            -0.06956988874106768,
            0.06573552513597435,
            -0.014660900598158538
        ],
        "L_Knee": [
            -0.09065548641678776,
            0.03541928256414412,
            -0.6293859251623256
        ],
        "L_Ankle": [
            -0.1314893296896115,
            -0.19213258999810187,
            -1.1470184363745741
        ],
        "Spine": [
            -0.020592913191021214,
            0.1143630767625776,
            0.3074621741439211
        ],
        "Thorax": [
            -0.03277893644342397,
            0.31663346140966414,
            0.6421493199069571
        ],
        "Neck": [
            -0.0705345183785332,
            0.2660411752465317,
            0.8191417870479675
        ],
        "Head": [
            -0.0626053161969232,
            0.4984732047616843,
            0.8491404920406225
        ],
        "L_Shoulder": [
            -0.2194216203422958,
            0.23403176123205488,
            0.5632795822520629
        ],
        "L_Elbow": [
            -0.4313410069332202,
            -0.06875026280520197,
            0.47679946884174507
        ],
        "L_Wrist": [
            -0.6119713743210783,
            -0.07675645929390418,
            0.6987170911697779
        ],
        "R_Shoulder": [
            0.15455270516821956,
            0.16582720230864056,
            0.6631323684343237
        ],
        "R_Elbow": [
            0.21693925388681823,
            -0.205289974842137,
            0.9576596066710988
        ],
        "R_Wrist": [
            0.16443808771115645,
            -0.19187864339012956,
            1.240233882548104
        ]
    }
}