{
    "video": "edition42_sequence_19.mp4",
    "peak_id": 6,
    "frame_idx": 809,
    "timestamp": 32.36,
    "total_score": 0.776,
    "skeleton_3d": {
        "Pelvis": [
            0.0,
            0.0,
            0.0
        ],
        "R_Hip": [
            0.09326613790675531,
            -0.042852246209591945,
            -0.05262536399529154
        ],
        "R_Knee": [
            0.012698507705938118,
            -0.15226251777208505,
            -0.6879012303284795
        ],
        "R_Ankle": [
            0.03684405280853557,
            0.048290433763000046,
            -1.2717218416772924
        ],
        "L_Hip": [
            -0.09894736879055452,
            0.09455203629323883,
            0.056530974643417504
        ],
        "L_Knee": [
            -0.6581108804951653,
            1.251935931003513e-06,
            0.09306102767156554
        ],
        "L_Ankle": [
            -1.1268674162234036,
            -0.283289657611059,
            0.1311518734390937
        ],
        "Spine": [
            0.14158736855150997,
            -0.03548793267621531,
            0.2903702124261341
        ],
        "Thorax": [
            0.26668958572001356,
            0.16212778023687333,
            0.6089094167685165
        ],
        "Neck": [
            0.3434069340860697,
            0.045021520934026664,
            0.842842492244255
        ],
        "Head": [
            0.3268644118912893,
            0.27894437443884773,
            0.8726869674135769
        ],
        "L_Shoulder": [
            0.07068775910212327,
            0.19472179947595245,
            0.567797263056928
        ],
        "L_Elbow": [
            -0.2742499087400975,
            0.44335284249442375,
            0.4377713397143876
        ],
        "L_Wrist": [
            -0.6458884187593574,
            0.5011716832537264,
            0.39330351739003
        ],
        "R_Shoulder": [
            0.46879261928557686,
            -0.03494398327130871,
            0.5739862575685861
        ],
        "R_Elbow": [
            0.7734914794451976,
            -0.37359123867854105,
            0.7249784654598367
        ],
        "R_Wrist": [
            1.07779592485697,
            -0.5242832017290199,
            0.9168976049496523
        ]
    }
}