{
    "video": "edition42_sequence_13.mp4",
    "peak_id": 16,
    "frame_idx": 2209,
    "timestamp": 88.36,
    "total_score": 0.9,
    "skeleton_3d": {
        "Pelvis": [
            0.0,
            0.0,
            0.0
        ],
        "R_Hip": [
            0.11158398417239761,
            -0.09235154903502987,
            -0.04737375781719962
        ],
        "R_Knee": [
            0.10684398719964225,
            -0.41746045888587946,
            -0.6660566398816901
        ],
        "R_Ankle": [
            0.2002833305143651,
            -0.7272273780300498,
            -1.2524978674700573
        ],
        "L_Hip": [
            -0.11447639607953791,
            0.11682701636950672,
            0.046976235136159436
        ],
        "L_Knee": [
            -0.4779060106981757,
            -0.06763923625691143,
            0.4181537890332601
        ],
        "L_Ankle": [
            -0.8363167980394971,
            -0.2553933105610362,
            0.721835466910321
        ],
        "Spine": [
            0.0650100442353417,
            0.0955914903883271,
            0.30906224133774124
        ],
        "Thorax": [
            0.11872447646522331,
            0.38854680093766175,
            0.6415422683984182
        ],
        "Neck": [
            0.14873361939174687,
            0.3333027618928834,
            0.8212251207337806
        ],
        "Head": [
            0.15311968169673398,
            0.6014258113618143,
            0.8482580815018943
        ],
        "L_Shoulder": [
            -0.11165418303716203,
            0.37808609146912986,
            0.5889174995613411
        ],
        "L_Elbow": [
            -0.4696630888961161,
            0.3814983680064262,
            0.5149014477797262
        ],
        "L_Wrist": [
            -0.824323031654001,
            0.2531878752942573,
            0.5751315122748841
        ],
        "R_Shoulder": [
            0.34675154048819035,
            0.16918286932809254,
            0.6390431829025659
        ],
        "R_Elbow": [
            0.4688196682271027,
            -0.21036407071194732,
            1.0002814877258444
        ],
        "R_Wrist": [
            0.5424372516894234,
            -0.13454705087552182,
            1.366440421203997
        ]
    }
}