{
    "video": "edition42_sequence_2.mp4",
    "peak_id": 9,
    "frame_idx": 1490,
    "timestamp": 59.6,
    "total_score": 0.496,
    "skeleton_3d": {
        "Pelvis": [
            0.0,
            0.0,
            0.0
        ],
        "R_Hip": [
            0.11561128210564299,
            -0.14244136221798265,
            0.031480841595148405
        ],
        "R_Knee": [
            0.03114641502723011,
            -0.7295735408299056,
            0.041759355157484954
        ],
        "R_Ankle": [
            0.09521561159423553,
            -1.1828696080422771,
            -0.3806526105913656
        ],
        "L_Hip": [
            -0.1028764318919255,
            0.17583257070005404,
            -0.02481229698864553
        ],
        "L_Knee": [
            0.020091661909205256,
            0.2740249968133585,
            -0.7054313022083647
        ],
        "L_Ankle": [
            0.062038181008346745,
            0.45248228501654364,
            -1.372558446433064
        ],
        "Spine": [
            -0.06469902406329046,
            0.12231106228917796,
            0.34103213919103603
        ],
        "Thorax": [
            -0.10775751809186877,
            0.22542462343310588,
            0.7187853650950632
        ],
        "Neck": [
            -0.20215323972973534,
            0.1175239213556861,
            0.9397436274293826
        ],
        "Head": [
            -0.17093236400822176,
            0.3356453078202083,
            0.9881412959757283
        ],
        "L_Shoulder": [
            -0.3272469550361375,
            0.26234929379447014,
            0.6675417437809321
        ],
        "L_Elbow": [
            -0.7054654504276281,
            0.09224480439976863,
            0.7570502526265759
        ],
        "L_Wrist": [
            -0.6301218238043099,
            -0.2544409177388593,
            0.9773034546690456
        ],
        "R_Shoulder": [
            0.11573716600069955,
            0.03698154221182864,
            0.6898843210293236
        ],
        "R_Elbow": [
            0.32828159586184824,
            -0.42733478308145245,
            0.6576136512098012
        ],
        "R_Wrist": [
            0.21888059428199055,
            -0.6635848188737887,
            0.9453198307632135
        ]
    }
}