{
    "video": "edition42_sequence_16.mp4",
    "peak_id": 1,
    "frame_idx": 137,
    "timestamp": 5.48,
    "total_score": 0.45,
    "skeleton_3d": {
        "Pelvis": [
            0.0,
            0.0,
            0.0
        ],
        "R_Hip": [
            0.12417644416604398,
            -0.17671425962407553,
            -0.007924593901051092
        ],
        "R_Knee": [
            0.19054772755697322,
            -0.2505321417098518,
            -0.5995937755187224
        ],
        "R_Ankle": [
            0.3427558413889745,
            0.05538334201644909,
            -1.2351959016740741
        ],
        "L_Hip": [
            -0.11962839766099113,
            0.1716272922020281,
            0.010540533336486661
        ],
        "L_Knee": [
            -0.48569026892289763,
            0.12187147323814254,
            -0.4917577288132536
        ],
        "L_Ankle": [
            -0.8817761589106848,
            -0.09343216320381405,
            -0.8805039912837805
        ],
        "Spine": [
            0.03606620582088135,
            0.030615349925816184,
            0.321703068312769
        ],
        "Thorax": [
            0.09891230098252889,
            0.11973244748741771,
            0.6834023429275237
        ],
        "Neck": [
            0.1787366675227445,
            0.08797083395405779,
            0.860449649015135
        ],
        "Head": [
            0.1900246938177771,
            0.21431708372390093,
            0.9094670871498378
        ],
        "L_Shoulder": [
            -0.08514596196990641,
            0.1948381979086738,
            0.6517059563283645
        ],
        "L_Elbow": [
            -0.414016521844556,
            0.4765055906005917,
            0.5112221321854954
        ],
        "L_Wrist": [
            -0.7686221094158882,
            0.5753015099254138,
            0.46331455886600925
        ],
        "R_Shoulder": [
            0.2581748687334362,
            -0.1292156257418807,
            0.6258755434084834
        ],
        "R_Elbow": [
            0.014445790905610774,
            -0.5519364190339212,
            0.46998806859363507
        ],
        "R_Wrist": [
            -0.26611530008715967,
            -0.8491951623176769,
            0.45611953201553435
        ]
    }
}