{
    "video": "edition42_sequence_12.mp4",
    "peak_id": 1,
    "frame_idx": 341,
    "timestamp": 13.64,
    "total_score": 0.496,
    "skeleton_3d": {
        "Pelvis": [
            0.0,
            0.0,
            0.0
        ],
        "R_Hip": [
            0.07351038764047367,
            -0.22154743820530154,
            0.0008400724571968804
        ],
        "R_Knee": [
            -0.01265506144321158,
            -0.44128168857762085,
            -0.6027299587015328
        ],
        "R_Ankle": [
            0.4215872316227131,
            -0.5222649488181155,
            -1.0468175831148498
        ],
        "L_Hip": [
            -0.06961160927587566,
            0.22690933809174912,
            -0.0010372146278611477
        ],
        "L_Knee": [
            -0.4422194652249348,
            0.5003390780828113,
            -0.4724330581912372
        ],
        "L_Ankle": [
            -0.8439247355571136,
            0.7308320845027259,
            -0.8329715655090896
        ],
        "Spine": [
            -0.014982299812794676,
            -0.07254799371874474,
            0.3454985382570125
        ],
        "Thorax": [
            -0.015697054917584045,
            -0.2744186634560628,
            0.7235068709295879
        ],
        "Neck": [
            -0.19941267122009412,
            -0.360624890876338,
            0.8220777522863768
        ],
        "Head": [
            -0.1789262034985873,
            -0.4368831642442486,
            0.8975008995991999
        ],
        "L_Shoulder": [
            -0.13502532946682155,
            0.04554833508428415,
            0.7341270512273693
        ],
        "L_Elbow": [
            -0.39271378216808744,
            0.3399173393780813,
            0.9094477355389889
        ],
        "L_Wrist": [
            -0.5766503850403472,
            0.26388086370062697,
            1.2060548114959184
        ],
        "R_Shoulder": [
            0.11199565890206684,
            -0.40880860972410604,
            0.6466703784532546
        ],
        "R_Elbow": [
            0.09353315566115461,
            -0.6774214464528734,
            0.27795740621455534
        ],
        "R_Wrist": [
            -0.05701085387785761,
            -0.8705053746525845,
            -0.00509979156849251
        ]
    }
}