{
    "video": "edition42_sequence_13.mp4",
    "peak_id": 1,
    "frame_idx": 51,
    "timestamp": 2.04,
    "total_score": 0.69,
    "skeleton_3d": {
        "Pelvis": [
            0.0,
            0.0,
            0.0
        ],
        "R_Hip": [
            0.12197054963763969,
            -0.0359226580242762,
            -0.007241444756725253
        ],
        "R_Knee": [
            0.08294808756068871,
            -0.41117997541510665,
            -0.5711915795005774
        ],
        "R_Ankle": [
            -0.06928076555492471,
            -0.7992641670599938,
            -1.0368527490740918
        ],
        "L_Hip": [
            -0.11566989926613633,
            0.04670249346083288,
            0.008136119348092092
        ],
        "L_Knee": [
            -0.4992777273839647,
            -0.10348148575007353,
            -0.05089305599301407
        ],
        "L_Ankle": [
            -0.6993784454293868,
            -0.3849637266527042,
            -0.12348652169440709
        ],
        "Spine": [
            -0.07951740941885989,
            0.17592350507454896,
            0.2541296079610777
        ],
        "Thorax": [
            -0.15207802435645962,
            0.48556536479012236,
            0.5546232483471992
        ],
        "Neck": [
            -0.1580655230180095,
            0.379069156710264,
            0.7294830856077329
        ],
        "Head": [
            -0.16136070232370542,
            0.6486520292102791,
            0.7561267258626686
        ],
        "L_Shoulder": [
            -0.34959547483939174,
            0.3636806705228872,
            0.4457775182741016
        ],
        "L_Elbow": [
            -0.6297048164655437,
            0.09602613720741385,
            0.29675620775412404
        ],
        "L_Wrist": [
            -0.8184969142487826,
            -0.27838542091894086,
            0.27414593655862896
        ],
        "R_Shoulder": [
            0.0598101887602193,
            0.357438414285639,
            0.6032112248210075
        ],
        "R_Elbow": [
            0.18508827656007004,
            0.09382505801838836,
            0.9083510151080697
        ],
        "R_Wrist": [
            0.1977083268781371,
            0.014304383351929992,
            1.2406823181152147
        ]
    }
}