{
    "video": "edition42_sequence_13.mp4",
    "peak_id": 2,
    "frame_idx": 125,
    "timestamp": 5.0,
    "total_score": 0.705,
    "skeleton_3d": {
        "Pelvis": [
            0.0,
            0.0,
            0.0
        ],
        "R_Hip": [
            0.07711339392549746,
            -0.08879079880162986,
            0.04929543607899135
        ],
        "R_Knee": [
            0.7326612004090651,
            0.14009062329199443,
            0.005580611257591252
        ],
        "R_Ankle": [
            1.2495756222815058,
            0.2227739396492116,
            0.20371077591746803
        ],
        "L_Hip": [
            -0.0668205904263987,
            0.12208664251878458,
            -0.05087606337830636
        ],
        "L_Knee": [
            -0.0699886114090155,
            0.04845344030758295,
            -0.7742970073819017
        ],
        "L_Ankle": [
            -0.18390046600507506,
            0.21164529194912088,
            -1.3884309992428026
        ],
        "Spine": [
            -0.1455083192575747,
            -0.04893967540864409,
            0.3302285550082823
        ],
        "Thorax": [
            -0.23700542435460883,
            -0.07115069835955144,
            0.6940182646802553
        ],
        "Neck": [
            -0.18877652151929422,
            -0.11223979524510577,
            0.934648629845787
        ],
        "Head": [
            -0.15784635677128067,
            0.0012517417530305084,
            0.9746669344439368
        ],
        "L_Shoulder": [
            -0.3422843415724965,
            -0.00287958626227721,
            0.6915518661963787
        ],
        "L_Elbow": [
            -0.4925390628099079,
            -0.3296632287782547,
            0.6888234403512917
        ],
        "L_Wrist": [
            -0.20801199791695127,
            -0.1763136802855151,
            0.716414130128946
        ],
        "R_Shoulder": [
            -0.16190801443050457,
            -0.3142986323585208,
            0.612550616791439
        ],
        "R_Elbow": [
            -0.3554556953386592,
            -0.7243088034934685,
            0.5711779912432746
        ],
        "R_Wrist": [
            -0.6950807724406668,
            -0.6759366731392457,
            0.7570727750821343
        ]
    }
}