{
    "video": "edition42_sequence_17.mp4",
    "peak_id": 10,
    "frame_idx": 1411,
    "timestamp": 56.44,
    "total_score": 0.539,
    "skeleton_3d": {
        "Pelvis": [
            0.0,
            0.0,
            0.0
        ],
        "R_Hip": [
            0.08789792898219745,
            0.07363926194749235,
            -0.027405907815943223
        ],
        "R_Knee": [
            0.0995720738007552,
            -0.11270343563964688,
            -0.5739057082556621
        ],
        "R_Ankle": [
            0.2009950913481025,
            -0.4428235684517203,
            -1.0399925504373198
        ],
        "L_Hip": [
            -0.08525344319334309,
            -0.034217478644608994,
            0.03073126246117926
        ],
        "L_Knee": [
            -0.588667839966303,
            0.18296734421566868,
            -0.04639881794561521
        ],
        "L_Ankle": [
            -1.0124739694354958,
            0.3488187590267204,
            -0.08087521745252357
        ],
        "Spine": [
            0.04845603214461113,
            -0.09852779652836471,
            0.26393653908207937
        ],
        "Thorax": [
            0.0885554779789793,
            -0.16871831173546423,
            0.5652687102932134
        ],
        "Neck": [
            0.15944454824276627,
            -0.2422742715548777,
            0.773437107614397
        ],
        "Head": [
            0.13239356096234683,
            -0.1031677755409406,
            0.7979825124599494
        ],
        "L_Shoulder": [
            -0.04493222499562656,
            -0.35420311643313973,
            0.4762378486878324
        ],
        "L_Elbow": [
            0.018944756052940843,
            -0.7483854212632617,
            0.4031564249531568
        ],
        "L_Wrist": [
            0.22182957241067391,
            -0.5309539918225044,
            0.43620865533269165
        ],
        "R_Shoulder": [
            0.2390900325966483,
            -0.02879327120018561,
            0.5849692678566856
        ],
        "R_Elbow": [
            0.3827856613552631,
            0.01917926491095976,
            0.8196311196097479
        ],
        "R_Wrist": [
            0.4680505463610662,
            0.015296941406304674,
            1.1345484862929907
        ]
    }
}