{
    "video": "edition42_sequence_2.mp4",
    "peak_id": 5,
    "frame_idx": 585,
    "timestamp": 23.4,
    "total_score": 0.942,
    "skeleton_3d": {
        "Pelvis": [
            0.0,
            0.0,
            0.0
        ],
        "R_Hip": [
            0.10960703101489778,
            0.060783776283708596,
            0.0646383452736934
        ],
        "R_Knee": [
            0.6778213418013411,
            -0.0740518927920102,
            0.2562049065087852
        ],
        "R_Ankle": [
            1.160102526117695,
            -0.3237811884340841,
            0.4797887869336233
        ],
        "L_Hip": [
            -0.0936573189431139,
            -0.00048591243895860836,
            -0.06248956159339311
        ],
        "L_Knee": [
            -0.04517920179504666,
            -0.07655631665432568,
            -0.7422582583529203
        ],
        "L_Ankle": [
            -0.18036091027529033,
            0.13255321176600762,
            -1.2771344568046898
        ],
        "Spine": [
            -0.1741897398324046,
            0.014024124251730207,
            0.2723620704164328
        ],
        "Thorax": [
            -0.2923285542606072,
            0.19203199323593517,
            0.5672604602129387
        ],
        "Neck": [
            -0.36268555311205497,
            0.08590559787806727,
            0.8095706291564218
        ],
        "Head": [
            -0.3257551372496997,
            0.3702932921366178,
            0.8360496853795516
        ],
        "L_Shoulder": [
            -0.4960122511709812,
            0.14594807696856768,
            0.5361891450922276
        ],
        "L_Elbow": [
            -0.8213627141683706,
            0.043906244680302554,
            0.6621726208510824
        ],
        "L_Wrist": [
            -1.0573754576725576,
            0.10041797778216868,
            0.878720556516643
        ],
        "R_Shoulder": [
            -0.08631015364289393,
            0.09766367698222392,
            0.5306784765440131
        ],
        "R_Elbow": [
            0.25508970231317396,
            0.04122075219513754,
            0.44081093368527063
        ],
        "R_Wrist": [
            0.548878101363347,
            -0.19271549486770012,
            0.39502136665770904
        ]
    }
}