{
    "video": "edition42_sequence_6.mp4",
    "peak_id": 8,
    "frame_idx": 1003,
    "timestamp": 40.12,
    "total_score": 0.9,
    "skeleton_3d": {
        "Pelvis": [
            0.0,
            0.0,
            0.0
        ],
        "R_Hip": [
            0.10426406459583881,
            -0.11480993416517506,
            -0.04988229030211938
        ],
        "R_Knee": [
            -0.02213100689622406,
            -0.24469111151118117,
            -0.6642244467082767
        ],
        "R_Ankle": [
            0.03878530233481075,
            0.006572032291909358,
            -1.2468456313676004
        ],
        "L_Hip": [
            -0.10781698257870886,
            0.13982276576498837,
            0.05378861248530935
        ],
        "L_Knee": [
            -0.6440533455275341,
            -0.04935392300010597,
            0.27349922559836665
        ],
        "L_Ankle": [
            -1.1623215180306894,
            -0.23577957383762072,
            0.47393822568037464
        ],
        "Spine": [
            0.13033585338703754,
            -0.0630551876726665,
            0.2997121775100158
        ],
        "Thorax": [
            0.24158907131486515,
            0.10506759077490783,
            0.6257437861600652
        ],
        "Neck": [
            0.274762065147711,
            -0.006716236658066404,
            0.8791881256354257
        ],
        "Head": [
            0.2724948979389165,
            0.24214565330654617,
            0.909842665379786
        ],
        "L_Shoulder": [
            -0.002364552924364875,
            0.13092520413066847,
            0.5990044845689328
        ],
        "L_Elbow": [
            -0.3663323568749788,
            0.3808650293484297,
            0.5328092485345729
        ],
        "L_Wrist": [
            -0.7096378888554998,
            0.2787885479615852,
            0.5697822390458456
        ],
        "R_Shoulder": [
            0.47660158990258084,
            -0.07572402528882531,
            0.5741510643644537
        ],
        "R_Elbow": [
            0.7583167281673209,
            -0.4995103038146389,
            0.5920217427929843
        ],
        "R_Wrist": [
            0.9988072392428518,
            -0.8242166611250782,
            0.7648665329843565
        ]
    }
}