{
    "video": "edition42_sequence_16.mp4",
    "peak_id": 3,
    "frame_idx": 301,
    "timestamp": 12.04,
    "total_score": 0.827,
    "skeleton_3d": {
        "Pelvis": [
            0.0,
            0.0,
            0.0
        ],
        "R_Hip": [
            0.0592598725164108,
            0.010270287086067567,
            0.03263552889989184
        ],
        "R_Knee": [
            0.6063046479772486,
            -0.12058236466478722,
            -0.04171393227873342
        ],
        "R_Ankle": [
            1.073869870380243,
            -0.4560062467836916,
            0.040899019999086
        ],
        "L_Hip": [
            -0.05649412926691195,
            -0.005864885191688607,
            -0.03715058616984952
        ],
        "L_Knee": [
            0.18650491514722065,
            -0.260416116989823,
            -0.5727517836288291
        ],
        "L_Ankle": [
            0.43160264333144327,
            -0.4353938254907186,
            -1.0405476233604636
        ],
        "Spine": [
            -0.08551695409771753,
            0.148337226246104,
            0.2766504179939617
        ],
        "Thorax": [
            -0.14535563188660497,
            0.37532111203169854,
            0.5902535904092456
        ],
        "Neck": [
            -0.11625868368804763,
            0.35765128550699704,
            0.7524545804338331
        ],
        "Head": [
            -0.13858659139905274,
            0.567987352628585,
            0.7759626038302488
        ],
        "L_Shoulder": [
            -0.24315145923889075,
            0.1793048840646628,
            0.5731560882865333
        ],
        "L_Elbow": [
            -0.2239111780115953,
            -0.27764684547761487,
            0.8434706039705218
        ],
        "L_Wrist": [
            -0.21836218045469222,
            -0.18947812249785356,
            1.1310996674006066
        ],
        "R_Shoulder": [
            -0.04010703538723664,
            0.3712583178610524,
            0.554845468869281
        ],
        "R_Elbow": [
            0.1378516352705958,
            0.5579286858195414,
            0.5139465505309085
        ],
        "R_Wrist": [
            0.425987871292887,
            0.592266320046047,
            0.5609679853415571
        ]
    }
}