{
    "video": "edition42_sequence_19.mp4",
    "peak_id": 7,
    "frame_idx": 864,
    "timestamp": 34.56,
    "total_score": 0.633,
    "skeleton_3d": {
        "Pelvis": [
            0.0,
            0.0,
            0.0
        ],
        "R_Hip": [
            0.1128310643115148,
            -0.09828202909565574,
            0.01379953091479629
        ],
        "R_Knee": [
            0.6516047082601275,
            0.047600340817566304,
            0.002139568838635884
        ],
        "R_Ankle": [
            1.0537020340236702,
            -0.1387234369868065,
            0.14289261869598885
        ],
        "L_Hip": [
            -0.10723273329064266,
            0.11369032219995959,
            -0.019907684235198193
        ],
        "L_Knee": [
            -0.18088548565227455,
            -0.1783394731092078,
            -0.5900973154525614
        ],
        "L_Ankle": [
            -0.254609096559085,
            -0.5742345132258192,
            -1.07077517407102
        ],
        "Spine": [
            -0.03575764793581475,
            0.18643528324975325,
            0.3027677108824121
        ],
        "Thorax": [
            -0.03356133976854006,
            0.443189058760336,
            0.6205404333632503
        ],
        "Neck": [
            -0.010494110064798388,
            0.37779909327164896,
            0.7811293223046744
        ],
        "Head": [
            -0.013445176526031867,
            0.6209746411709777,
            0.8032106765277054
        ],
        "L_Shoulder": [
            -0.2213785132726066,
            0.34812393425277893,
            0.6215594202250108
        ],
        "L_Elbow": [
            -0.4234478326569745,
            0.2545216174983112,
            0.8200621085100981
        ],
        "L_Wrist": [
            -0.563431633445499,
            0.2997469764437553,
            1.0777409156390307
        ],
        "R_Shoulder": [
            0.1456247835434812,
            0.309313385994625,
            0.585742487390722
        ],
        "R_Elbow": [
            0.37090641113900985,
            -0.09489588364099355,
            0.7697743479545662
        ],
        "R_Wrist": [
            0.5869361288029689,
            -0.18154832041539315,
            0.9847174330053162
        ]
    }
}