{
    "video": "edition42_sequence_17.mp4",
    "peak_id": 5,
    "frame_idx": 848,
    "timestamp": 33.92,
    "total_score": 0.679,
    "skeleton_3d": {
        "Pelvis": [
            0.0,
            0.0,
            0.0
        ],
        "R_Hip": [
            0.034524763872976615,
            -0.2218516668856517,
            0.04427647112485198
        ],
        "R_Knee": [
            0.5813230630368171,
            -0.18356469896570496,
            0.1552161173804051
        ],
        "R_Ankle": [
            1.2567437638181966,
            -0.2558827882681638,
            0.283655921587818
        ],
        "L_Hip": [
            -0.026715549298804056,
            0.24029096094824381,
            -0.04532689363479815
        ],
        "L_Knee": [
            -0.01914327109128408,
            0.20656092374295856,
            -0.795650179916069
        ],
        "L_Ankle": [
            0.08710111021138155,
            0.290709673630869,
            -1.4838212151134689
        ],
        "Spine": [
            -0.15807626163612834,
            0.10480989299421826,
            0.3333485290346693
        ],
        "Thorax": [
            -0.2764239815574905,
            0.14197965845540717,
            0.688590068901702
        ],
        "Neck": [
            -0.4461438496419416,
            0.16728159578222068,
            0.8601221726097847
        ],
        "Head": [
            -0.3954984554572986,
            0.2995519010971851,
            0.9078547121965944
        ],
        "L_Shoulder": [
            -0.33819131198923513,
            0.36213240343749153,
            0.6671752895424722
        ],
        "L_Elbow": [
            -0.5813646906916117,
            0.6401201251442457,
            0.8522103232281274
        ],
        "L_Wrist": [
            -0.8507690873201164,
            0.6228685978214771,
            0.986269752709029
        ],
        "R_Shoulder": [
            -0.21082487956379475,
            -0.0971208732049629,
            0.6584611617229558
        ],
        "R_Elbow": [
            -0.45689021794377327,
            -0.4923982831122079,
            0.8722316033276366
        ],
        "R_Wrist": [
            -0.8443597800289857,
            -0.4191576952454622,
            0.9718237671337466
        ]
    }
}