{
    "video": "edition42_sequence_19.mp4",
    "peak_id": 5,
    "frame_idx": 760,
    "timestamp": 30.4,
    "total_score": 0.68,
    "skeleton_3d": {
        "Pelvis": [
            0.0,
            0.0,
            0.0
        ],
        "R_Hip": [
            0.10236331818234329,
            -0.07217841852260444,
            0.01708555421094309
        ],
        "R_Knee": [
            0.5338082700130669,
            -0.05427297549394715,
            0.06417035660471382
        ],
        "R_Ankle": [
            0.8680088229942312,
            -0.28975826551034645,
            0.2301905820954263
        ],
        "L_Hip": [
            -0.09742487554413018,
            0.08722962410513113,
            -0.023053507474836216
        ],
        "L_Knee": [
            -0.1957133236935634,
            -0.25201473377896666,
            -0.5644615614000592
        ],
        "L_Ankle": [
            -0.2659303395373833,
            -0.6127841224459736,
            -1.0632077240395337
        ],
        "Spine": [
            -0.020490588712867932,
            0.18842148861429273,
            0.2912979603911326
        ],
        "Thorax": [
            -0.010629041429693615,
            0.4381766660053048,
            0.5936286552989353
        ],
        "Neck": [
            0.034837999255301594,
            0.3912194836007726,
            0.7353274037905292
        ],
        "Head": [
            0.02922572603092749,
            0.6118080106456807,
            0.7664366181435173
        ],
        "L_Shoulder": [
            -0.15970451453264503,
            0.3085499701006867,
            0.5896804442242577
        ],
        "L_Elbow": [
            -0.2252127864696067,
            -0.047490191146031875,
            0.8634719681074412
        ],
        "L_Wrist": [
            -0.13506194228931476,
            -0.06407679161163818,
            1.1394767217557238
        ],
        "R_Shoulder": [
            0.13485482778660188,
            0.3296455617143629,
            0.5734884024307291
        ],
        "R_Elbow": [
            0.2922403128971106,
            0.006995869871798694,
            0.7934101464501871
        ],
        "R_Wrist": [
            0.3922684366229595,
            -0.034899606887198675,
            1.0553686680486931
        ]
    }
}