{
    "video": "edition42_sequence_16.mp4",
    "peak_id": 2,
    "frame_idx": 192,
    "timestamp": 7.68,
    "total_score": 0.9,
    "skeleton_3d": {
        "Pelvis": [
            0.0,
            0.0,
            0.0
        ],
        "R_Hip": [
            0.1236157772402197,
            -0.2079926901752138,
            -0.07518482847699678
        ],
        "R_Knee": [
            -0.2509893175509203,
            -0.4080218867395128,
            -0.68619450605913
        ],
        "R_Ankle": [
            -0.24747680274467793,
            -0.13935031453241545,
            -1.3759573347641796
        ],
        "L_Hip": [
            -0.11243330116429694,
            0.21000247198152278,
            0.08371936247582801
        ],
        "L_Knee": [
            -0.7536954873044455,
            0.07551093079089047,
            0.2755190278207231
        ],
        "L_Ankle": [
            -1.2564094448123249,
            -0.05095559352942899,
            0.626848649980177
        ],
        "Spine": [
            0.0648292865174436,
            -0.21222821217594837,
            0.37247123689851014
        ],
        "Thorax": [
            0.12492719547471322,
            -0.3631648440460938,
            0.7733838806818437
        ],
        "Neck": [
            0.07622888914463609,
            -0.4986764160623285,
            0.9532889260136688
        ],
        "Head": [
            0.1076811672588315,
            -0.40111145591228736,
            1.029216310268545
        ],
        "L_Shoulder": [
            -0.0012305306702704813,
            -0.1258952397401055,
            0.7978345782439107
        ],
        "L_Elbow": [
            -0.19649520603545614,
            0.4106880178428756,
            0.6586247996786291
        ],
        "L_Wrist": [
            -0.47144160951822467,
            0.6079943646928627,
            0.7532829211178449
        ],
        "R_Shoulder": [
            0.2493171942939916,
            -0.576639228914548,
            0.6793785578516797
        ],
        "R_Elbow": [
            -0.1505343349596254,
            -0.8961072736701596,
            0.5614226432848237
        ],
        "R_Wrist": [
            -0.55481144701897,
            -0.6211242017440082,
            0.6539789686200983
        ]
    }
}