{
    "video": "edition42_sequence_15.mp4",
    "peak_id": 8,
    "frame_idx": 2470,
    "timestamp": 98.8,
    "total_score": 0.452,
    "skeleton_3d": {
        "Pelvis": [
            0.0,
            0.0,
            0.0
        ],
        "R_Hip": [
            0.10594623721931205,
            -0.1741109449152782,
            -0.006603490467084858
        ],
        "R_Knee": [
            -0.03078591374109705,
            -0.6045847604074135,
            -0.5635383444285533
        ],
        "R_Ankle": [
            -0.16724500926492886,
            -1.026765471034874,
            -1.1245809756549663
        ],
        "L_Hip": [
            -0.09828859905525074,
            0.17127105619598462,
            0.006848467794675106
        ],
        "L_Knee": [
            -0.06511292774421451,
            0.695968835609738,
            -0.40328668733613576
        ],
        "L_Ankle": [
            0.028500305589689513,
            1.2784878481672417,
            -0.6881794540234853
        ],
        "Spine": [
            -0.021981311534174073,
            0.12744007972876234,
            0.3166263049214586
        ],
        "Thorax": [
            -0.025901372785111648,
            0.39166564880903687,
            0.6854467762715868
        ],
        "Neck": [
            -0.13586832009157748,
            0.31350249677431025,
            0.8218385711389429
        ],
        "Head": [
            -0.12913052211339499,
            0.5851730048310899,
            0.8589392282206261
        ],
        "L_Shoulder": [
            -0.21222811634738586,
            0.37766799366764364,
            0.6459405764476349
        ],
        "L_Elbow": [
            -0.46856240801664145,
            0.3117398726160391,
            0.843159397743051
        ],
        "L_Wrist": [
            -0.611911110272002,
            0.23732790252346375,
            1.1650925120042666
        ],
        "R_Shoulder": [
            0.16128264786145893,
            0.15508667392029082,
            0.6677765712478356
        ],
        "R_Elbow": [
            0.21748855841275377,
            -0.3171271302452315,
            0.9695463313720659
        ],
        "R_Wrist": [
            0.25020475701094624,
            -0.38107590820746295,
            1.3005702091765237
        ]
    }
}