{
    "video": "edition42_sequence_19.mp4",
    "peak_id": 8,
    "frame_idx": 912,
    "timestamp": 36.48,
    "total_score": 0.917,
    "skeleton_3d": {
        "Pelvis": [
            0.0,
            0.0,
            0.0
        ],
        "R_Hip": [
            0.07918151787339563,
            0.014363008449568199,
            -0.06131791427510389
        ],
        "R_Knee": [
            -0.04506303611378208,
            -0.08923757388753603,
            -0.7372872063116086
        ],
        "R_Ankle": [
            -0.018871013709592127,
            0.035467467770079766,
            -1.3214687663050266
        ],
        "L_Hip": [
            -0.08816966883542769,
            0.06638478588908335,
            0.06673356033463222
        ],
        "L_Knee": [
            -0.6874102188844492,
            0.008561631867454175,
            0.14718128441601097
        ],
        "L_Ankle": [
            -1.2292187678404372,
            -0.1517085852960725,
            0.2682105422198731
        ],
        "Spine": [
            0.18555333780427255,
            -0.1001494841566078,
            0.28741030463161876
        ],
        "Thorax": [
            0.3548362899403875,
            -0.0019286758915933167,
            0.6161965728937108
        ],
        "Neck": [
            0.4672032598001586,
            -0.08278700102949361,
            0.8175277459245548
        ],
        "Head": [
            0.44000152639532625,
            0.17562592969981514,
            0.854521535268681
        ],
        "L_Shoulder": [
            0.16126023484881022,
            -0.03319151923315766,
            0.5863938668361809
        ],
        "L_Elbow": [
            -0.16579764432592028,
            0.33878094170035306,
            0.45103668914521555
        ],
        "L_Wrist": [
            -0.5158971236620188,
            0.48035290156517596,
            0.39068875462877334
        ],
        "R_Shoulder": [
            0.5527467192994859,
            -0.10751029719254511,
            0.5720043485560438
        ],
        "R_Elbow": [
            0.8850579082624104,
            -0.4394517078274859,
            0.7217548317701177
        ],
        "R_Wrist": [
            1.205900712865848,
            -0.5379117544122187,
            0.910507679777122
        ]
    }
}