{
    "video": "PdL2025_JingxinyuHUANG_varclassique.mp4",
    "peak_id": 6,
    "frame_idx": 1503,
    "timestamp": 60.12,
    "total_score": 0.85,
    "skeleton_3d": {
        "Pelvis": [
            0.0,
            0.0,
            0.0
        ],
        "R_Hip": [
            -0.059167605307246955,
            -0.0016519045185508056,
            -0.14659628576234868
        ],
        "R_Knee": [
            -0.16892434293308994,
            0.34690199483390366,
            -0.6514601329257922
        ],
        "R_Ankle": [
            -0.2744379921920879,
            0.15646178455771892,
            -1.0395143415344565
        ],
        "L_Hip": [
            0.07511729093753283,
            -0.008361037098347771,
            0.14921675911484233
        ],
        "L_Knee": [
            0.41256542790427725,
            0.3075508707515802,
            0.46002140641397116
        ],
        "L_Ankle": [
            0.6832369999838563,
            0.4120393066635543,
            0.7612753004570973
        ],
        "Spine": [
            -0.2018701770148808,
            -0.24807811783008688,
            0.18842912216312696
        ],
        "Thorax": [
            -0.3693104507675434,
            -0.5697825648650301,
            0.3871726013725504
        ],
        "Neck": [
            -0.501753012680736,
            -0.5569194022530513,
            0.561336636701387
        ],
        "Head": [
            -0.4696634537072571,
            -0.7741202632879368,
            0.5939200491955146
        ],
        "L_Shoulder": [
            -0.2998969527933877,
            -0.4834745297850149,
            0.4801301970291481
        ],
        "L_Elbow": [
            -0.17783564441932842,
            -0.20185522368118786,
            0.7987432390774653
        ],
        "L_Wrist": [
            -0.09653665640056563,
            -0.03477150885020324,
            1.0611284016156586
        ],
        "R_Shoulder": [
            -0.4253587918961565,
            -0.5458801036542329,
            0.24246830583114093
        ],
        "R_Elbow": [
            -0.7361991501171967,
            -0.11323232400602853,
            0.19008845031706736
        ],
        "R_Wrist": [
            -0.9581682062448231,
            0.20594362005692232,
            0.2802263588005911
        ]
    }
}