{
    "video": "PdL2025_ChloeHELIMETS_varclassique.mp4",
    "peak_id": 6,
    "frame_idx": 1937,
    "timestamp": 77.48,
    "total_score": 0.82,
    "skeleton_3d": {
        "Pelvis": [
            0.0,
            0.0,
            0.0
        ],
        "R_Hip": [
            0.045484631532343646,
            -0.1426546343432566,
            -0.05258503160485637
        ],
        "R_Knee": [
            0.06464939950025793,
            -0.12758577494151152,
            -0.6444322943725446
        ],
        "R_Ankle": [
            0.2033789940706663,
            0.020564626728934537,
            -1.1789100928418095
        ],
        "L_Hip": [
            -0.046056077305502575,
            0.1530742558930472,
            0.056226572752105526
        ],
        "L_Knee": [
            -0.5525077999505862,
            0.2568832133568532,
            0.1455416304464274
        ],
        "L_Ankle": [
            -1.0274718045622058,
            0.35944622973636586,
            0.24006940938479981
        ],
        "Spine": [
            0.06157118793982429,
            -0.20693897109451675,
            0.2974741779106995
        ],
        "Thorax": [
            0.13804145791400585,
            -0.3502096547422948,
            0.6385498339498816
        ],
        "Neck": [
            0.34587845071701295,
            -0.4090978633680239,
            0.8442918923510775
        ],
        "Head": [
            0.31600894466046925,
            -0.4226788223168033,
            0.8914344886097787
        ],
        "L_Shoulder": [
            0.08408593844112854,
            -0.20888328280195761,
            0.6080342983902827
        ],
        "L_Elbow": [
            -0.13135584997860744,
            0.2760824899056963,
            0.559521368068841
        ],
        "L_Wrist": [
            -0.3258169654276992,
            0.5675927379197375,
            0.6205658794033249
        ],
        "R_Shoulder": [
            0.15439164544574854,
            -0.4912669384287039,
            0.5970123753618176
        ],
        "R_Elbow": [
            -0.14867873759814024,
            -0.6824902515920175,
            0.6027301458225267
        ],
        "R_Wrist": [
            -0.3607139401834462,
            -0.3282153339857052,
            0.6349635680542308
        ]
    }
}