{
    "video": "PdL2025_SeiaOISHI_varclassique.mp4",
    "peak_id": 4,
    "frame_idx": 1125,
    "timestamp": 45.0,
    "total_score": 0.456,
    "skeleton_3d": {
        "Pelvis": [
            0.0,
            0.0,
            0.0
        ],
        "R_Hip": [
            0.1417628160927808,
            -0.12582196458974065,
            0.025426116004784335
        ],
        "R_Knee": [
            0.5183397571241991,
            0.37305309220483274,
            -0.3934534591467197
        ],
        "R_Ankle": [
            0.8849887459346382,
            0.9678611261224297,
            -0.5782231087239099
        ],
        "L_Hip": [
            -0.13498495253022672,
            0.1748063915016209,
            -0.01924798483151692
        ],
        "L_Knee": [
            -0.06308259431787779,
            0.2516586071705609,
            -0.7301217291927566
        ],
        "L_Ankle": [
            -0.014270340302826614,
            0.5299428934694783,
            -1.389803361228374
        ],
        "Spine": [
            -0.08430401292241921,
            -0.06696472012186598,
            0.3867724899942906
        ],
        "Thorax": [
            -0.15230263401728084,
            -0.021911530047778727,
            0.811478711293143
        ],
        "Neck": [
            -0.1648440677035407,
            -0.1514229871749942,
            1.065599434682617
        ],
        "Head": [
            -0.1838922646698773,
            0.08174720276273063,
            1.1156822154211194
        ],
        "L_Shoulder": [
            -0.3742308964974076,
            0.05463690406625088,
            0.7233051422869021
        ],
        "L_Elbow": [
            -0.716327122065422,
            0.3181544060447464,
            0.6366500200630311
        ],
        "L_Wrist": [
            -1.1090068519336254,
            0.15198993380028653,
            0.6620859705677012
        ],
        "R_Shoulder": [
            0.0875773401575385,
            -0.11943534201889397,
            0.8190227561555512
        ],
        "R_Elbow": [
            0.43673907611664226,
            -0.10040102399052123,
            0.9465162292252594
        ],
        "R_Wrist": [
            0.7334143689270267,
            -0.04518813785220791,
            1.2081426429275868
        ]
    }
}