{
    "video": "PdL2025_EricPOOR_varclassique.mp4",
    "peak_id": 7,
    "frame_idx": 1631,
    "timestamp": 65.24,
    "total_score": 0.476,
    "skeleton_3d": {
        "Pelvis": [
            0.0,
            0.0,
            0.0
        ],
        "R_Hip": [
            0.06715076319845563,
            0.20272190654744593,
            -0.014353684186404968
        ],
        "R_Knee": [
            -0.07582696533962,
            0.3512962878175924,
            -0.6491614488858227
        ],
        "R_Ankle": [
            -0.1185229225876947,
            0.5836821175904919,
            -1.2760864059523715
        ],
        "L_Hip": [
            -0.06328316091836952,
            -0.179028814124563,
            0.013396694625916705
        ],
        "L_Knee": [
            0.016638014631552116,
            -0.7440194955416399,
            -0.3054069733294056
        ],
        "L_Ankle": [
            -0.21331148185319734,
            -1.2456243986430866,
            -0.43000667687707383
        ],
        "Spine": [
            0.013927242377313095,
            0.15344877350486005,
            0.3137797098761287
        ],
        "Thorax": [
            0.04131597719532158,
            0.33911169039213224,
            0.6678798632915343
        ],
        "Neck": [
            0.1559527433817438,
            0.3142136009969216,
            0.8491689474406928
        ],
        "Head": [
            0.1402652306254231,
            0.4554905153334654,
            0.8978633921313316
        ],
        "L_Shoulder": [
            -0.08413841466673387,
            0.12005392409755909,
            0.6760186479800606
        ],
        "L_Elbow": [
            0.019317277153538526,
            -0.3308201256556686,
            0.9964544989893244
        ],
        "L_Wrist": [
            0.24606350374202202,
            -0.1768922777601049,
            1.224647347660438
        ],
        "R_Shoulder": [
            0.165449515857975,
            0.3978958885779619,
            0.5923153100009686
        ],
        "R_Elbow": [
            0.3115571408773304,
            0.6954032455711732,
            0.32428467522775867
        ],
        "R_Wrist": [
            0.36913387874637943,
            0.31250569974022596,
            0.12995435573993444
        ]
    }
}