{
    "video": "PdL2025_ShinnosukeYASUUMI_varclassique.mp4",
    "peak_id": 4,
    "frame_idx": 1484,
    "timestamp": 59.36,
    "total_score": 0.689,
    "skeleton_3d": {
        "Pelvis": [
            0.0,
            0.0,
            0.0
        ],
        "R_Hip": [
            0.08264888588419174,
            -0.14362676865974527,
            0.03293422949461718
        ],
        "R_Knee": [
            0.5352638423199819,
            -0.014261468093940091,
            0.07742284887036971
        ],
        "R_Ankle": [
            0.9397317721012266,
            -0.09879650872153736,
            0.1630256130959387
        ],
        "L_Hip": [
            -0.0714797912713055,
            0.16905571586019405,
            -0.03703619837205
        ],
        "L_Knee": [
            -0.08123159433187475,
            0.17900793179558003,
            -0.5679473260068814
        ],
        "L_Ankle": [
            -0.07908184179693001,
            0.18478035828981393,
            -1.0764459391113723
        ],
        "Spine": [
            -0.11699883946954769,
            0.11304123320290999,
            0.2870633519813318
        ],
        "Thorax": [
            -0.19928523935397355,
            0.2645369472541732,
            0.598218384229684
        ],
        "Neck": [
            -0.3310395015050014,
            0.1959860149949924,
            0.7688581371238793
        ],
        "Head": [
            -0.3112596017541,
            0.4259974289446481,
            0.7986987619894598
        ],
        "L_Shoulder": [
            -0.34551037886243324,
            0.2982302125110491,
            0.5552375067465923
        ],
        "L_Elbow": [
            -0.5495819612379352,
            0.3906102241752972,
            0.7247343699542598
        ],
        "L_Wrist": [
            -0.6584139535377022,
            0.4865223453520923,
            0.8999404927562384
        ],
        "R_Shoulder": [
            -0.048270591872829394,
            0.09572183374343772,
            0.5858430048175504
        ],
        "R_Elbow": [
            0.11187990632463822,
            -0.30188795917385114,
            0.7752117735668416
        ],
        "R_Wrist": [
            0.2636663754902635,
            -0.3756987760079839,
            1.0126349506087644
        ]
    }
}