{
    "video": "PdL2025_ZioAHN_varclassique.mp4",
    "peak_id": 7,
    "frame_idx": 1896,
    "timestamp": 75.84,
    "total_score": 0.742,
    "skeleton_3d": {
        "Pelvis": [
            0.0,
            0.0,
            0.0
        ],
        "R_Hip": [
            0.11460046265551004,
            -0.10653903074214134,
            -0.06537702270817367
        ],
        "R_Knee": [
            -0.03831306636818595,
            -0.5595778596919055,
            -0.585908496271252
        ],
        "R_Ankle": [
            -0.07558029870906086,
            -0.852066228384348,
            -1.131823787400241
        ],
        "L_Hip": [
            -0.10710264136327981,
            0.10690064674377397,
            0.06764125693612186
        ],
        "L_Knee": [
            -0.6647226645802852,
            -0.06016754914240012,
            -0.010568590514291052
        ],
        "L_Ankle": [
            -1.1400680096103035,
            -0.37904128706680357,
            -0.05806876344821828
        ],
        "Spine": [
            0.05952965564185634,
            0.07617068362854322,
            0.30936055366483134
        ],
        "Thorax": [
            0.1085992414907092,
            0.26751271782128483,
            0.6490920088111028
        ],
        "Neck": [
            0.05043496530639876,
            0.17136463594442236,
            0.8712384619504697
        ],
        "Head": [
            0.048095244187119725,
            0.43041957576085405,
            0.8900435051393037
        ],
        "L_Shoulder": [
            -0.0757041057254029,
            0.2321749278950663,
            0.6169149564013803
        ],
        "L_Elbow": [
            -0.26141991192614883,
            0.003342592375747497,
            0.9364091130234083
        ],
        "L_Wrist": [
            -0.2330991567178991,
            0.10016406698045796,
            1.217217155814325
        ],
        "R_Shoulder": [
            0.3132603815516116,
            0.11918419592398807,
            0.6119160585345818
        ],
        "R_Elbow": [
            0.659068411714023,
            -0.2064863423160065,
            0.6009656964599048
        ],
        "R_Wrist": [
            0.9117459464849224,
            -0.430741399500948,
            0.601689221151152
        ]
    }
}