{
    "video": "PdL2025_SeiaOISHI_varclassique.mp4",
    "peak_id": 8,
    "frame_idx": 2061,
    "timestamp": 82.44,
    "total_score": 0.425,
    "skeleton_3d": {
        "Pelvis": [
            0.0,
            0.0,
            0.0
        ],
        "R_Hip": [
            0.07895923230159432,
            0.16332230939616146,
            0.005216106622925994
        ],
        "R_Knee": [
            -0.013787186070333296,
            0.19668746838798903,
            -0.5879428951533453
        ],
        "R_Ankle": [
            -0.31396556268665826,
            0.2760783820950099,
            -1.0607422324471811
        ],
        "L_Hip": [
            -0.08479725330197099,
            -0.16158565065988506,
            -0.0042517417828279265
        ],
        "L_Knee": [
            0.37774162028906855,
            -0.4609652873267382,
            -0.27051360240866157
        ],
        "L_Ankle": [
            0.837078084246293,
            -0.6117817709088084,
            -0.4362166212446402
        ],
        "Spine": [
            -0.030734099342499474,
            0.03836673281053654,
            0.34178764043150645
        ],
        "Thorax": [
            -0.04281379511768889,
            0.07721767614804136,
            0.7149498183436033
        ],
        "Neck": [
            -0.02965681734500583,
            -0.027033970952533896,
            0.9475991255034665
        ],
        "Head": [
            -0.039934243396581255,
            0.07781816288449019,
            1.0087611146136646
        ],
        "L_Shoulder": [
            -0.2504681623656175,
            -0.08098226319186767,
            0.6382984391977529
        ],
        "L_Elbow": [
            -0.22932613873934268,
            -0.5656426611494983,
            0.438013016948356
        ],
        "L_Wrist": [
            0.026913955420920985,
            -1.0168965889601569,
            0.42904279223124075
        ],
        "R_Shoulder": [
            0.16958846837652336,
            0.12276792621568386,
            0.6871837440057295
        ],
        "R_Elbow": [
            0.3571135373934645,
            0.2256295912256564,
            0.5239956238429461
        ],
        "R_Wrist": [
            0.5408108887770506,
            -0.2916142572631178,
            0.5094476441645334
        ]
    }
}