{
    "video": "PdL2025_YuuhiFUKUMA_varclassique.mp4",
    "peak_id": 7,
    "frame_idx": 1271,
    "timestamp": 50.84,
    "total_score": 0.496,
    "skeleton_3d": {
        "Pelvis": [
            0.0,
            0.0,
            0.0
        ],
        "R_Hip": [
            0.1480855152059468,
            -0.15449222057792236,
            -0.03457703319327698
        ],
        "R_Knee": [
            -0.07893425729974175,
            -0.47938073183700924,
            -0.6041805137199998
        ],
        "R_Ankle": [
            -0.259908274048485,
            -0.2924023184208824,
            -1.1293503184208464
        ],
        "L_Hip": [
            -0.1342340534926793,
            0.1631295065185058,
            0.04152516473338946
        ],
        "L_Knee": [
            -0.6542546926355275,
            0.06235517505002672,
            -0.36548029586468617
        ],
        "L_Ankle": [
            -1.1533968690703273,
            -0.04213425085636728,
            -0.7790694205182881
        ],
        "Spine": [
            0.034936738472054085,
            -0.17561522865965762,
            0.34207075740147874
        ],
        "Thorax": [
            0.08152465304418385,
            -0.2994903122823715,
            0.7232893863964679
        ],
        "Neck": [
            0.1649162861380623,
            -0.41407653031276637,
            0.9622542363653555
        ],
        "Head": [
            0.1632921907954135,
            -0.34539250585035003,
            1.0309093212693936
        ],
        "L_Shoulder": [
            -0.15500243598183377,
            -0.17008932377902664,
            0.7230975305562837
        ],
        "L_Elbow": [
            -0.48863259875342707,
            0.2000263078476453,
            0.515749038218401
        ],
        "L_Wrist": [
            -0.8716486551717304,
            0.2668310315791841,
            0.4391217765743262
        ],
        "R_Shoulder": [
            0.3036633233357871,
            -0.3785664222613024,
            0.620331571353754
        ],
        "R_Elbow": [
            0.3538639571317213,
            -0.36305472128437377,
            0.1686734223057223
        ],
        "R_Wrist": [
            0.1672814173369521,
            -0.6902814389633531,
            -0.04618343234796344
        ]
    }
}