{
    "video": "PdL2025_ZioAHN_varclassique.mp4",
    "peak_id": 8,
    "frame_idx": 2124,
    "timestamp": 84.96,
    "total_score": 0.56,
    "skeleton_3d": {
        "Pelvis": [
            0.0,
            0.0,
            0.0
        ],
        "R_Hip": [
            0.13049447322445598,
            -0.05193886588839886,
            0.05056891985902224
        ],
        "R_Knee": [
            0.5848015549830046,
            0.13641389118171302,
            0.04857754033792696
        ],
        "R_Ankle": [
            0.9393034498644744,
            0.09522488896654407,
            0.14403443799022242
        ],
        "L_Hip": [
            -0.12058282749313504,
            0.09200253098091912,
            -0.04905253648743191
        ],
        "L_Knee": [
            -0.09987737822172096,
            -0.08869960832109343,
            -0.6696362435583783
        ],
        "L_Ankle": [
            -0.080589447621455,
            0.15023795503596152,
            -1.2365154818709436
        ],
        "Spine": [
            -0.07310115981220383,
            0.07703727451966932,
            0.3239795552733183
        ],
        "Thorax": [
            -0.09703870191580284,
            0.2707935026793595,
            0.6678984527675065
        ],
        "Neck": [
            -0.004856863013745987,
            0.13473847024693242,
            0.8813320363334298
        ],
        "Head": [
            -0.03900050597583984,
            0.40435983056236346,
            0.9172733126265528
        ],
        "L_Shoulder": [
            -0.3256121874419732,
            0.18257910807399513,
            0.624488933908621
        ],
        "L_Elbow": [
            -0.7269671004725482,
            0.05188357592071493,
            0.6574164551868737
        ],
        "L_Wrist": [
            -0.9902881522608682,
            -0.17844082665796338,
            0.8318926309787651
        ],
        "R_Shoulder": [
            0.12540643468053272,
            0.18205773370445175,
            0.6377003027348144
        ],
        "R_Elbow": [
            0.49100308405782683,
            -0.025995391503573762,
            0.7043704731426278
        ],
        "R_Wrist": [
            0.7949684879397622,
            -0.15200857076399418,
            0.8916284715241997
        ]
    }
}