{
    "video": "PdL2025_ChloeHELIMETS_varclassique.mp4",
    "peak_id": 0,
    "frame_idx": 995,
    "timestamp": 39.8,
    "total_score": 0.563,
    "skeleton_3d": {
        "Pelvis": [
            0.0,
            0.0,
            0.0
        ],
        "R_Hip": [
            0.07640347466923315,
            -0.18665732242800434,
            0.0020226352948410596
        ],
        "R_Knee": [
            -0.2544193900813706,
            -0.38684725057712943,
            0.34217436729292633
        ],
        "R_Ankle": [
            -0.8104675941414246,
            -0.4645401795807422,
            0.1800615868163679
        ],
        "L_Hip": [
            -0.06950574837121422,
            0.21543287036050643,
            0.0009555118612940199
        ],
        "L_Knee": [
            0.0030371083248362236,
            0.27874260152640584,
            -0.6947420755735477
        ],
        "L_Ankle": [
            -0.06100219976233013,
            0.33615250658949497,
            -1.277567377482353
        ],
        "Spine": [
            0.01906255119515414,
            0.017039647213297753,
            0.3671322073290282
        ],
        "Thorax": [
            0.055463995964750254,
            0.01315046096647138,
            0.7593340825679078
        ],
        "Neck": [
            -0.01903774411726118,
            -0.08816912022393285,
            0.9338751144369353
        ],
        "Head": [
            0.02092751959751774,
            0.08516025149585675,
            1.0018688409931755
        ],
        "L_Shoulder": [
            -0.12926138233029036,
            0.16747431326735673,
            0.7690933897936519
        ],
        "L_Elbow": [
            -0.5011618615202778,
            0.29139077746555747,
            0.9533316503588952
        ],
        "L_Wrist": [
            -0.7432552026663296,
            -0.17532106914119303,
            0.9073755854837144
        ],
        "R_Shoulder": [
            0.22925782107314507,
            -0.22703940588618093,
            0.6813547974204648
        ],
        "R_Elbow": [
            0.075723936479932,
            -0.7099238450179178,
            0.597684836198594
        ],
        "R_Wrist": [
            -0.23847237297966595,
            -1.0791569347081873,
            0.5330286417351137
        ]
    }
}