{
    "video": "PdL2025_EitaAKITA_varclassique.mp4",
    "peak_id": 3,
    "frame_idx": 1146,
    "timestamp": 45.84,
    "total_score": 0.783,
    "skeleton_3d": {
        "Pelvis": [
            0.0,
            0.0,
            0.0
        ],
        "R_Hip": [
            -0.05711703840228361,
            -0.05552273600670443,
            0.017272597212389232
        ],
        "R_Knee": [
            -0.5838259266952859,
            0.4853621409941811,
            0.011851736198925105
        ],
        "R_Ankle": [
            -1.0766183721153382,
            0.7174825987849555,
            0.060446733715909605
        ],
        "L_Hip": [
            0.0617639159869684,
            0.030752768903469303,
            -0.021947643946258956
        ],
        "L_Knee": [
            0.08652012598693203,
            0.21900245945730445,
            -0.6114063419853735
        ],
        "L_Ankle": [
            0.08448326760171557,
            0.23646297889884993,
            -1.0874634813203743
        ],
        "Spine": [
            0.05606479035325608,
            -0.10500116514507409,
            0.3381295002747813
        ],
        "Thorax": [
            0.11561452388860291,
            -0.3619431618104484,
            0.6984401480866227
        ],
        "Neck": [
            0.05623647794359133,
            -0.42734007109449335,
            0.8722872761641716
        ],
        "Head": [
            0.10207101130535018,
            -0.5867101617786705,
            0.9100854317641551
        ],
        "L_Shoulder": [
            0.12009275705078361,
            -0.14550859352489745,
            0.709144054304293
        ],
        "L_Elbow": [
            0.0632826750489302,
            0.23210378652352545,
            0.9518209702157358
        ],
        "L_Wrist": [
            0.07928056202825202,
            0.26917208462828146,
            1.2495285220488381
        ],
        "R_Shoulder": [
            0.11721521693662752,
            -0.4429036781775622,
            0.6343900919599903
        ],
        "R_Elbow": [
            0.054803565984588264,
            -0.7809384168523141,
            0.4986830127726734
        ],
        "R_Wrist": [
            -0.04805305563533095,
            -0.6192208265031817,
            0.5111956720998682
        ]
    }
}