{
    "video": "PdL2025_ChloeHELIMETS_varclassique.mp4",
    "peak_id": 7,
    "frame_idx": 2056,
    "timestamp": 82.24,
    "total_score": 0.605,
    "skeleton_3d": {
        "Pelvis": [
            0.0,
            0.0,
            0.0
        ],
        "R_Hip": [
            0.08238495424081513,
            0.0952246114077596,
            -0.04543606372535299
        ],
        "R_Knee": [
            0.0747371692623813,
            -0.09039065971796147,
            -0.5868053095160629
        ],
        "R_Ankle": [
            0.16405101141386116,
            -0.4164166666302401,
            -1.0539196985445483
        ],
        "L_Hip": [
            -0.08021359762677129,
            -0.06421073373100189,
            0.04723621338851768
        ],
        "L_Knee": [
            -0.5540533787924612,
            0.102927138556808,
            0.0393502599035736
        ],
        "L_Ankle": [
            -1.012787675092075,
            0.21199234470749923,
            0.07141862471411585
        ],
        "Spine": [
            0.07372192033258773,
            -0.01690890334431902,
            0.2814054418928881
        ],
        "Thorax": [
            0.13852108425837692,
            -0.04039037046253827,
            0.5979788493082259
        ],
        "Neck": [
            0.25739615819458705,
            -0.10834248899499202,
            0.7694197245442257
        ],
        "Head": [
            0.23387107530006995,
            0.04082788233798629,
            0.7878312812161872
        ],
        "L_Shoulder": [
            0.010564094455116343,
            -0.2564652741985603,
            0.5376934640114918
        ],
        "L_Elbow": [
            0.09310781061857765,
            -0.6555056217743708,
            0.49964017054662513
        ],
        "L_Wrist": [
            0.27470715685117447,
            -0.4260040810677254,
            0.5395471818670291
        ],
        "R_Shoulder": [
            0.2770983455496641,
            0.077251079062066,
            0.5948314446992289
        ],
        "R_Elbow": [
            0.40814179713638643,
            0.07961183128761663,
            0.8571725731715404
        ],
        "R_Wrist": [
            0.4775556148586857,
            0.06562801119916918,
            1.121102560069569
        ]
    }
}