{
    "video": "PdL2025_ChloeHELIMETS_varclassique.mp4",
    "peak_id": 8,
    "frame_idx": 2099,
    "timestamp": 83.96,
    "total_score": 0.602,
    "skeleton_3d": {
        "Pelvis": [
            0.0,
            0.0,
            0.0
        ],
        "R_Hip": [
            0.10038612762077868,
            0.10531379105277132,
            0.025682903716398368
        ],
        "R_Knee": [
            0.4594306275264593,
            -0.37645802459078814,
            0.14676509486822278
        ],
        "R_Ankle": [
            -0.16280063367432082,
            -0.16812154181209538,
            0.09893100233790843
        ],
        "L_Hip": [
            -0.09514794284964634,
            -0.12826369737366244,
            -0.025459400636525627
        ],
        "L_Knee": [
            -0.10595276023939758,
            -0.5942518006922892,
            -0.48607790028865616
        ],
        "L_Ankle": [
            -0.16969724334415204,
            -1.150044301687046,
            -0.9948214609049673
        ],
        "Spine": [
            -0.04571974339538898,
            0.12204115092191875,
            0.2897647555719143
        ],
        "Thorax": [
            -0.07746427965871808,
            0.2811167573597965,
            0.5950830702325662
        ],
        "Neck": [
            -0.1099091334031151,
            0.2045648562584557,
            0.7874154217369219
        ],
        "Head": [
            -0.10674387584666381,
            0.4438581299490649,
            0.8101119233692596
        ],
        "L_Shoulder": [
            -0.2555535082676595,
            0.1734191623553575,
            0.5218794987446919
        ],
        "L_Elbow": [
            -0.5753216970152542,
            0.03545874796021005,
            0.45372407055891945
        ],
        "L_Wrist": [
            -0.8268982672336127,
            -0.30592909296721665,
            0.4362768553626614
        ],
        "R_Shoulder": [
            0.09975568195878642,
            0.24061330562579977,
            0.6152438383455199
        ],
        "R_Elbow": [
            0.14953246345211277,
            0.06388706992568124,
            0.914567374408464
        ],
        "R_Wrist": [
            0.09474488554907377,
            0.10573244971645489,
            1.1993677400963054
        ]
    }
}