{
    "video": "PdL2025_ZioAHN_varclassique.mp4",
    "peak_id": 4,
    "frame_idx": 1107,
    "timestamp": 44.28,
    "total_score": 0.794,
    "skeleton_3d": {
        "Pelvis": [
            0.0,
            0.0,
            0.0
        ],
        "R_Hip": [
            0.09574472922302397,
            -0.1512307869918676,
            -0.05919222141863583
        ],
        "R_Knee": [
            0.006095482602123914,
            -0.6179222473179264,
            -0.570612010934173
        ],
        "R_Ankle": [
            0.018263463469330717,
            -0.7618043590562757,
            -1.1562600946006023
        ],
        "L_Hip": [
            -0.09409964283431148,
            0.14677417259807124,
            0.06277270633581082
        ],
        "L_Knee": [
            -0.6492689983652026,
            0.013023152648008027,
            0.04861802357985072
        ],
        "L_Ankle": [
            -1.1745633962386248,
            -0.33411281354296196,
            0.06515196289645672
        ],
        "Spine": [
            0.047497557381791775,
            0.13249629973049395,
            0.2905438175510636
        ],
        "Thorax": [
            0.08314094967890491,
            0.41024899650670915,
            0.6099446321186635
        ],
        "Neck": [
            -0.026290884809746336,
            0.3789803436469141,
            0.8085839054420585
        ],
        "Head": [
            -0.014567544305443813,
            0.607239170624332,
            0.8202157065077876
        ],
        "L_Shoulder": [
            -0.05788299770147354,
            0.4607967871826781,
            0.5103072073227602
        ],
        "L_Elbow": [
            -0.392367236242634,
            0.6575551216377064,
            0.42300729985666274
        ],
        "L_Wrist": [
            -0.6604875669487786,
            0.6420618440413992,
            0.4399471878866412
        ],
        "R_Shoulder": [
            0.24119299287804105,
            0.16744194744380708,
            0.6491973476619385
        ],
        "R_Elbow": [
            0.37656167380408867,
            -0.2620372237667174,
            0.9476844657682321
        ],
        "R_Wrist": [
            0.5090539135079105,
            -0.24953320487797126,
            1.2050311312786885
        ]
    }
}