{
    "video": "PdL2025_ZioAHN_varclassique.mp4",
    "peak_id": 1,
    "frame_idx": 761,
    "timestamp": 30.44,
    "total_score": 0.9,
    "skeleton_3d": {
        "Pelvis": [
            0.0,
            0.0,
            0.0
        ],
        "R_Hip": [
            0.1292370845112562,
            -0.05024414646365381,
            -0.06393389615807302
        ],
        "R_Knee": [
            0.13108335095493856,
            -0.47048409860032,
            -0.5715046257043331
        ],
        "R_Ankle": [
            0.17232609506415683,
            -0.720936296255434,
            -1.136090859839207
        ],
        "L_Hip": [
            -0.12788660392881793,
            0.06910759877045633,
            0.06397577516810175
        ],
        "L_Knee": [
            -0.5891159504404044,
            -0.03803553712150613,
            0.2645726823669578
        ],
        "L_Ankle": [
            -0.9780014611288127,
            -0.2826682527383177,
            0.4742689271862206
        ],
        "Spine": [
            0.07465299717867599,
            0.0896021784669283,
            0.2954791828952918
        ],
        "Thorax": [
            0.13927944396690148,
            0.3381165319803078,
            0.6153045872815992
        ],
        "Neck": [
            0.2735736408665489,
            0.2323292649380496,
            0.816626492205192
        ],
        "Head": [
            0.2902041247237242,
            0.4724685997189382,
            0.8334486952460587
        ],
        "L_Shoulder": [
            -0.03474746043386398,
            0.31817927731380663,
            0.5982668274409837
        ],
        "L_Elbow": [
            -0.33890635862144186,
            0.37344139861221515,
            0.663072350077111
        ],
        "L_Wrist": [
            -0.5781333628241297,
            0.2615353575573181,
            0.8115865987738544
        ],
        "R_Shoulder": [
            0.3023395861347798,
            0.1898734655389655,
            0.5699685224150375
        ],
        "R_Elbow": [
            0.4670325266752714,
            -0.14384920373609306,
            0.8810646074665536
        ],
        "R_Wrist": [
            0.5745375119655284,
            0.03934779396910521,
            1.1756676731171296
        ]
    }
}