{
    "video": "PdL2025_JingxinyuHUANG_varclassique.mp4",
    "peak_id": 4,
    "frame_idx": 1172,
    "timestamp": 46.88,
    "total_score": 0.489,
    "skeleton_3d": {
        "Pelvis": [
            0.0,
            0.0,
            0.0
        ],
        "R_Hip": [
            0.10878955044166679,
            0.09309282408142668,
            0.031128896180173796
        ],
        "R_Knee": [
            0.2671969149336833,
            0.5086406075905707,
            -0.3734124328558133
        ],
        "R_Ankle": [
            0.31971633273120725,
            1.229688506553504,
            -0.6209467955093152
        ],
        "L_Hip": [
            -0.10632322652012924,
            -0.05881688697132866,
            -0.029619045904359487
        ],
        "L_Knee": [
            -0.01829397761925284,
            -0.0694460252820291,
            -0.5631663267859812
        ],
        "L_Ankle": [
            -0.10390923626647341,
            -0.3790390208759019,
            -1.0409638236787677
        ],
        "Spine": [
            -0.0922204742779838,
            0.03486156975344223,
            0.31438681680346864
        ],
        "Thorax": [
            -0.17845067348733687,
            0.18968331268887167,
            0.678032019706843
        ],
        "Neck": [
            -0.28834538668223975,
            0.08164800859135263,
            0.8538718660599792
        ],
        "Head": [
            -0.29273286996874437,
            0.36229759764573866,
            0.8811731107792945
        ],
        "L_Shoulder": [
            -0.3238670101634516,
            0.08198918896838212,
            0.5329524445934809
        ],
        "L_Elbow": [
            -0.6733323179103767,
            0.053411059984383585,
            0.3656118414502214
        ],
        "L_Wrist": [
            -1.004065766169668,
            -0.17056919914692364,
            0.2474233599093173
        ],
        "R_Shoulder": [
            -0.01646833019284825,
            0.14302687616556825,
            0.7539734424371094
        ],
        "R_Elbow": [
            0.006856425471960924,
            0.05533954965646811,
            1.1082597031794843
        ],
        "R_Wrist": [
            -0.047340344527843366,
            0.07833098971826528,
            1.407020102015537
        ]
    }
}