{
    "video": "edition23_sequence_0.mp4",
    "peak_id": 4,
    "frame_idx": 1617,
    "timestamp": 64.68,
    "total_score": 0.837,
    "skeleton_3d": {
        "Pelvis": [
            0.0,
            0.0,
            0.0
        ],
        "R_Hip": [
            0.10125022390119867,
            -0.1370603824222676,
            -0.057007627764230594
        ],
        "R_Knee": [
            0.018080042811801162,
            -0.18411306224466295,
            -0.7219798245453822
        ],
        "R_Ankle": [
            0.051026323479291195,
            -0.2582661688002244,
            -1.3213794622528385
        ],
        "L_Hip": [
            -0.09783575593129101,
            0.12733588013523087,
            0.06306097032412816
        ],
        "L_Knee": [
            -0.4315103602792391,
            -0.12328550005501004,
            0.1777703698867638
        ],
        "L_Ankle": [
            -0.8469262825626352,
            -0.08375437847930323,
            0.46704109716489295
        ],
        "Spine": [
            0.07326565144495342,
            0.046033244416510466,
            0.2993006535311647
        ],
        "Thorax": [
            0.12228724694541744,
            0.30285000120394984,
            0.5792909126391291
        ],
        "Neck": [
            0.07657990702375335,
            0.20305180062913317,
            0.8306639522459095
        ],
        "Head": [
            0.062058122484529,
            0.3032759666558764,
            0.8529306934640707
        ],
        "L_Shoulder": [
            -0.03790798518522194,
            0.33746542650495265,
            0.48285748751210733
        ],
        "L_Elbow": [
            -0.36965897109690243,
            0.2042028765271112,
            0.43435404015770473
        ],
        "L_Wrist": [
            -0.7140167880927256,
            -0.08479820953767474,
            0.4313858741215694
        ],
        "R_Shoulder": [
            0.28794499254369593,
            0.16275015317316213,
            0.646780198054082
        ],
        "R_Elbow": [
            0.38360077069764587,
            -0.09837807442555413,
            1.0086321762299333
        ],
        "R_Wrist": [
            0.3808233967621688,
            -0.060900124943438196,
            1.3387906228117192
        ]
    }
}