{
    "video": "edition23_sequence_11.mp4",
    "peak_id": 1,
    "frame_idx": 872,
    "timestamp": 34.88,
    "total_score": 1.0,
    "skeleton_3d": {
        "Pelvis": [
            0.0,
            0.0,
            0.0
        ],
        "R_Hip": [
            0.05356615302123901,
            -0.16519543650956,
            -0.0558256643903894
        ],
        "R_Knee": [
            -0.037841444811179924,
            -0.09971454799076686,
            -0.7309753386521056
        ],
        "R_Ankle": [
            0.028231922933981107,
            -0.01433815077013023,
            -1.306628717795238
        ],
        "L_Hip": [
            -0.05231356853936234,
            0.1570519297785551,
            0.055717401346952924
        ],
        "L_Knee": [
            -0.457923407923054,
            -0.12420787200505677,
            0.2246862346979514
        ],
        "L_Ankle": [
            -1.0763175119274346,
            -0.2190765104028368,
            0.4520853898189538
        ],
        "Spine": [
            0.08376801182338298,
            -0.060635362655875207,
            0.32994073206630614
        ],
        "Thorax": [
            0.15004968743644154,
            -0.13380625291925546,
            0.6499992380864549
        ],
        "Neck": [
            0.21557796661874276,
            -0.1679051336000323,
            0.9559088490064505
        ],
        "Head": [
            0.20285281240219402,
            -0.1260185279171241,
            1.0087414188594892
        ],
        "L_Shoulder": [
            -0.032807625801207684,
            -0.0740324985735649,
            0.634905650720701
        ],
        "L_Elbow": [
            -0.24249466113710072,
            0.21688612800559715,
            0.48782938526007835
        ],
        "L_Wrist": [
            -0.3086359107314486,
            -0.13871141043487908,
            0.575147111272242
        ],
        "R_Shoulder": [
            0.3278086510575334,
            -0.05621928190405561,
            0.6110994465587698
        ],
        "R_Elbow": [
            0.6295648956218745,
            0.13917186093554382,
            0.5649689525969558
        ],
        "R_Wrist": [
            0.9921394141749289,
            0.0884566112746279,
            0.6943277356447562
        ]
    }
}