{
    "video": "edition23_sequence_1.mp4",
    "peak_id": 5,
    "frame_idx": 2244,
    "timestamp": 89.76,
    "total_score": 0.9,
    "skeleton_3d": {
        "Pelvis": [
            0.0,
            0.0,
            0.0
        ],
        "R_Hip": [
            0.11927670799297066,
            -0.12176177092416474,
            -0.05624536168945365
        ],
        "R_Knee": [
            -0.029319885583254244,
            -0.28759363812066385,
            -0.6266872673506546
        ],
        "R_Ankle": [
            0.08507947999994384,
            -0.2869402228918759,
            -1.2164504772664895
        ],
        "L_Hip": [
            -0.11486844157676285,
            0.1145027217371113,
            0.060352329485749596
        ],
        "L_Knee": [
            -0.44493360941707827,
            -0.111558183083966,
            0.5103467433838942
        ],
        "L_Ankle": [
            -0.8217536278623786,
            -0.26237865504404373,
            1.0264437708569079
        ],
        "Spine": [
            0.11653788585089582,
            0.0893358604488525,
            0.2814201871443796
        ],
        "Thorax": [
            0.19475181815445047,
            0.33668188857546016,
            0.5473135949146839
        ],
        "Neck": [
            0.20191422113215787,
            0.28793386268741394,
            0.75348324024327
        ],
        "Head": [
            0.19046441342393727,
            0.36550929154898193,
            0.7793531915602254
        ],
        "L_Shoulder": [
            -0.010789191826355652,
            0.32564437667357343,
            0.5055307970567848
        ],
        "L_Elbow": [
            -0.31858073372648477,
            0.13763313192516446,
            0.46488813975038534
        ],
        "L_Wrist": [
            -0.5903037154532398,
            -0.13537506751513342,
            0.5139754986615156
        ],
        "R_Shoulder": [
            0.3892140859337497,
            0.21482046607701064,
            0.5772202258756837
        ],
        "R_Elbow": [
            0.4639039330620234,
            -0.005404059577294158,
            0.9635695806941351
        ],
        "R_Wrist": [
            0.47439579148082056,
            0.029833299697000885,
            1.2852712061628027
        ]
    }
}