{
    "video": "edition23_sequence_1.mp4",
    "peak_id": 4,
    "frame_idx": 2095,
    "timestamp": 83.8,
    "total_score": 1.0,
    "skeleton_3d": {
        "Pelvis": [
            0.0,
            0.0,
            0.0
        ],
        "R_Hip": [
            0.1116613956976636,
            0.16177524607789395,
            0.03824365346788038
        ],
        "R_Knee": [
            0.19904644934617352,
            0.06271870758701248,
            0.7093079060755006
        ],
        "R_Ankle": [
            0.31019077416531693,
            -0.039538518361379844,
            1.4207976754907947
        ],
        "L_Hip": [
            -0.11611408121214936,
            -0.1683657177202222,
            -0.03771944814041915
        ],
        "L_Knee": [
            -0.008479449501746911,
            -0.15748355553081844,
            -0.7190947762363294
        ],
        "L_Ankle": [
            -0.08006392121315796,
            -0.17861301168605087,
            -1.3220971978753036
        ],
        "Spine": [
            -0.07752656835531836,
            -0.04240098482478283,
            0.31625302594305593
        ],
        "Thorax": [
            -0.1321755526183552,
            -0.11043172192533612,
            0.6328061648489425
        ],
        "Neck": [
            -0.07688656543350644,
            -0.1552856039710738,
            0.8832088736021587
        ],
        "Head": [
            -0.09025079413985161,
            -0.05390461089375554,
            0.9253678284488511
        ],
        "L_Shoulder": [
            -0.33936987344102504,
            -0.15006293173900104,
            0.6037654543362551
        ],
        "L_Elbow": [
            -0.6409651477222089,
            -0.21786309607978444,
            0.6582706595308015
        ],
        "L_Wrist": [
            -0.9556411071098853,
            -0.1668303452152399,
            0.8132583758255427
        ],
        "R_Shoulder": [
            0.088444342646549,
            -0.004417820030109325,
            0.6548018588806577
        ],
        "R_Elbow": [
            0.27815750438448456,
            0.3524664362673947,
            0.6702470311769706
        ],
        "R_Wrist": [
            0.20338040530099036,
            0.21020024684552208,
            0.10493933895542491
        ]
    }
}