{
    "video": "edition23_sequence_13.mp4",
    "peak_id": 0,
    "frame_idx": 653,
    "timestamp": 26.12,
    "total_score": 0.45,
    "skeleton_3d": {
        "Pelvis": [
            0.0,
            0.0,
            0.0
        ],
        "R_Hip": [
            -0.08736567970849808,
            0.14392375031668958,
            0.044765276899713664
        ],
        "R_Knee": [
            0.0546682062113234,
            0.4773949245140789,
            -0.36333666800707304
        ],
        "R_Ankle": [
            0.08771773955955424,
            0.7420326441459513,
            -0.8253238323132212
        ],
        "L_Hip": [
            0.08789201562086839,
            -0.14657248904701028,
            -0.0459368077236998
        ],
        "L_Knee": [
            -0.03563674803605461,
            -0.12514463408684662,
            -0.6737919830670114
        ],
        "L_Ankle": [
            -0.14481314873906953,
            -0.16154973237020032,
            -1.3012913384762756
        ],
        "Spine": [
            0.012771915218571172,
            -0.03960854388780729,
            0.3367230529513762
        ],
        "Thorax": [
            0.028832679134631344,
            -0.08252002416659165,
            0.6697425503339044
        ],
        "Neck": [
            0.15517957136796015,
            -0.06412719337543261,
            0.9200421398092306
        ],
        "Head": [
            0.14045199503182654,
            -0.1186501632267968,
            0.9894545840667198
        ],
        "L_Shoulder": [
            0.14994561155086458,
            -0.22987088193705824,
            0.6287183793620361
        ],
        "L_Elbow": [
            0.4718311120474847,
            -0.28571969742777725,
            0.4475806965338998
        ],
        "L_Wrist": [
            0.7985504768190479,
            -0.10890638762930423,
            0.3959929635484051
        ],
        "R_Shoulder": [
            -0.09657048904773452,
            0.08237126746047645,
            0.647999075521604
        ],
        "R_Elbow": [
            -0.01911187568846587,
            0.35556735236488185,
            0.381138768310209
        ],
        "R_Wrist": [
            0.12576164099375817,
            0.5754366406650012,
            0.2533550985259949
        ]
    }
}