{
    "video": "edition23_sequence_11.mp4",
    "peak_id": 10,
    "frame_idx": 3585,
    "timestamp": 143.4,
    "total_score": 0.677,
    "skeleton_3d": {
        "Pelvis": [
            0.0,
            0.0,
            0.0
        ],
        "R_Hip": [
            -0.03397140487682971,
            0.09883953248344649,
            -0.02511368599411055
        ],
        "R_Knee": [
            0.09735265448631172,
            0.024873126197475615,
            -0.6684078126352415
        ],
        "R_Ankle": [
            0.0768608896753895,
            -0.09344981264517212,
            -1.274000116127927
        ],
        "L_Hip": [
            0.02444840440290331,
            -0.12262262410080715,
            0.02334055005868759
        ],
        "L_Knee": [
            0.11248535101292968,
            0.39090784622286945,
            -0.196249004332267
        ],
        "L_Ankle": [
            0.07737217731043067,
            0.7637083540057258,
            0.09556277343164274
        ],
        "Spine": [
            0.04026739502505809,
            -0.04880483230786155,
            0.3250039481422935
        ],
        "Thorax": [
            0.0837983975701127,
            -0.11844754929457796,
            0.650795590686795
        ],
        "Neck": [
            0.21705335510056023,
            -0.12668767024719174,
            0.9201778926296238
        ],
        "Head": [
            0.21102516208292668,
            -0.13783029933200736,
            0.9829005674300109
        ],
        "L_Shoulder": [
            0.05882111816586622,
            -0.25360383276236653,
            0.6077617821760452
        ],
        "L_Elbow": [
            0.2865821597326739,
            -0.37721944742555685,
            0.41553260468155795
        ],
        "L_Wrist": [
            0.612959457207825,
            -0.3033610187718776,
            0.3088028581057486
        ],
        "R_Shoulder": [
            0.0903648550840467,
            0.10075503936566318,
            0.6209758024759692
        ],
        "R_Elbow": [
            0.15995500649617017,
            0.32282855501294094,
            0.32232273262546296
        ],
        "R_Wrist": [
            0.511101467247472,
            0.2834442841009655,
            0.24528070992210405
        ]
    }
}