{
    "video": "edition23_sequence_0.mp4",
    "peak_id": 0,
    "frame_idx": 1058,
    "timestamp": 42.32,
    "total_score": 0.437,
    "skeleton_3d": {
        "Pelvis": [
            0.0,
            0.0,
            0.0
        ],
        "R_Hip": [
            0.13623649856143397,
            -0.11519375452228296,
            -0.03267280642941091
        ],
        "R_Knee": [
            0.07952139636312998,
            -0.1446769704328854,
            -0.6629201258627987
        ],
        "R_Ankle": [
            0.10363660201005655,
            -0.12068599028968179,
            -1.1743573678497723
        ],
        "L_Hip": [
            -0.13635890893006294,
            0.09240040051409479,
            0.033627169330184545
        ],
        "L_Knee": [
            -0.3264265644997226,
            0.29457780598188577,
            -0.2863722945654398
        ],
        "L_Ankle": [
            -0.5703850540352788,
            0.6769458035501084,
            -0.3474592960194842
        ],
        "Spine": [
            0.02811637527026828,
            -0.022491299426543147,
            0.37731501278302065
        ],
        "Thorax": [
            0.05182232943388204,
            -0.08449774146044399,
            0.7650399541461202
        ],
        "Neck": [
            0.05834269285016451,
            -0.1637743932048845,
            0.9782918618493708
        ],
        "Head": [
            0.05727457953174259,
            -0.04228010861966214,
            1.0393006368361386
        ],
        "L_Shoulder": [
            -0.1593601368934346,
            -0.04653232899232632,
            0.7595032065819971
        ],
        "L_Elbow": [
            -0.33316432254752026,
            -0.35117524058390315,
            0.9558276562417427
        ],
        "L_Wrist": [
            -0.3974372022763422,
            -0.3572553342002263,
            1.2185527923824278
        ],
        "R_Shoulder": [
            0.2625811666513591,
            -0.05910812946402614,
            0.7847532112685891
        ],
        "R_Elbow": [
            0.6023905465408446,
            0.11249949680480122,
            0.7849555695551966
        ],
        "R_Wrist": [
            0.9203817918106729,
            0.037035410436887746,
            0.8197115421239618
        ]
    }
}