{
    "video": "edition23_sequence_6.mp4",
    "peak_id": 2,
    "frame_idx": 1107,
    "timestamp": 44.28,
    "total_score": 0.63,
    "skeleton_3d": {
        "Pelvis": [
            0.0,
            0.0,
            0.0
        ],
        "R_Hip": [
            0.09738549269664935,
            0.18596380941523513,
            0.04344275239193957
        ],
        "R_Knee": [
            0.7104583883329221,
            0.22153440658785448,
            -0.08000783123620465
        ],
        "R_Ankle": [
            1.3203543114343725,
            0.3774552752620736,
            -0.20561276173407697
        ],
        "L_Hip": [
            -0.09392332024013919,
            -0.1825378041218973,
            -0.03961522519356299
        ],
        "L_Knee": [
            0.06455442359947416,
            -0.1265382459836081,
            -0.7230161864922514
        ],
        "L_Ankle": [
            0.03734302229365977,
            -0.015841472561539602,
            -1.3576545027213653
        ],
        "Spine": [
            -0.08237618986837959,
            -0.043735800762756585,
            0.3450108348864163
        ],
        "Thorax": [
            -0.14398692088269896,
            -0.10683614365975654,
            0.6843225914710283
        ],
        "Neck": [
            -0.052146214224790176,
            -0.13278414383728254,
            0.956482821620971
        ],
        "Head": [
            -0.01782406035031825,
            -0.0708750739125285,
            1.0130565116345462
        ],
        "L_Shoulder": [
            -0.2409927037933938,
            -0.21982787559202566,
            0.6913518945398982
        ],
        "L_Elbow": [
            -0.5446558120211723,
            -0.037862197552983375,
            0.6735336366605411
        ],
        "L_Wrist": [
            -0.8988784757837539,
            -0.171882056293065,
            0.7500041166626038
        ],
        "R_Shoulder": [
            -0.07176983205735189,
            0.053453501672139525,
            0.6261901141967862
        ],
        "R_Elbow": [
            -0.49477858933174856,
            -0.0898023043750461,
            0.6278560261486812
        ],
        "R_Wrist": [
            -0.8726971677012654,
            0.004211712015571449,
            0.7577367749588478
        ]
    }
}