{
    "video": "edition23_sequence_0.mp4",
    "peak_id": 1,
    "frame_idx": 1101,
    "timestamp": 44.04,
    "total_score": 0.759,
    "skeleton_3d": {
        "Pelvis": [
            0.0,
            0.0,
            0.0
        ],
        "R_Hip": [
            0.09295265849202118,
            -0.14193883887408024,
            -0.03849661232984082
        ],
        "R_Knee": [
            0.010033781808952966,
            -0.06571341456107418,
            -0.5551354632428713
        ],
        "R_Ankle": [
            0.037088768059763466,
            -0.002402425770937992,
            -1.0048333952479291
        ],
        "L_Hip": [
            -0.08879779876015036,
            0.1288193572078612,
            0.03683383379790402
        ],
        "L_Knee": [
            -0.4802459725093901,
            -0.1160218025242046,
            0.2990613156858464
        ],
        "L_Ankle": [
            -0.606389498637572,
            -0.07400576417385811,
            0.6226218274777294
        ],
        "Spine": [
            0.06056250897819941,
            -0.002378480289611272,
            0.35170582549966667
        ],
        "Thorax": [
            0.1031433567770163,
            -0.06873012434943179,
            0.6987877991364475
        ],
        "Neck": [
            0.05152629642142404,
            -0.12333846138772704,
            0.9557124908057132
        ],
        "Head": [
            0.01627736457970205,
            -0.11618724081408481,
            1.0180597919783352
        ],
        "L_Shoulder": [
            -0.10973142979437758,
            -0.00707858434404591,
            0.7041805038777289
        ],
        "L_Elbow": [
            -0.2755853035147515,
            0.2763012959112105,
            0.5935598386588781
        ],
        "L_Wrist": [
            -0.5032296214211615,
            0.04887495055333575,
            0.5444702516516985
        ],
        "R_Shoulder": [
            0.32052171114771844,
            -0.037092664273674254,
            0.6697228558425926
        ],
        "R_Elbow": [
            0.5478056077243335,
            0.20451150493790232,
            0.6537612061540006
        ],
        "R_Wrist": [
            0.8067277214609258,
            0.22757395216007795,
            0.7874450941447154
        ]
    }
}