{
    "video": "edition23_sequence_11.mp4",
    "peak_id": 9,
    "frame_idx": 3082,
    "timestamp": 123.28,
    "total_score": 0.8,
    "skeleton_3d": {
        "Pelvis": [
            0.0,
            0.0,
            0.0
        ],
        "R_Hip": [
            0.10459319884775177,
            -0.14595702023687185,
            -0.04558590469298854
        ],
        "R_Knee": [
            0.10222408145619942,
            -0.13164126135761042,
            -0.7251106810111281
        ],
        "R_Ankle": [
            0.1513014054278882,
            -0.2553597297194995,
            -1.336137456115118
        ],
        "L_Hip": [
            -0.10303526502374262,
            0.1398872520773908,
            0.04903248286539726
        ],
        "L_Knee": [
            -0.5361925664762546,
            -0.062854083620118,
            0.3077846396709955
        ],
        "L_Ankle": [
            -1.0430907505090634,
            -0.10583491006722522,
            0.5744329558585913
        ],
        "Spine": [
            0.05101634459250634,
            -0.0332106910910825,
            0.32492737692906276
        ],
        "Thorax": [
            0.07163628941531368,
            0.0035339577485176354,
            0.6296513901309471
        ],
        "Neck": [
            0.11372983204681529,
            -0.03275954006569361,
            0.9062591458291916
        ],
        "Head": [
            0.11928310991449616,
            0.031572709116091724,
            0.9448316893720609
        ],
        "L_Shoulder": [
            -0.12216775271859046,
            0.02237276216051016,
            0.5771849388129129
        ],
        "L_Elbow": [
            -0.47120819886021637,
            -0.07391492912130673,
            0.5207491362672555
        ],
        "L_Wrist": [
            -0.8358960256433664,
            -0.2368025825857142,
            0.5947135099264294
        ],
        "R_Shoulder": [
            0.27111380685670994,
            0.006873072033196306,
            0.6604596460341057
        ],
        "R_Elbow": [
            0.4363513685133911,
            -0.20139721469783214,
            0.9607805100786452
        ],
        "R_Wrist": [
            0.5062752403065094,
            -0.1470371841527494,
            1.3208884159319476
        ]
    }
}