{
    "video": "edition23_sequence_1.mp4",
    "peak_id": 11,
    "frame_idx": 2820,
    "timestamp": 112.8,
    "total_score": 0.504,
    "skeleton_3d": {
        "Pelvis": [
            0.0,
            0.0,
            0.0
        ],
        "R_Hip": [
            0.12238225867142083,
            -0.1122633864721982,
            -0.018307549509676762
        ],
        "R_Knee": [
            0.05997017321931821,
            -0.20705395526995626,
            -0.6233190507003712
        ],
        "R_Ankle": [
            0.019882158501707638,
            -0.23945284198659036,
            -1.224639201475835
        ],
        "L_Hip": [
            -0.11618224680518269,
            0.10204032443574343,
            0.026496520106090746
        ],
        "L_Knee": [
            -0.443665376221744,
            -0.17383080169437973,
            0.11894132114117102
        ],
        "L_Ankle": [
            -0.5711881112359511,
            0.47827442593817115,
            0.1521969628023895
        ],
        "Spine": [
            0.026846418588164004,
            -0.020940792504112446,
            0.3268328611188823
        ],
        "Thorax": [
            0.06103277491416832,
            -0.10290489811739346,
            0.640221387189388
        ],
        "Neck": [
            0.09508808074165288,
            -0.12683769899910743,
            0.927021781284894
        ],
        "Head": [
            0.08843572194149588,
            -0.06054589355847861,
            0.9740582369775022
        ],
        "L_Shoulder": [
            -0.16248708733979705,
            -0.091438363601539,
            0.664514423216862
        ],
        "L_Elbow": [
            -0.4053406600177796,
            -0.09819357912092891,
            0.9451538924658681
        ],
        "L_Wrist": [
            -0.5835088411098315,
            -0.16814698644863504,
            1.2798479904522264
        ],
        "R_Shoulder": [
            0.26660762909835567,
            -0.028951676866197793,
            0.6073053173449411
        ],
        "R_Elbow": [
            0.6050584269442684,
            0.09384679457577197,
            0.5059643532771995
        ],
        "R_Wrist": [
            0.9448221060582123,
            0.06815421794472493,
            0.41150323793059845
        ]
    }
}