{
    "video": "edition23_sequence_3.mp4",
    "peak_id": 7,
    "frame_idx": 1415,
    "timestamp": 56.6,
    "total_score": 1.0,
    "skeleton_3d": {
        "Pelvis": [
            0.0,
            0.0,
            0.0
        ],
        "R_Hip": [
            0.10884437417199848,
            -0.15265381179748988,
            -0.06482830969637779
        ],
        "R_Knee": [
            0.10458364486284585,
            -0.08937669847512057,
            -0.7908717212086521
        ],
        "R_Ankle": [
            0.2530898186674601,
            -0.015727460534385444,
            -1.4078671367958662
        ],
        "L_Hip": [
            -0.10267855678140621,
            0.1409825735236396,
            0.06508188552531673
        ],
        "L_Knee": [
            -0.3796673763421958,
            -0.03005277901941352,
            0.5879732451778212
        ],
        "L_Ankle": [
            -0.7914603578101314,
            -0.09515667801332456,
            1.1379162772188405
        ],
        "Spine": [
            0.1225447098595446,
            -0.05797511032880413,
            0.3475138947883818
        ],
        "Thorax": [
            0.22021164058965975,
            -0.11814183492879823,
            0.6723952709865271
        ],
        "Neck": [
            0.32615704745382923,
            -0.10314429397341551,
            0.9378158334767447
        ],
        "Head": [
            0.3331336445635524,
            -0.038653548038718503,
            0.9834321800953094
        ],
        "L_Shoulder": [
            -0.010813256634322407,
            -0.14507625567821134,
            0.7442148559551892
        ],
        "L_Elbow": [
            -0.16663770633019445,
            -0.27888526987578366,
            1.0036049285792927
        ],
        "L_Wrist": [
            -0.07364395070651007,
            -0.30320529392887563,
            1.3948082836253168
        ],
        "R_Shoulder": [
            0.42790927173841037,
            -0.036132143240599206,
            0.6019405739241783
        ],
        "R_Elbow": [
            0.7618658598687718,
            0.09970320111419848,
            0.5310381627017308
        ],
        "R_Wrist": [
            1.1035310807141232,
            0.11139722678239537,
            0.5523293509305052
        ]
    }
}