{
    "video": "edition23_sequence_11.mp4",
    "peak_id": 0,
    "frame_idx": 703,
    "timestamp": 28.12,
    "total_score": 0.504,
    "skeleton_3d": {
        "Pelvis": [
            0.0,
            0.0,
            0.0
        ],
        "R_Hip": [
            0.16782632721740756,
            0.08866729774058302,
            -0.01963444888441367
        ],
        "R_Knee": [
            0.09592319616220832,
            -0.11750647619873758,
            -0.6305563826777459
        ],
        "R_Ankle": [
            0.09595693289728902,
            -0.10476222688173116,
            -1.185818893252314
        ],
        "L_Hip": [
            -0.16884987708474772,
            -0.08367009364984718,
            0.022360548673590056
        ],
        "L_Knee": [
            0.0802012034927406,
            0.04808333223290124,
            -0.6192145642289206
        ],
        "L_Ankle": [
            0.10401180667998162,
            0.5707572628922116,
            -0.12754552350433784
        ],
        "Spine": [
            0.050266148019666876,
            -0.010823233352238244,
            0.3463611660347324
        ],
        "Thorax": [
            0.09882195694578316,
            -0.11176426939468295,
            0.6744140647420834
        ],
        "Neck": [
            0.1870963090520993,
            -0.14974435647124135,
            0.9320609896410069
        ],
        "Head": [
            0.1962217373811637,
            -0.05886295449685284,
            0.9994804319992245
        ],
        "L_Shoulder": [
            -0.1263632976070777,
            -0.11933869039683853,
            0.6715469631725733
        ],
        "L_Elbow": [
            -0.41235102879880936,
            0.02093500461805992,
            0.5148628040215282
        ],
        "L_Wrist": [
            -0.7239862410735027,
            -0.10988138574596489,
            0.3840841430325305
        ],
        "R_Shoulder": [
            0.32507494698995004,
            0.022750885149825935,
            0.6492557387400792
        ],
        "R_Elbow": [
            0.5930705004677411,
            0.2154825143882276,
            0.4465736218917117
        ],
        "R_Wrist": [
            0.8975754645077955,
            0.21392445942365437,
            0.3450997001766015
        ]
    }
}