{
    "video": "edition23_sequence_6.mp4",
    "peak_id": 4,
    "frame_idx": 1852,
    "timestamp": 74.08,
    "total_score": 0.438,
    "skeleton_3d": {
        "Pelvis": [
            0.0,
            0.0,
            0.0
        ],
        "R_Hip": [
            0.17560777564424188,
            -0.03053585308166454,
            -0.006746682574893241
        ],
        "R_Knee": [
            0.19062302655707106,
            -0.22140720055395044,
            -0.7081586515671109
        ],
        "R_Ankle": [
            0.2511425142243355,
            -0.28685806760428595,
            -1.3758267979594139
        ],
        "L_Hip": [
            -0.17755462235120198,
            0.027644075620261006,
            0.008571389397565068
        ],
        "L_Knee": [
            -0.45694563023329493,
            0.20643175074344783,
            -0.40710483063716435
        ],
        "L_Ankle": [
            -0.738662581267157,
            0.6637419628301405,
            -0.5754513398557389
        ],
        "Spine": [
            -0.06678180947313007,
            -0.04418721868088741,
            0.343726558704038
        ],
        "Thorax": [
            -0.14804083729686704,
            -0.1733590603138728,
            0.6556167428506345
        ],
        "Neck": [
            -0.3458571987722978,
            -0.2557763981418535,
            0.8516209267347965
        ],
        "Head": [
            -0.3571400533572784,
            -0.18879485876897953,
            0.9219486025971669
        ],
        "L_Shoulder": [
            -0.3183041042866018,
            -0.2043214337860828,
            0.4977301833228308
        ],
        "L_Elbow": [
            -0.16897444639414116,
            -0.4390777657681429,
            0.2392835296283266
        ],
        "L_Wrist": [
            0.18673920628481327,
            -0.26055134993671086,
            0.21393531157768345
        ],
        "R_Shoulder": [
            0.02993709600311038,
            -0.08206075107299432,
            0.7920948971181219
        ],
        "R_Elbow": [
            0.39614921167407585,
            0.1641388203876818,
            0.8741029288341418
        ],
        "R_Wrist": [
            0.763845960778741,
            0.14627989004256667,
            0.9521861721058427
        ]
    }
}