{
    "video": "edition28_sequence_11.mp4",
    "peak_id": 2,
    "frame_idx": 866,
    "timestamp": 34.64,
    "total_score": 0.824,
    "skeleton_3d": {
        "Pelvis": [
            0.0,
            0.0,
            0.0
        ],
        "R_Hip": [
            0.05874026719310078,
            -0.16038336071175885,
            -0.049659935981990165
        ],
        "R_Knee": [
            0.012617334647322096,
            -0.1511748352831517,
            -0.6886557184336647
        ],
        "R_Ankle": [
            0.08081733126438423,
            -0.06132649554999277,
            -1.2672600539951933
        ],
        "L_Hip": [
            -0.05762463878519774,
            0.15598483502638183,
            0.05135623410515353
        ],
        "L_Knee": [
            -0.47219161995376197,
            -0.04125388601949446,
            0.0654732550530732
        ],
        "L_Ankle": [
            -0.8280931008938945,
            0.1337534213994693,
            0.08297947885262748
        ],
        "Spine": [
            0.020279756315307998,
            -0.04246776068916433,
            0.33497606266820873
        ],
        "Thorax": [
            0.015217329176844981,
            -0.08215447848167542,
            0.672267019350812
        ],
        "Neck": [
            -0.1409520216859218,
            -0.17256352678484682,
            0.9050063877056965
        ],
        "Head": [
            -0.1384530110580472,
            -0.16355654654466423,
            0.9798331360047394
        ],
        "L_Shoulder": [
            -0.10669464183296098,
            0.06451048535276356,
            0.6084087207540172
        ],
        "L_Elbow": [
            -0.10045955978976494,
            0.3625800060628677,
            0.3629570970480314
        ],
        "L_Wrist": [
            -0.05975941465301986,
            0.5287708374216081,
            0.15937297744217516
        ],
        "R_Shoulder": [
            0.14946803260730165,
            -0.199662390826156,
            0.6657600852229137
        ],
        "R_Elbow": [
            0.33666482545904103,
            0.029605715656551453,
            0.39198808766789167
        ],
        "R_Wrist": [
            0.09726311922264579,
            -0.13446216681292622,
            0.10864222582336339
        ]
    }
}