{
    "video": "edition28_sequence_10.mp4",
    "peak_id": 7,
    "frame_idx": 1693,
    "timestamp": 67.72,
    "total_score": 0.783,
    "skeleton_3d": {
        "Pelvis": [
            0.0,
            0.0,
            0.0
        ],
        "R_Hip": [
            0.046087884844404466,
            -0.1667682911761737,
            -0.029146568578798514
        ],
        "R_Knee": [
            0.03683125381828809,
            -0.094613728813273,
            -0.7025209943265189
        ],
        "R_Ankle": [
            -0.05056224430808152,
            -0.04838687671809859,
            -1.314504836148797
        ],
        "L_Hip": [
            -0.04869984465268115,
            0.15692099166006537,
            0.030719622360293387
        ],
        "L_Knee": [
            -0.5621604903733723,
            0.030730127191403285,
            -0.005997962881837083
        ],
        "L_Ankle": [
            -1.1010382459349621,
            0.05217170920538756,
            0.08651619038923199
        ],
        "Spine": [
            0.03680527605004694,
            -0.05239841925210298,
            0.3389377226612596
        ],
        "Thorax": [
            0.05375766576582998,
            -0.12177078050726149,
            0.671728172821393
        ],
        "Neck": [
            -0.02612810137476025,
            -0.16546168904031328,
            0.9638060696388872
        ],
        "Head": [
            0.007617395671391007,
            -0.12076216075662423,
            1.0230952974321323
        ],
        "L_Shoulder": [
            -0.09063810675805609,
            0.006880836587329558,
            0.6233108896048327
        ],
        "L_Elbow": [
            -0.37781151140618274,
            0.07091260084259868,
            0.4945065966660747
        ],
        "L_Wrist": [
            -0.5006650985814651,
            -0.20722902750334207,
            0.21407630581795184
        ],
        "R_Shoulder": [
            0.208625763884482,
            -0.12935543103119881,
            0.6471808811922041
        ],
        "R_Elbow": [
            0.4328840941432614,
            -0.21272946494764508,
            0.7844835532556037
        ],
        "R_Wrist": [
            0.646192484784848,
            -0.07126084265485802,
            1.010718819296175
        ]
    }
}