{
    "video": "edition28_sequence_17.mp4",
    "peak_id": 6,
    "frame_idx": 2439,
    "timestamp": 97.56,
    "total_score": 0.881,
    "skeleton_3d": {
        "Pelvis": [
            0.0,
            0.0,
            0.0
        ],
        "R_Hip": [
            -0.16822002240245398,
            -0.13636227810664006,
            -0.028628791474572104
        ],
        "R_Knee": [
            -0.7184654557948884,
            0.11956558117001,
            -0.19109748934856122
        ],
        "R_Ankle": [
            -1.21136269127432,
            0.2628914422333309,
            -0.08122687629565974
        ],
        "L_Hip": [
            0.16626132060627907,
            0.13364600973212581,
            0.024057201009169145
        ],
        "L_Knee": [
            0.5795389591895502,
            0.09440200661029303,
            -0.48150221695818674
        ],
        "L_Ankle": [
            0.9691267077108381,
            -0.22809073902546018,
            -0.9475746300826635
        ],
        "Spine": [
            -0.0782138215578359,
            -0.03691198163982479,
            0.3626441969207312
        ],
        "Thorax": [
            -0.14565444635533806,
            -0.03535001278481273,
            0.6950283615141928
        ],
        "Neck": [
            -0.319618124641215,
            -0.038701406671860436,
            0.9069193451433586
        ],
        "Head": [
            -0.3050840822496118,
            -0.1365110326701299,
            0.9730947047600943
        ],
        "L_Shoulder": [
            0.08917567801141063,
            0.023223128671327645,
            0.7200037418894732
        ],
        "L_Elbow": [
            0.5174764923625761,
            0.044586479229987014,
            0.7270800637284565
        ],
        "L_Wrist": [
            0.8757637718781527,
            0.15386014155487907,
            0.7897906658140256
        ],
        "R_Shoulder": [
            -0.3816099566322274,
            -0.14262027221806955,
            0.6542488102245593
        ],
        "R_Elbow": [
            -0.8144323008769684,
            -0.20718397910259037,
            0.6654733545215166
        ],
        "R_Wrist": [
            -1.1351896725654884,
            -0.0876841878019061,
            0.7432160689190026
        ]
    }
}