{
    "video": "edition28_sequence_14.mp4",
    "peak_id": 17,
    "frame_idx": 2950,
    "timestamp": 118.0,
    "total_score": 0.7,
    "skeleton_3d": {
        "Pelvis": [
            0.0,
            0.0,
            0.0
        ],
        "R_Hip": [
            0.07437028510018162,
            0.03070395006737496,
            0.014749817934868436
        ],
        "R_Knee": [
            -0.051481245979224446,
            -0.05215097240778117,
            -0.6098451028488634
        ],
        "R_Ankle": [
            -0.17552897922937197,
            -0.19066419912340102,
            -1.224420530774891
        ],
        "L_Hip": [
            -0.07748318013396123,
            -0.03056116789825404,
            -0.012135498115969175
        ],
        "L_Knee": [
            -0.06352445488034417,
            0.3424552130091495,
            0.3251222410495495
        ],
        "L_Ankle": [
            0.49249106573899704,
            0.5366696779463712,
            0.3470142671125783
        ],
        "Spine": [
            -0.06333447315857325,
            -0.05891311494411412,
            0.309789797472537
        ],
        "Thorax": [
            -0.12861816103682314,
            -0.17149379789210203,
            0.6126188585297888
        ],
        "Neck": [
            -0.20056231163899196,
            -0.21352142081457556,
            0.8652553235434467
        ],
        "Head": [
            -0.22209354995733166,
            -0.15329009985674982,
            0.901200924826791
        ],
        "L_Shoulder": [
            -0.29001459385405776,
            -0.17891166549715712,
            0.5092290133679956
        ],
        "L_Elbow": [
            -0.49617759032107983,
            -0.04003976444965337,
            0.44045777167856537
        ],
        "L_Wrist": [
            -0.7743941276370692,
            0.09422596043357442,
            0.38786456411893644
        ],
        "R_Shoulder": [
            0.04164326005794213,
            -0.08734433610429815,
            0.697047727579862
        ],
        "R_Elbow": [
            0.008708016302599984,
            -0.0733876115481367,
            1.0471614413760693
        ],
        "R_Wrist": [
            -0.09339736171973967,
            -0.12825296330408045,
            1.3550747537082668
        ]
    }
}