{
    "video": "edition28_sequence_11.mp4",
    "peak_id": 17,
    "frame_idx": 3382,
    "timestamp": 135.28,
    "total_score": 0.922,
    "skeleton_3d": {
        "Pelvis": [
            0.0,
            0.0,
            0.0
        ],
        "R_Hip": [
            0.059360400045731065,
            -0.17553363253221263,
            -0.07242484699562798
        ],
        "R_Knee": [
            -0.0511410906568018,
            -0.18487334950682396,
            -0.7373916832373949
        ],
        "R_Ankle": [
            0.06566409022165212,
            -0.2765122190708046,
            -1.3187383592686237
        ],
        "L_Hip": [
            -0.0604981305274395,
            0.1661831065502149,
            0.07528694022469636
        ],
        "L_Knee": [
            -0.6423704039126388,
            -0.04140536448334941,
            0.2252856195708955
        ],
        "L_Ankle": [
            -1.199707351159353,
            -0.12992669743843172,
            0.36189276330817255
        ],
        "Spine": [
            0.13534658260401677,
            0.029565890272247482,
            0.3224836920614072
        ],
        "Thorax": [
            0.2517685871689594,
            0.2500575407888824,
            0.6318395822974459
        ],
        "Neck": [
            0.21812377516360953,
            0.21407096707785978,
            0.8526995354986694
        ],
        "Head": [
            0.21894170669481106,
            0.27893331679185734,
            0.8990581538523056
        ],
        "L_Shoulder": [
            0.10102385394192527,
            0.3259397859710098,
            0.5618773300165539
        ],
        "L_Elbow": [
            -0.22246493338537957,
            0.33594640820718197,
            0.6213408428955774
        ],
        "L_Wrist": [
            -0.5293932794743236,
            0.08193283068161974,
            0.6693276785504972
        ],
        "R_Shoulder": [
            0.3928070341507729,
            0.08330561209891764,
            0.6681484923022489
        ],
        "R_Elbow": [
            0.47367840831369434,
            -0.19669020313398664,
            1.033044270711102
        ],
        "R_Wrist": [
            0.5111615872929278,
            -0.038143045643057934,
            1.3158956952678116
        ]
    }
}