{
    "video": "edition28_sequence_16.mp4",
    "peak_id": 5,
    "frame_idx": 2139,
    "timestamp": 85.56,
    "total_score": 0.9,
    "skeleton_3d": {
        "Pelvis": [
            0.0,
            0.0,
            0.0
        ],
        "R_Hip": [
            0.07072488378725847,
            -0.17392338597018892,
            -0.04506006610779435
        ],
        "R_Knee": [
            0.07605720848935728,
            -0.21116681710703145,
            -0.7278624972001154
        ],
        "R_Ankle": [
            0.17167946416254593,
            -0.36468351959431866,
            -1.3767328612636098
        ],
        "L_Hip": [
            -0.072431662905485,
            0.16550392099175565,
            0.04767222035840103
        ],
        "L_Knee": [
            -0.6498383089383314,
            -0.03695664535664331,
            0.20475700371716224
        ],
        "L_Ankle": [
            -1.1676537754262502,
            -0.1486027642257492,
            0.42152502862856156
        ],
        "Spine": [
            0.055102821529666314,
            0.0681731559458779,
            0.32111253230002956
        ],
        "Thorax": [
            0.09057981094508019,
            0.33072008975487355,
            0.6234193497192414
        ],
        "Neck": [
            0.07075476574946316,
            0.30122324166506637,
            0.7987852223354709
        ],
        "Head": [
            0.02987726440794466,
            0.38165239010253543,
            0.8304056694023222
        ],
        "L_Shoulder": [
            -0.026180723833534425,
            0.39724659682206825,
            0.49394019955907914
        ],
        "L_Elbow": [
            -0.2708969002331829,
            0.30384153753962123,
            0.46816159036991534
        ],
        "L_Wrist": [
            -0.5881542697118566,
            0.05974378876791904,
            0.4688626707726895
        ],
        "R_Shoulder": [
            0.2056820819273863,
            0.1492053915908161,
            0.7258721122288101
        ],
        "R_Elbow": [
            0.2090228603612657,
            -0.10165470991750113,
            1.0543092013657918
        ],
        "R_Wrist": [
            0.15724421617536505,
            -0.09609124036587063,
            1.3945993129651864
        ]
    }
}