{
    "video": "edition28_sequence_14.mp4",
    "peak_id": 7,
    "frame_idx": 1483,
    "timestamp": 59.32,
    "total_score": 0.69,
    "skeleton_3d": {
        "Pelvis": [
            0.0,
            0.0,
            0.0
        ],
        "R_Hip": [
            0.13372236279104896,
            -0.1252777059178589,
            -0.039559903343333674
        ],
        "R_Knee": [
            0.3380942903420477,
            -0.15618839327345485,
            -0.6447665440675994
        ],
        "R_Ankle": [
            0.6323827958546533,
            -0.2413800948445055,
            -1.1746293389495603
        ],
        "L_Hip": [
            -0.13036133110069378,
            0.12233379915898315,
            0.040127748381511015
        ],
        "L_Knee": [
            -0.6543599322369364,
            0.04166690346982308,
            -0.25818431918100326
        ],
        "L_Ankle": [
            -1.1818180960283282,
            0.11595181439635571,
            -0.4782638197319514
        ],
        "Spine": [
            -0.0018943846467729365,
            -0.023201938933184035,
            0.3454682448732344
        ],
        "Thorax": [
            -0.02066212953378353,
            -0.12012172926075272,
            0.6589392807459772
        ],
        "Neck": [
            -0.1462353221965609,
            -0.21753033635097796,
            0.9267195114207053
        ],
        "Head": [
            -0.14637425061429307,
            -0.1443665457287343,
            0.9810016538533142
        ],
        "L_Shoulder": [
            -0.25084506036014786,
            -0.05427601002646463,
            0.5964904959834169
        ],
        "L_Elbow": [
            -0.5932731118126535,
            -0.046117253085224755,
            0.4633455377479372
        ],
        "L_Wrist": [
            -0.9353683028105894,
            -0.15387935735680552,
            0.4434225329936736
        ],
        "R_Shoulder": [
            0.2222927471918017,
            -0.1223553323358496,
            0.6788285117738204
        ],
        "R_Elbow": [
            0.5890906045890524,
            -0.08942269180386128,
            0.6662109193257884
        ],
        "R_Wrist": [
            0.9288852031019439,
            -0.1155943030035364,
            0.7261035764835778
        ]
    }
}