{
    "video": "edition28_sequence_14.mp4",
    "peak_id": 19,
    "frame_idx": 3501,
    "timestamp": 140.04,
    "total_score": 0.614,
    "skeleton_3d": {
        "Pelvis": [
            0.0,
            0.0,
            0.0
        ],
        "R_Hip": [
            0.008902543185488693,
            -0.14912681383708265,
            0.010519383062876354
        ],
        "R_Knee": [
            -0.08639521962945669,
            0.42472908251440294,
            -0.04014587076261824
        ],
        "R_Ankle": [
            0.024374189165780095,
            0.8839226014838335,
            0.01221441628113179
        ],
        "L_Hip": [
            -0.010006650303621,
            0.1141345837830636,
            -0.013322590447665579
        ],
        "L_Knee": [
            -0.037000331112299195,
            -0.026437468586282768,
            -0.6704895029724435
        ],
        "L_Ankle": [
            -0.014191705276019515,
            -0.12185628253251171,
            -1.285270638277247
        ],
        "Spine": [
            -0.038074205304261186,
            -0.06275496910205895,
            0.3206717219770131
        ],
        "Thorax": [
            -0.08136745128771596,
            -0.1483081035788211,
            0.6498849916044098
        ],
        "Neck": [
            -0.15988961776309396,
            -0.18603342942217727,
            0.9119361429406186
        ],
        "Head": [
            -0.15897420140462787,
            -0.20449534247401333,
            0.9738582014706089
        ],
        "L_Shoulder": [
            -0.06567515566178769,
            0.05111847941718939,
            0.6341138220695788
        ],
        "L_Elbow": [
            -0.18756475985232088,
            0.27212256357789144,
            0.360076401798126
        ],
        "L_Wrist": [
            -0.4635000749678473,
            0.0588949508056084,
            0.2211840878620369
        ],
        "R_Shoulder": [
            -0.07890299009842595,
            -0.28317472670940036,
            0.5959982428095358
        ],
        "R_Elbow": [
            -0.2622670484574667,
            -0.28515504881279025,
            0.42012689823185845
        ],
        "R_Wrist": [
            -0.5207630694329829,
            -0.04964575963709869,
            0.2783328516000666
        ]
    }
}