{
    "video": "edition28_sequence_7.mp4",
    "peak_id": 3,
    "frame_idx": 1100,
    "timestamp": 44.0,
    "total_score": 1.0,
    "skeleton_3d": {
        "Pelvis": [
            0.0,
            0.0,
            0.0
        ],
        "R_Hip": [
            0.10300259509571384,
            0.14865851215196577,
            0.0643636814291014
        ],
        "R_Knee": [
            0.18067426994605162,
            0.03882830448284763,
            0.6245207871053141
        ],
        "R_Ankle": [
            0.3190368106272288,
            0.014134323567935151,
            1.2837939574786832
        ],
        "L_Hip": [
            -0.10795663223754419,
            -0.15515624325559554,
            -0.06048798443231028
        ],
        "L_Knee": [
            -0.0525168010386569,
            -0.13044345556983686,
            -0.6836854298449487
        ],
        "L_Ankle": [
            -0.06398112053299193,
            -0.19914488369805072,
            -1.2413969645173166
        ],
        "Spine": [
            -0.049551614179380706,
            -0.07383061257525275,
            0.3343202405035962
        ],
        "Thorax": [
            -0.08578826851925024,
            -0.1572661103844655,
            0.682494252729826
        ],
        "Neck": [
            -0.1486095644743499,
            -0.21911074081339676,
            0.9218974024289476
        ],
        "Head": [
            -0.15018929667549313,
            -0.17138263230486273,
            0.9754104890007503
        ],
        "L_Shoulder": [
            -0.22500188913796965,
            -0.15676094637471008,
            0.6546889308891302
        ],
        "L_Elbow": [
            -0.2594274282361381,
            0.2618767711936343,
            0.6160164058990891
        ],
        "L_Wrist": [
            -0.42451692137302116,
            0.38169863920072894,
            0.6275563618361201
        ],
        "R_Shoulder": [
            0.05879210383665709,
            -0.023019577063111654,
            0.694633393738365
        ],
        "R_Elbow": [
            0.1264943809165481,
            0.41586014154329926,
            0.6492334578312696
        ],
        "R_Wrist": [
            0.21148237391274688,
            0.5415474559582258,
            0.6210938648731874
        ]
    }
}