{
    "video": "edition28_sequence_8.mp4",
    "peak_id": 13,
    "frame_idx": 3054,
    "timestamp": 122.16,
    "total_score": 0.802,
    "skeleton_3d": {
        "Pelvis": [
            0.0,
            0.0,
            0.0
        ],
        "R_Hip": [
            0.11444914276002509,
            0.030753562865594476,
            -0.022372761019181054
        ],
        "R_Knee": [
            0.019343536437914314,
            -0.036367409737330124,
            -0.6734111886769343
        ],
        "R_Ankle": [
            -0.06843070982853301,
            -0.08431628089905081,
            -1.2476673976696915
        ],
        "L_Hip": [
            -0.121334833141983,
            -0.03742501749397281,
            0.02670634860178077
        ],
        "L_Knee": [
            -0.04333431206137246,
            0.2693331897964405,
            0.2075121107400873
        ],
        "L_Ankle": [
            -0.06804693214184987,
            0.8123722705534876,
            0.3841876655380996
        ],
        "Spine": [
            0.010521292273201869,
            -0.05832997777610594,
            0.3377854094993751
        ],
        "Thorax": [
            0.03862095028907476,
            -0.16238397897202314,
            0.6693999572211127
        ],
        "Neck": [
            0.09293028157836161,
            -0.19145140452025655,
            0.9814759861977569
        ],
        "Head": [
            0.10764742199635696,
            -0.10108142739472026,
            1.0346075431786728
        ],
        "L_Shoulder": [
            -0.17902717129291815,
            -0.18340383053352013,
            0.6813457174052019
        ],
        "L_Elbow": [
            -0.4989738028190656,
            -0.13339981577924095,
            0.6992737013371844
        ],
        "L_Wrist": [
            -0.8178460956048165,
            -0.25956725261264,
            0.7487020560500888
        ],
        "R_Shoulder": [
            0.2400472135424474,
            0.0041411638311824326,
            0.5921520092212611
        ],
        "R_Elbow": [
            0.4382567545650281,
            0.24880310152900978,
            0.34921259678386474
        ],
        "R_Wrist": [
            0.7235238104531541,
            0.09712649795403662,
            0.364804666753687
        ]
    }
}