{
    "video": "edition28_sequence_14.mp4",
    "peak_id": 10,
    "frame_idx": 1628,
    "timestamp": 65.12,
    "total_score": 0.465,
    "skeleton_3d": {
        "Pelvis": [
            0.0,
            0.0,
            0.0
        ],
        "R_Hip": [
            0.10586372639348865,
            0.17234100179899942,
            0.035562527041031834
        ],
        "R_Knee": [
            0.5785965634495004,
            0.2958128480702503,
            -0.28992387962602545
        ],
        "R_Ankle": [
            1.0187907315392515,
            0.5199933262802496,
            -0.5765932964077594
        ],
        "L_Hip": [
            -0.10889800742125867,
            -0.17259750454114683,
            -0.03425016689782576
        ],
        "L_Knee": [
            -0.16285297542205068,
            -0.13047083468523432,
            -0.6726641311802382
        ],
        "L_Ankle": [
            -0.2824972190570619,
            -0.09746520516233768,
            -1.209776507858959
        ],
        "Spine": [
            -0.019908126858586988,
            -0.03437235149713938,
            0.3227682967217774
        ],
        "Thorax": [
            -0.0234257799956044,
            -0.10056534699076138,
            0.622499169611105
        ],
        "Neck": [
            0.02013273843013301,
            -0.15274412117761071,
            0.8787034964830184
        ],
        "Head": [
            0.031224530789895788,
            -0.059240392286056875,
            0.9328557648529255
        ],
        "L_Shoulder": [
            -0.2402706973114225,
            -0.2023349497086866,
            0.6240183211418038
        ],
        "L_Elbow": [
            -0.5564011180225772,
            -0.19552343956340437,
            0.6094950520073014
        ],
        "L_Wrist": [
            -0.8324450086485803,
            -0.2238326458749886,
            0.6512523937204308
        ],
        "R_Shoulder": [
            0.1830546325633127,
            0.06625354365382079,
            0.5832578551780585
        ],
        "R_Elbow": [
            0.4988087356220264,
            0.27000235467447364,
            0.54528436422317
        ],
        "R_Wrist": [
            0.8114459220291373,
            0.27476591396539485,
            0.53718143793906
        ]
    }
}