{
    "video": "edition28_sequence_10.mp4",
    "peak_id": 3,
    "frame_idx": 1129,
    "timestamp": 45.16,
    "total_score": 0.481,
    "skeleton_3d": {
        "Pelvis": [
            0.0,
            0.0,
            0.0
        ],
        "R_Hip": [
            0.08575586585146457,
            -0.1445365564576379,
            -0.03832283134382123
        ],
        "R_Knee": [
            0.0431792778684496,
            -0.11705127494456301,
            -0.6758778027857514
        ],
        "R_Ankle": [
            0.15334299850996047,
            -0.09560017491009719,
            -1.2093161099256464
        ],
        "L_Hip": [
            -0.08612296842492953,
            0.14687286450329293,
            0.03998609836114182
        ],
        "L_Knee": [
            -0.5477201412384651,
            0.020212827490893443,
            -0.27887374180591595
        ],
        "L_Ankle": [
            -1.0665115649845456,
            0.1100268054443931,
            -0.4647131124605297
        ],
        "Spine": [
            0.03898320842204279,
            -0.03116940542585994,
            0.3310684463690232
        ],
        "Thorax": [
            0.05781540791545012,
            -0.06925974178155733,
            0.6600463453466021
        ],
        "Neck": [
            0.09279789057025774,
            -0.11245717968623294,
            0.9233812745874928
        ],
        "Head": [
            0.07399069330605926,
            -0.02918214537282079,
            0.9828261479703418
        ],
        "L_Shoulder": [
            0.0040060124934089055,
            0.09118073236566743,
            0.6167345069677745
        ],
        "L_Elbow": [
            0.22041017412781974,
            0.21631530462368143,
            0.7238608925392469
        ],
        "L_Wrist": [
            0.4295600960547779,
            0.31731540274971853,
            0.860655324640699
        ],
        "R_Shoulder": [
            0.11286149560122474,
            -0.18648489403283763,
            0.6473087253481026
        ],
        "R_Elbow": [
            0.14009152547616896,
            -0.07018138455602099,
            0.38749327626201485
        ],
        "R_Wrist": [
            -0.017831511710708032,
            0.0357049729500167,
            0.23024079880048667
        ]
    }
}