{
    "video": "edition28_sequence_13.mp4",
    "peak_id": 8,
    "frame_idx": 3328,
    "timestamp": 133.12,
    "total_score": 0.452,
    "skeleton_3d": {
        "Pelvis": [
            0.0,
            0.0,
            0.0
        ],
        "R_Hip": [
            0.08609979909652854,
            -0.15172300420830157,
            -0.02011082098004151
        ],
        "R_Knee": [
            -0.042591793737249,
            -0.1756012569824864,
            -0.6968385839790637
        ],
        "R_Ankle": [
            -0.05551638512039927,
            -0.2213728031990501,
            -1.2942140496457644
        ],
        "L_Hip": [
            -0.08198559911516674,
            0.14648798738807198,
            0.025136234489820372
        ],
        "L_Knee": [
            -0.08714816996311062,
            0.09161136201949777,
            0.5610243835861791
        ],
        "L_Ankle": [
            -0.5170804811395423,
            0.17940805536011317,
            0.6938230825761446
        ],
        "Spine": [
            0.05781914932771491,
            -0.004601348259414587,
            0.34504811930956386
        ],
        "Thorax": [
            0.08173487272679528,
            0.0652747784319528,
            0.692611116491605
        ],
        "Neck": [
            -0.02647390865962084,
            -0.03444238702328666,
            0.9401795540228591
        ],
        "Head": [
            -0.013708648472255966,
            0.03195207745712363,
            0.9858675875983218
        ],
        "L_Shoulder": [
            -0.07780643145543262,
            0.16078865646800675,
            0.6211593954434621
        ],
        "L_Elbow": [
            -0.2735363909836485,
            0.34482648438914776,
            0.6048159459487421
        ],
        "L_Wrist": [
            -0.5420856042505914,
            0.1243346724601491,
            0.6647626736641097
        ],
        "R_Shoulder": [
            0.2557654316749828,
            -0.02138008421467033,
            0.7404386658321516
        ],
        "R_Elbow": [
            0.30760409060448674,
            -0.2111447888608032,
            1.0637373734711415
        ],
        "R_Wrist": [
            0.31929628252038356,
            -0.12444271571455062,
            1.399525796886595
        ]
    }
}