{
    "video": "edition28_sequence_17.mp4",
    "peak_id": 2,
    "frame_idx": 1302,
    "timestamp": 52.08,
    "total_score": 0.915,
    "skeleton_3d": {
        "Pelvis": [
            0.0,
            0.0,
            0.0
        ],
        "R_Hip": [
            0.07755521425047662,
            0.15896549991823872,
            0.05185099714769651
        ],
        "R_Knee": [
            0.4825848456919027,
            0.11825254260111313,
            0.3562849125036547
        ],
        "R_Ankle": [
            0.812150087174019,
            0.16267764264988582,
            0.7346226151513768
        ],
        "L_Hip": [
            -0.07776560418398316,
            -0.16197185022059535,
            -0.04748180096749406
        ],
        "L_Knee": [
            0.019281001060396555,
            -0.10795006436067257,
            -0.65445398426123
        ],
        "L_Ankle": [
            0.12614645088864776,
            -0.05781452337011345,
            -1.197718938950709
        ],
        "Spine": [
            -0.06811243314342644,
            -0.057360334556439144,
            0.2824574439571912
        ],
        "Thorax": [
            -0.11640000643602558,
            -0.014975110317638249,
            0.547104546606483
        ],
        "Neck": [
            -0.16718520554712984,
            -0.09581640412723719,
            0.7740434306053763
        ],
        "Head": [
            -0.18667297361013163,
            -0.02043546180147672,
            0.8095064848589468
        ],
        "L_Shoulder": [
            -0.31924905784029306,
            -0.12005559895295842,
            0.543212706502131
        ],
        "L_Elbow": [
            -0.46766791022166987,
            -0.4134952479729835,
            0.7858239671755898
        ],
        "L_Wrist": [
            -0.5206756458454795,
            -0.4652492610475479,
            1.120962660570973
        ],
        "R_Shoulder": [
            0.07063177055321637,
            0.05036416580139136,
            0.5433466282241295
        ],
        "R_Elbow": [
            0.33067092750054217,
            0.2619002516774305,
            0.375710944524392
        ],
        "R_Wrist": [
            0.5670556599130065,
            0.07630773029076543,
            0.3037790714078628
        ]
    }
}