{
    "video": "edition28_sequence_17.mp4",
    "peak_id": 4,
    "frame_idx": 2188,
    "timestamp": 87.52,
    "total_score": 1.0,
    "skeleton_3d": {
        "Pelvis": [
            0.0,
            0.0,
            0.0
        ],
        "R_Hip": [
            0.00392244487939725,
            -0.16524267718659075,
            0.007856038056593774
        ],
        "R_Knee": [
            -0.3131522516483627,
            0.3090898831654369,
            0.17471447045521735
        ],
        "R_Ankle": [
            -0.5722793820095862,
            0.7378973543535297,
            0.33831181560392054
        ],
        "L_Hip": [
            -0.014491617102051118,
            0.13105839163645258,
            -0.009621757463687522
        ],
        "L_Knee": [
            0.08900732577216068,
            0.04219917794598039,
            -0.6629968067995647
        ],
        "L_Ankle": [
            0.2722704961911988,
            -0.18034998129558483,
            -1.241717326225436
        ],
        "Spine": [
            0.07366418351924292,
            0.01268064290749311,
            0.34674423134200627
        ],
        "Thorax": [
            0.1437019005612681,
            0.0808087892119317,
            0.7072124518092104
        ],
        "Neck": [
            0.17294843761355289,
            0.08195563205914982,
            0.8733341420023438
        ],
        "Head": [
            0.16855540990554926,
            0.131029270715428,
            0.9021692106984103
        ],
        "L_Shoulder": [
            0.021749447471653992,
            0.18632764871096488,
            0.6951163848561995
        ],
        "L_Elbow": [
            -0.07480212197524756,
            0.3173294511603776,
            0.911215502290266
        ],
        "L_Wrist": [
            -0.08680731427329022,
            0.25238788817413704,
            1.1290144608834727
        ],
        "R_Shoulder": [
            0.26392726683550727,
            -0.024865047654415585,
            0.6864270667463355
        ],
        "R_Elbow": [
            0.42660718899572936,
            -0.10975929443568967,
            0.9834486076712438
        ],
        "R_Wrist": [
            0.5194722674642431,
            -0.0035659201787225673,
            1.2758771353850067
        ]
    }
}