{
    "video": "edition28_sequence_8.mp4",
    "peak_id": 3,
    "frame_idx": 1508,
    "timestamp": 60.32,
    "total_score": 0.822,
    "skeleton_3d": {
        "Pelvis": [
            0.0,
            0.0,
            0.0
        ],
        "R_Hip": [
            0.08142321888311262,
            -0.16309985253528447,
            -0.05908501197549249
        ],
        "R_Knee": [
            0.016992716321868315,
            -0.15193810374251354,
            -0.7424987942374177
        ],
        "R_Ankle": [
            0.05712502399372221,
            -0.15665492220745045,
            -1.3236999489309338
        ],
        "L_Hip": [
            -0.08227268223313429,
            0.15534388091431506,
            0.06125755549832674
        ],
        "L_Knee": [
            -0.637859011785438,
            -0.05756374995432143,
            0.2591995018181583
        ],
        "L_Ankle": [
            -1.1927188058936602,
            -0.17024200181111349,
            0.4123834326074105
        ],
        "Spine": [
            0.07896781276189968,
            0.00846879003850976,
            0.33296266611802044
        ],
        "Thorax": [
            0.12505070335280713,
            0.17677793147672555,
            0.6450181322334665
        ],
        "Neck": [
            0.02177489131087086,
            0.08601010500302456,
            0.8793292276138428
        ],
        "Head": [
            0.017311655429679614,
            0.13678316800518342,
            0.9263845824236191
        ],
        "L_Shoulder": [
            -0.06011429970643764,
            0.20437726013650528,
            0.5623543104477661
        ],
        "L_Elbow": [
            -0.3764565555047518,
            0.018372572580867528,
            0.5297040515786995
        ],
        "L_Wrist": [
            -0.7271342652530532,
            -0.2875961691271029,
            0.5779856501909396
        ],
        "R_Shoulder": [
            0.32506335156969474,
            0.06689125503947752,
            0.7010632176461109
        ],
        "R_Elbow": [
            0.48692426475667405,
            -0.19946730885638358,
            1.032997748847119
        ],
        "R_Wrist": [
            0.5982259108519797,
            -0.1477715277454401,
            1.352967997647203
        ]
    }
}