{
    "video": "edition28_sequence_10.mp4",
    "peak_id": 6,
    "frame_idx": 1535,
    "timestamp": 61.4,
    "total_score": 0.993,
    "skeleton_3d": {
        "Pelvis": [
            0.0,
            0.0,
            0.0
        ],
        "R_Hip": [
            0.06513507548480166,
            -0.14614695478891357,
            -0.040734164204322555
        ],
        "R_Knee": [
            0.04272107342706114,
            -0.08342073129354428,
            -0.7768129628211522
        ],
        "R_Ankle": [
            -0.06507595029811299,
            -0.014762452183470286,
            -1.3938689254864496
        ],
        "L_Hip": [
            -0.06469283506815061,
            0.14420527833146432,
            0.043253855944070954
        ],
        "L_Knee": [
            -0.5257587910597696,
            -0.05724058467944966,
            0.06694707602604048
        ],
        "L_Ankle": [
            -1.06922914435037,
            -0.0660384457499321,
            0.2779303509926926
        ],
        "Spine": [
            0.051757319526711865,
            -0.07494313830920053,
            0.3361234903690372
        ],
        "Thorax": [
            0.07849843299511958,
            -0.17441942057992038,
            0.6579864118362395
        ],
        "Neck": [
            0.01734509260522897,
            -0.2170982308175101,
            0.9562607275157574
        ],
        "Head": [
            0.04457143209898841,
            -0.17309522946183004,
            1.017118122376601
        ],
        "L_Shoulder": [
            -0.12551040032688024,
            -0.15565845286778315,
            0.6007031611436928
        ],
        "L_Elbow": [
            -0.39698858215733707,
            -0.0657253286154267,
            0.3749521190520982
        ],
        "L_Wrist": [
            -0.3848291412862419,
            -0.35130952824035167,
            0.24089497324211873
        ],
        "R_Shoulder": [
            0.29250939691363703,
            -0.07821027095067151,
            0.6632787019701487
        ],
        "R_Elbow": [
            0.6727574281831533,
            -0.011263919008420716,
            0.7856369441739972
        ],
        "R_Wrist": [
            1.0112685640416677,
            -0.04580000420739001,
            0.9195647602963369
        ]
    }
}