{
    "video": "edition28_sequence_14.mp4",
    "peak_id": 20,
    "frame_idx": 3543,
    "timestamp": 141.72,
    "total_score": 0.928,
    "skeleton_3d": {
        "Pelvis": [
            0.0,
            0.0,
            0.0
        ],
        "R_Hip": [
            0.08604064849362293,
            -0.15907047699363328,
            -0.061207198809508354
        ],
        "R_Knee": [
            0.05759604423208787,
            -0.17816328643140025,
            -0.7100206372481922
        ],
        "R_Ankle": [
            0.12335417411483292,
            -0.2847783683785742,
            -1.2825120403452768
        ],
        "L_Hip": [
            -0.0844009198375589,
            0.14995974105494125,
            0.06518313657902636
        ],
        "L_Knee": [
            -0.6339573036264511,
            -0.08258630415002899,
            0.11792572525155684
        ],
        "L_Ankle": [
            -1.1256864831405953,
            -0.13544904067706787,
            0.2679789478916412
        ],
        "Spine": [
            0.1052407140961911,
            0.04874488168002755,
            0.3238038101325138
        ],
        "Thorax": [
            0.18916158122822888,
            0.28185399743331985,
            0.6316710675806433
        ],
        "Neck": [
            0.14020154749749042,
            0.20820381154677325,
            0.875131892178779
        ],
        "Head": [
            0.14036705195269814,
            0.2962613547942254,
            0.9117621881739811
        ],
        "L_Shoulder": [
            -0.01430345412033533,
            0.2958454388061564,
            0.574032061025689
        ],
        "L_Elbow": [
            -0.35573994486523697,
            0.14832651435961752,
            0.5527055100836032
        ],
        "L_Wrist": [
            -0.698902448988875,
            -0.09052637290650088,
            0.5896542450305975
        ],
        "R_Shoulder": [
            0.389588928015708,
            0.1459853296375418,
            0.6612357299767029
        ],
        "R_Elbow": [
            0.5247330424465039,
            -0.12458708503859343,
            1.0417374757619011
        ],
        "R_Wrist": [
            0.6004785955428571,
            -0.05071635623515249,
            1.3731045701411515
        ]
    }
}