{
    "video": "edition28_sequence_11.mp4",
    "peak_id": 0,
    "frame_idx": 640,
    "timestamp": 25.6,
    "total_score": 0.797,
    "skeleton_3d": {
        "Pelvis": [
            0.0,
            0.0,
            0.0
        ],
        "R_Hip": [
            0.09113611942305573,
            -0.14939600064082528,
            -0.07757974673963207
        ],
        "R_Knee": [
            -0.02161891015748185,
            -0.1283401031187792,
            -0.7387136883995239
        ],
        "R_Ankle": [
            0.047287033622891474,
            -0.056534918483286574,
            -1.2801287849520877
        ],
        "L_Hip": [
            -0.08845145265001983,
            0.13902621390835856,
            0.08169019462847962
        ],
        "L_Knee": [
            -0.6128147411852328,
            -0.08910407864765196,
            0.06543672333551227
        ],
        "L_Ankle": [
            -1.1256851991518024,
            -0.06622201831074087,
            0.13186892792591567
        ],
        "Spine": [
            0.09394197064831294,
            -0.03033444995825228,
            0.34375912184816687
        ],
        "Thorax": [
            0.16538098060044584,
            -0.05829130469595703,
            0.693913761759486
        ],
        "Neck": [
            0.06869651826941149,
            -0.1410722113018877,
            0.9521357233538479
        ],
        "Head": [
            0.07513529471147688,
            -0.0971298737510502,
            1.0093456334613022
        ],
        "L_Shoulder": [
            0.0482084980850046,
            0.09001495074384705,
            0.6747507735565615
        ],
        "L_Elbow": [
            0.14549742602406823,
            0.46266603047676885,
            0.5373091646126774
        ],
        "L_Wrist": [
            0.07214510063286746,
            0.7000456937441976,
            0.4848890672216863
        ],
        "R_Shoulder": [
            0.28745292060752103,
            -0.12235961114664168,
            0.6503330894314796
        ],
        "R_Elbow": [
            0.46097976475321095,
            0.19515559238882155,
            0.5703754619802737
        ],
        "R_Wrist": [
            0.6464058748740412,
            0.46970572011011613,
            0.523150678377975
        ]
    }
}