{
    "video": "edition28_sequence_15.mp4",
    "peak_id": 2,
    "frame_idx": 1968,
    "timestamp": 78.72,
    "total_score": 0.916,
    "skeleton_3d": {
        "Pelvis": [
            0.0,
            0.0,
            0.0
        ],
        "R_Hip": [
            0.06798575632836694,
            -0.1677320350669198,
            -0.057899178594066826
        ],
        "R_Knee": [
            0.10571727970098939,
            -0.2362532909683836,
            -0.6522697453824734
        ],
        "R_Ankle": [
            0.1700373345748653,
            -0.3415282310647704,
            -1.300433238221595
        ],
        "L_Hip": [
            -0.066850901931859,
            0.1544406391731424,
            0.0591617659411916
        ],
        "L_Knee": [
            -0.5744396466945481,
            -0.040202241878364256,
            0.250515289660269
        ],
        "L_Ankle": [
            -1.0952586635159547,
            -0.16196349558312517,
            0.43390499429738233
        ],
        "Spine": [
            0.16906408267812717,
            0.06798006899797449,
            0.3147168684620747
        ],
        "Thorax": [
            0.3244574993585949,
            0.30019480910466495,
            0.6219992586351336
        ],
        "Neck": [
            0.296499451215509,
            0.2530750972032768,
            0.8330275929805019
        ],
        "Head": [
            0.29129111377537115,
            0.33650347466303737,
            0.8774148718948124
        ],
        "L_Shoulder": [
            0.14943888652618093,
            0.35904915987148545,
            0.5579697365443586
        ],
        "L_Elbow": [
            -0.19077506235152908,
            0.4006700015496349,
            0.5828140311642116
        ],
        "L_Wrist": [
            -0.5228430479081273,
            0.1274809120804983,
            0.6760947506627273
        ],
        "R_Shoulder": [
            0.48282878726589257,
            0.12962641257107477,
            0.6561111479294439
        ],
        "R_Elbow": [
            0.5754325348477991,
            -0.052071861298999135,
            1.0065390632589155
        ],
        "R_Wrist": [
            0.5955930434896056,
            0.026108170970477927,
            1.3386367726001438
        ]
    }
}