{
    "video": "edition26_sequence_14.mp4",
    "peak_id": 8,
    "frame_idx": 2086,
    "timestamp": 83.44,
    "total_score": 0.456,
    "skeleton_3d": {
        "Pelvis": [
            0.0,
            0.0,
            0.0
        ],
        "R_Hip": [
            0.1388520386265043,
            0.14663141173475086,
            0.05448208381135567
        ],
        "R_Knee": [
            0.44600543198108183,
            0.3115697596827171,
            -0.27002407448087706
        ],
        "R_Ankle": [
            0.9266584004985273,
            0.5238893452545007,
            -0.5887318698845215
        ],
        "L_Hip": [
            -0.13730211869972467,
            -0.13620928775398275,
            -0.048261041970175514
        ],
        "L_Knee": [
            -0.026088114785917424,
            -0.13620670245025826,
            -0.6465665464356292
        ],
        "L_Ankle": [
            0.056584403036058745,
            -0.04539177965114381,
            -1.2318984384830258
        ],
        "Spine": [
            -0.06934935838215375,
            -0.04215971607716765,
            0.34825036450293806
        ],
        "Thorax": [
            -0.12949240165104967,
            -0.13564115208855315,
            0.6864705273596816
        ],
        "Neck": [
            -0.19970502693202807,
            -0.22403763856036918,
            0.9491599131105027
        ],
        "Head": [
            -0.20012839772646174,
            -0.15353331091126418,
            1.0180605635079651
        ],
        "L_Shoulder": [
            -0.34106928893690697,
            -0.15056580705070138,
            0.6410216161374992
        ],
        "L_Elbow": [
            -0.5534360411296926,
            -0.01769481093734665,
            0.37187834128422625
        ],
        "L_Wrist": [
            -0.4202149760787971,
            -0.26733348942066415,
            0.5178673596625311
        ],
        "R_Shoulder": [
            0.08938968612355525,
            -0.009028283421771678,
            0.7081888264564707
        ],
        "R_Elbow": [
            0.24983396904952085,
            0.2673701934510064,
            0.4569835297759558
        ],
        "R_Wrist": [
            0.03649973672890324,
            -0.04630968081470985,
            0.3666968585669719
        ]
    }
}