{
    "video": "edition26_sequence_7.mp4",
    "peak_id": 10,
    "frame_idx": 2022,
    "timestamp": 80.88,
    "total_score": 0.725,
    "skeleton_3d": {
        "Pelvis": [
            0.0,
            0.0,
            0.0
        ],
        "R_Hip": [
            0.05897884831033121,
            0.19068173950556955,
            0.06992944462208386
        ],
        "R_Knee": [
            0.5303759484846461,
            0.38743501165538874,
            -0.00823110294345613
        ],
        "R_Ankle": [
            1.0058059582613563,
            0.7691631712788234,
            -0.060974913173160915
        ],
        "L_Hip": [
            -0.06429642618770134,
            -0.19116032227125723,
            -0.061315862908959164
        ],
        "L_Knee": [
            -0.08270944481963273,
            -0.17602395803273232,
            -0.7234613775737982
        ],
        "L_Ankle": [
            -0.19620876355631114,
            -0.19575472892944912,
            -1.2985287413738258
        ],
        "Spine": [
            -0.04530267456628209,
            -0.06793937301632873,
            0.3548032403330644
        ],
        "Thorax": [
            -0.07860068873282003,
            -0.05631991181039241,
            0.7241173062647382
        ],
        "Neck": [
            -0.1752707297212558,
            -0.07941203347653489,
            0.9187739373146341
        ],
        "Head": [
            -0.14854299766933166,
            0.02773051103700066,
            0.9439669263863516
        ],
        "L_Shoulder": [
            -0.168770119220134,
            -0.24426578621574518,
            0.7305305756381394
        ],
        "L_Elbow": [
            -0.16611988883416529,
            -0.353788291328177,
            1.0710845143176666
        ],
        "L_Wrist": [
            -0.18851024323016416,
            -0.23242874026575092,
            1.3468450480741734
        ],
        "R_Shoulder": [
            0.011352510601167322,
            0.13142631600228535,
            0.711168359782534
        ],
        "R_Elbow": [
            0.05436697645349271,
            0.1943772030060373,
            1.0824138284789286
        ],
        "R_Wrist": [
            0.11933116650140758,
            0.12859586413842752,
            1.3875643263219648
        ]
    }
}