{
    "video": "edition26_sequence_17.mp4",
    "peak_id": 3,
    "frame_idx": 1031,
    "timestamp": 41.24,
    "total_score": 0.987,
    "skeleton_3d": {
        "Pelvis": [
            0.0,
            0.0,
            0.0
        ],
        "R_Hip": [
            0.10574143107966377,
            0.1727874393360032,
            0.06351785137133535
        ],
        "R_Knee": [
            0.6243823464162866,
            0.16401257967819063,
            0.13922682164403008
        ],
        "R_Ankle": [
            1.0927890937270468,
            0.33040619290731044,
            0.3860722169420432
        ],
        "L_Hip": [
            -0.10350077725030438,
            -0.17328643433898971,
            -0.05644031076266465
        ],
        "L_Knee": [
            -0.03911077225278244,
            -0.12001657208509368,
            -0.7037878096335337
        ],
        "L_Ankle": [
            0.06435662694378602,
            -0.04590363663941482,
            -1.2684462702146915
        ],
        "Spine": [
            -0.0902463514545921,
            -0.017065445092392193,
            0.33590716429147877
        ],
        "Thorax": [
            -0.16120047700799503,
            0.058888212141269165,
            0.6561470026912155
        ],
        "Neck": [
            -0.24238428928079545,
            -0.0487377087590373,
            0.8704924913398215
        ],
        "Head": [
            -0.24713197733528738,
            0.05400865153011414,
            0.9236889731353566
        ],
        "L_Shoulder": [
            -0.39100717434468607,
            -0.09217508247581567,
            0.6478846496092348
        ],
        "L_Elbow": [
            -0.6480617721341985,
            -0.44385227638492436,
            0.8370904111883731
        ],
        "L_Wrist": [
            -0.8414807260272401,
            -0.5007358929150256,
            1.154073802809763
        ],
        "R_Shoulder": [
            0.0489183997587359,
            0.12734169780824503,
            0.6578766943122619
        ],
        "R_Elbow": [
            0.353064206807177,
            0.41462879471495834,
            0.6524365250058973
        ],
        "R_Wrist": [
            0.5926662687145446,
            0.2441107213006107,
            0.7315672353838863
        ]
    }
}