{
    "video": "edition26_sequence_15.mp4",
    "peak_id": 5,
    "frame_idx": 2288,
    "timestamp": 91.52,
    "total_score": 0.9,
    "skeleton_3d": {
        "Pelvis": [
            0.0,
            0.0,
            0.0
        ],
        "R_Hip": [
            -0.08240512960836392,
            -0.15327574840411004,
            0.021074995644874094
        ],
        "R_Knee": [
            -0.39618956441964664,
            0.3379029998070219,
            0.1453607270324693
        ],
        "R_Ankle": [
            -0.7128361431493315,
            0.7963540730881504,
            0.3342352598986502
        ],
        "L_Hip": [
            0.08063137750089058,
            0.1672394122302483,
            -0.020510261516815936
        ],
        "L_Knee": [
            -0.04430461736596314,
            0.008867357506876382,
            -0.7699032005504988
        ],
        "L_Ankle": [
            0.002506582639074633,
            -0.19651066316747667,
            -1.439526035223196
        ],
        "Spine": [
            -0.004593686915895789,
            0.057108642995209416,
            0.3256783740897586
        ],
        "Thorax": [
            -0.013959188675679341,
            0.14763506816869398,
            0.6402959218982809
        ],
        "Neck": [
            -0.037775361361837144,
            0.18447998871013704,
            0.8097933365631639
        ],
        "Head": [
            -0.023546723838744316,
            0.18995622535007542,
            0.815063126741213
        ],
        "L_Shoulder": [
            0.06483797050601962,
            0.31281088860665646,
            0.5977955749455726
        ],
        "L_Elbow": [
            -0.12102220207516584,
            0.5056260345417838,
            0.7429315108446392
        ],
        "L_Wrist": [
            -0.20854862649262962,
            0.3105252466627716,
            0.5177488611136205
        ],
        "R_Shoulder": [
            -0.10085639315714612,
            -0.07548877500363473,
            0.6567790533227359
        ],
        "R_Elbow": [
            -0.1797965542596261,
            -0.1796062780591041,
            1.019152160526389
        ],
        "R_Wrist": [
            -0.23437437142605544,
            -0.09204071425901242,
            1.3385978788748583
        ]
    }
}