{
    "video": "edition26_sequence_7.mp4",
    "peak_id": 6,
    "frame_idx": 1294,
    "timestamp": 51.76,
    "total_score": 0.482,
    "skeleton_3d": {
        "Pelvis": [
            0.0,
            0.0,
            0.0
        ],
        "R_Hip": [
            0.1313251651675502,
            0.17369140293848653,
            0.04494207937832168
        ],
        "R_Knee": [
            0.6025951756946938,
            0.259086521558655,
            -0.31305511060562496
        ],
        "R_Ankle": [
            1.0844945014763494,
            0.5130117889744937,
            -0.48897601500202137
        ],
        "L_Hip": [
            -0.13293707937814692,
            -0.16708300198473192,
            -0.04011963109044874
        ],
        "L_Knee": [
            -0.05221182083955129,
            -0.12328885921642173,
            -0.6851740924688153
        ],
        "L_Ankle": [
            -0.0032496125685074428,
            -0.03826776584209581,
            -1.2291177714610606
        ],
        "Spine": [
            -0.04163696678950268,
            -0.03985761444051412,
            0.34997480311094203
        ],
        "Thorax": [
            -0.060989295835078824,
            -0.1131766614541113,
            0.6872541075257611
        ],
        "Neck": [
            0.006668113830142757,
            -0.16605054124547522,
            0.9573651886820994
        ],
        "Head": [
            -0.01828331823156014,
            -0.07998501410082239,
            1.0221080438142054
        ],
        "L_Shoulder": [
            -0.2698198050798358,
            -0.21942579522703362,
            0.6562453002324884
        ],
        "L_Elbow": [
            -0.3975981167573088,
            0.08232807974281475,
            0.5028877462516255
        ],
        "L_Wrist": [
            -0.5344038377206876,
            0.21007587315429352,
            0.3995917935468973
        ],
        "R_Shoulder": [
            0.1414736100085297,
            0.07223322460208058,
            0.683285196100364
        ],
        "R_Elbow": [
            0.4126119541155254,
            0.375591229594311,
            0.5719991427864303
        ],
        "R_Wrist": [
            0.6972210171009761,
            0.3802119387121767,
            0.5052951220328491
        ]
    }
}