{
    "video": "edition26_sequence_15.mp4",
    "peak_id": 9,
    "frame_idx": 2620,
    "timestamp": 104.8,
    "total_score": 0.738,
    "skeleton_3d": {
        "Pelvis": [
            0.0,
            0.0,
            0.0
        ],
        "R_Hip": [
            0.12969836803672657,
            -0.07088518691161902,
            -0.017485631274775836
        ],
        "R_Knee": [
            -0.15070746610797864,
            0.4001236517435214,
            0.010607600801006355
        ],
        "R_Ankle": [
            -0.5823087697893885,
            0.6231196088831511,
            0.1653134979599889
        ],
        "L_Hip": [
            -0.1265924790319009,
            0.07539095461017381,
            0.018813174268614508
        ],
        "L_Knee": [
            -0.07486560980582473,
            -8.130819903954827e-05,
            -0.6748773774279762
        ],
        "L_Ankle": [
            0.016663669926122966,
            -0.056777882328087594,
            -1.2786610609765987
        ],
        "Spine": [
            0.05234144427115538,
            -0.043590688833911026,
            0.3283021041122155
        ],
        "Thorax": [
            0.07509448607811768,
            -0.05815802253136137,
            0.6418200119154558
        ],
        "Neck": [
            0.14695212755324497,
            -0.09887096209560253,
            0.958321959402689
        ],
        "Head": [
            0.11340768897469819,
            0.000657671718367845,
            0.986630246226114
        ],
        "L_Shoulder": [
            -0.12700403765881343,
            -0.018078104919588882,
            0.609810573116344
        ],
        "L_Elbow": [
            -0.4978374752315516,
            -0.1234307682651019,
            0.45731341339172477
        ],
        "L_Wrist": [
            -0.35877503481660655,
            -0.36068797329812924,
            0.7104810046851349
        ],
        "R_Shoulder": [
            0.2915499018132417,
            0.015450640836605169,
            0.6442062512757706
        ],
        "R_Elbow": [
            0.5657901518659689,
            -0.010421568788258275,
            0.9009387668914053
        ],
        "R_Wrist": [
            0.7156259667992957,
            -0.10449016249945735,
            1.2419632707991444
        ]
    }
}