{
    "video": "edition26_sequence_7.mp4",
    "peak_id": 11,
    "frame_idx": 2072,
    "timestamp": 82.88,
    "total_score": 1.0,
    "skeleton_3d": {
        "Pelvis": [
            0.0,
            0.0,
            0.0
        ],
        "R_Hip": [
            0.11907503850298062,
            -0.1417965288584785,
            -0.07054116504623409
        ],
        "R_Knee": [
            0.047339078738789474,
            -0.10649784363255162,
            -0.7691955675761942
        ],
        "R_Ankle": [
            0.046875803154448545,
            -0.07324769373021252,
            -1.3655786718353689
        ],
        "L_Hip": [
            -0.1182822388612451,
            0.1352101511386577,
            0.07496512286480793
        ],
        "L_Knee": [
            -0.7137471577434742,
            -0.06575633673646311,
            0.16483470560995886
        ],
        "L_Ankle": [
            -1.2026596313921654,
            -0.035766161766998886,
            0.37510638127571094
        ],
        "Spine": [
            0.06846272815788283,
            -0.06422553411129867,
            0.3560544537161098
        ],
        "Thorax": [
            0.12944038450233622,
            -0.13776119746534224,
            0.6918824747281425
        ],
        "Neck": [
            0.16398648079188477,
            -0.18904360194903286,
            0.9536164555216393
        ],
        "Head": [
            0.1589247722281576,
            -0.07020077557366572,
            1.0008759255885489
        ],
        "L_Shoulder": [
            -0.12377454729599474,
            -0.17322175136971568,
            0.7321580258078225
        ],
        "L_Elbow": [
            -0.2629799202632642,
            -0.37465263460268267,
            1.0278644609849779
        ],
        "L_Wrist": [
            -0.16111497696102578,
            -0.3458163428843344,
            1.3024415936929246
        ],
        "R_Shoulder": [
            0.3671733278167191,
            -0.06945708703056806,
            0.649322181134368
        ],
        "R_Elbow": [
            0.6658058250796486,
            0.20519626974353458,
            0.569375612180953
        ],
        "R_Wrist": [
            0.9407722055067197,
            0.34715807717139185,
            0.49370816737363593
        ]
    }
}