{
    "video": "edition26_sequence_7.mp4",
    "peak_id": 14,
    "frame_idx": 2319,
    "timestamp": 92.76,
    "total_score": 0.867,
    "skeleton_3d": {
        "Pelvis": [
            0.0,
            0.0,
            0.0
        ],
        "R_Hip": [
            0.12273093738898179,
            -0.12829277704572772,
            -0.060167248616077564
        ],
        "R_Knee": [
            0.015650886055001492,
            -0.14152439503827877,
            -0.7787963402044585
        ],
        "R_Ankle": [
            0.007277141550214886,
            -0.12275060231286263,
            -1.4143299181132722
        ],
        "L_Hip": [
            -0.12108590906585119,
            0.11943856059706227,
            0.0669730092138564
        ],
        "L_Knee": [
            -0.4758515427429274,
            -0.220698577229906,
            0.2280150852321223
        ],
        "L_Ankle": [
            -0.9185980758970775,
            -0.08058697820062644,
            0.4924542647999793
        ],
        "Spine": [
            0.06550288533397897,
            -0.04352895099226456,
            0.3643365724029928
        ],
        "Thorax": [
            0.1286400930896497,
            -0.08637354911806469,
            0.7158354259760111
        ],
        "Neck": [
            0.10918640007503574,
            -0.1694077553888931,
            0.948005689351035
        ],
        "Head": [
            0.11633191559480145,
            -0.04791066995930076,
            1.0099576931205212
        ],
        "L_Shoulder": [
            -0.1117245568310708,
            -0.12496548544050318,
            0.7443518632231845
        ],
        "L_Elbow": [
            -0.22410923639902855,
            -0.34242451612072927,
            1.0542541242691643
        ],
        "L_Wrist": [
            -0.06113862001931427,
            -0.2758586511728194,
            1.3724902884513825
        ],
        "R_Shoulder": [
            0.3573825327228166,
            -0.022602220775716768,
            0.6861678360713281
        ],
        "R_Elbow": [
            0.6590636692338139,
            0.24493884336609237,
            0.6094413850235569
        ],
        "R_Wrist": [
            0.9584507598479933,
            0.26609568848228726,
            0.5306615525082264
        ]
    }
}