{
    "video": "edition26_sequence_9.mp4",
    "peak_id": 1,
    "frame_idx": 960,
    "timestamp": 38.4,
    "total_score": 0.8,
    "skeleton_3d": {
        "Pelvis": [
            0.0,
            0.0,
            0.0
        ],
        "R_Hip": [
            0.05068099129270463,
            -0.11167527712063847,
            -0.0021657214772589925
        ],
        "R_Knee": [
            -0.5797706981239344,
            0.10314095801421104,
            0.07312670134295754
        ],
        "R_Ankle": [
            -0.9554470074159457,
            0.3728493199797876,
            0.3223109000248929
        ],
        "L_Hip": [
            -0.06644010559967013,
            0.001184984637100754,
            -0.012229389872030982
        ],
        "L_Knee": [
            0.39094193409030753,
            0.013445842950125058,
            -0.435358656841586
        ],
        "L_Ankle": [
            1.1274160263876252,
            -0.018077086640859198,
            -0.5944033226306341
        ],
        "Spine": [
            -0.035243144195428386,
            -0.04694531383684105,
            0.38365875337157856
        ],
        "Thorax": [
            -0.07451706854307605,
            -0.10375801522336779,
            0.7887188802753556
        ],
        "Neck": [
            -0.10703626308639021,
            -0.11510490789982747,
            1.0944481286512358
        ],
        "Head": [
            -0.07728240617873128,
            -0.08182526239556664,
            1.1657554622902047
        ],
        "L_Shoulder": [
            -0.2531749272733311,
            -0.016761105316630807,
            0.868441341737515
        ],
        "L_Elbow": [
            -0.4516018968866204,
            0.020502267980021385,
            1.1819650068596035
        ],
        "L_Wrist": [
            -0.507661111396295,
            -0.09937812033665959,
            1.5804641500067593
        ],
        "R_Shoulder": [
            0.0980368747486864,
            -0.014462963439828665,
            0.7348983236141905
        ],
        "R_Elbow": [
            0.058473833703579975,
            0.2897956589430681,
            0.6196028388976662
        ],
        "R_Wrist": [
            0.021719819568217252,
            0.19854302397463147,
            0.6403502288330082
        ]
    }
}