{
    "video": "edition26_sequence_17.mp4",
    "peak_id": 6,
    "frame_idx": 1879,
    "timestamp": 75.16,
    "total_score": 0.4,
    "skeleton_3d": {
        "Pelvis": [
            0.0,
            0.0,
            0.0
        ],
        "R_Hip": [
            0.16057757645215212,
            -0.07372596833251195,
            0.023346802422807157
        ],
        "R_Knee": [
            0.28599063451054374,
            0.24982887563956502,
            -0.4317732050360428
        ],
        "R_Ankle": [
            0.5676491074367706,
            0.478459236087716,
            -0.8952656532970293
        ],
        "L_Hip": [
            -0.15935478499287223,
            0.06536008177513193,
            -0.021970508123827913
        ],
        "L_Knee": [
            -0.1848608469382948,
            -0.1162162631907294,
            -0.6199544080930881
        ],
        "L_Ankle": [
            0.07207366143558984,
            -0.0569460397250258,
            -1.1727601417043994
        ],
        "Spine": [
            -0.040068231361467414,
            -0.03356063704872343,
            0.35473602011496874
        ],
        "Thorax": [
            -0.07979661299481099,
            -0.18273576658833643,
            0.6876192172119627
        ],
        "Neck": [
            -0.10983053534924354,
            -0.22065700032675403,
            0.9999484969518713
        ],
        "Head": [
            -0.11545669904837262,
            -0.15944891123007224,
            1.0755101029033927
        ],
        "L_Shoulder": [
            -0.32943313975700306,
            -0.13654749401346167,
            0.6469762969258653
        ],
        "L_Elbow": [
            -0.6025876985862704,
            -0.11856632406070579,
            0.38031641205092814
        ],
        "L_Wrist": [
            -0.9649543646468038,
            -0.21312617310133544,
            0.21202069048570976
        ],
        "R_Shoulder": [
            0.17782595756613126,
            -0.11484175310282281,
            0.6945657456548141
        ],
        "R_Elbow": [
            0.38505088288840195,
            0.014296270381886227,
            0.3873145976524543
        ],
        "R_Wrist": [
            0.5965809517416037,
            0.08323600754958205,
            0.1375561194565721
        ]
    }
}