{
    "video": "edition26_sequence_10.mp4",
    "peak_id": 3,
    "frame_idx": 847,
    "timestamp": 33.88,
    "total_score": 0.6,
    "skeleton_3d": {
        "Pelvis": [
            0.0,
            0.0,
            0.0
        ],
        "R_Hip": [
            0.13237285699572734,
            0.16009985430545948,
            0.08385816488893988
        ],
        "R_Knee": [
            0.43119095270498803,
            0.07339136243333139,
            0.25330515607555826
        ],
        "R_Ankle": [
            0.2964270363523855,
            0.5877933942912386,
            0.5740243584438102
        ],
        "L_Hip": [
            -0.13080750919168863,
            -0.16794358983829347,
            -0.0769961219367624
        ],
        "L_Knee": [
            -0.15161637948755055,
            -0.11637392594342869,
            -0.7825241673206826
        ],
        "L_Ankle": [
            -0.1869608859411928,
            -0.10571689101684685,
            -1.4078429672418142
        ],
        "Spine": [
            -0.08011541762498021,
            -0.09942236324607417,
            0.33619804899379485
        ],
        "Thorax": [
            -0.14053754752616318,
            -0.09870879028315202,
            0.6502080736564841
        ],
        "Neck": [
            -0.22546994812757326,
            -0.1935858637205385,
            0.9444351617437341
        ],
        "Head": [
            -0.23306341702597635,
            -0.10623899110300783,
            0.9959150734198079
        ],
        "L_Shoulder": [
            -0.3797621634674557,
            -0.2193451196819646,
            0.6473194639113322
        ],
        "L_Elbow": [
            -0.6008510869528157,
            -0.5401302112243274,
            0.93352289855957
        ],
        "L_Wrist": [
            -0.5398081191880867,
            -0.5293776650520824,
            1.2685950134996662
        ],
        "R_Shoulder": [
            0.08450538352558075,
            0.0249004558458624,
            0.6359611271790864
        ],
        "R_Elbow": [
            0.44088977416046876,
            0.29611950431741624,
            0.6324360120639492
        ],
        "R_Wrist": [
            0.8237078840205494,
            0.2270699386932579,
            0.7540137356220493
        ]
    }
}