{
    "video": "edition26_sequence_15.mp4",
    "peak_id": 4,
    "frame_idx": 2107,
    "timestamp": 84.28,
    "total_score": 0.856,
    "skeleton_3d": {
        "Pelvis": [
            0.0,
            0.0,
            0.0
        ],
        "R_Hip": [
            0.0825747445314231,
            0.17233931383633277,
            0.0680258014529825
        ],
        "R_Knee": [
            0.643693721356329,
            0.20966109520406906,
            0.1036182300621586
        ],
        "R_Ankle": [
            1.2215467415070094,
            0.3568937648242769,
            0.1730875401778955
        ],
        "L_Hip": [
            -0.08191154360586639,
            -0.17400986522340745,
            -0.06277568474329741
        ],
        "L_Knee": [
            0.014696762448227822,
            -0.12483234947930767,
            -0.6730097502806883
        ],
        "L_Ankle": [
            -0.01304709797982263,
            -0.0609831342490285,
            -1.225046569113876
        ],
        "Spine": [
            -0.08214234602581048,
            -0.028312019297544573,
            0.30545627660555397
        ],
        "Thorax": [
            -0.14812778546031394,
            0.10505864920676224,
            0.5932064643730958
        ],
        "Neck": [
            -0.25060544048108674,
            0.003489540801516371,
            0.8399664533209138
        ],
        "Head": [
            -0.22413923403248182,
            0.08288592133571022,
            0.8745015027202087
        ],
        "L_Shoulder": [
            -0.3089227561813617,
            -0.10880167751682455,
            0.6033056635925922
        ],
        "L_Elbow": [
            -0.458799262529207,
            -0.438893624417542,
            0.8951755663224742
        ],
        "L_Wrist": [
            -0.5583892970647453,
            -0.4447892828763689,
            1.2026270416865983
        ],
        "R_Shoulder": [
            0.0014900114398875741,
            0.20244701000605805,
            0.5610636804816044
        ],
        "R_Elbow": [
            0.32769710791141743,
            0.40741833728920956,
            0.5976444332138385
        ],
        "R_Wrist": [
            0.6242087134338498,
            0.3321697383310664,
            0.580966343005289
        ]
    }
}