{
    "video": "edition26_sequence_9.mp4",
    "peak_id": 3,
    "frame_idx": 1056,
    "timestamp": 42.24,
    "total_score": 0.793,
    "skeleton_3d": {
        "Pelvis": [
            0.0,
            0.0,
            0.0
        ],
        "R_Hip": [
            0.0004860961569624399,
            -0.1891255538267356,
            0.002549686937037418
        ],
        "R_Knee": [
            -0.5159372421543649,
            0.053873344683370836,
            -0.07203148044613404
        ],
        "R_Ankle": [
            -0.9479412414111383,
            0.30521296523001795,
            -0.04160872697749846
        ],
        "L_Hip": [
            0.003215999323701445,
            0.18978551151904247,
            -0.0044394042136542975
        ],
        "L_Knee": [
            0.12022281356151189,
            0.18640003136360472,
            -0.5694328911223654
        ],
        "L_Ankle": [
            0.5007117909183669,
            -0.08796693404176535,
            -0.9695172609971108
        ],
        "Spine": [
            -0.07455095388020229,
            -0.04685986850106903,
            0.3570773842405254
        ],
        "Thorax": [
            -0.15366226173084493,
            -0.14609730085451753,
            0.7124439026951731
        ],
        "Neck": [
            -0.2060530024763791,
            -0.19500283115337128,
            0.9558925689011927
        ],
        "Head": [
            -0.17892553745853654,
            -0.18072576914921543,
            1.0057408155460072
        ],
        "L_Shoulder": [
            -0.26462219812914667,
            0.02826717651487192,
            0.7351766165314778
        ],
        "L_Elbow": [
            -0.5293138113176006,
            0.08033321635238273,
            0.9298733153051904
        ],
        "L_Wrist": [
            -0.6398533198506602,
            -0.06554597161448909,
            1.2338170620801163
        ],
        "R_Shoulder": [
            -0.04573794162095873,
            -0.27671442114160677,
            0.6785781622848978
        ],
        "R_Elbow": [
            -0.04104855343294577,
            -0.5668262359642413,
            0.6516091191877535
        ],
        "R_Wrist": [
            -0.2935771582006167,
            -0.35422045188925766,
            0.7016959621467663
        ]
    }
}