{
    "video": "edition26_sequence_7.mp4",
    "peak_id": 15,
    "frame_idx": 3165,
    "timestamp": 126.6,
    "total_score": 0.4,
    "skeleton_3d": {
        "Pelvis": [
            0.0,
            0.0,
            0.0
        ],
        "R_Hip": [
            0.11125136013663245,
            -0.11435978612491222,
            -0.02630701918867168
        ],
        "R_Knee": [
            0.11173527523012274,
            -0.1286847315803571,
            -0.6681110760394539
        ],
        "R_Ankle": [
            0.19365276543477605,
            -0.12688599742871706,
            -1.2545497328335624
        ],
        "L_Hip": [
            -0.11002041781939469,
            0.11682839624196696,
            0.02689569070568209
        ],
        "L_Knee": [
            -0.22526668903590913,
            0.3675749596119231,
            -0.3308619311095027
        ],
        "L_Ankle": [
            -0.28624738117486986,
            0.7910794415075072,
            -0.5964326727624812
        ],
        "Spine": [
            -0.017463906221451855,
            -0.03745815699201764,
            0.3241003406162031
        ],
        "Thorax": [
            -0.03665838715298634,
            -0.11944448110439959,
            0.6581496901690701
        ],
        "Neck": [
            0.041771342584699424,
            -0.1694725970022084,
            0.9267479730141379
        ],
        "Head": [
            0.009546125679382391,
            -0.1196115952817959,
            1.0009349045766298
        ],
        "L_Shoulder": [
            -0.17369742752646228,
            -0.0738367142039629,
            0.6112869367118705
        ],
        "L_Elbow": [
            -0.23805275201738996,
            0.19866906762658992,
            0.3698719804205877
        ],
        "L_Wrist": [
            -0.15001927928877687,
            -0.03375797164634175,
            0.40291880260766355
        ],
        "R_Shoulder": [
            0.08821802713079657,
            -0.10474980032624859,
            0.6311006686894525
        ],
        "R_Elbow": [
            0.09588735319487457,
            0.16668818328396687,
            0.29201267964806843
        ],
        "R_Wrist": [
            0.17117351757641297,
            0.17150165975305404,
            0.10230292655973507
        ]
    }
}