{
    "video": "edition26_sequence_9.mp4",
    "peak_id": 9,
    "frame_idx": 2286,
    "timestamp": 91.44,
    "total_score": 0.803,
    "skeleton_3d": {
        "Pelvis": [
            0.0,
            0.0,
            0.0
        ],
        "R_Hip": [
            0.10776888609026884,
            0.16972340862337407,
            0.08004887419536891
        ],
        "R_Knee": [
            0.560034869043949,
            0.09234217705162076,
            0.25578684468353274
        ],
        "R_Ankle": [
            1.1594273815122875,
            0.2785138084536366,
            0.46951443156935946
        ],
        "L_Hip": [
            -0.10845086230650039,
            -0.17386718460244197,
            -0.07188390561377553
        ],
        "L_Knee": [
            -0.003246380562428722,
            -0.15716548030680264,
            -0.6880243539048945
        ],
        "L_Ankle": [
            -0.056775094115927044,
            -0.10115609315954809,
            -1.2545519665263094
        ],
        "Spine": [
            -0.06318694331929123,
            -0.04417375625269418,
            0.3188537314506395
        ],
        "Thorax": [
            -0.10216686609628825,
            0.12750531363868006,
            0.618430571837376
        ],
        "Neck": [
            -0.15439108475326294,
            0.0060182684137677625,
            0.8862708438374749
        ],
        "Head": [
            -0.11410926431863228,
            0.09919662365768656,
            0.9248508876611714
        ],
        "L_Shoulder": [
            -0.31669549229821936,
            -0.1002761679707545,
            0.6648052712940319
        ],
        "L_Elbow": [
            -0.4969420085381433,
            -0.39960798558300215,
            0.9697687540931543
        ],
        "L_Wrist": [
            -0.6615914386679704,
            -0.44768068221245,
            1.3017059933268091
        ],
        "R_Shoulder": [
            0.08489419308185005,
            0.19273906387610087,
            0.5617652038093782
        ],
        "R_Elbow": [
            0.4099167666617073,
            0.3793175427954584,
            0.4756461920112053
        ],
        "R_Wrist": [
            0.6787386559328782,
            0.20546998247563647,
            0.44492438476841395
        ]
    }
}