{
    "video": "edition26_sequence_17.mp4",
    "peak_id": 2,
    "frame_idx": 924,
    "timestamp": 36.96,
    "total_score": 0.82,
    "skeleton_3d": {
        "Pelvis": [
            0.0,
            0.0,
            0.0
        ],
        "R_Hip": [
            0.04458204666357455,
            0.1853384957461432,
            0.08137278437526359
        ],
        "R_Knee": [
            0.6227622524693854,
            0.22280043724420295,
            0.1280514759124708
        ],
        "R_Ankle": [
            1.2206526977736876,
            0.4752183560085257,
            0.19468047690495566
        ],
        "L_Hip": [
            -0.05062585477425247,
            -0.19296650595159484,
            -0.07618337676385874
        ],
        "L_Knee": [
            0.04668948409845207,
            -0.1275171075871799,
            -0.7304063679863169
        ],
        "L_Ankle": [
            0.004770422427450744,
            -0.07434354621586259,
            -1.3216838200894834
        ],
        "Spine": [
            -0.10046963230280115,
            -0.028375055711021734,
            0.331215886077585
        ],
        "Thorax": [
            -0.18688910809831108,
            0.15755741808906282,
            0.6566912219222448
        ],
        "Neck": [
            -0.300605743305662,
            0.07377192578489526,
            0.8845020262297832
        ],
        "Head": [
            -0.2566138121936075,
            0.15892071497271984,
            0.9299842211331728
        ],
        "L_Shoulder": [
            -0.2954778663865815,
            -0.10662986914263835,
            0.7182810507485916
        ],
        "L_Elbow": [
            -0.35306814035708417,
            -0.4269793107571119,
            1.0498050691258711
        ],
        "L_Wrist": [
            -0.3005206597656434,
            -0.3058232527264504,
            1.32249856306995
        ],
        "R_Shoulder": [
            -0.08484035761433475,
            0.28661361598728957,
            0.5801769680502448
        ],
        "R_Elbow": [
            0.15877112296611312,
            0.59485401337666,
            0.46001638444506293
        ],
        "R_Wrist": [
            0.35184940768027195,
            0.36677027136776047,
            0.4556797874408933
        ]
    }
}