{
    "video": "edition31_sequence_10.mp4",
    "peak_id": 7,
    "frame_idx": 431,
    "timestamp": 17.24,
    "total_score": 0.463,
    "skeleton_3d": {
        "Pelvis": [
            0.0,
            0.0,
            0.0
        ],
        "R_Hip": [
            0.09778835705431062,
            -0.024510248406502413,
            0.020116875612057383
        ],
        "R_Knee": [
            0.5226194288672856,
            -0.24557793880848408,
            -0.10123889226297092
        ],
        "R_Ankle": [
            0.7990420234858592,
            -0.6464112712295851,
            -0.29313443060283684
        ],
        "L_Hip": [
            -0.09612341970101804,
            0.05371604257122167,
            -0.019972430383233108
        ],
        "L_Knee": [
            -0.023954722736888305,
            -0.17454865663225222,
            -0.6569149176429053
        ],
        "L_Ankle": [
            0.12085242602551888,
            -0.42299898680638887,
            -1.158410398347996
        ],
        "Spine": [
            0.017559150672571893,
            0.1528522029682682,
            0.26376829043897204
        ],
        "Thorax": [
            0.06821107073309232,
            0.40014786566938326,
            0.566719397145753
        ],
        "Neck": [
            0.09461775576586909,
            0.2774426029492535,
            0.7553472380728842
        ],
        "Head": [
            0.09903323798682767,
            0.5587434385432261,
            0.7747221857508155
        ],
        "L_Shoulder": [
            -0.09776542131917022,
            0.34903149373184383,
            0.5954740559640495
        ],
        "L_Elbow": [
            -0.2653448484138782,
            0.22127619561215525,
            0.7999811248604802
        ],
        "L_Wrist": [
            -0.3519738782988291,
            0.09817278823177825,
            1.14093905835905
        ],
        "R_Shoulder": [
            0.22027047107922873,
            0.21720898141464243,
            0.4698135506666155
        ],
        "R_Elbow": [
            0.44808029872511607,
            -0.2876434121114744,
            0.2980396578458608
        ],
        "R_Wrist": [
            0.6012108542857211,
            -0.4719464249750768,
            0.4011910754501346
        ]
    }
}