{
    "video": "edition31_sequence_8.mp4",
    "peak_id": 0,
    "frame_idx": 179,
    "timestamp": 7.16,
    "total_score": 0.9,
    "skeleton_3d": {
        "Pelvis": [
            0.0,
            0.0,
            0.0
        ],
        "R_Hip": [
            0.09440988720815506,
            0.030138520958325074,
            0.06496567356300566
        ],
        "R_Knee": [
            0.45760767390338103,
            -0.07490031417140504,
            0.5201809966490571
        ],
        "R_Ankle": [
            0.6980740510662128,
            -0.21106522022842497,
            0.9548625056925187
        ],
        "L_Hip": [
            -0.08246140174299807,
            0.040232051778867885,
            -0.06888344658736872
        ],
        "L_Knee": [
            -0.11198987215475473,
            0.10662062347459883,
            -0.6449914039822802
        ],
        "L_Ankle": [
            -0.23747393916668574,
            -0.10989233500888025,
            -1.146891055803399
        ],
        "Spine": [
            -0.15701909848053922,
            0.04434226402091748,
            0.27664859538832054
        ],
        "Thorax": [
            -0.2626162018482618,
            0.2031095288863835,
            0.5760206878147109
        ],
        "Neck": [
            -0.37282013523276913,
            0.1644121757880056,
            0.8083368805358617
        ],
        "Head": [
            -0.36150365372790305,
            0.3947838591706457,
            0.831481817828441
        ],
        "L_Shoulder": [
            -0.4449220012385799,
            0.18316747767986022,
            0.46725558715039844
        ],
        "L_Elbow": [
            -0.8020265390642932,
            0.1429885003869559,
            0.3596410956395027
        ],
        "L_Wrist": [
            -1.1172084082264968,
            0.03926718632398969,
            0.3342665402692321
        ],
        "R_Shoulder": [
            -0.08145722349133458,
            0.014491111411967988,
            0.6148754553226369
        ],
        "R_Elbow": [
            -0.06012440176250268,
            -0.2335563837721985,
            0.962096740394377
        ],
        "R_Wrist": [
            -0.17185174427769226,
            -0.18484892690598348,
            1.309370039006436
        ]
    }
}