{
    "video": "edition31_sequence_10.mp4",
    "peak_id": 18,
    "frame_idx": 2300,
    "timestamp": 92.0,
    "total_score": 0.9,
    "skeleton_3d": {
        "Pelvis": [
            0.0,
            0.0,
            0.0
        ],
        "R_Hip": [
            0.06534218229242743,
            0.09961138926530098,
            0.06996709098596594
        ],
        "R_Knee": [
            0.5974487805289159,
            0.01761115521237897,
            0.31643260721938116
        ],
        "R_Ankle": [
            0.9924086183175199,
            -0.25523933177576213,
            0.6029416998415412
        ],
        "L_Hip": [
            -0.050147357585130135,
            -0.07928516901646443,
            -0.07059934817225226
        ],
        "L_Knee": [
            -0.049477362445255815,
            -0.25063926880527587,
            -0.6665509717502534
        ],
        "L_Ankle": [
            -0.16690908618987105,
            -0.5846078311269788,
            -1.177543214075691
        ],
        "Spine": [
            -0.1377031648613666,
            0.0888840873131014,
            0.30188038637289
        ],
        "Thorax": [
            -0.23132755027126062,
            0.32064018176834763,
            0.6215476244270538
        ],
        "Neck": [
            -0.30251332876940945,
            0.2723045200395347,
            0.8192490854939218
        ],
        "Head": [
            -0.2846578464311883,
            0.5313425477139677,
            0.8376046068518502
        ],
        "L_Shoulder": [
            -0.3788920415401323,
            0.1691026085964811,
            0.6619467427015497
        ],
        "L_Elbow": [
            -0.43905794016865,
            -0.18079540602763067,
            0.8813688199895111
        ],
        "L_Wrist": [
            -0.39491762883824505,
            -0.19410401141365874,
            1.2191406280058328
        ],
        "R_Shoulder": [
            -0.07990113190340763,
            0.2754206369124003,
            0.527905149467006
        ],
        "R_Elbow": [
            0.2345275368766577,
            -0.06640802681001495,
            0.5013255704409517
        ],
        "R_Wrist": [
            0.5754776514466011,
            -0.22691405634304287,
            0.5866159356445119
        ]
    }
}