{
    "video": "edition31_sequence_9.mp4",
    "peak_id": 0,
    "frame_idx": 135,
    "timestamp": 5.4,
    "total_score": 0.75,
    "skeleton_3d": {
        "Pelvis": [
            0.0,
            0.0,
            0.0
        ],
        "R_Hip": [
            0.11591580858583979,
            -0.01963350787671513,
            0.03099645462881605
        ],
        "R_Knee": [
            0.28290230197530547,
            -0.06333751800925935,
            0.46182085702865705
        ],
        "R_Ankle": [
            0.4182637832480878,
            -0.1971149748189618,
            0.8773895711074284
        ],
        "L_Hip": [
            -0.10299188354116402,
            0.05577750650531319,
            -0.037311563069535175
        ],
        "L_Knee": [
            -0.10718757597393169,
            0.008577407863734817,
            -0.6140269274739738
        ],
        "L_Ankle": [
            -0.09217168031212851,
            0.057161311846277325,
            -1.1307574733743886
        ],
        "Spine": [
            -0.09410130608747944,
            0.14783491179687305,
            0.2674773820357342
        ],
        "Thorax": [
            -0.15190864067033025,
            0.38454547820527946,
            0.5487578989502945
        ],
        "Neck": [
            -0.17027638620896324,
            0.2856913328663355,
            0.7019150266797322
        ],
        "Head": [
            -0.1796182898617427,
            0.5439181283530087,
            0.7326697560438238
        ],
        "L_Shoulder": [
            -0.32880717427260175,
            0.23262201092093962,
            0.5274213602965377
        ],
        "L_Elbow": [
            -0.4452664578397647,
            -0.1261144847029004,
            0.7685086617877126
        ],
        "L_Wrist": [
            -0.43246133717272184,
            -0.15545022693007288,
            1.0680088495663664
        ],
        "R_Shoulder": [
            0.02990553474752757,
            0.31760871288736287,
            0.5299291761518735
        ],
        "R_Elbow": [
            0.278348604852203,
            0.06963171482126035,
            0.5829369897873345
        ],
        "R_Wrist": [
            0.44432420797122973,
            0.03805793170746247,
            0.780891505170518
        ]
    }
}