{
    "video": "edition31_sequence_2.mp4",
    "peak_id": 14,
    "frame_idx": 3653,
    "timestamp": 146.12,
    "total_score": 0.878,
    "skeleton_3d": {
        "Pelvis": [
            0.0,
            0.0,
            0.0
        ],
        "R_Hip": [
            0.08979186878648451,
            -0.0632826293517507,
            -0.07962604757206462
        ],
        "R_Knee": [
            0.04008810487701292,
            -0.4288857862619759,
            -0.6559130048998294
        ],
        "R_Ankle": [
            0.13917805718929477,
            -0.7476087281677974,
            -1.2145283641276985
        ],
        "L_Hip": [
            -0.09745084922323034,
            0.09866169634372596,
            0.08394017699558873
        ],
        "L_Knee": [
            -0.5798427822188373,
            -0.0846121522014472,
            0.3468162524408786
        ],
        "L_Ankle": [
            -1.0303035453263472,
            -0.39856240778821805,
            0.5181658941122484
        ],
        "Spine": [
            0.1456644340459729,
            0.04437180792615157,
            0.30091792510406185
        ],
        "Thorax": [
            0.2733288701656051,
            0.2818423482124036,
            0.6311337139876697
        ],
        "Neck": [
            0.3743820816865544,
            0.21835524674309592,
            0.8235519837282534
        ],
        "Head": [
            0.3700384183573952,
            0.48364832828027865,
            0.8524282294995877
        ],
        "L_Shoulder": [
            0.0554521121201276,
            0.31378094458745176,
            0.5763856521852365
        ],
        "L_Elbow": [
            -0.3249428111062617,
            0.3622918182777908,
            0.5916025526214361
        ],
        "L_Wrist": [
            -0.6690201522206727,
            0.2578711967142427,
            0.6788780537951521
        ],
        "R_Shoulder": [
            0.4929095876135402,
            0.0874935287804856,
            0.622745855397752
        ],
        "R_Elbow": [
            0.6333837961653348,
            -0.26738879887893874,
            0.9435183643335628
        ],
        "R_Wrist": [
            0.6996485901333154,
            -0.17446706010593047,
            1.284964951298259
        ]
    }
}