{
    "video": "edition31_sequence_10.mp4",
    "peak_id": 11,
    "frame_idx": 1065,
    "timestamp": 42.6,
    "total_score": 0.47,
    "skeleton_3d": {
        "Pelvis": [
            0.0,
            0.0,
            0.0
        ],
        "R_Hip": [
            0.11555207685362888,
            -0.1409159090462637,
            -0.02555472584387563
        ],
        "R_Knee": [
            0.2506275623402732,
            -0.2759797233397387,
            -0.6643141329229253
        ],
        "R_Ankle": [
            0.5002608158698817,
            -0.15734758018504158,
            -1.2277553440233415
        ],
        "L_Hip": [
            -0.11315669653702741,
            0.14717769630001706,
            0.02669658159040949
        ],
        "L_Knee": [
            -0.4843395312916549,
            0.4711922443788109,
            -0.35211077229449483
        ],
        "L_Ankle": [
            -0.8478589669535752,
            0.5680762117358901,
            -0.5975139387442427
        ],
        "Spine": [
            0.03405580021114091,
            -0.03386049684211056,
            0.3001736745133528
        ],
        "Thorax": [
            0.06972399016750565,
            0.1254782825553422,
            0.6217604823315211
        ],
        "Neck": [
            -0.06717989219349804,
            -0.008741656142203453,
            0.8229203648379967
        ],
        "Head": [
            -0.04587529378071708,
            0.21312254331263228,
            0.8762593506283013
        ],
        "L_Shoulder": [
            -0.145300675457819,
            0.2002672043326269,
            0.5663821596606821
        ],
        "L_Elbow": [
            -0.48392642868898234,
            0.4609487791442579,
            0.43262682780881384
        ],
        "L_Wrist": [
            -0.8409655664250345,
            0.5542799008177078,
            0.5061995320090115
        ],
        "R_Shoulder": [
            0.29023543739645874,
            -0.07187079928514112,
            0.5701809169040932
        ],
        "R_Elbow": [
            0.6511801021801008,
            -0.35954815608984975,
            0.5302112588744591
        ],
        "R_Wrist": [
            1.021273493490853,
            -0.6202180597083115,
            0.6275880099431325
        ]
    }
}