{
    "video": "edition31_sequence_8.mp4",
    "peak_id": 6,
    "frame_idx": 1562,
    "timestamp": 62.48,
    "total_score": 0.889,
    "skeleton_3d": {
        "Pelvis": [
            0.0,
            0.0,
            0.0
        ],
        "R_Hip": [
            0.026019464793984322,
            -0.0635888571172077,
            -0.03834216266614296
        ],
        "R_Knee": [
            0.029605746561614178,
            -0.25815676408955024,
            -0.6164311299254082
        ],
        "R_Ankle": [
            0.10669916639382032,
            -0.5786731619644796,
            -1.1505017298692688
        ],
        "L_Hip": [
            -0.023749644643492655,
            0.0986741894442151,
            0.038131781149684074
        ],
        "L_Knee": [
            -0.279583197248654,
            0.14416870003528529,
            0.33427396261298953
        ],
        "L_Ankle": [
            -0.5201991266912723,
            0.02182737773850836,
            0.5046951747968657
        ],
        "Spine": [
            0.01162873936128901,
            -0.16161651464701307,
            0.27672416705724606
        ],
        "Thorax": [
            0.032756647627773625,
            -0.2649577693677477,
            0.5777777013461219
        ],
        "Neck": [
            0.11493780058307193,
            -0.2450303964174709,
            0.7976374145325443
        ],
        "Head": [
            0.0972804447205526,
            -0.17333311346657082,
            0.8119486093121695
        ],
        "L_Shoulder": [
            -0.062305607328799695,
            -0.26875275047935787,
            0.5005374352416858
        ],
        "L_Elbow": [
            -0.329580317370165,
            -0.23699714153812734,
            0.5295012877614994
        ],
        "L_Wrist": [
            -0.5558537521370499,
            -0.08337427768630916,
            0.6732474260701728
        ],
        "R_Shoulder": [
            0.11507590612298899,
            -0.3299024017037752,
            0.5924678559417151
        ],
        "R_Elbow": [
            -0.02002397396143039,
            -0.3414409561059154,
            0.8907846449520824
        ],
        "R_Wrist": [
            -0.0487021755418034,
            -0.1971173846048195,
            1.2400082992186632
        ]
    }
}