{
    "video": "edition31_sequence_2.mp4",
    "peak_id": 9,
    "frame_idx": 2407,
    "timestamp": 96.28,
    "total_score": 0.7,
    "skeleton_3d": {
        "Pelvis": [
            0.0,
            0.0,
            0.0
        ],
        "R_Hip": [
            0.11191363036198239,
            0.13712226413564857,
            0.01259216787819066
        ],
        "R_Knee": [
            0.5127977599520452,
            -0.018017799493574543,
            0.22620935598964523
        ],
        "R_Ankle": [
            -0.08099851445933619,
            0.14121687400135946,
            0.32510279466581565
        ],
        "L_Hip": [
            -0.10478157771314135,
            -0.16913792645246647,
            -0.014994519963720539
        ],
        "L_Knee": [
            -0.015179803465164756,
            -0.2842921650799709,
            -0.6280278028018845
        ],
        "L_Ankle": [
            -0.10176960845283942,
            0.021722406801906888,
            -1.347056966933536
        ],
        "Spine": [
            -0.054771473515599134,
            0.03622462980964293,
            0.32448212773893625
        ],
        "Thorax": [
            -0.0922002435482014,
            0.15673109449691316,
            0.664554941020499
        ],
        "Neck": [
            -0.17656094531666028,
            0.05867168653486296,
            0.8678644832052628
        ],
        "Head": [
            -0.15999237895182986,
            0.3424521889992835,
            0.9112273958431264
        ],
        "L_Shoulder": [
            -0.32519126893168243,
            0.12729050097740277,
            0.6030632675198543
        ],
        "L_Elbow": [
            -0.7002131455414823,
            0.1322960704524399,
            0.6118992059226293
        ],
        "L_Wrist": [
            -1.0584903587019765,
            0.039989904323658246,
            0.78513857923521
        ],
        "R_Shoulder": [
            0.1444486246737604,
            0.08174928125648435,
            0.643762751468056
        ],
        "R_Elbow": [
            0.4185833162487222,
            -0.09882600913657127,
            0.6192329371982019
        ],
        "R_Wrist": [
            0.707711269678769,
            -0.3615023682936845,
            0.6329746351242592
        ]
    }
}