{
    "video": "edition31_sequence_8.mp4",
    "peak_id": 4,
    "frame_idx": 776,
    "timestamp": 31.04,
    "total_score": 0.643,
    "skeleton_3d": {
        "Pelvis": [
            0.0,
            0.0,
            0.0
        ],
        "R_Hip": [
            0.05068740660951089,
            -0.217548745213303,
            0.023672668016848333
        ],
        "R_Knee": [
            0.6580016292244878,
            -0.07936095887512021,
            -0.0033708944984302052
        ],
        "R_Ankle": [
            1.1929553078341595,
            -0.08511001302321633,
            0.13324511612462547
        ],
        "L_Hip": [
            -0.04576102649028192,
            0.24250303437932877,
            -0.028376846072844315
        ],
        "L_Knee": [
            -0.07160491333982871,
            0.20233027055592523,
            -0.6849693028713321
        ],
        "L_Ankle": [
            0.10657556252778973,
            0.24877861931812745,
            -1.2580313066649986
        ],
        "Spine": [
            -0.12183856883528384,
            0.0716919060024506,
            0.312063206020021
        ],
        "Thorax": [
            -0.20004195716633852,
            0.08566366916661981,
            0.6400153462142976
        ],
        "Neck": [
            -0.31104986185628714,
            0.08158571663154178,
            0.8543462170486051
        ],
        "Head": [
            -0.27557119467201224,
            0.20364244655134636,
            0.8882926641668609
        ],
        "L_Shoulder": [
            -0.26325587041827997,
            0.3308753628412613,
            0.6385551325711925
        ],
        "L_Elbow": [
            -0.5156776989636221,
            0.5145813998806074,
            0.8753399976565379
        ],
        "L_Wrist": [
            -0.6995453492684878,
            0.3419665002565445,
            1.0937442267987247
        ],
        "R_Shoulder": [
            -0.15085872318933483,
            -0.16608714984872933,
            0.5813206383722862
        ],
        "R_Elbow": [
            -0.4376396639872714,
            -0.5115857049172462,
            0.8013561158242266
        ],
        "R_Wrist": [
            -0.6699081578479166,
            -0.35081723365995987,
            1.0256637327946787
        ]
    }
}