{
    "video": "edition31_sequence_6.mp4",
    "peak_id": 11,
    "frame_idx": 2358,
    "timestamp": 94.32,
    "total_score": 0.9,
    "skeleton_3d": {
        "Pelvis": [
            0.0,
            0.0,
            0.0
        ],
        "R_Hip": [
            0.08381718153251896,
            -0.1534765071123185,
            -0.0563562311315735
        ],
        "R_Knee": [
            0.07357441995294567,
            -0.3722536567392607,
            -0.6732029931690456
        ],
        "R_Ankle": [
            0.16407286503026422,
            -0.46324656219594035,
            -1.2616577075394009
        ],
        "L_Hip": [
            -0.08752020702928709,
            0.1609874350861189,
            0.054680006210937125
        ],
        "L_Knee": [
            -0.47489911458565526,
            -0.0489198392135315,
            0.4643546164288792
        ],
        "L_Ankle": [
            -0.7823831196909891,
            -0.14149342990835523,
            0.8884006759326978
        ],
        "Spine": [
            0.08434539169112794,
            -0.0026310209613774928,
            0.3046787223250246
        ],
        "Thorax": [
            0.15433843215213947,
            0.20041192000204033,
            0.6353600474693714
        ],
        "Neck": [
            0.12784832781634584,
            0.1866027411915127,
            0.8268363358301818
        ],
        "Head": [
            0.14882273579533747,
            0.4353959225308438,
            0.8485703467453692
        ],
        "L_Shoulder": [
            -0.03001597877986187,
            0.2726603872100232,
            0.5770887598551064
        ],
        "L_Elbow": [
            -0.32746489072458485,
            0.5138197383054113,
            0.5503897625945579
        ],
        "L_Wrist": [
            -0.33992548989925286,
            0.35072471349153994,
            0.618433044008143
        ],
        "R_Shoulder": [
            0.34144859160563545,
            -0.06388396341829508,
            0.6253797112435775
        ],
        "R_Elbow": [
            0.4365978155477391,
            -0.4318141830977257,
            0.9640771947459231
        ],
        "R_Wrist": [
            0.4229355492016245,
            -0.24759764022568198,
            1.2781895943880377
        ]
    }
}