{
    "video": "edition31_sequence_6.mp4",
    "peak_id": 12,
    "frame_idx": 2506,
    "timestamp": 100.24,
    "total_score": 0.9,
    "skeleton_3d": {
        "Pelvis": [
            0.0,
            0.0,
            0.0
        ],
        "R_Hip": [
            0.08518061837854958,
            0.055970850358368,
            0.09160357611966055
        ],
        "R_Knee": [
            0.38285224050704453,
            -0.0849071082617083,
            0.6484749700666664
        ],
        "R_Ankle": [
            0.5973411572279367,
            -0.21947742737986686,
            1.1781507275872256
        ],
        "L_Hip": [
            -0.06880464798944302,
            0.013106778301404685,
            -0.09402601118734448
        ],
        "L_Knee": [
            -0.059195270072302866,
            0.1512528328295748,
            -0.7377718408539525
        ],
        "L_Ankle": [
            -0.15279727708043578,
            0.24240955254605176,
            -1.278415928025981
        ],
        "Spine": [
            -0.20790693701514004,
            -0.051264831783185374,
            0.2679291511015714
        ],
        "Thorax": [
            -0.36452712653152514,
            0.02168576196189852,
            0.5674798205815076
        ],
        "Neck": [
            -0.47229049568405884,
            -0.007673585783377845,
            0.7803049307987895
        ],
        "Head": [
            -0.468583369741504,
            0.21557498267731512,
            0.8188659196812617
        ],
        "L_Shoulder": [
            -0.5538490826789857,
            0.022764875052909313,
            0.45140624479313957
        ],
        "L_Elbow": [
            -0.88870929738424,
            -0.0014569754967991594,
            0.3272601936079484
        ],
        "L_Wrist": [
            -1.1818046995831806,
            -0.2136907277715754,
            0.2721546770134489
        ],
        "R_Shoulder": [
            -0.17157106371785869,
            -0.12106324998808515,
            0.6091488821984309
        ],
        "R_Elbow": [
            -0.05479393953952658,
            -0.23328994723911375,
            0.9193651904625461
        ],
        "R_Wrist": [
            -0.173103574581349,
            -0.17819816610118364,
            1.240330798928126
        ]
    }
}