{
    "video": "edition31_sequence_10.mp4",
    "peak_id": 6,
    "frame_idx": 393,
    "timestamp": 15.72,
    "total_score": 1.0,
    "skeleton_3d": {
        "Pelvis": [
            0.0,
            0.0,
            0.0
        ],
        "R_Hip": [
            0.07381352209761655,
            0.133912946655806,
            0.08179422208749405
        ],
        "R_Knee": [
            0.5714824853320087,
            0.035771716920745725,
            0.38285936030960444
        ],
        "R_Ankle": [
            0.9535086512705294,
            -0.15405920451743424,
            0.6692736837158527
        ],
        "L_Hip": [
            -0.0598839325716049,
            -0.10113442245413871,
            -0.07842760601653025
        ],
        "L_Knee": [
            -0.04651185127230958,
            -0.04771154838465746,
            -0.8021092647341606
        ],
        "L_Ankle": [
            -0.19350458361755252,
            0.17583274546160288,
            -1.461540607570719
        ],
        "Spine": [
            -0.138790889378697,
            -0.17614233081108627,
            0.3097169320129294
        ],
        "Thorax": [
            -0.22235207301399962,
            -0.18183284414864037,
            0.6587403998487547
        ],
        "Neck": [
            -0.15745239842733855,
            -0.27148183468656173,
            0.9277196609100302
        ],
        "Head": [
            -0.14682896813439664,
            -0.10197410973873962,
            0.9690803282607315
        ],
        "L_Shoulder": [
            -0.4244963940788072,
            -0.22107911172449124,
            0.6284020593782768
        ],
        "L_Elbow": [
            -0.7269145908181706,
            -0.2255947310140407,
            0.6289523135926923
        ],
        "L_Wrist": [
            -0.9790287649633891,
            -0.34328036459293726,
            0.7312144621764118
        ],
        "R_Shoulder": [
            -0.030115661825467245,
            -0.17610055793802265,
            0.5998948821689325
        ],
        "R_Elbow": [
            0.08273883997342647,
            0.27235463313594505,
            0.5171095343450539
        ],
        "R_Wrist": [
            0.16863155206931832,
            0.469545251839645,
            0.6650800698302738
        ]
    }
}