{
    "video": "edition31_sequence_6.mp4",
    "peak_id": 10,
    "frame_idx": 2301,
    "timestamp": 92.04,
    "total_score": 0.75,
    "skeleton_3d": {
        "Pelvis": [
            0.0,
            0.0,
            0.0
        ],
        "R_Hip": [
            0.0665825774378418,
            0.015592866924170662,
            0.04894108871655821
        ],
        "R_Knee": [
            0.5693869012885441,
            0.02144440999204094,
            0.2547040578823244
        ],
        "R_Ankle": [
            1.0025687885459367,
            -0.12515298358680912,
            0.5459940340828944
        ],
        "L_Hip": [
            -0.05331833592811902,
            0.036350498284346215,
            -0.05103040211650318
        ],
        "L_Knee": [
            -0.059984810960192,
            -0.07018451424221384,
            -0.6502409303094046
        ],
        "L_Ankle": [
            -0.16652190385490076,
            -0.15847692446354722,
            -1.2133863289952571
        ],
        "Spine": [
            -0.12411720577864832,
            0.05886640238907221,
            0.3018780745938372
        ],
        "Thorax": [
            -0.2022762057891099,
            0.20779185566822445,
            0.6256299163084723
        ],
        "Neck": [
            -0.27520779474312695,
            0.1529177029823134,
            0.7947205406336048
        ],
        "Head": [
            -0.237162022039652,
            0.3947755704956869,
            0.8289212355790602
        ],
        "L_Shoulder": [
            -0.3457252807001652,
            0.18740675619741395,
            0.6403576752439926
        ],
        "L_Elbow": [
            -0.5110873278836056,
            0.17825139772604087,
            0.8559888757000873
        ],
        "L_Wrist": [
            -0.6160183632956296,
            0.16904020442977724,
            1.1552002567603836
        ],
        "R_Shoulder": [
            -0.06347830981905224,
            0.050169972467708636,
            0.554858698432666
        ],
        "R_Elbow": [
            0.15800582559396922,
            -0.3867521048317276,
            0.5076727901111932
        ],
        "R_Wrist": [
            0.3804193181963293,
            -0.4391033250545076,
            0.5996104366653524
        ]
    }
}