{
    "video": "edition31_sequence_10.mp4",
    "peak_id": 12,
    "frame_idx": 1111,
    "timestamp": 44.44,
    "total_score": 0.455,
    "skeleton_3d": {
        "Pelvis": [
            0.0,
            0.0,
            0.0
        ],
        "R_Hip": [
            0.111841996341823,
            -0.17118423367624955,
            -0.024681331243931234
        ],
        "R_Knee": [
            0.1561766334767708,
            -0.20568604564841367,
            -0.6803222786618833
        ],
        "R_Ankle": [
            0.29993717504742223,
            0.1274826096034736,
            -1.2700441841184933
        ],
        "L_Hip": [
            -0.10688829998999086,
            0.16297751046301528,
            0.02672800271148007
        ],
        "L_Knee": [
            -0.5115474519971369,
            0.3328002782417083,
            -0.38298642782051157
        ],
        "L_Ankle": [
            -0.9101726443958639,
            0.3029707810755581,
            -0.7316628177395276
        ],
        "Spine": [
            0.02171416004043513,
            -0.015881474350143313,
            0.29528889312606516
        ],
        "Thorax": [
            0.041139655951661566,
            0.1413575274257369,
            0.6170975914278439
        ],
        "Neck": [
            -0.1016856635048797,
            0.030461484507190308,
            0.7905097271832355
        ],
        "Head": [
            -0.07992733334820835,
            0.2549296052150935,
            0.8387827398734566
        ],
        "L_Shoulder": [
            -0.16443746944320012,
            0.21132984956308873,
            0.5414049060276224
        ],
        "L_Elbow": [
            -0.5078822879995976,
            0.4155585601690965,
            0.4624682702053158
        ],
        "L_Wrist": [
            -0.8662135762460074,
            0.5140913835277687,
            0.5096775862279269
        ],
        "R_Shoulder": [
            0.25977966795164864,
            -0.04835287879636661,
            0.6003269077997668
        ],
        "R_Elbow": [
            0.58595478954937,
            -0.36454448665910805,
            0.6686267677778119
        ],
        "R_Wrist": [
            0.8589314332901412,
            -0.6118937503167524,
            0.8417398700423272
        ]
    }
}