{
    "video": "edition31_sequence_6.mp4",
    "peak_id": 7,
    "frame_idx": 808,
    "timestamp": 32.32,
    "total_score": 0.889,
    "skeleton_3d": {
        "Pelvis": [
            0.0,
            0.0,
            0.0
        ],
        "R_Hip": [
            0.10093940509065105,
            -0.14863675373406637,
            -0.07739394236302542
        ],
        "R_Knee": [
            0.009233581176884196,
            -0.48585697043687137,
            -0.6936204941914121
        ],
        "R_Ankle": [
            0.04685943162760127,
            -0.6055461658263969,
            -1.239099961139429
        ],
        "L_Hip": [
            -0.10097584898283798,
            0.14905674684117196,
            0.08116677355132906
        ],
        "L_Knee": [
            -0.6936981487155488,
            -0.10001959765241099,
            0.23213028852097364
        ],
        "L_Ankle": [
            -1.1719264866146073,
            -0.5217482674832983,
            0.3546972080393339
        ],
        "Spine": [
            0.08622048549257622,
            0.07389283700820358,
            0.32818211699577904
        ],
        "Thorax": [
            0.1560327549267859,
            0.3331317551188705,
            0.684655556717413
        ],
        "Neck": [
            0.09611056048655019,
            0.29529762161309875,
            0.8754526069640268
        ],
        "Head": [
            0.11524747505516543,
            0.5341966805973296,
            0.909595637201429
        ],
        "L_Shoulder": [
            -0.02206962231838124,
            0.39759792368371255,
            0.5988428008105524
        ],
        "L_Elbow": [
            -0.2794734611776757,
            0.6836209719635498,
            0.6114623543267363
        ],
        "L_Wrist": [
            -0.5091921549399583,
            0.7139197565842011,
            0.7448688978444976
        ],
        "R_Shoulder": [
            0.34936478626861905,
            0.08281430326003199,
            0.7066122578597454
        ],
        "R_Elbow": [
            0.47995123987467836,
            -0.3172850321152366,
            1.0472017651182632
        ],
        "R_Wrist": [
            0.5467016012445497,
            -0.20429664503568276,
            1.3345822075465708
        ]
    }
}