{
    "video": "edition31_sequence_10.mp4",
    "peak_id": 9,
    "frame_idx": 853,
    "timestamp": 34.12,
    "total_score": 0.44,
    "skeleton_3d": {
        "Pelvis": [
            0.0,
            0.0,
            0.0
        ],
        "R_Hip": [
            0.12736143445059944,
            -0.16011893134943084,
            -0.01968161424251537
        ],
        "R_Knee": [
            0.19185716583249884,
            -0.21447310215139223,
            -0.6580490033092685
        ],
        "R_Ankle": [
            0.33555371654536187,
            0.1434074526761598,
            -1.2451786248220102
        ],
        "L_Hip": [
            -0.12051454576897552,
            0.1581182412521724,
            0.02104831232107719
        ],
        "L_Knee": [
            -0.5044097240748683,
            0.21143068602135112,
            -0.4263658415366043
        ],
        "L_Ankle": [
            -0.8732745640113532,
            0.11420254776113802,
            -0.8135939621917889
        ],
        "Spine": [
            0.00167761391085949,
            -0.07907098785479705,
            0.29955736789999043
        ],
        "Thorax": [
            0.008574471394124523,
            0.04279259131114571,
            0.6353715946246206
        ],
        "Neck": [
            -0.10585862118862469,
            -0.10083154570525935,
            0.8324855736271498
        ],
        "Head": [
            -0.09204151179012583,
            0.12334055593333575,
            0.8889068208083473
        ],
        "L_Shoulder": [
            -0.20724640163481128,
            0.11437406280250624,
            0.5610830575789517
        ],
        "L_Elbow": [
            -0.4822065204089773,
            0.44299985946153314,
            0.3567783004818852
        ],
        "L_Wrist": [
            -0.7913967133209268,
            0.49020748951820575,
            0.34809795219672834
        ],
        "R_Shoulder": [
            0.23273106045883044,
            -0.1367851880614862,
            0.6011178707521089
        ],
        "R_Elbow": [
            0.5365302757639725,
            -0.34031580970156644,
            0.4932415786178001
        ],
        "R_Wrist": [
            0.8800829764868865,
            -0.49385259868331655,
            0.5776397115814739
        ]
    }
}