{
    "video": "edition31_sequence_2.mp4",
    "peak_id": 4,
    "frame_idx": 1378,
    "timestamp": 55.12,
    "total_score": 0.867,
    "skeleton_3d": {
        "Pelvis": [
            0.0,
            0.0,
            0.0
        ],
        "R_Hip": [
            0.09102928113518977,
            -0.1357477967549843,
            -0.06339878990723273
        ],
        "R_Knee": [
            0.04221109976119637,
            -0.5538257089129132,
            -0.6050480268540672
        ],
        "R_Ankle": [
            0.10139798303720013,
            -0.795239961397931,
            -1.1870149391261031
        ],
        "L_Hip": [
            -0.09899540088758749,
            0.13533069354333233,
            0.06531613412748144
        ],
        "L_Knee": [
            -0.49665800701403084,
            -0.21310364217506925,
            0.36177779279909145
        ],
        "L_Ankle": [
            -0.8519439345764088,
            -0.7116732389064624,
            0.4872180959132544
        ],
        "Spine": [
            0.11523762563811094,
            0.15072057816877332,
            0.29134975129779517
        ],
        "Thorax": [
            0.2161140612362714,
            0.4477087457837409,
            0.5997356382138401
        ],
        "Neck": [
            0.17933082965462735,
            0.43517675782226733,
            0.8076662068600242
        ],
        "Head": [
            0.1925357997109761,
            0.632873827313525,
            0.8327293406605978
        ],
        "L_Shoulder": [
            0.016396750697238748,
            0.4996002141629701,
            0.5330797435314274
        ],
        "L_Elbow": [
            -0.35229788088556824,
            0.6714830047671347,
            0.5178033068250854
        ],
        "L_Wrist": [
            -0.6967496514746654,
            0.697438283010317,
            0.5762695052825918
        ],
        "R_Shoulder": [
            0.41828409178573583,
            0.20667959586017765,
            0.6099612494892003
        ],
        "R_Elbow": [
            0.5465523541134841,
            -0.16610140997869796,
            0.9529666749016121
        ],
        "R_Wrist": [
            0.6000262265742292,
            -0.09631802718977753,
            1.2689350316696948
        ]
    }
}