{
    "video": "edition31_sequence_8.mp4",
    "peak_id": 2,
    "frame_idx": 439,
    "timestamp": 17.56,
    "total_score": 0.632,
    "skeleton_3d": {
        "Pelvis": [
            0.0,
            0.0,
            0.0
        ],
        "R_Hip": [
            0.10839954742684872,
            0.034057412438197744,
            0.016896836509440388
        ],
        "R_Knee": [
            0.5640421086961692,
            0.19602593675929364,
            0.08705798180111328
        ],
        "R_Ankle": [
            0.9197242001676788,
            -0.022834988580553505,
            0.37170395502301196
        ],
        "L_Hip": [
            -0.10190172086522958,
            -0.02258344369072364,
            -0.01861475017093846
        ],
        "L_Knee": [
            -0.40257330150354403,
            -0.5187653547433471,
            -0.45701991013437115
        ],
        "L_Ankle": [
            -0.7755398146860406,
            -1.0657637658969292,
            -0.6602199423693249
        ],
        "Spine": [
            -0.018064165657531578,
            0.13464183222426782,
            0.33960286429489295
        ],
        "Thorax": [
            0.005197013558721409,
            0.41306158042018254,
            0.6950374291858209
        ],
        "Neck": [
            0.08069448384348137,
            0.26697703754770086,
            0.9917887009992059
        ],
        "Head": [
            0.08657891303947016,
            0.470603819618516,
            1.0239933508381507
        ],
        "L_Shoulder": [
            -0.19211069167029804,
            0.24830700508671866,
            0.7346829026661398
        ],
        "L_Elbow": [
            -0.3506584846931928,
            -0.1165248384118709,
            1.0828433537784152
        ],
        "L_Wrist": [
            -0.34934229408243983,
            -0.14990045497613,
            1.4986494283104266
        ],
        "R_Shoulder": [
            0.18629362666061602,
            0.38237775196441165,
            0.5831458710801395
        ],
        "R_Elbow": [
            0.4730288795612903,
            0.4296354292616674,
            0.3681786810562535
        ],
        "R_Wrist": [
            0.548482250766052,
            0.10664273564345346,
            0.333543336440563
        ]
    }
}