{
    "video": "edition10_sequence_12.mp4",
    "peak_id": 3,
    "frame_idx": 1032,
    "timestamp": 41.28,
    "total_score": 0.429,
    "skeleton_3d": {
        "Pelvis": [
            0.0,
            0.0,
            0.0
        ],
        "R_Hip": [
            0.08391092522974475,
            -0.12991693610351662,
            -0.02742442215920237
        ],
        "R_Knee": [
            0.1390017607789392,
            -0.11899746097230174,
            -0.5956259716748912
        ],
        "R_Ankle": [
            0.20274747695626238,
            -0.23572772053875424,
            -1.0918205788841449
        ],
        "L_Hip": [
            -0.08683446313335906,
            0.12799031314369902,
            0.028857780134517744
        ],
        "L_Knee": [
            -0.4706403332378608,
            0.1193725138801071,
            -0.2886640484085548
        ],
        "L_Ankle": [
            -0.8931648429049756,
            0.22213567062202794,
            -0.6252551513915144
        ],
        "Spine": [
            0.0002315202459079256,
            -0.016323232809976603,
            0.32912766219008827
        ],
        "Thorax": [
            -0.018225833282650115,
            -0.07250667582069063,
            0.6639211229910608
        ],
        "Neck": [
            0.05166314823295253,
            -0.1045191859340073,
            0.841894715718032
        ],
        "Head": [
            0.03190309024255097,
            -0.01436352258956355,
            0.8846603951844241
        ],
        "L_Shoulder": [
            -0.16960156104863888,
            -0.04284360332269984,
            0.6339919301844859
        ],
        "L_Elbow": [
            -0.2944748103039292,
            0.011711972048473943,
            0.6595284674716587
        ],
        "L_Wrist": [
            -0.10545028876482433,
            0.07256664676603056,
            0.6439478623818083
        ],
        "R_Shoulder": [
            0.13456116992134648,
            0.0008682235786160615,
            0.6903690529750756
        ],
        "R_Elbow": [
            0.26943987034466954,
            0.04510778973586746,
            0.8966782656494731
        ],
        "R_Wrist": [
            0.3878117964717132,
            0.030567756074754194,
            1.1333528766170864
        ]
    }
}