{
    "video": "edition10_sequence_0.mp4",
    "peak_id": 9,
    "frame_idx": 1473,
    "timestamp": 58.92,
    "total_score": 0.799,
    "skeleton_3d": {
        "Pelvis": [
            0.0,
            0.0,
            0.0
        ],
        "R_Hip": [
            0.04990239393238529,
            -0.1551586139504179,
            0.036398300571892285
        ],
        "R_Knee": [
            -0.2564517135549237,
            -0.00751752332737578,
            0.48778756159143616
        ],
        "R_Ankle": [
            -0.548379154378665,
            0.029913435823541633,
            1.0610746336598398
        ],
        "L_Hip": [
            -0.0467567253446505,
            0.14254147905821768,
            -0.026843469372102604
        ],
        "L_Knee": [
            -0.1451336790465417,
            0.0936036807705796,
            -0.6080350357814635
        ],
        "L_Ankle": [
            0.12489581083283122,
            -0.08373531922048405,
            -1.1259842938008722
        ],
        "Spine": [
            0.07212387349542743,
            0.026787583729675598,
            0.34234566261784155
        ],
        "Thorax": [
            0.1290698842765292,
            0.030956466217817415,
            0.6925863429277934
        ],
        "Neck": [
            0.11022035858002438,
            0.007102706244588859,
            0.8952468476788992
        ],
        "Head": [
            0.1364674990545227,
            0.05000241026893607,
            0.9290431620071953
        ],
        "L_Shoulder": [
            0.0013228437214684741,
            0.18294062154822624,
            0.6996890912384727
        ],
        "L_Elbow": [
            -0.003806428854032153,
            0.27038925254567925,
            1.0356567538040327
        ],
        "L_Wrist": [
            0.04063123961986169,
            0.12596091078077792,
            1.3638863018294116
        ],
        "R_Shoulder": [
            0.2635780457985285,
            -0.028422849149637264,
            0.6757276000077128
        ],
        "R_Elbow": [
            0.338822206885383,
            -0.11545791663379747,
            1.0252072408017514
        ],
        "R_Wrist": [
            0.38105198486299413,
            -0.07598133398571456,
            1.3653306292650176
        ]
    }
}