{
    "video": "edition10_sequence_0.mp4",
    "peak_id": 7,
    "frame_idx": 1197,
    "timestamp": 47.88,
    "total_score": 0.766,
    "skeleton_3d": {
        "Pelvis": [
            0.0,
            0.0,
            0.0
        ],
        "R_Hip": [
            0.09794291285522239,
            -0.12689457181652963,
            0.02903066841393714
        ],
        "R_Knee": [
            -0.19078735585659776,
            0.01245868636846702,
            0.43611072013346186
        ],
        "R_Ankle": [
            -0.5218562644022143,
            0.01877266862605809,
            1.008717166083448
        ],
        "L_Hip": [
            -0.0908769643120304,
            0.12525468848619178,
            -0.021509399795005348
        ],
        "L_Knee": [
            -0.20012130564684957,
            0.04902935921959303,
            -0.6119229906563384
        ],
        "L_Ankle": [
            0.07955700956870329,
            -0.08028685100519084,
            -1.1235679045736773
        ],
        "Spine": [
            0.039129428127824,
            0.016980025798190863,
            0.3418317342280627
        ],
        "Thorax": [
            0.05682683549687613,
            -0.016025111295010795,
            0.6825276467626687
        ],
        "Neck": [
            0.045172753867566716,
            -0.0663570269380684,
            0.9049452647891457
        ],
        "Head": [
            0.052443576064636656,
            0.011573076067089344,
            0.9371500909565321
        ],
        "L_Shoulder": [
            -0.12222263992961782,
            0.09087960716441493,
            0.6867126626819005
        ],
        "L_Elbow": [
            -0.2044810916849623,
            0.12280245018633613,
            1.0241436400856305
        ],
        "L_Wrist": [
            -0.15383566439066065,
            -0.022614187695722748,
            1.354703937606679
        ],
        "R_Shoulder": [
            0.24410404948568748,
            -0.019338488858213546,
            0.6796389696608254
        ],
        "R_Elbow": [
            0.33223326252601054,
            -0.10962826495061884,
            1.0211201117695798
        ],
        "R_Wrist": [
            0.3439172997694744,
            -0.09981489384870265,
            1.3639825847246458
        ]
    }
}