{
    "video": "edition10_sequence_2.mp4",
    "peak_id": 7,
    "frame_idx": 1486,
    "timestamp": 59.44,
    "total_score": 0.722,
    "skeleton_3d": {
        "Pelvis": [
            0.0,
            0.0,
            0.0
        ],
        "R_Hip": [
            0.050003077397073076,
            0.18838652767788802,
            0.04607607815179966
        ],
        "R_Knee": [
            0.46231306413135537,
            0.3702877542108701,
            0.06838972489275873
        ],
        "R_Ankle": [
            0.9085613447393089,
            0.7627884242114028,
            0.21104203785725947
        ],
        "L_Hip": [
            -0.0594456247524253,
            -0.19263536853051366,
            -0.036473309513266446
        ],
        "L_Knee": [
            0.02562921649569027,
            -0.18004485458794717,
            -0.7214676552955915
        ],
        "L_Ankle": [
            -0.02218584046027668,
            -0.17874680881231286,
            -1.3087797155481402
        ],
        "Spine": [
            -0.03198036321142067,
            -0.04772557079662943,
            0.3490022782385302
        ],
        "Thorax": [
            -0.0506943008018705,
            0.008453042582100532,
            0.7056522741460479
        ],
        "Neck": [
            -0.04711899714419081,
            -0.003915276204753723,
            0.9639468281788907
        ],
        "Head": [
            -0.000251631381949708,
            0.07133837477356504,
            0.9910282822553509
        ],
        "L_Shoulder": [
            -0.08548997751527872,
            -0.21891652452586322,
            0.7616952446714377
        ],
        "L_Elbow": [
            0.035666202766003366,
            -0.29262437730007956,
            1.1413009538650303
        ],
        "L_Wrist": [
            0.07455471560295177,
            -0.23341612316899643,
            1.5022465652289467
        ],
        "R_Shoulder": [
            -0.019115326336771484,
            0.2021952954249461,
            0.6472124044165982
        ],
        "R_Elbow": [
            0.04166944490660107,
            0.3129891910314495,
            1.0090454430255171
        ],
        "R_Wrist": [
            0.08734920194944369,
            0.24836646172938165,
            1.341335212851969
        ]
    }
}