{
    "video": "edition10_sequence_10.mp4",
    "peak_id": 5,
    "frame_idx": 815,
    "timestamp": 32.6,
    "total_score": 0.424,
    "skeleton_3d": {
        "Pelvis": [
            0.0,
            0.0,
            0.0
        ],
        "R_Hip": [
            -0.04919281494225985,
            -0.030172589599923732,
            0.017481951698311918
        ],
        "R_Knee": [
            -0.48855874715092956,
            0.13605114092728757,
            -0.2045387838146386
        ],
        "R_Ankle": [
            -1.0126039008195382,
            0.21401464136192716,
            -0.3811546414085852
        ],
        "L_Hip": [
            0.05692746555644716,
            -0.018189437274780073,
            -0.01683681300008503
        ],
        "L_Knee": [
            0.07793081207981689,
            -0.09024669541611352,
            -0.6840568586809428
        ],
        "L_Ankle": [
            0.10055445308598111,
            -0.23897781000430443,
            -1.231391897167062
        ],
        "Spine": [
            0.017579153603859747,
            -0.024440697431078795,
            0.2923859867796398
        ],
        "Thorax": [
            0.023190572081553378,
            -0.1154435136794229,
            0.5768922548089199
        ],
        "Neck": [
            0.07630529716081681,
            -0.06379128614481087,
            0.7877492725728283
        ],
        "Head": [
            0.04045896773276359,
            -0.12703964692424152,
            0.8184786236086625
        ],
        "L_Shoulder": [
            0.009573895488463427,
            -0.14840897282981802,
            0.5285946680925007
        ],
        "L_Elbow": [
            0.04113548329481044,
            -0.06157932733416424,
            0.4462521789740828
        ],
        "L_Wrist": [
            0.1627999412661243,
            0.09138933275000022,
            0.4978120149989782
        ],
        "R_Shoulder": [
            0.025239985782251357,
            -0.013021890693282983,
            0.5735089015915964
        ],
        "R_Elbow": [
            0.042063575379135944,
            0.20913429934387273,
            0.7531211108729076
        ],
        "R_Wrist": [
            -0.0065802888379238676,
            0.2056128279353987,
            0.9486728818498847
        ]
    }
}