{
    "video": "edition10_sequence_6.mp4",
    "peak_id": 6,
    "frame_idx": 1070,
    "timestamp": 42.8,
    "total_score": 0.55,
    "skeleton_3d": {
        "Pelvis": [
            0.0,
            0.0,
            0.0
        ],
        "R_Hip": [
            0.14831354754471174,
            -0.09703516292037624,
            -0.021752505276046816
        ],
        "R_Knee": [
            0.290974052420416,
            -0.1697542226054238,
            -0.6736424862048052
        ],
        "R_Ankle": [
            0.5411585074949007,
            -0.21646679441294195,
            -1.2279927361837981
        ],
        "L_Hip": [
            -0.15008867954110652,
            0.09606636011338812,
            0.01973266165080023
        ],
        "L_Knee": [
            -0.5568994382266375,
            0.11247426278812545,
            -0.4808176309018218
        ],
        "L_Ankle": [
            -1.0294737001959984,
            0.32621209607780716,
            -0.7699943094226561
        ],
        "Spine": [
            0.01792903815662657,
            0.004219596365686767,
            0.3421039422415376
        ],
        "Thorax": [
            0.046852502527496384,
            -0.1474856671550947,
            0.6556800519255944
        ],
        "Neck": [
            0.19806161318909718,
            -0.19597656466818314,
            0.8717197764504506
        ],
        "Head": [
            0.1974000718190399,
            -0.06314864122290091,
            0.9386593124443796
        ],
        "L_Shoulder": [
            -0.190704866082875,
            -0.1498345642130156,
            0.6869727241407639
        ],
        "L_Elbow": [
            -0.5360679885380594,
            -0.051633187337237686,
            0.6581587757961912
        ],
        "L_Wrist": [
            -0.9101730487999774,
            -0.09864123744237728,
            0.7254699987055984
        ],
        "R_Shoulder": [
            0.26552797178905146,
            -0.08542578927172614,
            0.5933408765707547
        ],
        "R_Elbow": [
            0.5174209345379632,
            0.1431413989021573,
            0.390590429394336
        ],
        "R_Wrist": [
            0.8538915793442057,
            0.20436200296515952,
            0.31267112403005864
        ]
    }
}