{
    "video": "edition10_sequence_3.mp4",
    "peak_id": 11,
    "frame_idx": 1611,
    "timestamp": 64.44,
    "total_score": 0.4,
    "skeleton_3d": {
        "Pelvis": [
            0.0,
            0.0,
            0.0
        ],
        "R_Hip": [
            0.10659487199456925,
            0.1535676128725139,
            0.05282147198824211
        ],
        "R_Knee": [
            0.47606712108932286,
            0.0543063753854307,
            -0.06630219710934497
        ],
        "R_Ankle": [
            0.5610156211507125,
            0.2682677631726916,
            -0.648612757960249
        ],
        "L_Hip": [
            -0.11066492029760032,
            -0.15239286691516196,
            -0.05014439549881544
        ],
        "L_Knee": [
            -0.030833880111127806,
            -0.1339962150140975,
            -0.6608392089604637
        ],
        "L_Ankle": [
            0.09116250559746913,
            -0.11617335767391845,
            -1.2207858219608838
        ],
        "Spine": [
            -0.036517296232907656,
            -0.038576230988996096,
            0.32923954705349256
        ],
        "Thorax": [
            -0.057189903774138254,
            -0.13008590645519325,
            0.6475338702371006
        ],
        "Neck": [
            -0.13004631622513196,
            -0.20739947501142098,
            0.8972188762540302
        ],
        "Head": [
            -0.11019463344601813,
            -0.11201938096070294,
            0.9598603559065866
        ],
        "L_Shoulder": [
            -0.25730477045939376,
            -0.17813362639032623,
            0.6455278373564174
        ],
        "L_Elbow": [
            -0.45470244887004085,
            0.04096606848945288,
            0.4577338471277206
        ],
        "L_Wrist": [
            -0.21095974215099159,
            -0.09732077067941335,
            0.5001003330797384
        ],
        "R_Shoulder": [
            0.14348402204112884,
            0.0035056900680853734,
            0.6170077166393574
        ],
        "R_Elbow": [
            0.1654627624684119,
            0.26089661866073954,
            0.33200573153498936
        ],
        "R_Wrist": [
            -0.12975284255426267,
            0.10560121956684965,
            0.2911224284477512
        ]
    }
}