{
    "video": "edition10_sequence_4.mp4",
    "peak_id": 1,
    "frame_idx": 629,
    "timestamp": 25.16,
    "total_score": 0.667,
    "skeleton_3d": {
        "Pelvis": [
            0.0,
            0.0,
            0.0
        ],
        "R_Hip": [
            -0.029225689435671578,
            -0.1603134506948374,
            -0.06971062720064497
        ],
        "R_Knee": [
            -0.3110260546002489,
            -0.09666162640915044,
            -0.7612062211019531
        ],
        "R_Ankle": [
            -0.12055830045055096,
            -0.060306697000006355,
            -1.372649173613787
        ],
        "L_Hip": [
            0.039569286033671706,
            0.1543161627886062,
            0.07287696367531117
        ],
        "L_Knee": [
            0.6238760240059678,
            0.3528739884143897,
            0.09199418047832168
        ],
        "L_Ankle": [
            1.1014303387835713,
            0.48483635977126094,
            0.4095157890461339
        ],
        "Spine": [
            -0.19508972341619876,
            -0.13468063811527048,
            0.27689518444631556
        ],
        "Thorax": [
            -0.39010043043945836,
            -0.3165812963516209,
            0.5482412486467548
        ],
        "Neck": [
            -0.5519574922031153,
            -0.3540312467853504,
            0.8535831181038691
        ],
        "Head": [
            -0.5208183731871093,
            -0.40652655996847076,
            0.9169983890526838
        ],
        "L_Shoulder": [
            -0.4167220742877759,
            -0.1317924383643092,
            0.5480684752756427
        ],
        "L_Elbow": [
            -0.6883729894619036,
            0.04810240453076501,
            0.39844634411623336
        ],
        "L_Wrist": [
            -1.0283095922733974,
            -0.10397874150779304,
            0.29766442418047534
        ],
        "R_Shoulder": [
            -0.34414577447639405,
            -0.3769507265399477,
            0.4963694720134317
        ],
        "R_Elbow": [
            -0.7084822819315775,
            -0.6016558405531831,
            0.3773817050128706
        ],
        "R_Wrist": [
            -1.0519029518389889,
            -0.3569278697278738,
            0.30225486769367305
        ]
    }
}