{
    "video": "edition10_sequence_6.mp4",
    "peak_id": 9,
    "frame_idx": 2020,
    "timestamp": 80.8,
    "total_score": 0.43,
    "skeleton_3d": {
        "Pelvis": [
            0.0,
            0.0,
            0.0
        ],
        "R_Hip": [
            0.07944738608070492,
            -0.14162115194245872,
            -0.023779334432461115
        ],
        "R_Knee": [
            0.10626664433555782,
            -0.08139277379754387,
            -0.6519444047435677
        ],
        "R_Ankle": [
            0.18834640808330647,
            -0.001082773240765402,
            -1.2257015778375273
        ],
        "L_Hip": [
            -0.08160231512252636,
            0.14279575362028638,
            0.02176127829770306
        ],
        "L_Knee": [
            -0.3102553829147793,
            0.1423978148225816,
            -0.5299274365687984
        ],
        "L_Ankle": [
            0.1809976865638202,
            0.4925993771228183,
            -0.316170679008438
        ],
        "Spine": [
            0.10362693978073693,
            0.0007207309830617358,
            0.33507530149624043
        ],
        "Thorax": [
            0.21710918879673244,
            -0.06460575602263341,
            0.6506225243171867
        ],
        "Neck": [
            0.459449087368627,
            -0.06937835146510722,
            0.7718160703977712
        ],
        "Head": [
            0.45878454439632027,
            -0.020297088886230427,
            0.843310346565757
        ],
        "L_Shoulder": [
            0.0265067444530019,
            -0.03533289744007421,
            0.6992797025432829
        ],
        "L_Elbow": [
            -0.21151223863094093,
            0.1323132704567459,
            0.4953670115656197
        ],
        "L_Wrist": [
            -0.32371470328895263,
            0.07258448768502498,
            0.23669565261089623
        ],
        "R_Shoulder": [
            0.39521912339572673,
            -0.05162764992350329,
            0.5817445156061539
        ],
        "R_Elbow": [
            0.6572590110211713,
            0.03747101041208445,
            0.34754738921811384
        ],
        "R_Wrist": [
            0.9055453784960993,
            0.078426623494715,
            0.10178872775973545
        ]
    }
}