{
    "video": "edition10_sequence_3.mp4",
    "peak_id": 5,
    "frame_idx": 585,
    "timestamp": 23.4,
    "total_score": 1.0,
    "skeleton_3d": {
        "Pelvis": [
            0.0,
            0.0,
            0.0
        ],
        "R_Hip": [
            0.11038989464194528,
            0.16148766915069374,
            0.055364711693851994
        ],
        "R_Knee": [
            0.20854248305344422,
            0.10490609582988322,
            0.7074714819648177
        ],
        "R_Ankle": [
            0.2699475140026004,
            0.005590308335092487,
            1.4382955821557828
        ],
        "L_Hip": [
            -0.11509547445555227,
            -0.1676317932717412,
            -0.05304573099530919
        ],
        "L_Knee": [
            -0.027659700621505627,
            -0.18960713571458562,
            -0.7755202941919671
        ],
        "L_Ankle": [
            -0.00518414540613187,
            -0.3090092579947362,
            -1.4393595701236026
        ],
        "Spine": [
            -0.06292812010500345,
            -0.0861052312743468,
            0.34063337303779434
        ],
        "Thorax": [
            -0.10474226860638265,
            -0.21304417575997472,
            0.6722450729724625
        ],
        "Neck": [
            -0.0651102884034558,
            -0.24965138472590578,
            0.9395956079879598
        ],
        "Head": [
            -0.0714848739312057,
            -0.1524832836295823,
            0.9835515950337891
        ],
        "L_Shoulder": [
            -0.3393677759867906,
            -0.22903031558120407,
            0.6471861116649559
        ],
        "L_Elbow": [
            -0.7163052617523089,
            -0.2364552129960524,
            0.7082233092230529
        ],
        "L_Wrist": [
            -1.0962738686472069,
            -0.2933829348254317,
            0.7847029370670212
        ],
        "R_Shoulder": [
            0.13872895635919794,
            -0.09206249393727166,
            0.6819225629609815
        ],
        "R_Elbow": [
            0.2518204127158065,
            0.3955543860013323,
            0.5769301403441414
        ],
        "R_Wrist": [
            0.18900257833546044,
            0.6762912243993833,
            0.40361846358352815
        ]
    }
}