{
    "video": "edition10_sequence_7.mp4",
    "peak_id": 5,
    "frame_idx": 808,
    "timestamp": 32.32,
    "total_score": 0.947,
    "skeleton_3d": {
        "Pelvis": [
            0.0,
            0.0,
            0.0
        ],
        "R_Hip": [
            0.10057609092579672,
            0.17433876026546735,
            0.06592563514048068
        ],
        "R_Knee": [
            0.6324622417014266,
            0.14313093920200104,
            0.09741691316747259
        ],
        "R_Ankle": [
            1.2017418095840393,
            0.2966147324851795,
            0.16975513025920747
        ],
        "L_Hip": [
            -0.10066570324613583,
            -0.17644790300321414,
            -0.05895490089488416
        ],
        "L_Knee": [
            0.02800510732249549,
            -0.11228776277556399,
            -0.7077417751843205
        ],
        "L_Ankle": [
            0.019779828134266264,
            -0.014296475008217634,
            -1.2399140140054876
        ],
        "Spine": [
            -0.0600776211761589,
            -0.05043026322222738,
            0.33843812700113834
        ],
        "Thorax": [
            -0.09552697325988707,
            -0.02263971383326291,
            0.6622043038254731
        ],
        "Neck": [
            -0.1298750555092831,
            -0.11153974486354053,
            0.9572376134506794
        ],
        "Head": [
            -0.08676783554256509,
            -0.014349362348851665,
            0.9816714740966354
        ],
        "L_Shoulder": [
            -0.2933403185191413,
            -0.1877711208678956,
            0.6753187571393163
        ],
        "L_Elbow": [
            -0.5716417870112969,
            -0.4959279046595566,
            0.8592110150722218
        ],
        "L_Wrist": [
            -0.8280611815009736,
            -0.5684616772458353,
            1.1241667283314176
        ],
        "R_Shoulder": [
            0.07924565631760679,
            0.11413305853541911,
            0.6232682301949555
        ],
        "R_Elbow": [
            0.3327353928312454,
            0.45820337300994973,
            0.6943502676385467
        ],
        "R_Wrist": [
            0.5883845413022483,
            0.3973184244080457,
            0.8081602474483232
        ]
    }
}