{
    "video": "edition10_sequence_12.mp4",
    "peak_id": 7,
    "frame_idx": 1447,
    "timestamp": 57.88,
    "total_score": 0.807,
    "skeleton_3d": {
        "Pelvis": [
            0.0,
            0.0,
            0.0
        ],
        "R_Hip": [
            -0.10537587623087802,
            -0.15894251493788972,
            -0.008043758879825223
        ],
        "R_Knee": [
            -0.5762773131744472,
            0.09812531977202286,
            -0.012162646429055957
        ],
        "R_Ankle": [
            -1.0138013732496634,
            0.306222186096906,
            0.0015404717154347313
        ],
        "L_Hip": [
            0.09966726651305727,
            0.15806242817768118,
            0.005081670523782263
        ],
        "L_Knee": [
            0.37702760892980774,
            0.015083614744134593,
            -0.5014213160261115
        ],
        "L_Ankle": [
            0.6668418472078769,
            -0.3275258445856099,
            -0.8579108106772422
        ],
        "Spine": [
            -0.024315120216702134,
            -0.038567586173460656,
            0.3226695390173051
        ],
        "Thorax": [
            -0.0582956122461401,
            -0.13297198208018332,
            0.6285415575911277
        ],
        "Neck": [
            -0.23229108331374235,
            -0.12932124040681925,
            0.8311894601703154
        ],
        "Head": [
            -0.21661351604244383,
            -0.20645680964817903,
            0.8738633606326239
        ],
        "L_Shoulder": [
            0.09016688727267018,
            0.07596133631186747,
            0.696800197669359
        ],
        "L_Elbow": [
            0.10110330167699723,
            0.2897215663885862,
            1.0117252006706565
        ],
        "L_Wrist": [
            0.05087959819682547,
            0.17699232619169528,
            1.2321251607416341
        ],
        "R_Shoulder": [
            -0.1846626488715074,
            -0.2508264801035167,
            0.541886161281896
        ],
        "R_Elbow": [
            -0.4948912532966186,
            -0.11614526916218207,
            0.5223635991666936
        ],
        "R_Wrist": [
            -0.8234357304204495,
            -0.08056005146581045,
            0.5994323005808684
        ]
    }
}