{
    "video": "edition10_sequence_0.mp4",
    "peak_id": 11,
    "frame_idx": 1657,
    "timestamp": 66.28,
    "total_score": 0.477,
    "skeleton_3d": {
        "Pelvis": [
            0.0,
            0.0,
            0.0
        ],
        "R_Hip": [
            0.10831859542462878,
            -0.13290675219608278,
            -0.04067252092868733
        ],
        "R_Knee": [
            0.028668940222219906,
            -0.27006008991618274,
            -0.682957679598737
        ],
        "R_Ankle": [
            0.004432777788411773,
            -0.3424619167736651,
            -1.2248507267463096
        ],
        "L_Hip": [
            -0.10317041284337813,
            0.13052803879443228,
            0.042588484743150266
        ],
        "L_Knee": [
            -0.583047577336911,
            -0.17063836410556338,
            -0.021248766545576208
        ],
        "L_Ankle": [
            -0.9811860768034361,
            -0.11898408516465991,
            -0.4241241108359994
        ],
        "Spine": [
            0.018442042833425727,
            0.07689331206518973,
            0.3059672214601521
        ],
        "Thorax": [
            0.014544287365348435,
            0.3042235886045157,
            0.5901436459227459
        ],
        "Neck": [
            -0.11223400798886274,
            0.19103809525499277,
            0.7940006780043504
        ],
        "Head": [
            -0.10401556755905096,
            0.301503777762092,
            0.827329226729368
        ],
        "L_Shoulder": [
            -0.15066264760303483,
            0.32086210674698973,
            0.4795781724359025
        ],
        "L_Elbow": [
            -0.3490139139570463,
            0.3818912401531732,
            0.2732181876859172
        ],
        "L_Wrist": [
            -0.5804200404524245,
            0.20768336865606968,
            0.10265796898678753
        ],
        "R_Shoulder": [
            0.19083834082081672,
            0.17348527441995565,
            0.6768527655517409
        ],
        "R_Elbow": [
            0.25094719241192903,
            -0.025638423416290575,
            1.0436393911977933
        ],
        "R_Wrist": [
            0.23912274463478558,
            -0.03462765322558098,
            1.3950358704911827
        ]
    }
}