{
    "video": "edition29_sequence_8.mp4",
    "peak_id": 2,
    "frame_idx": 712,
    "timestamp": 28.48,
    "total_score": 1.0,
    "skeleton_3d": {
        "Pelvis": [
            0.0,
            0.0,
            0.0
        ],
        "R_Hip": [
            0.08065399204928579,
            0.16518328510381988,
            0.09320080026489676
        ],
        "R_Knee": [
            0.5826145838639069,
            0.21656851584246253,
            0.24950851300794227
        ],
        "R_Ankle": [
            1.008698525981471,
            0.4423726267477325,
            0.4962512005403226
        ],
        "L_Hip": [
            -0.07884250976010379,
            -0.161164684287715,
            -0.09005938906767608
        ],
        "L_Knee": [
            0.0007191412340567965,
            -0.08045436665600657,
            -0.7714463615020856
        ],
        "L_Ankle": [
            -0.11484448670756307,
            -0.03204934164727436,
            -1.3948597900491986
        ],
        "Spine": [
            -0.0966489638984642,
            -0.19059352237165078,
            0.2922282789706606
        ],
        "Thorax": [
            -0.18747306191776494,
            -0.4068536421810401,
            0.5886784600786538
        ],
        "Neck": [
            -0.20510654966535127,
            -0.41228304913995184,
            0.8868167036834688
        ],
        "Head": [
            -0.18391288137037115,
            -0.3830204257423951,
            0.9412393148124214
        ],
        "L_Shoulder": [
            -0.34992678979245995,
            -0.33282228103446426,
            0.5937697089459267
        ],
        "L_Elbow": [
            -0.6870299787687271,
            -0.21271555684084864,
            0.6193025544376097
        ],
        "L_Wrist": [
            -1.0621124461136155,
            -0.3634000546093284,
            0.6706870895461026
        ],
        "R_Shoulder": [
            -0.0390074913389959,
            -0.37424700189518484,
            0.5452357843524289
        ],
        "R_Elbow": [
            -0.5982642981019767,
            -0.48075943526567555,
            0.5825473123364802
        ],
        "R_Wrist": [
            -1.0226899125016706,
            -0.21493244828938574,
            0.657225800479656
        ]
    }
}