{
    "video": "edition29_sequence_0.mp4",
    "peak_id": 2,
    "frame_idx": 735,
    "timestamp": 29.4,
    "total_score": 0.784,
    "skeleton_3d": {
        "Pelvis": [
            0.0,
            0.0,
            0.0
        ],
        "R_Hip": [
            0.11511385508864955,
            -0.1395732050919755,
            -0.030451723338053696
        ],
        "R_Knee": [
            0.06514874876819872,
            -0.10910349163065651,
            -0.7154720955736896
        ],
        "R_Ankle": [
            -0.04642503864850637,
            -0.17751673536262214,
            -1.2761152607817565
        ],
        "L_Hip": [
            -0.11323264229089788,
            0.13598804697507894,
            0.035014248871706344
        ],
        "L_Knee": [
            -0.6390028458593346,
            -0.09087724439949567,
            0.060029558448373176
        ],
        "L_Ankle": [
            -1.1253262500649794,
            0.014500396455762007,
            0.21813516668923802
        ],
        "Spine": [
            -0.031919792955018206,
            -0.054741120646892544,
            0.35335779868382305
        ],
        "Thorax": [
            -0.07641740217910442,
            -0.13769994392870707,
            0.691985111732852
        ],
        "Neck": [
            -0.014665118521909722,
            -0.1556806979377899,
            0.9742871622427164
        ],
        "Head": [
            -0.017282499756762895,
            -0.07171383407905198,
            1.0243309069899844
        ],
        "L_Shoulder": [
            -0.2802001420759435,
            -0.13479668344405768,
            0.6382656250000222
        ],
        "L_Elbow": [
            -0.6338449479902916,
            -0.20537103031153617,
            0.6701934019717455
        ],
        "L_Wrist": [
            -0.962543727890692,
            -0.30980779761458754,
            0.7737184154356139
        ],
        "R_Shoulder": [
            0.12232816077185091,
            -0.04458391144341441,
            0.7289279018185963
        ],
        "R_Elbow": [
            0.3352632463510134,
            -0.043533201892130426,
            1.039181480295599
        ],
        "R_Wrist": [
            0.5967337703507842,
            -0.02230097417050009,
            1.3523908504171855
        ]
    }
}