{
    "video": "edition29_sequence_12.mp4",
    "peak_id": 7,
    "frame_idx": 2449,
    "timestamp": 97.96,
    "total_score": 0.518,
    "skeleton_3d": {
        "Pelvis": [
            0.0,
            0.0,
            0.0
        ],
        "R_Hip": [
            0.0737199400167018,
            -0.09986390821939288,
            0.01803539071460744
        ],
        "R_Knee": [
            0.019451389335708818,
            0.46314658417575316,
            -0.001489075273419909
        ],
        "R_Ankle": [
            0.1445212173313412,
            0.8983466707720325,
            -0.1916464446128587
        ],
        "L_Hip": [
            -0.07561179932541108,
            0.059846882388448236,
            -0.0172364978477331
        ],
        "L_Knee": [
            0.005810901554166753,
            -0.04152951690559442,
            -0.6802915496684065
        ],
        "L_Ankle": [
            0.15063654533680212,
            -0.16513002528582912,
            -1.2797205791681072
        ],
        "Spine": [
            -0.01107818682430116,
            -0.026111703549491713,
            0.3554247551720843
        ],
        "Thorax": [
            -0.026480717154275506,
            -0.056367583210555225,
            0.7282489055999485
        ],
        "Neck": [
            -0.11283410247601493,
            -0.12343907292594035,
            0.932473565569548
        ],
        "Head": [
            -0.11010016481764202,
            -0.05150181196912305,
            0.9793909359827743
        ],
        "L_Shoulder": [
            -0.125385287464814,
            0.08726831770006861,
            0.7237779775658695
        ],
        "L_Elbow": [
            -0.22542189554475242,
            0.08100204735201887,
            1.0617613790588891
        ],
        "L_Wrist": [
            -0.2634998237819494,
            -0.09613934088185909,
            1.3517806933225136
        ],
        "R_Shoulder": [
            0.09522563030420793,
            -0.11747330594465469,
            0.7282049277873077
        ],
        "R_Elbow": [
            0.06844690772573103,
            -0.21626076744902728,
            1.0729739262695182
        ],
        "R_Wrist": [
            -0.07202085526203142,
            -0.23667641520220345,
            1.3636443814121397
        ]
    }
}