{
    "video": "edition29_sequence_0.mp4",
    "peak_id": 17,
    "frame_idx": 2743,
    "timestamp": 109.72,
    "total_score": 0.897,
    "skeleton_3d": {
        "Pelvis": [
            0.0,
            0.0,
            0.0
        ],
        "R_Hip": [
            0.07502915898072005,
            -0.13251829297506754,
            -0.028994433031494966
        ],
        "R_Knee": [
            0.075560834369407,
            -0.15478760007097925,
            -0.6756387335466185
        ],
        "R_Ankle": [
            0.17287177318476465,
            -0.16764662741910905,
            -1.2676207457337436
        ],
        "L_Hip": [
            -0.07167801489840803,
            0.1320635167436875,
            0.031139152906380554
        ],
        "L_Knee": [
            -0.269449326529722,
            0.34318386535298323,
            0.06263743843610604
        ],
        "L_Ankle": [
            -0.5811280948624854,
            0.6580893523997179,
            0.08836554329381192
        ],
        "Spine": [
            0.03258830714794526,
            -0.062091439639577764,
            0.323466014077549
        ],
        "Thorax": [
            0.046285138187972724,
            -0.16763146221385758,
            0.6295793320091876
        ],
        "Neck": [
            0.1650035891811553,
            -0.15245449750238518,
            0.9221464717205098
        ],
        "Head": [
            0.14114363198052857,
            -0.10473397263736099,
            0.967949298548076
        ],
        "L_Shoulder": [
            -0.15959228409510348,
            -0.1439034165951809,
            0.5929630210407311
        ],
        "L_Elbow": [
            -0.4447836463062102,
            -0.05315847187521692,
            0.5640056013915448
        ],
        "L_Wrist": [
            -0.762540808829926,
            -0.10649330352082644,
            0.5112999843933138
        ],
        "R_Shoulder": [
            0.2570291262437205,
            -0.05556360916875547,
            0.6325262141306627
        ],
        "R_Elbow": [
            0.5474793832281017,
            -0.035442071053615694,
            0.8621136444344746
        ],
        "R_Wrist": [
            0.7999758866595356,
            -0.024550782100822923,
            1.116683874017227
        ]
    }
}