{
    "video": "edition29_sequence_0.mp4",
    "peak_id": 14,
    "frame_idx": 1865,
    "timestamp": 74.6,
    "total_score": 0.643,
    "skeleton_3d": {
        "Pelvis": [
            0.0,
            0.0,
            0.0
        ],
        "R_Hip": [
            0.12819021770068922,
            -0.10603592428172214,
            -0.04372738712545628
        ],
        "R_Knee": [
            0.2234376781815113,
            -0.14545671797312046,
            -0.6612284431989804
        ],
        "R_Ankle": [
            0.38470436902134886,
            -0.22774010842863648,
            -1.16499546601882
        ],
        "L_Hip": [
            -0.12762662332956257,
            0.10201971901643199,
            0.044995630285990885
        ],
        "L_Knee": [
            -0.552015536870957,
            0.015785095178700442,
            -0.26600054900730014
        ],
        "L_Ankle": [
            -1.012921821072259,
            0.12748468688015147,
            -0.5081413327238379
        ],
        "Spine": [
            0.042676699883196244,
            -0.01703592410462858,
            0.32537145208465335
        ],
        "Thorax": [
            0.0604169919973231,
            -0.11721252882140451,
            0.6307634643081814
        ],
        "Neck": [
            -0.07832588142181184,
            -0.1993150205724014,
            0.9062685926038115
        ],
        "Head": [
            -0.08783919869853454,
            -0.14609931881264912,
            0.9706885711598925
        ],
        "L_Shoulder": [
            -0.11101891798820357,
            -0.05777223341496437,
            0.5790259173574466
        ],
        "L_Elbow": [
            0.03161170756268165,
            -0.09330033560028542,
            0.3628885873895927
        ],
        "L_Wrist": [
            0.30461989393289624,
            0.17132629115671227,
            0.3902514039947294
        ],
        "R_Shoulder": [
            0.24050029989838773,
            -0.10233489814015535,
            0.6177421445823423
        ],
        "R_Elbow": [
            0.384244254542373,
            0.20060864270864479,
            0.4043849767356901
        ],
        "R_Wrist": [
            0.4567670885152694,
            0.07500059466134205,
            0.3591740838123622
        ]
    }
}