{
    "video": "edition29_sequence_13.mp4",
    "peak_id": 4,
    "frame_idx": 429,
    "timestamp": 17.16,
    "total_score": 0.558,
    "skeleton_3d": {
        "Pelvis": [
            0.0,
            0.0,
            0.0
        ],
        "R_Hip": [
            0.12377600492143022,
            -0.10117450985855157,
            -0.047947554687769144
        ],
        "R_Knee": [
            0.14228011216583308,
            -0.2264609405887447,
            -0.6520473489455197
        ],
        "R_Ankle": [
            0.04082063188878537,
            -0.21654744855243538,
            -1.2160832140909186
        ],
        "L_Hip": [
            -0.12300676454779258,
            0.09209533321603589,
            0.050133184032860864
        ],
        "L_Knee": [
            -0.539998554475047,
            -0.0910576178986012,
            -0.15636857548830765
        ],
        "L_Ankle": [
            -0.9870324094808115,
            0.19653639402662615,
            -0.2320483753573918
        ],
        "Spine": [
            0.09124163653015517,
            0.00030842507340513806,
            0.35553695157143983
        ],
        "Thorax": [
            0.1671202047641096,
            -0.02823120009272705,
            0.7057435296025693
        ],
        "Neck": [
            0.30395475684688744,
            -0.07037899057245198,
            0.9387418992020471
        ],
        "Head": [
            0.31275702457425003,
            0.019529506826015175,
            0.9903730394623649
        ],
        "L_Shoulder": [
            -0.03537442727412499,
            -0.009105994339454346,
            0.6993562019622377
        ],
        "L_Elbow": [
            -0.405771032330754,
            -0.05526900619397911,
            0.6654602913241413
        ],
        "L_Wrist": [
            -0.8013906724469936,
            -0.21722606583907497,
            0.7480874034386182
        ],
        "R_Shoulder": [
            0.36915254245997187,
            0.043713118073609475,
            0.6841749498780355
        ],
        "R_Elbow": [
            0.6688650246701644,
            0.089653685553044,
            0.864175953589967
        ],
        "R_Wrist": [
            0.961532951333891,
            0.07158155699360454,
            1.0512904097142193
        ]
    }
}