{
    "video": "edition29_sequence_8.mp4",
    "peak_id": 18,
    "frame_idx": 3013,
    "timestamp": 120.52,
    "total_score": 1.0,
    "skeleton_3d": {
        "Pelvis": [
            0.0,
            0.0,
            0.0
        ],
        "R_Hip": [
            0.08169544373170151,
            0.16514677810828995,
            0.06814350077178234
        ],
        "R_Knee": [
            0.38703770320634234,
            0.12040719227390669,
            0.5550292200240359
        ],
        "R_Ankle": [
            0.6463441225873799,
            0.20732237912601256,
            1.0289957625765707
        ],
        "L_Hip": [
            -0.08601434712406332,
            -0.17176556817718533,
            -0.0688133289832522
        ],
        "L_Knee": [
            -0.09616016691130333,
            -0.12091405381180752,
            -0.6994210732856083
        ],
        "L_Ankle": [
            -0.21737585234060475,
            -0.23199903730598187,
            -1.2441664977320066
        ],
        "Spine": [
            -0.1035514327959865,
            -0.1142296273101299,
            0.29353274327596096
        ],
        "Thorax": [
            -0.1950273433860328,
            -0.2516477329108014,
            0.577394587850158
        ],
        "Neck": [
            -0.2901071134313376,
            -0.2553719766058942,
            0.8015654649521881
        ],
        "Head": [
            -0.2945629334939394,
            -0.22071039785167224,
            0.8394026921768429
        ],
        "L_Shoulder": [
            -0.36861443864088733,
            -0.27488909466674777,
            0.5038225884732039
        ],
        "L_Elbow": [
            -0.6767566563541575,
            -0.22818302737805363,
            0.3780194256406106
        ],
        "L_Wrist": [
            -1.0251045841344417,
            -0.29726696881582704,
            0.27747984765725525
        ],
        "R_Shoulder": [
            -0.009315031608458682,
            -0.14830007918569083,
            0.6473427133025733
        ],
        "R_Elbow": [
            0.06681521175491796,
            -0.012278057173343283,
            1.0158624404860772
        ],
        "R_Wrist": [
            0.021878569723673018,
            -0.08272889110687703,
            1.3819208304572386
        ]
    }
}