{
    "video": "edition29_sequence_8.mp4",
    "peak_id": 3,
    "frame_idx": 832,
    "timestamp": 33.28,
    "total_score": 0.795,
    "skeleton_3d": {
        "Pelvis": [
            0.0,
            0.0,
            0.0
        ],
        "R_Hip": [
            0.09063374872239867,
            -0.14025600114546105,
            -0.06455335433355658
        ],
        "R_Knee": [
            0.04683897595275073,
            -0.11787455231477198,
            -0.7811829238503099
        ],
        "R_Ankle": [
            0.12650703435753463,
            -0.04126391888623918,
            -1.3849410237580335
        ],
        "L_Hip": [
            -0.09017289630932722,
            0.13511998840751688,
            0.07023120724705713
        ],
        "L_Knee": [
            -0.5166099541070641,
            -0.1687193378819325,
            0.17352163557354683
        ],
        "L_Ankle": [
            -0.8464845317080759,
            -0.21491453027886337,
            0.5027981033479961
        ],
        "Spine": [
            0.09927298202774251,
            -0.04648371985968623,
            0.32806041885516296
        ],
        "Thorax": [
            0.17112410200831052,
            -0.02858729703846897,
            0.6533434258002584
        ],
        "Neck": [
            0.10572463507872884,
            -0.11106054270490302,
            0.9268078494456432
        ],
        "Head": [
            0.09739502864348709,
            -0.07953113307672406,
            0.9910778972471931
        ],
        "L_Shoulder": [
            0.02738954020638907,
            0.06633718717476857,
            0.6030579405705021
        ],
        "L_Elbow": [
            0.12881441871065766,
            0.2863305772617941,
            0.5439047198702307
        ],
        "L_Wrist": [
            0.379744579450012,
            0.37226880916474214,
            0.6566214992924104
        ],
        "R_Shoulder": [
            0.31415394086600196,
            -0.12248791051382558,
            0.6390536459051197
        ],
        "R_Elbow": [
            0.30615773450946454,
            0.16318598663730932,
            0.5438341671221207
        ],
        "R_Wrist": [
            0.27505941970087044,
            0.3292900524650792,
            0.5861971484197045
        ]
    }
}