{
    "video": "edition29_sequence_1.mp4",
    "peak_id": 8,
    "frame_idx": 1162,
    "timestamp": 46.48,
    "total_score": 0.915,
    "skeleton_3d": {
        "Pelvis": [
            0.0,
            0.0,
            0.0
        ],
        "R_Hip": [
            0.09328987307773932,
            -0.13100089648574278,
            -0.07353615078759627
        ],
        "R_Knee": [
            0.04608322468569382,
            -0.10907985251903415,
            -0.6718536935852886
        ],
        "R_Ankle": [
            0.07107805263456067,
            -0.12076315790254062,
            -1.2058960491564148
        ],
        "L_Hip": [
            -0.08881733357706849,
            0.11920836589845213,
            0.07743394710461764
        ],
        "L_Knee": [
            -0.4871450004467758,
            -0.12762338536518136,
            0.2538921845989417
        ],
        "L_Ankle": [
            -0.866548560463576,
            -0.18392856112847128,
            0.5737304707925315
        ],
        "Spine": [
            0.12104545745988388,
            0.030670821070405054,
            0.2947470358105478
        ],
        "Thorax": [
            0.2158134067597333,
            0.22890833093276672,
            0.5768176020569469
        ],
        "Neck": [
            0.19048331027314297,
            0.16259912679274685,
            0.807315587248038
        ],
        "Head": [
            0.18404499272187,
            0.2247352532214222,
            0.8483638278406426
        ],
        "L_Shoulder": [
            0.023527547866421798,
            0.23560425002324514,
            0.5381341328384428
        ],
        "L_Elbow": [
            -0.2901260191387801,
            0.13809971460155365,
            0.5613220358988211
        ],
        "L_Wrist": [
            -0.6106855896421453,
            -0.1084840212344325,
            0.6526460300902828
        ],
        "R_Shoulder": [
            0.4081036520049323,
            0.11333355843656943,
            0.5952874710808964
        ],
        "R_Elbow": [
            0.5058620916577248,
            -0.11932477060233734,
            0.9419475091874976
        ],
        "R_Wrist": [
            0.5467262466409974,
            -0.025166014994698047,
            1.2237762849286216
        ]
    }
}