{
    "video": "edition29_sequence_0.mp4",
    "peak_id": 4,
    "frame_idx": 945,
    "timestamp": 37.8,
    "total_score": 1.0,
    "skeleton_3d": {
        "Pelvis": [
            0.0,
            0.0,
            0.0
        ],
        "R_Hip": [
            0.038669728985739796,
            -0.1752437626107463,
            -0.07707620334316413
        ],
        "R_Knee": [
            0.00461331453807615,
            -0.08863798737229385,
            -0.7268743304873736
        ],
        "R_Ankle": [
            0.11251022822426464,
            9.332116327429381e-05,
            -1.2896003638192481
        ],
        "L_Hip": [
            -0.04033903263414995,
            0.1647703758550687,
            0.07749232618895877
        ],
        "L_Knee": [
            -0.6247800147801527,
            -0.040372705493431006,
            0.28444076084505016
        ],
        "L_Ankle": [
            -1.0923185190194762,
            -0.14120362448859133,
            0.5309834610423285
        ],
        "Spine": [
            0.15951795569551416,
            -0.022687427683795405,
            0.3258641160864804
        ],
        "Thorax": [
            0.2994540405698367,
            0.07597784360840201,
            0.651168306754519
        ],
        "Neck": [
            0.22671489370366904,
            0.004785391199793489,
            0.9057972242111071
        ],
        "Head": [
            0.19228646004121813,
            0.04650811945962372,
            0.9495065516576335
        ],
        "L_Shoulder": [
            0.19710911014770405,
            0.20483649683708932,
            0.5707095716031226
        ],
        "L_Elbow": [
            -0.06640029853021051,
            0.45454755866977997,
            0.47987001675338725
        ],
        "L_Wrist": [
            -0.20005503530189037,
            0.040479459147664335,
            0.5384329126075736
        ],
        "R_Shoulder": [
            0.3992865851195273,
            -0.0778481218799322,
            0.6863871476702592
        ],
        "R_Elbow": [
            0.6021437949923178,
            -0.165742381946484,
            0.8623470117400229
        ],
        "R_Wrist": [
            0.8229603917068449,
            -0.07347343810288025,
            1.1081805770526638
        ]
    }
}