{
    "video": "edition29_sequence_5.mp4",
    "peak_id": 6,
    "frame_idx": 1713,
    "timestamp": 68.52,
    "total_score": 0.404,
    "skeleton_3d": {
        "Pelvis": [
            0.0,
            0.0,
            0.0
        ],
        "R_Hip": [
            0.12883494394570524,
            0.05524442866732318,
            -0.019183623603549554
        ],
        "R_Knee": [
            0.5528610118459758,
            0.19834870917774255,
            -0.22083463188128627
        ],
        "R_Ankle": [
            0.9542644674754673,
            0.5342980571577737,
            -0.14036855239589344
        ],
        "L_Hip": [
            -0.16304495547124007,
            -0.0861690329849997,
            0.016857845101322724
        ],
        "L_Knee": [
            -0.5285756482098589,
            -0.1989133433933889,
            -0.43989761453676396
        ],
        "L_Ankle": [
            -0.4040102349882063,
            -0.20617045125531108,
            -0.5473351129545521
        ],
        "Spine": [
            0.05728792766890784,
            0.04288709132793756,
            0.3671205989943453
        ],
        "Thorax": [
            0.1362286160175926,
            0.056580661951427094,
            0.7376787951902226
        ],
        "Neck": [
            0.049230253807357106,
            0.04828404146355006,
            1.0116271519523545
        ],
        "Head": [
            0.05627291612137935,
            0.09643369993363338,
            1.0851669414114211
        ],
        "L_Shoulder": [
            -0.15540934386820457,
            -0.003564795264719053,
            0.8242667721716457
        ],
        "L_Elbow": [
            -0.3510719601424876,
            -0.08766564209251003,
            1.1577427836069036
        ],
        "L_Wrist": [
            -0.5059869200091678,
            -0.17420202828945433,
            1.589652532611862
        ],
        "R_Shoulder": [
            0.44142857780412464,
            0.11209195117517938,
            0.6922996640128242
        ],
        "R_Elbow": [
            0.8736092990839689,
            0.17352180213511798,
            0.6712681238203828
        ],
        "R_Wrist": [
            1.3128007009043203,
            0.16948142450067094,
            0.7436760875598482
        ]
    }
}