{
    "video": "edition44_sequence_18.mp4",
    "peak_id": 3,
    "frame_idx": 1322,
    "timestamp": 52.88,
    "total_score": 0.679,
    "skeleton_3d": {
        "Pelvis": [
            0.0,
            0.0,
            0.0
        ],
        "R_Hip": [
            0.015568396675106098,
            -0.2163182741897397,
            0.08398350684468149
        ],
        "R_Knee": [
            0.5901259582483204,
            -0.14214178338705435,
            0.3209099691169808
        ],
        "R_Ankle": [
            1.1021850989174353,
            -0.2685562696114399,
            0.7285974913027231
        ],
        "L_Hip": [
            -0.0046676712262093325,
            0.22380105866733635,
            -0.08025400248792007
        ],
        "L_Knee": [
            -0.22376043594372877,
            0.2218478773313478,
            -0.7318543538621656
        ],
        "L_Ankle": [
            -0.0607499680726581,
            0.2561085679756176,
            -1.3593717564369179
        ],
        "Spine": [
            -0.257400384490294,
            0.1230400888936153,
            0.24256544319795062
        ],
        "Thorax": [
            -0.5116510595722928,
            0.2031460374276684,
            0.5048613409347734
        ],
        "Neck": [
            -0.742972976382307,
            0.16907500832439476,
            0.6644097875882278
        ],
        "Head": [
            -0.7300026714020477,
            0.23282581499408955,
            0.7414054444281081
        ],
        "L_Shoulder": [
            -0.5170484360961572,
            0.4015904522696321,
            0.44974939789081925
        ],
        "L_Elbow": [
            -0.5409479453747849,
            0.7265015626892545,
            0.16000310600153222
        ],
        "L_Wrist": [
            -0.7070508557370284,
            0.873678964848754,
            -0.12571660034636753
        ],
        "R_Shoulder": [
            -0.44893856554682093,
            -0.04576965513121536,
            0.5223495509007599
        ],
        "R_Elbow": [
            -0.5086539229034344,
            -0.32238281513355244,
            0.1205708390723212
        ],
        "R_Wrist": [
            -0.7484455733059604,
            -0.13685165270737473,
            -0.17498647201989187
        ]
    }
}