{
    "video": "edition44_sequence_13.mp4",
    "peak_id": 6,
    "frame_idx": 1412,
    "timestamp": 56.48,
    "total_score": 0.824,
    "skeleton_3d": {
        "Pelvis": [
            0.0,
            0.0,
            0.0
        ],
        "R_Hip": [
            0.08495523333070314,
            0.03641009883777155,
            -0.07984522343692155
        ],
        "R_Knee": [
            0.040227841589183695,
            -0.28067628536765477,
            -0.6623116521275145
        ],
        "R_Ankle": [
            -0.10850232357540551,
            -0.5264042534374481,
            -1.220213559921107
        ],
        "L_Hip": [
            -0.08910219326614104,
            0.036644156557711194,
            0.08801528817216198
        ],
        "L_Knee": [
            -0.6473164052809112,
            0.07264709210009981,
            0.2858615412390322
        ],
        "L_Ankle": [
            -1.170791067589917,
            0.01884422170771689,
            0.5167764404871037
        ],
        "Spine": [
            0.1918056623232257,
            -0.1190738332753588,
            0.2764337541977322
        ],
        "Thorax": [
            0.369691973098415,
            -0.07703346614582654,
            0.5885856338287007
        ],
        "Neck": [
            0.314526836283482,
            -0.24366541689347362,
            0.7932420562632204
        ],
        "Head": [
            0.337629315752698,
            -0.08400935622308194,
            0.8421708561374763
        ],
        "L_Shoulder": [
            0.14030617310009244,
            -0.029998840481696647,
            0.6323914159147794
        ],
        "L_Elbow": [
            -0.07876796457080508,
            0.13471052389832006,
            0.8899066289105958
        ],
        "L_Wrist": [
            -0.21728555556667814,
            0.11909744594510223,
            1.2256686941619361
        ],
        "R_Shoulder": [
            0.5987442390738608,
            -0.19134013226142293,
            0.46989866221800625
        ],
        "R_Elbow": [
            0.9241069551538746,
            -0.5709356694705652,
            0.3479977753937941
        ],
        "R_Wrist": [
            1.285824866226789,
            -0.859861646518084,
            0.25747157883423216
        ]
    }
}