{
    "video": "edition44_sequence_18.mp4",
    "peak_id": 0,
    "frame_idx": 329,
    "timestamp": 13.16,
    "total_score": 0.816,
    "skeleton_3d": {
        "Pelvis": [
            0.0,
            0.0,
            0.0
        ],
        "R_Hip": [
            -0.05081491164233797,
            -0.05223679695362853,
            0.0011778308807663626
        ],
        "R_Knee": [
            -0.13414587587788604,
            0.21821152047206296,
            0.139204502487527
        ],
        "R_Ankle": [
            -0.20304041394128827,
            0.6708784471430749,
            0.09357980593841149
        ],
        "L_Hip": [
            0.05779402455098518,
            0.07249981928399854,
            -0.008611134193743552
        ],
        "L_Knee": [
            -0.10296188647118178,
            0.23724267323074563,
            -0.6229042445611861
        ],
        "L_Ankle": [
            -0.17948169659644772,
            0.24597170528039014,
            -1.240243918992618
        ],
        "Spine": [
            -0.004699180793811048,
            -0.12491993827429432,
            0.32124859943087714
        ],
        "Thorax": [
            0.008001342094861093,
            -0.2849372335752198,
            0.6796953287455234
        ],
        "Neck": [
            -0.04132125200490389,
            -0.24495311475587941,
            0.8426264095627695
        ],
        "Head": [
            -0.025105316481826328,
            -0.4491381421178699,
            0.8968297923116593
        ],
        "L_Shoulder": [
            -0.07353132118874622,
            -0.24989639970207037,
            0.6384498593696214
        ],
        "L_Elbow": [
            0.1706068442009151,
            -0.4248800061763355,
            0.4049679712405379
        ],
        "L_Wrist": [
            0.24955913880012356,
            0.04044274995596397,
            0.4696891990828086
        ],
        "R_Shoulder": [
            0.09326993281272489,
            -0.3515150657283698,
            0.6380842716819426
        ],
        "R_Elbow": [
            0.02896987680214289,
            -0.7357119387844159,
            0.41939293041159953
        ],
        "R_Wrist": [
            -0.26358616662392303,
            -0.4803102830508921,
            0.467746284151315
        ]
    }
}