{
    "video": "edition44_sequence_14.mp4",
    "peak_id": 3,
    "frame_idx": 802,
    "timestamp": 32.08,
    "total_score": 0.763,
    "skeleton_3d": {
        "Pelvis": [
            0.0,
            0.0,
            0.0
        ],
        "R_Hip": [
            0.13607295544112527,
            -0.18832919426458733,
            -0.009019448354981304
        ],
        "R_Knee": [
            0.6635992122845669,
            -0.2684929154964763,
            -0.3868569705618807
        ],
        "R_Ankle": [
            1.2438459861939792,
            -0.22677300093080424,
            -0.5982930363437956
        ],
        "L_Hip": [
            -0.13401244155527658,
            0.18847707900263108,
            0.00586311663876498
        ],
        "L_Knee": [
            -0.6854516534122705,
            0.2481086770894023,
            -0.0900273053658677
        ],
        "L_Ankle": [
            -1.3211465553019914,
            0.28804242724349016,
            -0.13978833376066133
        ],
        "Spine": [
            -0.07123041621202618,
            -0.008718364716627902,
            0.36194271659455746
        ],
        "Thorax": [
            -0.12111408391842213,
            -0.10051635830515868,
            0.7385341483127091
        ],
        "Neck": [
            -0.18728256046502795,
            -0.12821209989689586,
            0.9009067435628587
        ],
        "Head": [
            -0.14326509824957334,
            0.038154289145736396,
            0.9551420456163189
        ],
        "L_Shoulder": [
            -0.24637644878889767,
            0.11172328425063786,
            0.768887110629765
        ],
        "L_Elbow": [
            -0.519378043005205,
            0.34938408517630026,
            0.9708303733408716
        ],
        "L_Wrist": [
            -0.7166883125765826,
            0.20659122490369017,
            1.2979654800512272
        ],
        "R_Shoulder": [
            -0.0020169137349873704,
            -0.2798655227206154,
            0.6567458096380597
        ],
        "R_Elbow": [
            -0.3486048865742105,
            -0.6368261821191135,
            0.6609552023424025
        ],
        "R_Wrist": [
            -0.6722546988115671,
            -0.4250573756766002,
            0.7367803455677726
        ]
    }
}