{
    "video": "edition44_sequence_10.mp4",
    "peak_id": 12,
    "frame_idx": 1929,
    "timestamp": 77.16,
    "total_score": 0.894,
    "skeleton_3d": {
        "Pelvis": [
            0.0,
            0.0,
            0.0
        ],
        "R_Hip": [
            0.09974669433411357,
            -0.04671227719774143,
            -0.07557756664622517
        ],
        "R_Knee": [
            0.07601824091219421,
            -0.2606834832491132,
            -0.6595859594038348
        ],
        "R_Ankle": [
            0.2050657126169251,
            -0.020515409491018738,
            -1.2281128122860911
        ],
        "L_Hip": [
            -0.10356204863172058,
            0.10292364005822298,
            0.08379685268434461
        ],
        "L_Knee": [
            -0.6367167432693336,
            0.04742885043927331,
            0.19243695218075912
        ],
        "L_Ankle": [
            -1.175976991904031,
            0.021077517444997983,
            0.28054081927959157
        ],
        "Spine": [
            0.14489397578349825,
            -0.15658671333019344,
            0.2891912712866484
        ],
        "Thorax": [
            0.2653338784946414,
            -0.08970328011111516,
            0.6235089598761067
        ],
        "Neck": [
            0.15671064451329492,
            -0.21786843331883948,
            0.8494177569691438
        ],
        "Head": [
            0.18659305120969455,
            0.026798876196545536,
            0.8994919198973821
        ],
        "L_Shoulder": [
            0.04413496123959648,
            -0.07045762912673792,
            0.5856339222443208
        ],
        "L_Elbow": [
            -0.2678333531064416,
            0.08341863889006328,
            0.3348792389784832
        ],
        "L_Wrist": [
            -0.10586605218781861,
            -0.287807454455638,
            0.053072899015823086
        ],
        "R_Shoulder": [
            0.4967010319400328,
            -0.24118385977844195,
            0.5653104223216184
        ],
        "R_Elbow": [
            0.8560574911844777,
            -0.5118930867304629,
            0.47783461750221995
        ],
        "R_Wrist": [
            1.1365818936403254,
            -0.906266314297187,
            0.5436761102857118
        ]
    }
}