{
    "video": "edition44_sequence_10.mp4",
    "peak_id": 9,
    "frame_idx": 1494,
    "timestamp": 59.76,
    "total_score": 0.908,
    "skeleton_3d": {
        "Pelvis": [
            0.0,
            0.0,
            0.0
        ],
        "R_Hip": [
            0.06621457704023077,
            0.004128133100827815,
            -0.062477039562974776
        ],
        "R_Knee": [
            -0.034270265236035456,
            -0.07631231402428579,
            -0.7491447922980558
        ],
        "R_Ankle": [
            0.009903911929332425,
            0.04684196031528661,
            -1.3373795716463208
        ],
        "L_Hip": [
            -0.07143111884145663,
            0.08167278030860485,
            0.07324739607749615
        ],
        "L_Knee": [
            -0.6531013202435998,
            0.156041305691355,
            0.19579809400160672
        ],
        "L_Ankle": [
            -1.2124302422855924,
            0.1641000872101542,
            0.419164880849429
        ],
        "Spine": [
            0.1390966106218918,
            -0.23298485031972282,
            0.2549111387343746
        ],
        "Thorax": [
            0.2594714147106659,
            -0.32252180371098765,
            0.5558584796956656
        ],
        "Neck": [
            0.32859733395553986,
            -0.37921864287581974,
            0.8042456575734541
        ],
        "Head": [
            0.30461357918506254,
            -0.2086729923228109,
            0.8318956241801183
        ],
        "L_Shoulder": [
            0.047897440608600274,
            -0.3462269319760827,
            0.508566861745663
        ],
        "L_Elbow": [
            -0.24627355874201656,
            0.04790275110999323,
            0.4578286030506076
        ],
        "L_Wrist": [
            -0.4854862220567946,
            0.032508155114204046,
            0.5342888458739438
        ],
        "R_Shoulder": [
            0.47795103618465207,
            -0.3148508273286929,
            0.5305802291893669
        ],
        "R_Elbow": [
            0.7955407100777112,
            -0.5763042135157546,
            0.6909107707821923
        ],
        "R_Wrist": [
            1.0663817169607,
            -0.6760546134493756,
            0.9091154072374656
        ]
    }
}