{
    "video": "edition44_sequence_8.mp4",
    "peak_id": 4,
    "frame_idx": 1200,
    "timestamp": 48.0,
    "total_score": 0.421,
    "skeleton_3d": {
        "Pelvis": [
            0.0,
            0.0,
            0.0
        ],
        "R_Hip": [
            0.12330052132787421,
            0.034496389639517844,
            -0.027209931319262505
        ],
        "R_Knee": [
            0.05828692665835137,
            -0.10836541576228013,
            -0.5791358536635329
        ],
        "R_Ankle": [
            0.005002684661208961,
            0.17630212440452867,
            -1.1162694940240112
        ],
        "L_Hip": [
            -0.12111020119391441,
            0.0072030600989628525,
            0.03209101558340228
        ],
        "L_Knee": [
            -0.5170481270753644,
            0.05246269612130298,
            -0.32570670196549295
        ],
        "L_Ankle": [
            -0.9407758009737619,
            -0.09285656908627621,
            -0.5371255080568881
        ],
        "Spine": [
            0.05677442457246306,
            0.042757846740093926,
            0.27736564169893047
        ],
        "Thorax": [
            0.11275019310324703,
            0.23898991570789663,
            0.5996147907752374
        ],
        "Neck": [
            0.11957561895816217,
            0.10378470664179257,
            0.771396087236586
        ],
        "Head": [
            0.1288272608521948,
            0.357294413062168,
            0.8137443962505702
        ],
        "L_Shoulder": [
            -0.09904161149409368,
            0.19012935726867888,
            0.5802358895666043
        ],
        "L_Elbow": [
            -0.41167181751101894,
            0.2928500205429117,
            0.5696069687742868
        ],
        "L_Wrist": [
            -0.731583354832673,
            0.31373840968421285,
            0.6732632015676474
        ],
        "R_Shoulder": [
            0.32696470313771936,
            0.08504470544406452,
            0.5374794523863986
        ],
        "R_Elbow": [
            0.6417135988238424,
            -0.21707862934554337,
            0.5036921895727638
        ],
        "R_Wrist": [
            1.0024514750864182,
            -0.43117634389778575,
            0.5073307334976654
        ]
    }
}