{
    "video": "edition44_sequence_15.mp4",
    "peak_id": 6,
    "frame_idx": 1269,
    "timestamp": 50.76,
    "total_score": 0.418,
    "skeleton_3d": {
        "Pelvis": [
            0.0,
            0.0,
            0.0
        ],
        "R_Hip": [
            0.1527695614610387,
            -0.04382363313522544,
            -0.029358042214795835
        ],
        "R_Knee": [
            0.06818918324062156,
            -0.21134245769424176,
            -0.7017787664128586
        ],
        "R_Ankle": [
            0.007580240638473775,
            -0.1556420690180524,
            -1.3340755469127916
        ],
        "L_Hip": [
            -0.14174578300875998,
            0.07952913703516204,
            0.03021714134629169
        ],
        "L_Knee": [
            -0.5831842657544732,
            0.11218059790740384,
            -0.22770802272303126
        ],
        "L_Ankle": [
            -0.9329741450955267,
            0.08585028520378045,
            -0.3402340841259714
        ],
        "Spine": [
            0.04072791890201883,
            -0.015604486187644871,
            0.3372095095325664
        ],
        "Thorax": [
            0.09790611237488331,
            0.11891120933198404,
            0.726501363069023
        ],
        "Neck": [
            0.12428926995111156,
            -0.05892133060963702,
            0.8991514435372443
        ],
        "Head": [
            0.1272346185500086,
            0.2755076109278556,
            0.94399526440283
        ],
        "L_Shoulder": [
            -0.15284783346850747,
            0.07957495094817087,
            0.736531477635315
        ],
        "L_Elbow": [
            -0.32537192755388167,
            0.06899427318462219,
            0.9293650994505738
        ],
        "L_Wrist": [
            -0.3395232060358741,
            0.1110480575459773,
            1.305037323219108
        ],
        "R_Shoulder": [
            0.3460760303325493,
            -0.09497266983470394,
            0.6155682046234529
        ],
        "R_Elbow": [
            0.6191247283992866,
            -0.38499816068913023,
            0.34615108732857885
        ],
        "R_Wrist": [
            0.37207276306422715,
            -0.6615210542013886,
            0.10497931782217321
        ]
    }
}