{
    "video": "edition44_sequence_18.mp4",
    "peak_id": 7,
    "frame_idx": 1791,
    "timestamp": 71.64,
    "total_score": 0.496,
    "skeleton_3d": {
        "Pelvis": [
            0.0,
            0.0,
            0.0
        ],
        "R_Hip": [
            0.05596002884296424,
            -0.20673550288996612,
            0.01578595528586721
        ],
        "R_Knee": [
            0.6195825677472601,
            -0.2316875254952678,
            -0.13332925588815964
        ],
        "R_Ankle": [
            1.2266408500018788,
            -0.30738343987344624,
            -0.21192825332241544
        ],
        "L_Hip": [
            -0.05336964472564044,
            0.2264999874444618,
            -0.020865502836988396
        ],
        "L_Knee": [
            -0.20404016150227522,
            0.23838507166820802,
            -0.613258881217681
        ],
        "L_Ankle": [
            -0.1715924075350392,
            0.08442660967088282,
            -1.1650550662513972
        ],
        "Spine": [
            -0.08071440798431612,
            0.11130423049471573,
            0.30505399511716014
        ],
        "Thorax": [
            -0.12115804331208492,
            0.22954067737592265,
            0.6365156489132408
        ],
        "Neck": [
            -0.17045073267572863,
            0.23517082826795846,
            0.8020596841491139
        ],
        "Head": [
            -0.13290780657239729,
            0.39101822597293096,
            0.8415735059514503
        ],
        "L_Shoulder": [
            -0.19908862502033148,
            0.36366384806811564,
            0.6044865559515868
        ],
        "L_Elbow": [
            -0.391162539864694,
            0.7084794729148954,
            0.632736006544183
        ],
        "L_Wrist": [
            -0.5677740062038804,
            0.5308244249709388,
            0.37503967632533225
        ],
        "R_Shoulder": [
            -0.0599571468461279,
            -0.036094226265284954,
            0.6149227739178728
        ],
        "R_Elbow": [
            -0.3701464180381475,
            -0.3826261408077275,
            0.7928935289099891
        ],
        "R_Wrist": [
            -0.5336602117840166,
            -0.3200048138241667,
            1.0653663958896233
        ]
    }
}