{
    "video": "edition44_sequence_7.mp4",
    "peak_id": 1,
    "frame_idx": 676,
    "timestamp": 27.04,
    "total_score": 0.749,
    "skeleton_3d": {
        "Pelvis": [
            0.0,
            0.0,
            0.0
        ],
        "R_Hip": [
            0.062180808255105385,
            0.04108463419890302,
            0.04033293969218932
        ],
        "R_Knee": [
            0.6474558296424958,
            0.23700398697812314,
            0.08027969065309437
        ],
        "R_Ankle": [
            1.0718855826394431,
            0.28994230643238095,
            0.24630760273183622
        ],
        "L_Hip": [
            -0.05202610824153575,
            0.045197759968564344,
            -0.03874147442230517
        ],
        "L_Knee": [
            -0.0012652881542192357,
            0.026788586468963812,
            -0.7579137165506915
        ],
        "L_Ankle": [
            -0.04680340134708027,
            0.2491057073707448,
            -1.38703204822116
        ],
        "Spine": [
            -0.10374311451781078,
            -0.12211115592464704,
            0.32381567041172243
        ],
        "Thorax": [
            -0.16179882213298036,
            -0.09308928120152286,
            0.6858225524202168
        ],
        "Neck": [
            -0.13182725502018852,
            -0.20981071001875362,
            0.934771801513791
        ],
        "Head": [
            -0.11957410011745144,
            -0.02845146004476925,
            0.9844876416238036
        ],
        "L_Shoulder": [
            -0.3814734181818428,
            -0.08945600869239731,
            0.6465319909476467
        ],
        "L_Elbow": [
            -0.6604558957843781,
            0.01016787571114221,
            0.619545596991156
        ],
        "L_Wrist": [
            -0.9203083761619317,
            -0.08373118563353453,
            0.7586601200686981
        ],
        "R_Shoulder": [
            0.0491049981360002,
            -0.16116991597530148,
            0.6294680713684375
        ],
        "R_Elbow": [
            0.2636282421519981,
            -0.06920201707477354,
            0.5058885324667582
        ],
        "R_Wrist": [
            0.4307890137016827,
            -0.14309821001930778,
            0.6346376345568772
        ]
    }
}