{
    "video": "edition44_sequence_3.mp4",
    "peak_id": 7,
    "frame_idx": 1750,
    "timestamp": 70.0,
    "total_score": 0.572,
    "skeleton_3d": {
        "Pelvis": [
            0.0,
            0.0,
            0.0
        ],
        "R_Hip": [
            0.11068218825525472,
            0.1607920462882467,
            0.02384984716222617
        ],
        "R_Knee": [
            0.45058364108230103,
            0.30887874838937657,
            -0.5220191480661782
        ],
        "R_Ankle": [
            0.8227769278877362,
            0.6176645475360117,
            -0.8435165057483652
        ],
        "L_Hip": [
            -0.11629632009880006,
            -0.1597829642582097,
            -0.01954352131979666
        ],
        "L_Knee": [
            0.05215072743618097,
            -0.03455467591792296,
            -0.5809689892891367
        ],
        "L_Ankle": [
            -0.06704318374763658,
            0.36553784053316024,
            -1.1210740675324344
        ],
        "Spine": [
            -0.01622041965192636,
            -0.09505281782192715,
            0.3487752522282443
        ],
        "Thorax": [
            -0.0033254573623311976,
            -0.17973208667003135,
            0.7391464996004643
        ],
        "Neck": [
            0.14835921457919843,
            -0.2971746638909787,
            0.9876426730179458
        ],
        "Head": [
            0.11900969323225011,
            -0.2584865485684372,
            1.0628655956597493
        ],
        "L_Shoulder": [
            -0.1839896286682281,
            -0.2346006243328057,
            0.6594318362376307
        ],
        "L_Elbow": [
            -0.46119823181633923,
            -0.1307515595183128,
            0.37864735917199976
        ],
        "L_Wrist": [
            -0.6395146802407164,
            -0.45811959040483213,
            0.1931946625131547
        ],
        "R_Shoulder": [
            0.1563491861328257,
            -0.017083778838211796,
            0.7050386734190672
        ],
        "R_Elbow": [
            0.38128860233898326,
            0.1936313595276993,
            0.3798198156969853
        ],
        "R_Wrist": [
            0.40944407411365985,
            -0.2513597548485146,
            0.29096072652172533
        ]
    }
}