{
    "video": "edition44_sequence_11.mp4",
    "peak_id": 8,
    "frame_idx": 1411,
    "timestamp": 56.44,
    "total_score": 0.611,
    "skeleton_3d": {
        "Pelvis": [
            0.0,
            0.0,
            0.0
        ],
        "R_Hip": [
            0.1388524919950203,
            0.06547468875989579,
            -0.05693481607376948
        ],
        "R_Knee": [
            0.1404427935593197,
            -0.41782156119640407,
            -0.6127266786371861
        ],
        "R_Ankle": [
            0.043621245314139176,
            -0.4659711352941824,
            -1.197016098809856
        ],
        "L_Hip": [
            -0.141053019389006,
            -0.050556713809359825,
            0.06094910285506614
        ],
        "L_Knee": [
            -0.6020061573266279,
            0.06824209250420112,
            0.06614361661501243
        ],
        "L_Ankle": [
            -1.1880911183636071,
            -0.05097248562890044,
            0.09859223275664204
        ],
        "Spine": [
            0.11507488276623656,
            0.13081399482946143,
            0.29063076723798414
        ],
        "Thorax": [
            0.2071590247912521,
            0.326289530059026,
            0.6043607530755607
        ],
        "Neck": [
            0.3283969447661531,
            0.19012084239732335,
            0.8282590527541142
        ],
        "Head": [
            0.31830943822084445,
            0.4475922690894297,
            0.8618427472685349
        ],
        "L_Shoulder": [
            -0.013567228656806703,
            0.28684096094107336,
            0.5732136692272027
        ],
        "L_Elbow": [
            -0.3656937838507585,
            0.15861677397663637,
            0.5372236651244765
        ],
        "L_Wrist": [
            -0.658466105010143,
            -0.04805897387528378,
            0.560201376402262
        ],
        "R_Shoulder": [
            0.43468749458873124,
            0.19302383715186838,
            0.5697296513066601
        ],
        "R_Elbow": [
            0.679299358513243,
            -0.11690091409003928,
            0.7861967126688105
        ],
        "R_Wrist": [
            0.8334272550782078,
            -0.04136801929575379,
            1.038537826009469
        ]
    }
}