{
    "video": "edition44_sequence_18.mp4",
    "peak_id": 1,
    "frame_idx": 986,
    "timestamp": 39.44,
    "total_score": 0.594,
    "skeleton_3d": {
        "Pelvis": [
            0.0,
            0.0,
            0.0
        ],
        "R_Hip": [
            0.13777758206794213,
            -0.06917133502985542,
            0.012797208559588616
        ],
        "R_Knee": [
            0.1916678167426292,
            -0.7807540617876128,
            -0.01988851333218866
        ],
        "R_Ankle": [
            -0.020487014032643892,
            -1.3888811238635184,
            -0.27890458854153266
        ],
        "L_Hip": [
            -0.13080901625366956,
            0.09694164604970833,
            -0.012035735376113134
        ],
        "L_Knee": [
            -0.056879027638763915,
            0.14059313202222554,
            -0.6028875320299676
        ],
        "L_Ankle": [
            -0.0835937271639399,
            0.19442281185685284,
            -1.2347863920031612
        ],
        "Spine": [
            -0.02417220552230095,
            0.19093474159247892,
            0.32839708691102315
        ],
        "Thorax": [
            -0.015294311443268484,
            0.3820778307087699,
            0.7172743529225557
        ],
        "Neck": [
            -0.1038184863592597,
            0.3387122187481233,
            0.9282664525204511
        ],
        "Head": [
            -0.08173403471686413,
            0.5791988559051101,
            0.9544316315212965
        ],
        "L_Shoulder": [
            -0.2169199568109233,
            0.40245924357458657,
            0.695687845859467
        ],
        "L_Elbow": [
            -0.4275260603926906,
            0.2917491319206346,
            0.9617339992813884
        ],
        "L_Wrist": [
            -0.5614985489575979,
            0.35302291242752587,
            1.2984848814893264
        ],
        "R_Shoulder": [
            0.1827482331501546,
            0.09136021054265384,
            0.6574549175949149
        ],
        "R_Elbow": [
            0.09027942741426077,
            -0.46614298380539615,
            0.4904005066954318
        ],
        "R_Wrist": [
            -0.30069538422482783,
            -0.712636169454469,
            0.3881618699591292
        ]
    }
}