{
    "video": "edition44_sequence_11.mp4",
    "peak_id": 9,
    "frame_idx": 1451,
    "timestamp": 58.04,
    "total_score": 0.488,
    "skeleton_3d": {
        "Pelvis": [
            0.0,
            0.0,
            0.0
        ],
        "R_Hip": [
            0.0923221198960093,
            -0.18689945121845497,
            0.007601528360262937
        ],
        "R_Knee": [
            -0.3711513335999831,
            -0.6042157460114703,
            -0.1461583243807747
        ],
        "R_Ankle": [
            -0.045460142601520495,
            -1.144073204684854,
            -0.4079514798020982
        ],
        "L_Hip": [
            -0.08848953043733501,
            0.21228828444045322,
            -0.0021912944428610294
        ],
        "L_Knee": [
            -0.0033619827467476293,
            0.4336682332850079,
            -0.6394053060224535
        ],
        "L_Ankle": [
            -0.04352659675697561,
            0.7969173572006439,
            -1.2368230152186777
        ],
        "Spine": [
            0.041182728744349376,
            0.11123850216014396,
            0.3090579759117187
        ],
        "Thorax": [
            0.09513118124661832,
            0.3007804093643188,
            0.6586992526834128
        ],
        "Neck": [
            0.04146500761018099,
            0.18974208230676554,
            0.9091253346088845
        ],
        "Head": [
            0.0726786089935948,
            0.39268349113994105,
            0.9608185693412291
        ],
        "L_Shoulder": [
            -0.14045745722404288,
            0.29678515384671017,
            0.6339042333590414
        ],
        "L_Elbow": [
            -0.49438398840389053,
            0.4213063740245386,
            0.5165190564030521
        ],
        "L_Wrist": [
            -0.5585847035037864,
            -0.11910044338361998,
            0.40654276876830064
        ],
        "R_Shoulder": [
            0.3197213536134082,
            0.10058056082754181,
            0.5858232343479298
        ],
        "R_Elbow": [
            0.6796875703230252,
            -0.26955360083920155,
            0.4989460726218127
        ],
        "R_Wrist": [
            1.0916275815456111,
            -0.5594330561948774,
            0.4538894456259106
        ]
    }
}