{
    "video": "edition44_sequence_16.mp4",
    "peak_id": 5,
    "frame_idx": 1204,
    "timestamp": 48.16,
    "total_score": 0.479,
    "skeleton_3d": {
        "Pelvis": [
            0.0,
            0.0,
            0.0
        ],
        "R_Hip": [
            0.11838034836773804,
            -0.054632035974848295,
            -0.02367819910563351
        ],
        "R_Knee": [
            0.027821952421587953,
            -0.11717241999771226,
            -0.6640637661098546
        ],
        "R_Ankle": [
            0.02327632585981007,
            0.19875095087121947,
            -1.2383570909165968
        ],
        "L_Hip": [
            -0.11304557814775869,
            0.09958266325562472,
            0.032731863311415685
        ],
        "L_Knee": [
            -0.6247778908293911,
            0.16219589334888965,
            -0.30645908158716423
        ],
        "L_Ankle": [
            -1.0686710127359114,
            0.09588469963792001,
            -0.5536718353975337
        ],
        "Spine": [
            0.054109288773737434,
            -0.1772244528255029,
            0.2911937924299932
        ],
        "Thorax": [
            0.11524966373048406,
            -0.1989587987411568,
            0.6335900878000327
        ],
        "Neck": [
            0.2237827828250624,
            -0.32170704906039205,
            0.8425146657153539
        ],
        "Head": [
            0.20620020027044852,
            -0.17547258163256102,
            0.8933883034081129
        ],
        "L_Shoulder": [
            -0.11927540073719335,
            -0.22752996642716286,
            0.594400246698924
        ],
        "L_Elbow": [
            -0.4428792358762804,
            0.09829908206085532,
            0.4833811821987089
        ],
        "L_Wrist": [
            -0.6520758777334227,
            0.04214089962912342,
            0.33676975840962275
        ],
        "R_Shoulder": [
            0.3486059956898791,
            -0.2648908400369241,
            0.5727746918153297
        ],
        "R_Elbow": [
            0.6620840604885794,
            -0.2879891328519103,
            0.4596118838664109
        ],
        "R_Wrist": [
            0.8902398035916466,
            -0.6413293273567305,
            0.3325495842669122
        ]
    }
}