{
    "video": "edition44_sequence_11.mp4",
    "peak_id": 4,
    "frame_idx": 929,
    "timestamp": 37.16,
    "total_score": 1.0,
    "skeleton_3d": {
        "Pelvis": [
            0.0,
            0.0,
            0.0
        ],
        "R_Hip": [
            0.06251014033598712,
            0.10941545199822253,
            0.052817385462347946
        ],
        "R_Knee": [
            0.6477723077376579,
            0.1264707973791061,
            0.27618242952300864
        ],
        "R_Ankle": [
            1.1616455417344795,
            -0.06359866044213257,
            0.6337534486141806
        ],
        "L_Hip": [
            -0.05061614072347662,
            -0.048756912032878505,
            -0.05037186103671363
        ],
        "L_Knee": [
            0.0460434475451236,
            -0.16766647309990163,
            -0.7326596264232395
        ],
        "L_Ankle": [
            -0.04661938060031007,
            -0.16714385666171688,
            -1.3199000623973922
        ],
        "Spine": [
            -0.13999364905919498,
            -0.0789060968688281,
            0.28165942041101866
        ],
        "Thorax": [
            -0.23128706963820445,
            0.004782808670685255,
            0.5857714997481283
        ],
        "Neck": [
            -0.2700430977665722,
            -0.06674304508513537,
            0.8256629605973029
        ],
        "Head": [
            -0.24354170887458945,
            0.15312128370614378,
            0.8621411172917898
        ],
        "L_Shoulder": [
            -0.42278841378908344,
            -0.008909432183652317,
            0.5789565498334284
        ],
        "L_Elbow": [
            -0.6439921980229152,
            -0.12540266934003613,
            0.851217390323759
        ],
        "L_Wrist": [
            -0.7025510318675676,
            0.006445591967952119,
            1.1717113598845994
        ],
        "R_Shoulder": [
            -0.04061041727402784,
            -0.07309000454253217,
            0.5133900277109503
        ],
        "R_Elbow": [
            0.2798446760828867,
            -0.1613882467438383,
            0.43765527817821614
        ],
        "R_Wrist": [
            0.5660625057026591,
            -0.37133970468995403,
            0.4838689532305661
        ]
    }
}