{
    "video": "edition44_sequence_7.mp4",
    "peak_id": 15,
    "frame_idx": 3485,
    "timestamp": 139.4,
    "total_score": 0.909,
    "skeleton_3d": {
        "Pelvis": [
            0.0,
            0.0,
            0.0
        ],
        "R_Hip": [
            0.05114310447454495,
            -0.15097441913307996,
            -0.051373544103731676
        ],
        "R_Knee": [
            0.04208235953844159,
            -0.2940355949634196,
            -0.7530874208885755
        ],
        "R_Ankle": [
            0.13180816092893036,
            -0.39675883575498727,
            -1.3720666627928655
        ],
        "L_Hip": [
            -0.05677440159178852,
            0.17106875479816233,
            0.054596919818956945
        ],
        "L_Knee": [
            -0.7380748515558242,
            0.14068643276671255,
            0.13520963150596466
        ],
        "L_Ankle": [
            -1.305739546869666,
            -0.014555467661864939,
            0.24285674265352328
        ],
        "Spine": [
            0.08318283743640204,
            -0.04153124513606725,
            0.338707828892544
        ],
        "Thorax": [
            0.1600079010077818,
            0.15123632151507427,
            0.7157726115844157
        ],
        "Neck": [
            0.1281065405030665,
            0.145153600267244,
            0.9072281123542869
        ],
        "Head": [
            0.13367474909525023,
            0.39189818589217806,
            0.9450650185996824
        ],
        "L_Shoulder": [
            -0.025909359577804377,
            0.23771000142827348,
            0.6128389670296855
        ],
        "L_Elbow": [
            -0.41340861713267707,
            0.49974973894892516,
            0.5531603119297204
        ],
        "L_Wrist": [
            -0.7575099365869482,
            0.4690837009812276,
            0.5840846969029538
        ],
        "R_Shoulder": [
            0.35663422330371924,
            -0.12985425644295093,
            0.7411835236846973
        ],
        "R_Elbow": [
            0.4528862131711624,
            -0.5543559741647164,
            1.0555645042578816
        ],
        "R_Wrist": [
            0.5206474654883142,
            -0.43102797606419607,
            1.387719261990774
        ]
    }
}