{
    "video": "edition44_sequence_11.mp4",
    "peak_id": 2,
    "frame_idx": 718,
    "timestamp": 28.72,
    "total_score": 0.581,
    "skeleton_3d": {
        "Pelvis": [
            0.0,
            0.0,
            0.0
        ],
        "R_Hip": [
            0.10956097316094729,
            0.032218516494825045,
            0.016798022485790716
        ],
        "R_Knee": [
            -0.3668095492722076,
            0.18979363852830183,
            0.09947168632157266
        ],
        "R_Ankle": [
            -0.6019476333815476,
            -0.06818440822449598,
            0.24059071424810463
        ],
        "L_Hip": [
            -0.10135753110705971,
            -7.366250473850708e-05,
            -0.018777778606231615
        ],
        "L_Knee": [
            -0.03180593661717129,
            -0.08229726141905622,
            -0.613440817956849
        ],
        "L_Ankle": [
            -0.08875733785812957,
            -0.29872846176712214,
            -1.1240063481110942
        ],
        "Spine": [
            -0.04878384260473445,
            0.13476373228376753,
            0.2663494990442351
        ],
        "Thorax": [
            -0.09058470521191102,
            0.38418062490217514,
            0.564024353098366
        ],
        "Neck": [
            -0.12033956500792176,
            0.27754864035526733,
            0.7825908347950178
        ],
        "Head": [
            -0.1140644924791883,
            0.5509819187799748,
            0.8049466670331831
        ],
        "L_Shoulder": [
            -0.26825798178126325,
            0.26514115021847023,
            0.4648132093877817
        ],
        "L_Elbow": [
            -0.5578276785875405,
            0.19035470011498867,
            0.26490802460701923
        ],
        "L_Wrist": [
            -0.8241758797856436,
            -0.06670434990331578,
            0.1559264789074489
        ],
        "R_Shoulder": [
            0.08784299173894233,
            0.2629607687167992,
            0.6029124738268058
        ],
        "R_Elbow": [
            0.15188900126403648,
            -0.11131192982371037,
            0.9201259687820222
        ],
        "R_Wrist": [
            0.15203164266547578,
            -0.0787923130262736,
            1.2416876808946387
        ]
    }
}