{
    "video": "edition44_sequence_7.mp4",
    "peak_id": 14,
    "frame_idx": 2814,
    "timestamp": 112.56,
    "total_score": 0.645,
    "skeleton_3d": {
        "Pelvis": [
            0.0,
            0.0,
            0.0
        ],
        "R_Hip": [
            0.10733018943086384,
            -0.13417033924762076,
            -0.019339394199352808
        ],
        "R_Knee": [
            0.1041151311862125,
            -0.4354378920787578,
            -0.5754163391918836
        ],
        "R_Ankle": [
            0.07947124439424497,
            -0.7710499380213561,
            -1.1129074862015593
        ],
        "L_Hip": [
            -0.10297440093400585,
            0.12664181527074644,
            0.01546638484952618
        ],
        "L_Knee": [
            -0.36764642969794487,
            0.28054540472023876,
            0.1467605502281029
        ],
        "L_Ankle": [
            -0.1518022750272454,
            0.0944834858067661,
            0.35739647507623934
        ],
        "Spine": [
            -0.003424341268545611,
            0.09374581730048041,
            0.29840454692053564
        ],
        "Thorax": [
            0.0038433407862735317,
            0.35423135519693905,
            0.6220499412241103
        ],
        "Neck": [
            0.07569895284232638,
            0.23161850153434055,
            0.8755755625707543
        ],
        "Head": [
            0.07664030417086892,
            0.5154101891192501,
            0.8827761491873733
        ],
        "L_Shoulder": [
            -0.19857088148769614,
            0.30163251029012766,
            0.5479170160941679
        ],
        "L_Elbow": [
            -0.48287949686236464,
            0.10470473901006985,
            0.43149418051693417
        ],
        "L_Wrist": [
            -0.7688248947281144,
            -0.21396179369716675,
            0.3689223549326644
        ],
        "R_Shoulder": [
            0.2045509875968103,
            0.18162155059572008,
            0.6213532221774125
        ],
        "R_Elbow": [
            0.38629386213698325,
            -0.12897379237421486,
            0.8889350740694696
        ],
        "R_Wrist": [
            0.48602734858059354,
            -0.02410892862398186,
            1.214981504979123
        ]
    }
}