{
    "video": "edition44_sequence_3.mp4",
    "peak_id": 2,
    "frame_idx": 757,
    "timestamp": 30.28,
    "total_score": 0.843,
    "skeleton_3d": {
        "Pelvis": [
            0.0,
            0.0,
            0.0
        ],
        "R_Hip": [
            0.09712740008818817,
            0.026612837590137585,
            0.0529425738268652
        ],
        "R_Knee": [
            0.6233573130043822,
            -0.10087055390364275,
            0.09375562839500429
        ],
        "R_Ankle": [
            1.0911783561016144,
            -0.43160700440475,
            0.2099465561181071
        ],
        "L_Hip": [
            -0.0882139953788331,
            -0.0020249439807242067,
            -0.05327645354028746
        ],
        "L_Knee": [
            0.007716375927318153,
            -0.38007534797534787,
            -0.5660765668279711
        ],
        "L_Ankle": [
            0.04840404104382522,
            -0.5880680384356036,
            -1.0623968814305105
        ],
        "Spine": [
            -0.08470717564118714,
            0.16384855332821807,
            0.24808837611582948
        ],
        "Thorax": [
            -0.12474814567597715,
            0.4358131800869317,
            0.5226866243006522
        ],
        "Neck": [
            -0.06061380967463523,
            0.35132394413338636,
            0.7039413768617262
        ],
        "Head": [
            -0.06666990733030101,
            0.5908521739586428,
            0.730457646979473
        ],
        "L_Shoulder": [
            -0.29267920778633244,
            0.2758461383784663,
            0.5260105582754625
        ],
        "L_Elbow": [
            -0.49666221648478354,
            -0.018201118340687144,
            0.7748559712061299
        ],
        "L_Wrist": [
            -0.5990034849338564,
            0.05399711990874888,
            1.0312938993770175
        ],
        "R_Shoulder": [
            0.03328495968130753,
            0.40096795470953756,
            0.469432219420685
        ],
        "R_Elbow": [
            0.2565349324331452,
            0.21015872525793072,
            0.4827055129335287
        ],
        "R_Wrist": [
            0.48897929189409817,
            0.1299720540518291,
            0.59535034674279
        ]
    }
}