{
    "video": "edition44_sequence_3.mp4",
    "peak_id": 5,
    "frame_idx": 1274,
    "timestamp": 50.96,
    "total_score": 0.402,
    "skeleton_3d": {
        "Pelvis": [
            0.0,
            0.0,
            0.0
        ],
        "R_Hip": [
            0.09020168325892722,
            0.12522959956253443,
            0.006088611870163033
        ],
        "R_Knee": [
            -0.31320594920792255,
            0.6035713476348781,
            -0.1842461878260658
        ],
        "R_Ankle": [
            -0.7027391806588851,
            0.516203464049113,
            -0.2594824428393169
        ],
        "L_Hip": [
            -0.09016376584885293,
            -0.09521623038732668,
            -0.00723351910402057
        ],
        "L_Knee": [
            -0.05439941330723842,
            -0.05226817489073442,
            -0.6560052763875459
        ],
        "L_Ankle": [
            -0.06050578758065155,
            0.09655366007474661,
            -1.2431639063037254
        ],
        "Spine": [
            -0.002178372930104378,
            -0.004816910484697457,
            0.3129300355921776
        ],
        "Thorax": [
            -0.014826884892823015,
            0.17440867326560003,
            0.6714704373856987
        ],
        "Neck": [
            -0.1467331348978944,
            0.07427017168473164,
            0.8598788126734666
        ],
        "Head": [
            -0.11852988817114578,
            0.364567820148989,
            0.8968936326902077
        ],
        "L_Shoulder": [
            -0.22249547701343828,
            0.08413865439175648,
            0.5659357934037128
        ],
        "L_Elbow": [
            -0.5344764988966251,
            0.21699653122173707,
            0.30282756339770617
        ],
        "L_Wrist": [
            -0.35529197463411794,
            -0.18965458607116276,
            0.128044715501518
        ],
        "R_Shoulder": [
            0.2122415922942776,
            0.02983045641749298,
            0.6820683999251154
        ],
        "R_Elbow": [
            0.5264281518625695,
            -0.298314613109941,
            0.8789935868846471
        ],
        "R_Wrist": [
            0.8271634227162777,
            -0.3436284678785016,
            1.1397680070855762
        ]
    }
}