{
    "video": "edition44_sequence_11.mp4",
    "peak_id": 7,
    "frame_idx": 1337,
    "timestamp": 53.48,
    "total_score": 0.512,
    "skeleton_3d": {
        "Pelvis": [
            0.0,
            0.0,
            0.0
        ],
        "R_Hip": [
            0.07157455983524172,
            0.040348140551672636,
            -0.010270576323477996
        ],
        "R_Knee": [
            0.00915280232500678,
            0.12045863711161187,
            -0.6707065990692612
        ],
        "R_Ankle": [
            0.0749756536501097,
            0.44679668624099267,
            -1.2692850603146602
        ],
        "L_Hip": [
            -0.07520665899842253,
            0.002596464092919918,
            0.009708866303455216
        ],
        "L_Knee": [
            0.40251257446602956,
            0.49094366042783677,
            -0.011107056244082642
        ],
        "L_Ankle": [
            0.815067904695188,
            0.9203559805876329,
            -0.22928900114666353
        ],
        "Spine": [
            -0.06380456770782252,
            -0.15089885283602145,
            0.301131880913854
        ],
        "Thorax": [
            -0.09926519041727165,
            -0.19801950374085253,
            0.6353078849273923
        ],
        "Neck": [
            -0.053016466432283055,
            -0.2991136776892795,
            0.9152363751875945
        ],
        "Head": [
            -0.08702457228409424,
            -0.22559380607747723,
            0.9559804869200412
        ],
        "L_Shoulder": [
            -0.32377430100271926,
            -0.15630209607050558,
            0.5429903434650611
        ],
        "L_Elbow": [
            -0.6261653295803578,
            -0.12939381638180733,
            0.3659973664249292
        ],
        "L_Wrist": [
            -0.9379774680468432,
            -0.36443668427355974,
            0.2513438123961047
        ],
        "R_Shoulder": [
            0.13372599377993527,
            -0.21519517035759012,
            0.6315196816815596
        ],
        "R_Elbow": [
            0.4019228877843613,
            0.10044150267373053,
            0.4809776364104412
        ],
        "R_Wrist": [
            0.6531337430130527,
            -0.020080519448425278,
            0.40742617664928327
        ]
    }
}