{
    "video": "edition44_sequence_10.mp4",
    "peak_id": 5,
    "frame_idx": 1009,
    "timestamp": 40.36,
    "total_score": 0.888,
    "skeleton_3d": {
        "Pelvis": [
            0.0,
            0.0,
            0.0
        ],
        "R_Hip": [
            0.0835021408015204,
            0.0806277818350469,
            -0.017701787540665155
        ],
        "R_Knee": [
            0.014680994140281362,
            -0.10723094466570404,
            -0.6064227560824772
        ],
        "R_Ankle": [
            -0.0014122074711959256,
            -0.42637921365718734,
            -1.136029046062246
        ],
        "L_Hip": [
            -0.08251125734403894,
            -0.06081661951018964,
            0.01138461623478293
        ],
        "L_Knee": [
            0.1871752043844458,
            -0.3551016480149089,
            0.2878128374614127
        ],
        "L_Ankle": [
            0.5281549495397231,
            -0.757180620786056,
            0.30989397158626236
        ],
        "Spine": [
            -0.043994416871815586,
            0.163281636796491,
            0.29772827636586596
        ],
        "Thorax": [
            -0.060292524351284266,
            0.40902449143942393,
            0.6106210296288518
        ],
        "Neck": [
            0.00047030979856173917,
            0.339874273978435,
            0.8578765227713704
        ],
        "Head": [
            -0.044471540686263224,
            0.5387188088084649,
            0.8737198415511931
        ],
        "L_Shoulder": [
            -0.25684240564939453,
            0.2756606369145694,
            0.5780139461274382
        ],
        "L_Elbow": [
            -0.5055455730489705,
            -0.09930265494485621,
            0.8344842992067547
        ],
        "L_Wrist": [
            -0.6394526206859572,
            -0.13410844068901967,
            1.1399777071498358
        ],
        "R_Shoulder": [
            0.14078195978111469,
            0.3867671985220466,
            0.580353646907779
        ],
        "R_Elbow": [
            0.3718570143173136,
            0.6526646081294257,
            0.34219319972184165
        ],
        "R_Wrist": [
            0.6220213506474999,
            0.69733379768084,
            0.3159940840581932
        ]
    }
}