{
    "video": "edition44_sequence_15.mp4",
    "peak_id": 14,
    "frame_idx": 2096,
    "timestamp": 83.84,
    "total_score": 0.51,
    "skeleton_3d": {
        "Pelvis": [
            0.0,
            0.0,
            0.0
        ],
        "R_Hip": [
            0.13177944653196721,
            0.14233325728427887,
            0.04340044646938868
        ],
        "R_Knee": [
            0.6798604642215074,
            0.2192816675606718,
            -0.3173636177928492
        ],
        "R_Ankle": [
            1.2410368436421044,
            0.2926395752560177,
            -0.6008818524090699
        ],
        "L_Hip": [
            -0.13051477782052193,
            -0.1571567343177821,
            -0.03488140126609892
        ],
        "L_Knee": [
            0.03435940674524274,
            -0.4079507901848375,
            -0.6709849888892532
        ],
        "L_Ankle": [
            0.1264342802349581,
            -0.1466741735934145,
            -1.392787832425838
        ],
        "Spine": [
            -0.09355776630334803,
            -0.05524570576140391,
            0.3378813631188133
        ],
        "Thorax": [
            -0.15748034212243386,
            -0.18761367855269906,
            0.7041769596840287
        ],
        "Neck": [
            -0.07524609128954927,
            -0.36399615683263453,
            0.8337042136600109
        ],
        "Head": [
            -0.11896461089433134,
            -0.22210942715040424,
            0.9163371728096792
        ],
        "L_Shoulder": [
            -0.3360616204347074,
            -0.28125093582009947,
            0.6147671483636864
        ],
        "L_Elbow": [
            -0.14928354194808996,
            -0.6543586110223489,
            0.33208519520140034
        ],
        "L_Wrist": [
            -0.01746448814012335,
            -1.0490954908460912,
            0.14039665015520517
        ],
        "R_Shoulder": [
            0.018084186286676823,
            0.016749921198468333,
            0.7168819376008451
        ],
        "R_Elbow": [
            0.15241700041267878,
            0.33305849989565034,
            0.44255364523920127
        ],
        "R_Wrist": [
            0.39380911240826855,
            -0.06414510680675885,
            0.23989254446412173
        ]
    }
}