{
    "video": "edition44_sequence_10.mp4",
    "peak_id": 6,
    "frame_idx": 1053,
    "timestamp": 42.12,
    "total_score": 0.771,
    "skeleton_3d": {
        "Pelvis": [
            0.0,
            0.0,
            0.0
        ],
        "R_Hip": [
            0.1259307152268344,
            -0.009180458597266803,
            -0.0314942936655295
        ],
        "R_Knee": [
            0.15188586923245345,
            -0.010909545394982413,
            -0.6524653746699903
        ],
        "R_Ankle": [
            0.20085199187426014,
            0.20212587961590728,
            -1.2525367836205257
        ],
        "L_Hip": [
            -0.12076875424423669,
            0.06890852051208551,
            0.03698665017280081
        ],
        "L_Knee": [
            -0.6111351089998259,
            0.19666962358854276,
            0.1539217037022833
        ],
        "L_Ankle": [
            -0.988495163947894,
            0.33047496731054793,
            0.4058205175157494
        ],
        "Spine": [
            0.03604138050775483,
            -0.19336873766191845,
            0.28736931576737057
        ],
        "Thorax": [
            0.07071516908896991,
            -0.277914203226276,
            0.6166833846828811
        ],
        "Neck": [
            0.18532329430881597,
            -0.36256046478351855,
            0.8114014362302838
        ],
        "Head": [
            0.1823618080451615,
            -0.22736384381512775,
            0.8697977451768097
        ],
        "L_Shoulder": [
            -0.14579045127090348,
            -0.30697960960471055,
            0.5825264558205047
        ],
        "L_Elbow": [
            -0.37162877105335645,
            -0.04593044815346161,
            0.47088895288745786
        ],
        "L_Wrist": [
            -0.3334359979719983,
            -0.2030068704042012,
            0.4827606994142642
        ],
        "R_Shoulder": [
            0.2780861091315912,
            -0.2972678971064703,
            0.5592656133544472
        ],
        "R_Elbow": [
            0.5007696474205465,
            -0.27721873845129263,
            0.2806764714314344
        ],
        "R_Wrist": [
            0.24836015149444318,
            -0.5837747579015337,
            0.11618786591480534
        ]
    }
}