{
    "video": "edition44_sequence_7.mp4",
    "peak_id": 3,
    "frame_idx": 902,
    "timestamp": 36.08,
    "total_score": 0.674,
    "skeleton_3d": {
        "Pelvis": [
            0.0,
            0.0,
            0.0
        ],
        "R_Hip": [
            0.061831016708556265,
            -0.0056843670067490805,
            0.047903869319514486
        ],
        "R_Knee": [
            0.720914282885727,
            0.1813866323385733,
            0.035330056537465265
        ],
        "R_Ankle": [
            1.1139708128296948,
            0.29544144851931053,
            0.1416861235928758
        ],
        "L_Hip": [
            -0.05336076229384683,
            0.08081454542219213,
            -0.04377807515665412
        ],
        "L_Knee": [
            0.012766806695917407,
            -0.015978950260212607,
            -0.7865482060479695
        ],
        "L_Ankle": [
            -0.13147228976112654,
            0.07221032465398027,
            -1.4216360946886681
        ],
        "Spine": [
            -0.10200759684804604,
            -0.1815218135224808,
            0.31657459763922846
        ],
        "Thorax": [
            -0.14810719598919644,
            -0.3015281075452878,
            0.6707112370468841
        ],
        "Neck": [
            -0.09240455537969273,
            -0.370937114499404,
            0.9039835805407213
        ],
        "Head": [
            -0.06646111099846609,
            -0.32348355134052187,
            0.952440573310641
        ],
        "L_Shoulder": [
            -0.3414655048360504,
            -0.11357761455475748,
            0.6471140464011299
        ],
        "L_Elbow": [
            -0.6799122745529402,
            0.07341620118372352,
            0.6656367517037182
        ],
        "L_Wrist": [
            -0.9445503344277555,
            0.08118797549050423,
            0.7994934929875392
        ],
        "R_Shoulder": [
            -0.00019382624136337186,
            -0.4954874021301506,
            0.6114757004229239
        ],
        "R_Elbow": [
            -0.43576663720132236,
            -0.7359306966213376,
            0.5802790180486181
        ],
        "R_Wrist": [
            -0.8740995376468018,
            -0.5456298079665999,
            0.7434671119188277
        ]
    }
}