{
    "video": "edition44_sequence_15.mp4",
    "peak_id": 5,
    "frame_idx": 1160,
    "timestamp": 46.4,
    "total_score": 0.51,
    "skeleton_3d": {
        "Pelvis": [
            0.0,
            0.0,
            0.0
        ],
        "R_Hip": [
            0.11772303516887958,
            -0.06325693012407602,
            -0.03077120684487697
        ],
        "R_Knee": [
            -0.016205327728565956,
            -0.35170573184068593,
            -0.5527900850932516
        ],
        "R_Ankle": [
            -0.056465289989487674,
            -0.4277415330532076,
            -1.0751048344947962
        ],
        "L_Hip": [
            -0.10984057246203847,
            0.08046236240967221,
            0.034197243069790294
        ],
        "L_Knee": [
            -0.5769996789810635,
            0.026707277471355446,
            -0.1984894873748655
        ],
        "L_Ankle": [
            -1.0256825170692618,
            -0.1429395266383817,
            -0.30387029532145327
        ],
        "Spine": [
            0.04295346133939495,
            0.03179661533973976,
            0.3266053381886372
        ],
        "Thorax": [
            0.10367424463001541,
            0.16063908271587152,
            0.6936313289167366
        ],
        "Neck": [
            0.1291520699853849,
            0.032893962250241916,
            0.8701085082584012
        ],
        "Head": [
            0.13292736061170268,
            0.2798164763313787,
            0.9182117966797175
        ],
        "L_Shoulder": [
            -0.1140732748335307,
            0.12110500682247675,
            0.7029414078698226
        ],
        "L_Elbow": [
            -0.3647381733582448,
            0.37047524145887695,
            0.8035946499751416
        ],
        "L_Wrist": [
            -0.5124029140415496,
            0.5201184750722435,
            1.0231061621047344
        ],
        "R_Shoulder": [
            0.3110567021743621,
            -0.016680817327639746,
            0.6012125097498675
        ],
        "R_Elbow": [
            0.49077746386315185,
            -0.4323983932753086,
            0.4538692823863409
        ],
        "R_Wrist": [
            0.6798667959560774,
            -0.8406745378733222,
            0.37184105350868185
        ]
    }
}