{
    "video": "edition44_sequence_11.mp4",
    "peak_id": 1,
    "frame_idx": 636,
    "timestamp": 25.44,
    "total_score": 1.0,
    "skeleton_3d": {
        "Pelvis": [
            0.0,
            0.0,
            0.0
        ],
        "R_Hip": [
            0.09618432606888287,
            -0.028446397590399297,
            -0.06373945411281022
        ],
        "R_Knee": [
            -0.03372196575449358,
            -0.07613057152056205,
            -0.7950859004236744
        ],
        "R_Ankle": [
            0.028002857336940586,
            0.11307553392856148,
            -1.4117515953681212
        ],
        "L_Hip": [
            -0.09522132402897157,
            0.09503649658007615,
            0.07512404090976442
        ],
        "L_Knee": [
            -0.7882934967460891,
            0.07304405113088401,
            0.16551174019194018
        ],
        "L_Ankle": [
            -1.3829550394890493,
            0.11004045700984863,
            0.4013395878664047
        ],
        "Spine": [
            0.11152107053399513,
            -0.22337456687130253,
            0.30380887713816285
        ],
        "Thorax": [
            0.19907379590073282,
            -0.34738757347195326,
            0.6542095469523503
        ],
        "Neck": [
            0.1624614958643657,
            -0.38354570288842355,
            0.8684544692168867
        ],
        "Head": [
            0.16914094154868217,
            -0.18309132130834962,
            0.9226308314878691
        ],
        "L_Shoulder": [
            0.045571696561846765,
            -0.43280320146735424,
            0.5872356766952714
        ],
        "L_Elbow": [
            0.311060412611271,
            -0.5543525179922185,
            0.6226135362013199
        ],
        "L_Wrist": [
            0.5170386915005267,
            -0.4238750049237397,
            0.8995067243047709
        ],
        "R_Shoulder": [
            0.38114354761222546,
            -0.3363619216483449,
            0.6517862221910566
        ],
        "R_Elbow": [
            0.47425280995721486,
            -0.5606861683835934,
            0.725641391741295
        ],
        "R_Wrist": [
            0.5775994244106992,
            -0.39414888424701966,
            0.9208356158935511
        ]
    }
}