{
    "video": "edition44_sequence_7.mp4",
    "peak_id": 4,
    "frame_idx": 1128,
    "timestamp": 45.12,
    "total_score": 0.555,
    "skeleton_3d": {
        "Pelvis": [
            0.0,
            0.0,
            0.0
        ],
        "R_Hip": [
            0.11023769316463412,
            0.020286808988623544,
            -0.027587323554288598
        ],
        "R_Knee": [
            0.07526415185148212,
            -0.01178251548327891,
            -0.6731511933836104
        ],
        "R_Ankle": [
            0.05647688273898609,
            0.24732004297278928,
            -1.2574623900027193
        ],
        "L_Hip": [
            -0.10664336747167272,
            0.049235920686267386,
            0.03509588803072482
        ],
        "L_Knee": [
            -0.6309353219928296,
            0.18776211996874415,
            -0.14274233727743493
        ],
        "L_Ankle": [
            -1.1102608747130425,
            0.24270126825857746,
            -0.2604008676068177
        ],
        "Spine": [
            0.0519384337323004,
            -0.18205284637753746,
            0.29607846092352763
        ],
        "Thorax": [
            0.10307302719504684,
            -0.24356069811177505,
            0.6432788897737844
        ],
        "Neck": [
            0.18103739343846154,
            -0.35686529838616243,
            0.8730695516814637
        ],
        "Head": [
            0.1570538011361526,
            -0.2344677560511601,
            0.9317211287127227
        ],
        "L_Shoulder": [
            -0.10330153388647302,
            -0.24506625760771622,
            0.5840517620175865
        ],
        "L_Elbow": [
            -0.358742712489834,
            0.16954064858727094,
            0.4258551234187674
        ],
        "L_Wrist": [
            -0.5972072355210791,
            0.3353164429887201,
            0.25662643414452874
        ],
        "R_Shoulder": [
            0.3139608110279962,
            -0.2758242224055216,
            0.6042107289232675
        ],
        "R_Elbow": [
            0.6114637798491703,
            -0.15351188847919806,
            0.45561242607743063
        ],
        "R_Wrist": [
            0.860553854725441,
            -0.36125667695978203,
            0.2746040062277655
        ]
    }
}