{
    "video": "edition44_sequence_8.mp4",
    "peak_id": 13,
    "frame_idx": 2501,
    "timestamp": 100.04,
    "total_score": 0.55,
    "skeleton_3d": {
        "Pelvis": [
            0.0,
            0.0,
            0.0
        ],
        "R_Hip": [
            -0.06688319414006082,
            -0.0395435318567637,
            -0.012183145350604075
        ],
        "R_Knee": [
            0.17175654075604974,
            0.5049473703874304,
            -0.45075296748783755
        ],
        "R_Ankle": [
            0.5067103810551252,
            0.7543511043195392,
            -0.8882926368592854
        ],
        "L_Hip": [
            0.07171436713341171,
            0.08282803742002441,
            0.01967084250662063
        ],
        "L_Knee": [
            -0.05788944724731357,
            0.5841522181011649,
            -0.47081931915664393
        ],
        "L_Ankle": [
            -0.1787257551207824,
            1.1517764512416053,
            -1.0151236005169697
        ],
        "Spine": [
            -0.05331372630604206,
            -0.09929575295711812,
            0.36921644466130965
        ],
        "Thorax": [
            -0.10544868670706216,
            -0.17801343854732554,
            0.7838704450298036
        ],
        "Neck": [
            -0.24562129463353571,
            -0.1279692756053371,
            0.9775195952956023
        ],
        "Head": [
            -0.2345902926203602,
            -0.23258789603143734,
            1.047078180299837
        ],
        "L_Shoulder": [
            0.12285710249697372,
            -0.20759473473906537,
            0.783175263376408
        ],
        "L_Elbow": [
            0.45585681890053414,
            -0.10748647336437023,
            0.6809720379793974
        ],
        "L_Wrist": [
            0.8607450807860266,
            -0.14166166562940108,
            0.6614136755350863
        ],
        "R_Shoulder": [
            -0.3150860090817049,
            -0.1512311469792937,
            0.6909019241956067
        ],
        "R_Elbow": [
            -0.4844921394788102,
            0.30670896499400113,
            0.6018144227471125
        ],
        "R_Wrist": [
            -0.6848866642129854,
            0.6774179880756358,
            0.7363402114804322
        ]
    }
}