{
    "video": "edition44_sequence_15.mp4",
    "peak_id": 12,
    "frame_idx": 1979,
    "timestamp": 79.16,
    "total_score": 0.806,
    "skeleton_3d": {
        "Pelvis": [
            0.0,
            0.0,
            0.0
        ],
        "R_Hip": [
            -0.11573573961181861,
            -0.13322474313270072,
            -0.0016117772696453672
        ],
        "R_Knee": [
            -0.6716524061139973,
            0.37791348260786295,
            -0.03462307815607089
        ],
        "R_Ankle": [
            -1.3376571699672366,
            0.620025789102897,
            0.03896639998567427
        ],
        "L_Hip": [
            0.12070027343892185,
            0.12478527767972748,
            -0.0026591262236425805
        ],
        "L_Knee": [
            0.28444119456084976,
            0.47445520158618315,
            -0.5177446205800245
        ],
        "L_Ankle": [
            0.48537970027387695,
            0.5648314081613421,
            -0.9939856306765347
        ],
        "Spine": [
            -0.007217752589649337,
            -0.19236907256370614,
            0.30759801966744554
        ],
        "Thorax": [
            -0.015004070627052161,
            -0.4300024951422107,
            0.6169218285555705
        ],
        "Neck": [
            -0.2128808129965213,
            -0.483222364950843,
            0.772329404750439
        ],
        "Head": [
            -0.1828087160024454,
            -0.6601521668330181,
            0.8304091080697894
        ],
        "L_Shoulder": [
            0.07669165416492466,
            -0.27286302900051335,
            0.6325850354056568
        ],
        "L_Elbow": [
            -0.11018848764026722,
            0.1361788777495737,
            0.9267660022150099
        ],
        "L_Wrist": [
            -0.21334901285436425,
            -0.0036539092865324183,
            1.1552763816202596
        ],
        "R_Shoulder": [
            -0.09416706689809953,
            -0.5654228081083875,
            0.5387525081242778
        ],
        "R_Elbow": [
            -0.31467068781964946,
            -0.8104756399081152,
            0.34713092270964463
        ],
        "R_Wrist": [
            -0.6116798475348004,
            -0.47406154420412466,
            0.3290726745103649
        ]
    }
}