{
    "video": "edition44_sequence_13.mp4",
    "peak_id": 5,
    "frame_idx": 1356,
    "timestamp": 54.24,
    "total_score": 0.542,
    "skeleton_3d": {
        "Pelvis": [
            0.0,
            0.0,
            0.0
        ],
        "R_Hip": [
            0.08441676159877787,
            -0.09700956430408621,
            0.05647148589467523
        ],
        "R_Knee": [
            0.6541381094142081,
            0.12372268750350135,
            -0.028189312203691454
        ],
        "R_Ankle": [
            1.2077172120426418,
            0.13078292491147264,
            -0.03593460436979472
        ],
        "L_Hip": [
            -0.07093527982779801,
            0.15053063140655917,
            -0.0541461913111472
        ],
        "L_Knee": [
            0.06615417464551,
            0.07039638797712097,
            -0.7359138675015992
        ],
        "L_Ankle": [
            0.08845121748150737,
            0.39003137069345173,
            -1.2919127365156617
        ],
        "Spine": [
            -0.14392231543031384,
            -0.04452007157760734,
            0.24997979580699944
        ],
        "Thorax": [
            -0.24058183755289422,
            -0.02300864933694635,
            0.5440911277765313
        ],
        "Neck": [
            -0.3418918951653704,
            -0.11158528182604738,
            0.7365164473029538
        ],
        "Head": [
            -0.307936904466871,
            0.14146333787909707,
            0.766353863036023
        ],
        "L_Shoulder": [
            -0.4574225891748802,
            0.07323230667679118,
            0.48499257430320813
        ],
        "L_Elbow": [
            -0.7537736543344464,
            0.27620892547141856,
            0.3325262505617565
        ],
        "L_Wrist": [
            -1.1008384711136021,
            0.1823814371640328,
            0.26524794198698665
        ],
        "R_Shoulder": [
            -0.021476085895081147,
            -0.23456937831367794,
            0.5177251213533866
        ],
        "R_Elbow": [
            0.2425856596234779,
            -0.5072081016616683,
            0.3464866064085702
        ],
        "R_Wrist": [
            0.3906316960540745,
            -0.8200321505409696,
            0.29474150183127285
        ]
    }
}