{
    "video": "edition44_sequence_15.mp4",
    "peak_id": 1,
    "frame_idx": 368,
    "timestamp": 14.72,
    "total_score": 0.45,
    "skeleton_3d": {
        "Pelvis": [
            0.0,
            0.0,
            0.0
        ],
        "R_Hip": [
            -0.12569033257222995,
            -0.053613548686736574,
            0.01118978912395071
        ],
        "R_Knee": [
            -0.2896664725690853,
            0.3654573155112009,
            -0.4886664814843307
        ],
        "R_Ankle": [
            -0.35367945906862885,
            0.5460041734360012,
            -1.004849714869825
        ],
        "L_Hip": [
            0.13569963980305805,
            0.06725791607020488,
            -0.007782300689975909
        ],
        "L_Knee": [
            -0.09922521275056748,
            0.47061848048859717,
            -0.48733536598719357
        ],
        "L_Ankle": [
            -0.30418557078766184,
            0.5380598602591338,
            -0.8891936090443686
        ],
        "Spine": [
            9.379962231381462e-05,
            -0.1784414201378582,
            0.31811698177556286
        ],
        "Thorax": [
            0.010561214971810154,
            -0.39934239343302186,
            0.6694914687634601
        ],
        "Neck": [
            -0.03139640755522853,
            -0.3732664361568514,
            0.8705807973611965
        ],
        "Head": [
            -0.029788582094684813,
            -0.6186813596817315,
            0.9244607342480621
        ],
        "L_Shoulder": [
            0.20630662954106968,
            -0.3283790950013321,
            0.6317724912434853
        ],
        "L_Elbow": [
            0.4451375746470519,
            0.06880375156234052,
            0.4858225209409774
        ],
        "L_Wrist": [
            0.3903687308324752,
            0.4974936439372733,
            0.5418204979057374
        ],
        "R_Shoulder": [
            -0.18505847808578785,
            -0.34001522615111907,
            0.6304558665992813
        ],
        "R_Elbow": [
            -0.515009759363872,
            -0.21776927429910178,
            0.5359169719317834
        ],
        "R_Wrist": [
            -0.9203805851720318,
            -0.18082541487806844,
            0.5496004230460522
        ]
    }
}