{
    "video": "edition44_sequence_18.mp4",
    "peak_id": 5,
    "frame_idx": 1484,
    "timestamp": 59.36,
    "total_score": 0.685,
    "skeleton_3d": {
        "Pelvis": [
            0.0,
            0.0,
            0.0
        ],
        "R_Hip": [
            0.053352058341056836,
            -0.21517133545662098,
            0.06497453111475064
        ],
        "R_Knee": [
            0.6856678559640504,
            -0.11510727442549562,
            0.34383403204177926
        ],
        "R_Ankle": [
            1.2000614813710961,
            -0.255895651306502,
            0.7483399061731492
        ],
        "L_Hip": [
            -0.0451413973135957,
            0.22613265078917139,
            -0.06279588575046817
        ],
        "L_Knee": [
            -0.21208203839514037,
            0.19578408440125022,
            -0.7161411227319653
        ],
        "L_Ankle": [
            -0.08180751051125736,
            0.3012236433967592,
            -1.3588366901478202
        ],
        "Spine": [
            -0.2470432098978815,
            0.08007401745473192,
            0.2596344655487255
        ],
        "Thorax": [
            -0.4880203481900069,
            0.1364479505056121,
            0.5318922091514049
        ],
        "Neck": [
            -0.7173489984276638,
            0.0850983441896827,
            0.6699808520230701
        ],
        "Head": [
            -0.7063756454764261,
            0.17455905126959084,
            0.7517366183044848
        ],
        "L_Shoulder": [
            -0.5026126534249662,
            0.3315032798089351,
            0.48947098642490194
        ],
        "L_Elbow": [
            -0.4777240937594169,
            0.5622702501745973,
            0.10575592631382465
        ],
        "L_Wrist": [
            -0.6141366793775069,
            0.6599170288162209,
            -0.24603910888124295
        ],
        "R_Shoulder": [
            -0.4251076858512635,
            -0.10709241753734222,
            0.5378939087147051
        ],
        "R_Elbow": [
            -0.46029862393982235,
            -0.3065588094950362,
            0.08804627519714243
        ],
        "R_Wrist": [
            -0.6648643264785814,
            -0.20083948689162773,
            -0.32648667818655935
        ]
    }
}