{
    "video": "edition44_sequence_10.mp4",
    "peak_id": 3,
    "frame_idx": 706,
    "timestamp": 28.24,
    "total_score": 0.75,
    "skeleton_3d": {
        "Pelvis": [
            0.0,
            0.0,
            0.0
        ],
        "R_Hip": [
            0.11664239529778786,
            0.009539271753420998,
            -0.027076134324636007
        ],
        "R_Knee": [
            0.14466824278992507,
            -0.11393472012161962,
            -0.6049242095904994
        ],
        "R_Ankle": [
            0.22287337714048774,
            0.023430624222989214,
            -1.199274382306951
        ],
        "L_Hip": [
            -0.11589964227868566,
            0.03791333296053161,
            0.028302079327613656
        ],
        "L_Knee": [
            -0.6048557215735192,
            0.12566332865085256,
            0.1653782330798924
        ],
        "L_Ankle": [
            -1.010018338802179,
            0.1300810194742859,
            0.4045759095492168
        ],
        "Spine": [
            0.04244477171750628,
            -0.00991671205877161,
            0.29402038676054715
        ],
        "Thorax": [
            0.07154798154956946,
            0.16161135652461156,
            0.6077039586680321
        ],
        "Neck": [
            0.17556354583814654,
            0.06495668672121509,
            0.8270335558813668
        ],
        "Head": [
            0.16148117229816022,
            0.3025451263303964,
            0.8629208968177496
        ],
        "L_Shoulder": [
            -0.14722683066699416,
            0.05910607293572105,
            0.5718247868987233
        ],
        "L_Elbow": [
            -0.5085474636375621,
            -0.12043651032584136,
            0.6236879789416296
        ],
        "L_Wrist": [
            -0.7674827501654803,
            -0.3811904814211709,
            0.7652144289429013
        ],
        "R_Shoulder": [
            0.28521338347023084,
            0.1025619690592552,
            0.5674979780589873
        ],
        "R_Elbow": [
            0.6517414686153774,
            -0.04302051988937773,
            0.641954806460815
        ],
        "R_Wrist": [
            0.9608101260582984,
            -0.16120130708314218,
            0.7757927403811159
        ]
    }
}