{
    "video": "edition40_sequence_7.mp4",
    "peak_id": 11,
    "frame_idx": 1523,
    "timestamp": 60.92,
    "total_score": 0.776,
    "skeleton_3d": {
        "Pelvis": [
            0.0,
            0.0,
            0.0
        ],
        "R_Hip": [
            0.07147516230654047,
            0.012981579573899607,
            -0.06592580258450871
        ],
        "R_Knee": [
            -0.10249222092581524,
            -0.19114275726354557,
            -0.7384820210843811
        ],
        "R_Ankle": [
            -0.17337306927347254,
            -0.29981841425574807,
            -1.398287535447565
        ],
        "L_Hip": [
            -0.0754525344305496,
            0.05929299052353482,
            0.07370818503000451
        ],
        "L_Knee": [
            -0.7915932904397326,
            -0.003642955620324434,
            0.09277971328536921
        ],
        "L_Ankle": [
            -1.3777210810155835,
            -0.24041198612263573,
            0.1693790422906362
        ],
        "Spine": [
            0.15778833599153105,
            -0.08889403008312351,
            0.31714629796279553
        ],
        "Thorax": [
            0.3029587997919937,
            -0.020482798645660046,
            0.6716408697840144
        ],
        "Neck": [
            0.4351222839055417,
            -0.10080256660484799,
            0.8426730739431613
        ],
        "Head": [
            0.42933052041578873,
            0.1350788401261631,
            0.8970336030409101
        ],
        "L_Shoulder": [
            0.10500189451545279,
            -0.05677464434488754,
            0.6370666617658517
        ],
        "L_Elbow": [
            -0.2091813645448392,
            0.10370831628091443,
            0.7774902001398456
        ],
        "L_Wrist": [
            -0.40729541553560233,
            0.015904116722743347,
            1.0813157501765644
        ],
        "R_Shoulder": [
            0.5068398499798034,
            -0.06760428100107968,
            0.6383816108292779
        ],
        "R_Elbow": [
            0.7785715742546933,
            -0.35562928217681333,
            0.9073260151354163
        ],
        "R_Wrist": [
            0.9872666634274918,
            -0.2705141465501569,
            1.2199776521041366
        ]
    }
}