{
    "video": "edition40_sequence_19.mp4",
    "peak_id": 5,
    "frame_idx": 555,
    "timestamp": 22.2,
    "total_score": 0.636,
    "skeleton_3d": {
        "Pelvis": [
            0.0,
            0.0,
            0.0
        ],
        "R_Hip": [
            0.0764772297626849,
            -0.20393002152099854,
            0.00193686128000618
        ],
        "R_Knee": [
            -0.0464743266147804,
            -0.40836053450720877,
            -0.5444213015919697
        ],
        "R_Ankle": [
            -0.20730365478799193,
            -0.6882040586626766,
            -1.0433888180796005
        ],
        "L_Hip": [
            -0.07079928586039445,
            0.19836232602817835,
            -0.0034391873344022184
        ],
        "L_Knee": [
            0.0025604813845174954,
            0.7411786530278642,
            -0.33889441989410457
        ],
        "L_Ankle": [
            0.33448933323879443,
            0.5976592004574317,
            0.09422771457404308
        ],
        "Spine": [
            -0.08042686823836488,
            0.11812298831754711,
            0.2912881145857252
        ],
        "Thorax": [
            -0.12628141793272168,
            0.30340014525553716,
            0.6139860666782225
        ],
        "Neck": [
            -0.22101304243561432,
            0.17686293397966926,
            0.8344846835650077
        ],
        "Head": [
            -0.19174890003420084,
            0.4256833683346082,
            0.8654120090693003
        ],
        "L_Shoulder": [
            -0.31566287221166967,
            0.314948874626514,
            0.5613855397666143
        ],
        "L_Elbow": [
            -0.5881851591426155,
            -0.012302037809393977,
            0.7689417823488048
        ],
        "L_Wrist": [
            -0.7219262916486783,
            -0.2627947351916065,
            1.059216612266448
        ],
        "R_Shoulder": [
            0.06959501671515904,
            0.03154679488127469,
            0.5880089604078406
        ],
        "R_Elbow": [
            0.40409055405145544,
            -0.25392903846120696,
            0.6249912011878062
        ],
        "R_Wrist": [
            0.7416225564998453,
            -0.40247912104690076,
            0.7181087312525161
        ]
    }
}