{
    "video": "edition40_sequence_10.mp4",
    "peak_id": 9,
    "frame_idx": 1257,
    "timestamp": 50.28,
    "total_score": 0.62,
    "skeleton_3d": {
        "Pelvis": [
            0.0,
            0.0,
            0.0
        ],
        "R_Hip": [
            0.10538333383329565,
            0.11527849581807377,
            0.03128478822811366
        ],
        "R_Knee": [
            0.5841052580861106,
            0.4551889005948924,
            -0.05800261206197266
        ],
        "R_Ankle": [
            1.01902088701904,
            0.6900202715798749,
            -0.009869582230538918
        ],
        "L_Hip": [
            -0.10217855777751414,
            -0.12700363680277324,
            -0.03443059075228514
        ],
        "L_Knee": [
            -0.39002692836555547,
            -0.48908436965179,
            -0.39049195332175307
        ],
        "L_Ankle": [
            -0.9391000729233479,
            -0.6398641947828597,
            -0.5214407056207533
        ],
        "Spine": [
            -0.025442734075477737,
            -0.0077766770527487716,
            0.34633644242404577
        ],
        "Thorax": [
            -0.03953893289135886,
            -0.1079016473530987,
            0.7109465395365525
        ],
        "Neck": [
            -0.02292814187851461,
            -0.15053930539279126,
            0.9205817801320212
        ],
        "Head": [
            -0.06383557501536233,
            0.039749512964500903,
            0.9492164188642812
        ],
        "L_Shoulder": [
            -0.14727341812055533,
            -0.2605596037410075,
            0.5774364543199211
        ],
        "L_Elbow": [
            -0.2518890090845251,
            -0.7290377784516286,
            0.46350021926973745
        ],
        "L_Wrist": [
            -0.18627650467759635,
            -0.8242156236782499,
            0.45122628506849893
        ],
        "R_Shoulder": [
            0.08162372765918727,
            0.053008509250259024,
            0.7808202831730469
        ],
        "R_Elbow": [
            0.21329867686217682,
            0.27768294243689634,
            0.9947559176549479
        ],
        "R_Wrist": [
            0.33748169286074586,
            0.1950662178969028,
            1.3502850329301184
        ]
    }
}