{
    "video": "edition40_sequence_7.mp4",
    "peak_id": 4,
    "frame_idx": 353,
    "timestamp": 14.12,
    "total_score": 0.927,
    "skeleton_3d": {
        "Pelvis": [
            0.0,
            0.0,
            0.0
        ],
        "R_Hip": [
            0.06489834716102526,
            0.11881853231264812,
            0.059987460533454114
        ],
        "R_Knee": [
            0.7740290264426388,
            -0.019857061421746862,
            0.19582458914121767
        ],
        "R_Ankle": [
            1.3851478853193646,
            -0.29598331997913424,
            0.3826423068533238
        ],
        "L_Hip": [
            -0.04684075872257374,
            -0.0820607130857649,
            -0.0589769722090046
        ],
        "L_Knee": [
            0.03483319666378902,
            -0.07229704430652449,
            -0.7475992236640298
        ],
        "L_Ankle": [
            -0.0800893386707126,
            0.12521731828609842,
            -1.3704669654569144
        ],
        "Spine": [
            -0.20722409068911252,
            0.010306624611648921,
            0.2952751956942462
        ],
        "Thorax": [
            -0.37057429294531713,
            0.19646131415428686,
            0.6126718139974755
        ],
        "Neck": [
            -0.47778894853416165,
            0.1367006685678846,
            0.8137878297208603
        ],
        "Head": [
            -0.4568024809254328,
            0.39196573834159915,
            0.8554546003895717
        ],
        "L_Shoulder": [
            -0.5421534219619334,
            0.11184920188404839,
            0.6002893079544203
        ],
        "L_Elbow": [
            -0.7489539934087562,
            0.032568875647376,
            0.870669380012815
        ],
        "L_Wrist": [
            -0.8609220240809031,
            0.22719970668942566,
            1.1520244283596779
        ],
        "R_Shoulder": [
            -0.18670693007487493,
            0.1744414713312378,
            0.5595717703444728
        ],
        "R_Elbow": [
            0.18892567292598994,
            0.07503794498298295,
            0.58971137309609
        ],
        "R_Wrist": [
            0.4912519728723818,
            -0.2086920513342313,
            0.7061565153677032
        ]
    }
}