{
    "video": "edition40_sequence_15.mp4",
    "peak_id": 4,
    "frame_idx": 914,
    "timestamp": 36.56,
    "total_score": 0.735,
    "skeleton_3d": {
        "Pelvis": [
            0.0,
            0.0,
            0.0
        ],
        "R_Hip": [
            0.14691905114421508,
            -0.04197309006560144,
            -0.010665866382584757
        ],
        "R_Knee": [
            0.07465204789828359,
            -0.2583392795611119,
            -0.6445643717067164
        ],
        "R_Ankle": [
            -0.049553482222636135,
            -0.026801734641131978,
            -1.2319294840810564
        ],
        "L_Hip": [
            -0.13844521978953048,
            0.07468108645095986,
            0.015706964446820477
        ],
        "L_Knee": [
            -0.6564055048523458,
            0.19113285753932946,
            -0.17106932554503684
        ],
        "L_Ankle": [
            -1.1061115196662585,
            0.06721067772906728,
            -0.18850155372512412
        ],
        "Spine": [
            -0.036519607315923845,
            0.06514909342853219,
            0.3135211474532892
        ],
        "Thorax": [
            -0.0803843592696286,
            0.27912452631456924,
            0.6676697236791765
        ],
        "Neck": [
            -0.24183421040936415,
            0.180613560375451,
            0.8041225942060618
        ],
        "Head": [
            -0.225720214158921,
            0.47228626570376697,
            0.8470775756854112
        ],
        "L_Shoulder": [
            -0.2964127254012358,
            0.2616828823821143,
            0.5662702629159118
        ],
        "L_Elbow": [
            -0.6034455151354035,
            0.38000308850617176,
            0.44621707958913376
        ],
        "L_Wrist": [
            -0.9405055647407939,
            0.3181921053764275,
            0.4236755556355715
        ],
        "R_Shoulder": [
            0.15591669357023494,
            0.09181816803175946,
            0.6872953433938609
        ],
        "R_Elbow": [
            0.39350243139716146,
            -0.27676846036900976,
            0.8479606349470117
        ],
        "R_Wrist": [
            0.6278459320309759,
            -0.37059238979090414,
            1.0793134372864175
        ]
    }
}