{
    "video": "edition40_sequence_10.mp4",
    "peak_id": 3,
    "frame_idx": 468,
    "timestamp": 18.72,
    "total_score": 0.411,
    "skeleton_3d": {
        "Pelvis": [
            0.0,
            0.0,
            0.0
        ],
        "R_Hip": [
            0.1192668095080909,
            -0.027970051795883973,
            0.03796998325944073
        ],
        "R_Knee": [
            0.5325221300858183,
            -0.12171327504094946,
            -0.1642880847609412
        ],
        "R_Ankle": [
            1.0109521168320637,
            -0.2451585166544892,
            -0.31732840362482656
        ],
        "L_Hip": [
            -0.11653532501264245,
            0.07145524409017277,
            -0.03480991682646668
        ],
        "L_Knee": [
            -0.03717578146061344,
            -0.1458951565573271,
            -0.5187171494173197
        ],
        "L_Ankle": [
            0.047006497666921825,
            0.027607514698760566,
            -1.006054603356849
        ],
        "Spine": [
            -0.07994922366465289,
            0.07377693682975374,
            0.29427524555739004
        ],
        "Thorax": [
            -0.14325561960521302,
            0.22210386182013142,
            0.624969823843758
        ],
        "Neck": [
            -0.2063284680948883,
            0.06513038489483089,
            0.7796017816245663
        ],
        "Head": [
            -0.21959166519224457,
            0.34253368225325287,
            0.8288379525277865
        ],
        "L_Shoulder": [
            -0.34223508876604597,
            0.14874868512481967,
            0.5380050866719104
        ],
        "L_Elbow": [
            -0.4969776921631131,
            0.2558923848995056,
            0.22772364593001335
        ],
        "L_Wrist": [
            -0.34308207462603235,
            -0.052985220876520196,
            0.014755727016905966
        ],
        "R_Shoulder": [
            0.06756924570037008,
            0.15544916949265256,
            0.6346530307915748
        ],
        "R_Elbow": [
            0.3637746240139342,
            0.03692253137592806,
            0.7035967863397503
        ],
        "R_Wrist": [
            0.626663749509364,
            -0.116606847444297,
            0.9110612084191688
        ]
    }
}