{
    "video": "edition40_sequence_13.mp4",
    "peak_id": 4,
    "frame_idx": 475,
    "timestamp": 19.0,
    "total_score": 0.742,
    "skeleton_3d": {
        "Pelvis": [
            0.0,
            0.0,
            0.0
        ],
        "R_Hip": [
            0.12928787715801088,
            -0.011622876090978436,
            -0.042062098194666046
        ],
        "R_Knee": [
            0.0935739720872745,
            -0.24368358480056723,
            -0.6497853841771456
        ],
        "R_Ankle": [
            0.10614881027027967,
            -0.4349206789598042,
            -1.172729806289352
        ],
        "L_Hip": [
            -0.127082882239169,
            0.06563293020242661,
            0.042647358170043316
        ],
        "L_Knee": [
            -0.5681992132981095,
            0.04913727679490893,
            0.27273480705396097
        ],
        "L_Ankle": [
            -0.8009745305526025,
            -0.0959275685800574,
            0.5911745610509176
        ],
        "Spine": [
            0.08436270629267503,
            0.02612344916561652,
            0.2836601128882986
        ],
        "Thorax": [
            0.15113820137090261,
            0.2135436629653646,
            0.588795890574103
        ],
        "Neck": [
            0.10344459611855603,
            0.09271032425166799,
            0.8216097791682841
        ],
        "Head": [
            0.11311527505309683,
            0.3789575849238256,
            0.857839033661213
        ],
        "L_Shoulder": [
            -0.055826781196785795,
            0.16921241494742947,
            0.5888770053697616
        ],
        "L_Elbow": [
            -0.1650368844997745,
            -0.08243531526374351,
            0.9143534678901059
        ],
        "L_Wrist": [
            -0.0505836269027274,
            0.013546085944876003,
            1.212643094104695
        ],
        "R_Shoulder": [
            0.3683497086715967,
            0.04967388487891458,
            0.5097635291411162
        ],
        "R_Elbow": [
            0.7085561372484221,
            -0.3069329251124283,
            0.44013316694822296
        ],
        "R_Wrist": [
            1.059316060669691,
            -0.4331627561814675,
            0.43499293489085966
        ]
    }
}