{
    "video": "edition40_sequence_6.mp4",
    "peak_id": 2,
    "frame_idx": 299,
    "timestamp": 11.96,
    "total_score": 0.575,
    "skeleton_3d": {
        "Pelvis": [
            0.0,
            0.0,
            0.0
        ],
        "R_Hip": [
            0.15793006590786524,
            -0.005518581993907183,
            0.054866407797341386
        ],
        "R_Knee": [
            0.7264306643240075,
            0.1024143448390761,
            0.16616783349136363
        ],
        "R_Ankle": [
            1.2126724585796003,
            -0.08134241712411952,
            0.47028170786180684
        ],
        "L_Hip": [
            -0.1441731777900605,
            0.07540082727887762,
            -0.04978000777633558
        ],
        "L_Knee": [
            -0.10842804537586821,
            -0.11376571610556448,
            -0.7519064028924605
        ],
        "L_Ankle": [
            -0.09292163281210689,
            0.2764714473065283,
            -1.4089375403945459
        ],
        "Spine": [
            -0.10713426613690889,
            -0.04879459950006463,
            0.2954157820050079
        ],
        "Thorax": [
            -0.1418534187636146,
            0.0909251917764025,
            0.624604759637181
        ],
        "Neck": [
            0.05337274420326479,
            -0.11410007439466056,
            0.7841421577118756
        ],
        "Head": [
            0.020044329223866335,
            0.19310587965655615,
            0.86172449721802
        ],
        "L_Shoulder": [
            -0.39652459571127946,
            -0.01757809777709966,
            0.5947043343990066
        ],
        "L_Elbow": [
            -0.7888160296223149,
            -0.0975935531190719,
            0.683498375181479
        ],
        "L_Wrist": [
            -1.1554815994528749,
            -0.17766376432494796,
            0.8455290911273335
        ],
        "R_Shoulder": [
            0.09722083912848102,
            0.019414586589785825,
            0.5662468275418272
        ],
        "R_Elbow": [
            0.42462016114722606,
            -0.20646278065362922,
            0.3770484384978046
        ],
        "R_Wrist": [
            0.23977518649586352,
            -0.5958910220393765,
            0.23865779839258092
        ]
    }
}