{
    "video": "edition40_sequence_9.mp4",
    "peak_id": 10,
    "frame_idx": 1697,
    "timestamp": 67.88,
    "total_score": 0.52,
    "skeleton_3d": {
        "Pelvis": [
            0.0,
            0.0,
            0.0
        ],
        "R_Hip": [
            0.13649214098628576,
            0.037096963324442886,
            -0.0432039526385645
        ],
        "R_Knee": [
            0.24946692066471737,
            -0.3629116542355182,
            -0.5989874649276278
        ],
        "R_Ankle": [
            0.38064204513974,
            -0.6384696142221493,
            -1.0631320148577788
        ],
        "L_Hip": [
            -0.13615527835617208,
            -0.03059204701538219,
            0.0445248201936902
        ],
        "L_Knee": [
            -0.56720571847122,
            0.22636921733784005,
            -0.12470647744631236
        ],
        "L_Ankle": [
            -1.0132933304690679,
            0.22728348314717264,
            -0.1839408521186839
        ],
        "Spine": [
            0.061248598889996314,
            0.1572641994804718,
            0.2829834290939484
        ],
        "Thorax": [
            0.11042285029397084,
            0.37948982650359087,
            0.5855433066481025
        ],
        "Neck": [
            0.15760519070387327,
            0.29816646617721076,
            0.7790006721565796
        ],
        "Head": [
            0.1463452582339638,
            0.5226432586806038,
            0.7970503644664744
        ],
        "L_Shoulder": [
            -0.10210681656101028,
            0.34750383818436337,
            0.5604937784978793
        ],
        "L_Elbow": [
            -0.42087585718487375,
            0.14033563785214015,
            0.5798123016201495
        ],
        "L_Wrist": [
            -0.6477728051963644,
            -0.004343246321962095,
            0.8704880410388725
        ],
        "R_Shoulder": [
            0.33040863900301587,
            0.23575926168196193,
            0.5439257689209767
        ],
        "R_Elbow": [
            0.6381636513486371,
            -0.033412102656664035,
            0.5137501040654013
        ],
        "R_Wrist": [
            0.9264398664633274,
            -0.1472131685272072,
            0.6849176766702697
        ]
    }
}