{
    "video": "edition40_sequence_10.mp4",
    "peak_id": 1,
    "frame_idx": 356,
    "timestamp": 14.24,
    "total_score": 0.45,
    "skeleton_3d": {
        "Pelvis": [
            0.0,
            0.0,
            0.0
        ],
        "R_Hip": [
            -0.15255395871552152,
            0.09705709414943012,
            -0.03435375615765197
        ],
        "R_Knee": [
            0.12404476355936103,
            0.47820801036854355,
            -0.5669891200243964
        ],
        "R_Ankle": [
            0.4605609290367326,
            0.6023733790489687,
            -1.0377345526847546
        ],
        "L_Hip": [
            0.15366799175355167,
            -0.07219115057033401,
            0.043580923029725216
        ],
        "L_Knee": [
            0.35183756871585575,
            0.4213131422128431,
            -0.5072369755034379
        ],
        "L_Ankle": [
            0.43400355096976173,
            0.6177644365207982,
            -0.8353056462358697
        ],
        "Spine": [
            -0.08187247699983187,
            -0.11626039679155935,
            0.33636188289482466
        ],
        "Thorax": [
            -0.1568369333491419,
            -0.2471065662116938,
            0.6994462823871791
        ],
        "Neck": [
            -0.3029476867308635,
            -0.18497026561401866,
            0.9434202727132194
        ],
        "Head": [
            -0.31300850804689667,
            -0.39006453036725913,
            0.9872073786796856
        ],
        "L_Shoulder": [
            0.11571459084056503,
            -0.2830735459862431,
            0.6957025932721328
        ],
        "L_Elbow": [
            0.4053785323429786,
            -0.12340157437820272,
            0.42980960883706537
        ],
        "L_Wrist": [
            0.6980558516506616,
            0.1196924435549837,
            0.2706459907313459
        ],
        "R_Shoulder": [
            -0.4106589386678581,
            -0.15057028302231376,
            0.6007330670391395
        ],
        "R_Elbow": [
            -0.6159876758830592,
            0.10577897326635549,
            0.24591858918214715
        ],
        "R_Wrist": [
            -0.837884534454849,
            0.3498880280583357,
            -0.052143875185923665
        ]
    }
}