{
    "video": "edition40_sequence_15.mp4",
    "peak_id": 7,
    "frame_idx": 1255,
    "timestamp": 50.2,
    "total_score": 0.6,
    "skeleton_3d": {
        "Pelvis": [
            0.0,
            0.0,
            0.0
        ],
        "R_Hip": [
            0.12344236896183554,
            -0.009079560809403016,
            -0.025802679242034866
        ],
        "R_Knee": [
            -0.5673034711565803,
            0.08605038182682338,
            0.1140740195431851
        ],
        "R_Ankle": [
            -1.0202837215985057,
            0.08868653595710013,
            0.36155231119433845
        ],
        "L_Hip": [
            -0.11834912961560179,
            0.036922888016621,
            0.028350745987968957
        ],
        "L_Knee": [
            0.0008181629912483952,
            0.14920786858736493,
            -0.6538740185398971
        ],
        "L_Ankle": [
            0.14271515750342975,
            0.33546534561182684,
            -1.259070436939102
        ],
        "Spine": [
            0.07315259007293236,
            0.04055403799175576,
            0.32094551851286035
        ],
        "Thorax": [
            0.12090884910580081,
            0.13268237317649595,
            0.6712016238746241
        ],
        "Neck": [
            0.08339646932048272,
            -0.015232261349128787,
            0.8767172410018113
        ],
        "Head": [
            0.07885435527285806,
            0.2510882051980144,
            0.9415582890894023
        ],
        "L_Shoulder": [
            -0.11978913208580644,
            0.09386993174793275,
            0.6163048601869351
        ],
        "L_Elbow": [
            -0.3563326433809164,
            -0.26465606148119264,
            0.39725164836951926
        ],
        "L_Wrist": [
            -0.08687293482762992,
            -0.6546362958804182,
            0.2966470841579418
        ],
        "R_Shoulder": [
            0.36521723889549607,
            0.0009732615886277338,
            0.6384969658138063
        ],
        "R_Elbow": [
            0.519549712767089,
            -0.11374328724272424,
            0.26947136129755145
        ],
        "R_Wrist": [
            0.25843633941486294,
            -0.46542974792257796,
            0.17166284641574234
        ]
    }
}