{
    "video": "edition40_sequence_19.mp4",
    "peak_id": 8,
    "frame_idx": 826,
    "timestamp": 33.04,
    "total_score": 0.6,
    "skeleton_3d": {
        "Pelvis": [
            0.0,
            0.0,
            0.0
        ],
        "R_Hip": [
            -0.016946327405661647,
            -0.21243216007925902,
            0.012091256197917998
        ],
        "R_Knee": [
            0.03375931591958101,
            -0.27384780425613703,
            0.396151546300024
        ],
        "R_Ankle": [
            0.26082062741550266,
            -0.2841568516213327,
            0.33034636443330806
        ],
        "L_Hip": [
            0.021780696284446954,
            0.23917380093957305,
            -0.013079049122193803
        ],
        "L_Knee": [
            0.010374945269108208,
            0.34937971026807013,
            -0.6930844340010338
        ],
        "L_Ankle": [
            0.24010262442385102,
            0.17461745863753217,
            -1.26138218918883
        ],
        "Spine": [
            -0.04914821266664308,
            0.09615331640321656,
            0.3524884026748699
        ],
        "Thorax": [
            -0.08818770828103847,
            0.12054253696384047,
            0.7158289360473318
        ],
        "Neck": [
            -0.3347876236928467,
            0.2782189413981318,
            0.8236597086887046
        ],
        "Head": [
            -0.31170182779191447,
            0.35946307347535594,
            0.850665081600719
        ],
        "L_Shoulder": [
            -0.051047301971080414,
            0.3362083158797088,
            0.7098609656588533
        ],
        "L_Elbow": [
            -0.07596440794325546,
            0.6519473855411396,
            0.9197851570991342
        ],
        "L_Wrist": [
            -0.17343520631225984,
            0.7320153348706748,
            1.2159154356470137
        ],
        "R_Shoulder": [
            -0.10269620457897877,
            -0.1147273061936462,
            0.6708519138399214
        ],
        "R_Elbow": [
            -0.5818346943389693,
            -0.2727857788908974,
            0.8914079226424865
        ],
        "R_Wrist": [
            -0.6528534104315151,
            -0.04237897925595428,
            1.2092514504927616
        ]
    }
}