{
    "video": "edition40_sequence_1.mp4",
    "peak_id": 1,
    "frame_idx": 1095,
    "timestamp": 43.8,
    "total_score": 0.65,
    "skeleton_3d": {
        "Pelvis": [
            0.0,
            0.0,
            0.0
        ],
        "R_Hip": [
            0.09516779692403785,
            -0.1082329292899077,
            0.03289292269382279
        ],
        "R_Knee": [
            -0.21162133151963233,
            -0.16493343111091271,
            0.37107601286839303
        ],
        "R_Ankle": [
            -0.756122014188152,
            -0.23884022118996243,
            0.3462827287317448
        ],
        "L_Hip": [
            -0.08430297081475754,
            0.15428597304958558,
            -0.029206658280032115
        ],
        "L_Knee": [
            -0.03085900687165786,
            0.19016725333732926,
            -0.7069026390845917
        ],
        "L_Ankle": [
            -0.08886494353015319,
            0.35332097451154354,
            -1.352903802037101
        ],
        "Spine": [
            0.010027574105174799,
            0.004650683530543709,
            0.3533156824316314
        ],
        "Thorax": [
            0.03989262862603225,
            0.05076249874897879,
            0.7328074253802838
        ],
        "Neck": [
            -0.042801777289497536,
            -0.060878109669866246,
            0.9561916310543888
        ],
        "Head": [
            -0.013097488645475821,
            0.1462543459881567,
            1.0091560898349297
        ],
        "L_Shoulder": [
            -0.15828936259581883,
            0.18789015679618143,
            0.7356649280295025
        ],
        "L_Elbow": [
            -0.5078761683452004,
            0.346027689068063,
            0.9240693674977694
        ],
        "L_Wrist": [
            -0.7413052929508459,
            0.2319122270749997,
            1.195473906294511
        ],
        "R_Shoulder": [
            0.21973370414409546,
            -0.15741316505245118,
            0.6488223376781646
        ],
        "R_Elbow": [
            0.3772539924703929,
            -0.3678887750525662,
            0.30451057795869235
        ],
        "R_Wrist": [
            0.3011248320203283,
            -0.7076674548835589,
            0.03861685837711187
        ]
    }
}