{
    "video": "edition40_sequence_6.mp4",
    "peak_id": 7,
    "frame_idx": 1163,
    "timestamp": 46.52,
    "total_score": 0.451,
    "skeleton_3d": {
        "Pelvis": [
            0.0,
            0.0,
            0.0
        ],
        "R_Hip": [
            0.15707660633953507,
            -0.1181886442980216,
            -0.011816901000523466
        ],
        "R_Knee": [
            0.036075657761330246,
            -0.26961954244480707,
            -0.6443290145140665
        ],
        "R_Ankle": [
            0.05712985518347824,
            0.15180781116257883,
            -1.2421889785048716
        ],
        "L_Hip": [
            -0.1455300321939616,
            0.12985790447296333,
            0.02120463371318259
        ],
        "L_Knee": [
            -0.6123625243096293,
            0.23447410804409446,
            -0.31623170570562775
        ],
        "L_Ankle": [
            -1.1739960735085013,
            0.21539890834772382,
            -0.5309723055229973
        ],
        "Spine": [
            0.002029871502225158,
            -0.03166775903066211,
            0.32031100989311045
        ],
        "Thorax": [
            -0.001821320228006939,
            0.10675772506735902,
            0.6751650926997032
        ],
        "Neck": [
            -0.13798509294826075,
            -0.013403013194458233,
            0.8763935256729722
        ],
        "Head": [
            -0.10166502849140441,
            0.22475564881347262,
            0.9345667781170833
        ],
        "L_Shoulder": [
            -0.23627208601765118,
            0.1378102207044319,
            0.5876371512225979
        ],
        "L_Elbow": [
            -0.4789664095898632,
            0.3680372588998059,
            0.40282354045219154
        ],
        "L_Wrist": [
            -0.5519230644343788,
            -0.018026750787537578,
            0.26302969016527583
        ],
        "R_Shoulder": [
            0.24510789511244294,
            -0.06504813528664352,
            0.6588506934267641
        ],
        "R_Elbow": [
            0.6100429357519122,
            -0.3503915514361295,
            0.6797034443885005
        ],
        "R_Wrist": [
            0.9614373580608722,
            -0.579105780579193,
            0.7862378844042556
        ]
    }
}