{
    "video": "edition40_sequence_9.mp4",
    "peak_id": 5,
    "frame_idx": 617,
    "timestamp": 24.68,
    "total_score": 0.9,
    "skeleton_3d": {
        "Pelvis": [
            0.0,
            0.0,
            0.0
        ],
        "R_Hip": [
            0.08594322986942006,
            0.09137602960988736,
            0.04499755152873791
        ],
        "R_Knee": [
            0.5476665488943873,
            -0.08600059050063281,
            0.3155101882659123
        ],
        "R_Ankle": [
            0.8470223523976382,
            -0.48268128141860966,
            0.516944515015739
        ],
        "L_Hip": [
            -0.07484682451675219,
            -0.0674213494684656,
            -0.04730088230917629
        ],
        "L_Knee": [
            -0.019830813795236546,
            -0.3776147663182554,
            -0.5527995874295243
        ],
        "L_Ankle": [
            -0.029434937486550836,
            -0.6642968972037225,
            -1.0831768465822444
        ],
        "Spine": [
            -0.08231232442763818,
            0.08873707784878353,
            0.23148219184906652
        ],
        "Thorax": [
            -0.12538639988366027,
            0.34471585520944364,
            0.47574492269905716
        ],
        "Neck": [
            -0.15193063860418426,
            0.2679793381055634,
            0.6688164546573674
        ],
        "Head": [
            -0.15591688977923138,
            0.5148325030785257,
            0.6951970417209381
        ],
        "L_Shoulder": [
            -0.3098869702416284,
            0.18610844413520303,
            0.4665942384872717
        ],
        "L_Elbow": [
            -0.4251692061319988,
            -0.16805614292692633,
            0.7505061986011567
        ],
        "L_Wrist": [
            -0.3777592810877783,
            -0.18267386064447116,
            1.101365545017598
        ],
        "R_Shoulder": [
            0.07144421088502158,
            0.3004379757257819,
            0.43149553591445833
        ],
        "R_Elbow": [
            0.416049966452893,
            -0.026676305132390055,
            0.40679669351515746
        ],
        "R_Wrist": [
            0.7822665274467115,
            -0.2829388306263983,
            0.47872387316017323
        ]
    }
}