{
    "video": "edition40_sequence_7.mp4",
    "peak_id": 13,
    "frame_idx": 1617,
    "timestamp": 64.68,
    "total_score": 0.593,
    "skeleton_3d": {
        "Pelvis": [
            0.0,
            0.0,
            0.0
        ],
        "R_Hip": [
            0.09493236119704544,
            -0.18342282364496595,
            -0.018544179829632176
        ],
        "R_Knee": [
            0.018106168657183258,
            -0.5438330012538605,
            -0.5971902550820456
        ],
        "R_Ankle": [
            -0.03658775779990491,
            -0.744861937755318,
            -1.2223615728589217
        ],
        "L_Hip": [
            -0.09137846714576266,
            0.1636886205648541,
            0.012351943224575699
        ],
        "L_Knee": [
            0.0001192883297145468,
            0.28962913270126633,
            0.23375476134353623
        ],
        "L_Ankle": [
            0.39589819385804564,
            0.16026063596561593,
            0.27803675364912556
        ],
        "Spine": [
            0.001182980188359491,
            0.10305060510669956,
            0.361284063799759
        ],
        "Thorax": [
            0.029920216619427693,
            0.2562419380856632,
            0.7350665656576112
        ],
        "Neck": [
            -0.005056925256323598,
            0.21497461548283417,
            0.915886248644048
        ],
        "Head": [
            0.0035390373489696445,
            0.4286910568459951,
            0.966011439601767
        ],
        "L_Shoulder": [
            -0.16787155359533606,
            0.3015639832649965,
            0.7147599419831784
        ],
        "L_Elbow": [
            -0.37168310890610146,
            0.20780271528461727,
            1.0110028273689882
        ],
        "L_Wrist": [
            -0.2575192070870496,
            0.13788117358860622,
            1.320742139997566
        ],
        "R_Shoulder": [
            0.21842008769676358,
            0.04646187224435982,
            0.7035179746164618
        ],
        "R_Elbow": [
            0.2930896472860417,
            -0.33048368990061644,
            1.0675353264915488
        ],
        "R_Wrist": [
            0.13947282127201127,
            -0.12656115074139015,
            1.3653073409948093
        ]
    }
}