{
    "video": "edition40_sequence_15.mp4",
    "peak_id": 6,
    "frame_idx": 1162,
    "timestamp": 46.48,
    "total_score": 0.954,
    "skeleton_3d": {
        "Pelvis": [
            0.0,
            0.0,
            0.0
        ],
        "R_Hip": [
            0.10747435761422695,
            0.07021688769148074,
            0.056187637375528766
        ],
        "R_Knee": [
            0.7378529727285307,
            -0.06985077658458624,
            0.2039670767708195
        ],
        "R_Ankle": [
            1.3242265192573455,
            -0.2941108643743378,
            0.42429554693887384
        ],
        "L_Hip": [
            -0.09426797272026399,
            -0.015205820245725556,
            -0.05382937445732933
        ],
        "L_Knee": [
            -0.01606826970486436,
            -0.11924094956612181,
            -0.647458776227857
        ],
        "L_Ankle": [
            -0.1783190528569145,
            -0.09748511124671158,
            -1.2028768877011047
        ],
        "Spine": [
            -0.15343662866013907,
            0.034608657778519215,
            0.31017346443159016
        ],
        "Thorax": [
            -0.2595018864046528,
            0.18221365120504224,
            0.6378411909474427
        ],
        "Neck": [
            -0.4199929797659994,
            0.11909676651390043,
            0.8303005325354923
        ],
        "Head": [
            -0.3888039021870479,
            0.39559392132787347,
            0.8646910560395147
        ],
        "L_Shoulder": [
            -0.467758593331548,
            0.19097607380102952,
            0.6098450726105421
        ],
        "L_Elbow": [
            -0.6843249790145436,
            0.2509983852628745,
            0.8465111320649217
        ],
        "L_Wrist": [
            -0.7778612664072158,
            0.3478275056672834,
            1.1243334643206349
        ],
        "R_Shoulder": [
            -0.04246450598532157,
            0.05083934849503692,
            0.6012341942293347
        ],
        "R_Elbow": [
            0.28023625022018056,
            -0.17398984836645157,
            0.5409536987232382
        ],
        "R_Wrist": [
            0.6095496946429944,
            -0.48337750546067254,
            0.6108299418253926
        ]
    }
}