{
    "video": "edition40_sequence_8.mp4",
    "peak_id": 9,
    "frame_idx": 1032,
    "timestamp": 41.28,
    "total_score": 0.849,
    "skeleton_3d": {
        "Pelvis": [
            0.0,
            0.0,
            0.0
        ],
        "R_Hip": [
            0.0977790814210726,
            0.014205158578960268,
            -0.055772736443493794
        ],
        "R_Knee": [
            0.0800515978285172,
            -0.15336748134706837,
            -0.6948160556000527
        ],
        "R_Ankle": [
            0.1125351338625494,
            -0.10096664387783134,
            -1.245389978241164
        ],
        "L_Hip": [
            -0.10266744656885685,
            0.05326150722047229,
            0.06132440975718078
        ],
        "L_Knee": [
            -0.6702786527230108,
            0.06270894169648127,
            0.11916779141971336
        ],
        "L_Ankle": [
            -1.1678272479010534,
            -0.10071284461573982,
            0.2194373981819314
        ],
        "Spine": [
            0.1366160617673033,
            -0.0401714875430094,
            0.2974027425576802
        ],
        "Thorax": [
            0.2528052444331896,
            0.12374701201223458,
            0.6267348549554529
        ],
        "Neck": [
            0.34502048852803907,
            0.009555961178980832,
            0.8386891428284211
        ],
        "Head": [
            0.32151313911615337,
            0.2608519989701605,
            0.8784796648081821
        ],
        "L_Shoulder": [
            0.04082887756018219,
            0.13915964482187226,
            0.5933962331780532
        ],
        "L_Elbow": [
            -0.3129513449950328,
            0.38054066458753794,
            0.53967707506649
        ],
        "L_Wrist": [
            -0.6777804749202493,
            0.3395349494018966,
            0.5894391828706866
        ],
        "R_Shoulder": [
            0.4718648835189912,
            -0.02767656631508846,
            0.5852203717526112
        ],
        "R_Elbow": [
            0.7314914080259772,
            -0.35020522376889834,
            0.8102006013669567
        ],
        "R_Wrist": [
            0.9516350257714428,
            -0.3589874737495484,
            1.044887160367549
        ]
    }
}