{
    "video": "edition40_sequence_15.mp4",
    "peak_id": 16,
    "frame_idx": 2970,
    "timestamp": 118.8,
    "total_score": 0.511,
    "skeleton_3d": {
        "Pelvis": [
            0.0,
            0.0,
            0.0
        ],
        "R_Hip": [
            0.09782690058289004,
            -0.2020511179454679,
            -0.014593118129109253
        ],
        "R_Knee": [
            0.08914720904822701,
            -0.23104334128916643,
            -0.6586401107367046
        ],
        "R_Ankle": [
            0.042733111674136966,
            0.04006452943522787,
            -1.2228660210408113
        ],
        "L_Hip": [
            -0.09269267544102143,
            0.19334720184625181,
            0.017066307915641062
        ],
        "L_Knee": [
            -0.6267564962652615,
            0.04699503609399907,
            -0.1303096432363607
        ],
        "L_Ankle": [
            -0.549385761727138,
            0.15516340929566125,
            -0.21948018120146873
        ],
        "Spine": [
            -0.0023927958278402244,
            -0.07397011060375865,
            0.3137532900759549
        ],
        "Thorax": [
            0.003382375113046568,
            -0.06464632817171893,
            0.6580904595747358
        ],
        "Neck": [
            -0.09968236397331805,
            -0.1721015494283244,
            0.8570339806510582
        ],
        "Head": [
            -0.07071471984660652,
            -0.04982900959380047,
            0.9179251346424979
        ],
        "L_Shoulder": [
            -0.0847134044301438,
            0.09595216573986716,
            0.6152159377564024
        ],
        "L_Elbow": [
            -0.14686463851924372,
            0.449381036724576,
            0.352242240007216
        ],
        "L_Wrist": [
            -0.4032905025913703,
            0.7601113896750991,
            0.27803981402607575
        ],
        "R_Shoulder": [
            0.10074876176465934,
            -0.33177093210683917,
            0.5970685049568257
        ],
        "R_Elbow": [
            -0.09270252155435592,
            -0.7280292179291354,
            0.34232995694404944
        ],
        "R_Wrist": [
            -0.45505667787867704,
            -0.735292499775485,
            0.2639625889560743
        ]
    }
}