{
    "video": "edition40_sequence_1.mp4",
    "peak_id": 5,
    "frame_idx": 1673,
    "timestamp": 66.92,
    "total_score": 0.601,
    "skeleton_3d": {
        "Pelvis": [
            0.0,
            0.0,
            0.0
        ],
        "R_Hip": [
            0.06403228194342171,
            -0.1402832503116365,
            0.056518018938135774
        ],
        "R_Knee": [
            0.6240709658587795,
            -0.08042556112918642,
            0.08383708065805949
        ],
        "R_Ankle": [
            1.1311069664361444,
            -0.13910848741860324,
            0.12113009698885455
        ],
        "L_Hip": [
            -0.05069944265753008,
            0.17158716559302936,
            -0.05878051154632768
        ],
        "L_Knee": [
            -0.09230103077660949,
            0.09761803641247939,
            -0.7036874263403591
        ],
        "L_Ankle": [
            -0.21998887156623764,
            -0.006207594168720596,
            -1.2278963177537636
        ],
        "Spine": [
            -0.17163858467822676,
            0.08720921985439899,
            0.27044731451758813
        ],
        "Thorax": [
            -0.2880699340371122,
            0.14998863898355472,
            0.5741026626838287
        ],
        "Neck": [
            -0.4035369277696086,
            0.18186966114483843,
            0.7831442511115341
        ],
        "Head": [
            -0.36263598580514833,
            0.3403976477258929,
            0.808960834211411
        ],
        "L_Shoulder": [
            -0.3827634323415895,
            0.3252237977163707,
            0.5502488587888343
        ],
        "L_Elbow": [
            -0.7668527925506591,
            0.5365606252167037,
            0.5393978592418591
        ],
        "L_Wrist": [
            -1.1869329487118239,
            0.5524122398218578,
            0.5047913744824566
        ],
        "R_Shoulder": [
            -0.22877623596943897,
            -0.06733924536793043,
            0.5344064417378559
        ],
        "R_Elbow": [
            -0.7675715761235341,
            -0.22689108095022836,
            0.5160803679024163
        ],
        "R_Wrist": [
            -1.1654489422237373,
            0.10585287360643165,
            0.4941298234076967
        ]
    }
}