{
    "video": "edition40_sequence_7.mp4",
    "peak_id": 14,
    "frame_idx": 1741,
    "timestamp": 69.64,
    "total_score": 0.71,
    "skeleton_3d": {
        "Pelvis": [
            0.0,
            0.0,
            0.0
        ],
        "R_Hip": [
            0.1343815638690024,
            -0.14768242769572407,
            0.03537122687270731
        ],
        "R_Knee": [
            0.6375104154087762,
            0.01191041681216782,
            -0.11747333031267276
        ],
        "R_Ankle": [
            1.1139450800327793,
            -0.030134743829644827,
            -0.07362253466160731
        ],
        "L_Hip": [
            -0.12951773325620117,
            0.15488076502048004,
            -0.035355542032757266
        ],
        "L_Knee": [
            -0.14614429721339744,
            -0.10313929938369298,
            -0.5523664572308162
        ],
        "L_Ankle": [
            -0.015372600155515649,
            -0.236393706659822,
            -0.9942493800498677
        ],
        "Spine": [
            -0.057230633603328265,
            0.17844777501630246,
            0.30667123401372964
        ],
        "Thorax": [
            -0.07125643710394525,
            0.3990852350576196,
            0.6411470985740225
        ],
        "Neck": [
            -0.018460674064128962,
            0.32339409475888137,
            0.8405827077168622
        ],
        "Head": [
            -0.032198158047760286,
            0.5500220996742587,
            0.8624204043336499
        ],
        "L_Shoulder": [
            -0.29080154726848245,
            0.34090566863731375,
            0.6107296032260252
        ],
        "L_Elbow": [
            -0.6413565485709164,
            0.26206455340812046,
            0.7072940854926104
        ],
        "L_Wrist": [
            -0.9214949630237881,
            0.09229320267096683,
            0.8318137345135721
        ],
        "R_Shoulder": [
            0.1424760530897151,
            0.26891122514448434,
            0.6166236600335939
        ],
        "R_Elbow": [
            0.4672181952857968,
            -0.03396480660603589,
            0.7080863611886236
        ],
        "R_Wrist": [
            0.7986912259294343,
            -0.176575708074887,
            0.818252468869936
        ]
    }
}