{
    "video": "edition40_sequence_8.mp4",
    "peak_id": 5,
    "frame_idx": 692,
    "timestamp": 27.68,
    "total_score": 0.408,
    "skeleton_3d": {
        "Pelvis": [
            0.0,
            0.0,
            0.0
        ],
        "R_Hip": [
            -0.021596667196972303,
            -0.1783570396245807,
            -0.02331179463608436
        ],
        "R_Knee": [
            -0.06783452697433714,
            -0.14190134181259798,
            -0.6334838192995043
        ],
        "R_Ankle": [
            -0.07275479037361277,
            0.011208005458807051,
            -1.1958288016750076
        ],
        "L_Hip": [
            0.02914067686742208,
            0.1672619000473304,
            0.026540244306213018
        ],
        "L_Knee": [
            -0.06503354501037467,
            0.7559707719069121,
            -0.03733123204575292
        ],
        "L_Ankle": [
            -0.4019846511974112,
            0.8869191421484642,
            -0.4284447407914327
        ],
        "Spine": [
            -0.05619009753817148,
            -0.11937993961500733,
            0.33184118305435245
        ],
        "Thorax": [
            -0.09321661760282407,
            -0.1778996976042824,
            0.6993703181396811
        ],
        "Neck": [
            -0.26726334781848377,
            -0.19964693345254705,
            0.9031807913868808
        ],
        "Head": [
            -0.23559088908188444,
            -0.17757354959818283,
            0.9591758566335378
        ],
        "L_Shoulder": [
            0.08256729193352354,
            -0.035658159027981376,
            0.6660785752083661
        ],
        "L_Elbow": [
            -0.09293241409745354,
            0.44644406324040775,
            0.5490308197012408
        ],
        "L_Wrist": [
            -0.6328222477946108,
            0.5326772828546793,
            0.5377190552082495
        ],
        "R_Shoulder": [
            -0.2625392550666442,
            -0.3131904560041644,
            0.6437628480266995
        ],
        "R_Elbow": [
            -0.6131466872165584,
            -0.0401742518676761,
            0.5252682120280273
        ],
        "R_Wrist": [
            -0.7596533593362265,
            0.4469436388677009,
            0.5530719470845181
        ]
    }
}