{
    "video": "edition40_sequence_12.mp4",
    "peak_id": 7,
    "frame_idx": 1214,
    "timestamp": 48.56,
    "total_score": 0.628,
    "skeleton_3d": {
        "Pelvis": [
            0.0,
            0.0,
            0.0
        ],
        "R_Hip": [
            0.12307001852052836,
            -0.04279362977038532,
            0.023963109269294715
        ],
        "R_Knee": [
            0.558034296303094,
            -0.0008880693020403555,
            0.03666727323163768
        ],
        "R_Ankle": [
            0.8794636529554185,
            -0.24984491766017894,
            0.14375840250003702
        ],
        "L_Hip": [
            -0.11679091973397421,
            0.0475694900612771,
            -0.026760918359600403
        ],
        "L_Knee": [
            -0.2436850913584857,
            -0.4315462914829747,
            -0.5505234184061619
        ],
        "L_Ankle": [
            -0.35360319321104394,
            -0.8986553664303805,
            -1.0179876178387182
        ],
        "Spine": [
            -0.013545538516256426,
            0.17513564132665543,
            0.3132848242889478
        ],
        "Thorax": [
            0.006054623651366785,
            0.3977789864401106,
            0.6415234968660726
        ],
        "Neck": [
            0.1057243293864798,
            0.3425634332778945,
            0.7797520045316457
        ],
        "Head": [
            0.0947044999091296,
            0.5597134682291749,
            0.8166897164262831
        ],
        "L_Shoulder": [
            -0.16937900342998216,
            0.2411541964919225,
            0.648998286490611
        ],
        "L_Elbow": [
            -0.18420996792405933,
            -0.13050158412417706,
            0.9309786441776022
        ],
        "L_Wrist": [
            -0.09280421905965186,
            -0.10980900556555248,
            1.1878844532295567
        ],
        "R_Shoulder": [
            0.1743019128823804,
            0.30477002724361185,
            0.6065113201655902
        ],
        "R_Elbow": [
            0.35021049848612235,
            0.005354859965418499,
            0.7722923054639267
        ],
        "R_Wrist": [
            0.47131760290037417,
            0.039987502879332774,
            0.990385003816522
        ]
    }
}