{
    "video": "edition40_sequence_9.mp4",
    "peak_id": 4,
    "frame_idx": 374,
    "timestamp": 14.96,
    "total_score": 0.737,
    "skeleton_3d": {
        "Pelvis": [
            0.0,
            0.0,
            0.0
        ],
        "R_Hip": [
            0.07962436360780739,
            -0.05745924013676735,
            0.049677230337930874
        ],
        "R_Knee": [
            0.6917158402119226,
            -0.011992955195315725,
            0.17683822990547024
        ],
        "R_Ankle": [
            1.259079969904466,
            -0.1851756837395303,
            0.4534452909233371
        ],
        "L_Hip": [
            -0.06579002506451952,
            0.1053205691800166,
            -0.052210916548383945
        ],
        "L_Knee": [
            -0.07058450448061576,
            -0.05783350655608218,
            -0.698620162309219
        ],
        "L_Ankle": [
            -0.1192648861782067,
            -0.24659258953274096,
            -1.31845052160839
        ],
        "Spine": [
            -0.13102896522612195,
            0.15048541446126137,
            0.28985991018216717
        ],
        "Thorax": [
            -0.2166132779407472,
            0.35377190027653993,
            0.6018512596311877
        ],
        "Neck": [
            -0.27814754440772727,
            0.31911725888482817,
            0.7593173395042877
        ],
        "Head": [
            -0.2523710251251433,
            0.5777050331864001,
            0.7881411451365462
        ],
        "L_Shoulder": [
            -0.37485729875544876,
            0.2892850029042555,
            0.6508653281891673
        ],
        "L_Elbow": [
            -0.4609758788028111,
            -0.0379806631157291,
            0.8966603059598898
        ],
        "L_Wrist": [
            -0.42590079815660015,
            -0.12623438013409102,
            1.2813702250046164
        ],
        "R_Shoulder": [
            -0.05631781172119081,
            0.1667405169304905,
            0.5116884313695951
        ],
        "R_Elbow": [
            0.25216326623751606,
            -0.42100607001987544,
            0.47408989998203516
        ],
        "R_Wrist": [
            0.5921191099074719,
            -0.5698745068111131,
            0.5914126511874163
        ]
    }
}