{
    "video": "edition40_sequence_19.mp4",
    "peak_id": 4,
    "frame_idx": 410,
    "timestamp": 16.4,
    "total_score": 0.797,
    "skeleton_3d": {
        "Pelvis": [
            0.0,
            0.0,
            0.0
        ],
        "R_Hip": [
            0.09018709447533214,
            -0.08455319153233457,
            0.03068094851080392
        ],
        "R_Knee": [
            0.7456834592142503,
            0.11721430352066883,
            0.05308461900130668
        ],
        "R_Ankle": [
            1.3338136639059193,
            0.02074511023535638,
            0.213834725773418
        ],
        "L_Hip": [
            -0.0783504835031276,
            0.13150558608030974,
            -0.032300931568431
        ],
        "L_Knee": [
            -0.12868611160057794,
            -0.08040429253211923,
            -0.694441928762712
        ],
        "L_Ankle": [
            -0.22371733806837835,
            -0.43905557227911535,
            -1.2586600034423858
        ],
        "Spine": [
            -0.11394932639760555,
            0.10313392400235197,
            0.33007146036171026
        ],
        "Thorax": [
            -0.18029616921126793,
            0.23976717562263486,
            0.6747511602999802
        ],
        "Neck": [
            -0.2578685000159609,
            0.17261224722849125,
            0.8987875146857742
        ],
        "Head": [
            -0.2291343353281777,
            0.44512171655444255,
            0.9246943912359115
        ],
        "L_Shoulder": [
            -0.372268163301327,
            0.25273862182332607,
            0.711419795197673
        ],
        "L_Elbow": [
            -0.49533052971419567,
            0.24355752995937008,
            0.9880715401708228
        ],
        "L_Wrist": [
            -0.5222140112688174,
            0.33776036263859666,
            1.3309527259218548
        ],
        "R_Shoulder": [
            0.010971824341647469,
            0.08753873180143482,
            0.5741509718796775
        ],
        "R_Elbow": [
            0.3951909819866225,
            -0.40289118850879024,
            0.570516905306192
        ],
        "R_Wrist": [
            0.7556373875682658,
            -0.5316288410416651,
            0.5949333740753635
        ]
    }
}