{
    "video": "edition40_sequence_7.mp4",
    "peak_id": 12,
    "frame_idx": 1567,
    "timestamp": 62.68,
    "total_score": 0.801,
    "skeleton_3d": {
        "Pelvis": [
            0.0,
            0.0,
            0.0
        ],
        "R_Hip": [
            0.09711574895986114,
            -0.009661910833766149,
            -0.04635393263950657
        ],
        "R_Knee": [
            0.027789110357226986,
            -0.3151035485821764,
            -0.6867036052549047
        ],
        "R_Ankle": [
            -0.019335510396159876,
            -0.40656918172027023,
            -1.3029386768273683
        ],
        "L_Hip": [
            -0.09817406152748677,
            0.05764968677427519,
            0.048000134005616195
        ],
        "L_Knee": [
            -0.5664992846644775,
            -0.1518921468456637,
            0.1195504281694097
        ],
        "L_Ankle": [
            -0.9129260895355822,
            -0.5851364868799644,
            0.13970424820856003
        ],
        "Spine": [
            0.09275596591212976,
            0.05384517822435448,
            0.3558271636684168
        ],
        "Thorax": [
            0.18668105833031465,
            0.23837261824903866,
            0.7299661333841857
        ],
        "Neck": [
            0.2354370211799645,
            0.15886932440007792,
            0.9155340499207265
        ],
        "Head": [
            0.23671373471805282,
            0.39905313898026573,
            0.9712889050093175
        ],
        "L_Shoulder": [
            -0.03380470503378529,
            0.22621073214122553,
            0.7170923269053993
        ],
        "L_Elbow": [
            -0.2555819777949958,
            0.2292490124719141,
            1.0033282245097455
        ],
        "L_Wrist": [
            -0.0990841618615924,
            0.17719953367779473,
            1.332047683494087
        ],
        "R_Shoulder": [
            0.40393830889058285,
            0.08372718750004349,
            0.6841218546771711
        ],
        "R_Elbow": [
            0.546603222580789,
            -0.23111007789361537,
            1.0757069740484304
        ],
        "R_Wrist": [
            0.3753245266709858,
            0.031036678113785243,
            1.3618653131689114
        ]
    }
}