{
    "video": "edition40_sequence_13.mp4",
    "peak_id": 0,
    "frame_idx": 68,
    "timestamp": 2.72,
    "total_score": 0.891,
    "skeleton_3d": {
        "Pelvis": [
            0.0,
            0.0,
            0.0
        ],
        "R_Hip": [
            0.13032515533597003,
            -0.12586026208910633,
            0.018384676332361256
        ],
        "R_Knee": [
            -0.285049536158202,
            -0.2141862875885114,
            0.16796876402335756
        ],
        "R_Ankle": [
            -0.7359458246278772,
            -0.5248057570253885,
            0.0967218274335473
        ],
        "L_Hip": [
            -0.11684538940523206,
            0.1614807374024485,
            -0.014276399892786576
        ],
        "L_Knee": [
            -0.12089164393707154,
            0.21281181272479188,
            -0.6422031010958347
        ],
        "L_Ankle": [
            -0.1159222928099601,
            0.47475474937689305,
            -1.2377490157430429
        ],
        "Spine": [
            -0.04459966127317242,
            0.09461895858741454,
            0.301107627434788
        ],
        "Thorax": [
            -0.0991320205130649,
            0.32954119660789405,
            0.6206791902402249
        ],
        "Neck": [
            -0.28564918306840303,
            0.2128809078420167,
            0.8164931887751703
        ],
        "Head": [
            -0.27337874050036587,
            0.4667688393218605,
            0.8652766870561307
        ],
        "L_Shoulder": [
            -0.3179803960765593,
            0.30979030359767673,
            0.5189393177019745
        ],
        "L_Elbow": [
            -0.6409541604302413,
            0.2571016118383766,
            0.4177373511399694
        ],
        "L_Wrist": [
            -0.8278295767705397,
            -0.1376039887670684,
            0.39275462862769506
        ],
        "R_Shoulder": [
            0.1334879427916813,
            0.14387843866689518,
            0.6496002367043031
        ],
        "R_Elbow": [
            0.49283597402752444,
            -0.15692926758278208,
            0.7646896377184234
        ],
        "R_Wrist": [
            0.8153929931851303,
            -0.40792516038397497,
            0.9372190703986591
        ]
    }
}