{
    "video": "edition40_sequence_15.mp4",
    "peak_id": 1,
    "frame_idx": 554,
    "timestamp": 22.16,
    "total_score": 0.913,
    "skeleton_3d": {
        "Pelvis": [
            0.0,
            0.0,
            0.0
        ],
        "R_Hip": [
            0.035922299409478296,
            -0.05915282979984284,
            -0.07177513939752453
        ],
        "R_Knee": [
            -0.03970389246698389,
            -0.06443209565027329,
            -0.704972129887421
        ],
        "R_Ankle": [
            0.08442737136382623,
            -0.1661022310297938,
            -1.2796533301237458
        ],
        "L_Hip": [
            -0.0362442074030934,
            0.1086018394232567,
            0.07142292314961476
        ],
        "L_Knee": [
            -0.6302743573056518,
            0.15529854291407777,
            0.3487394396198604
        ],
        "L_Ankle": [
            -0.936143759381556,
            0.22513128529469528,
            0.7695470320885701
        ],
        "Spine": [
            0.11920716066376763,
            -0.27012787748255795,
            0.280615254750145
        ],
        "Thorax": [
            0.2354325286236036,
            -0.5136799888742641,
            0.6061125765901777
        ],
        "Neck": [
            0.30365766407092687,
            -0.5565040952037158,
            0.7833875611225863
        ],
        "Head": [
            0.28617867310701645,
            -0.5372885754271054,
            0.8246079410139391
        ],
        "L_Shoulder": [
            0.14404181780353845,
            -0.46374998898626996,
            0.611769155683001
        ],
        "L_Elbow": [
            0.06230883726343802,
            -0.12453719392206408,
            0.8902085634023168
        ],
        "L_Wrist": [
            0.006668839263144494,
            -0.0799518404582876,
            1.2331642475515043
        ],
        "R_Shoulder": [
            0.3284724931785568,
            -0.5809301535101838,
            0.5339113617053389
        ],
        "R_Elbow": [
            0.25692663478710526,
            -0.7644398387913478,
            0.1607758690950185
        ],
        "R_Wrist": [
            0.3709723978387947,
            -0.9742774577936432,
            -0.07672705518440524
        ]
    }
}