{
    "video": "edition40_sequence_19.mp4",
    "peak_id": 1,
    "frame_idx": 200,
    "timestamp": 8.0,
    "total_score": 1.0,
    "skeleton_3d": {
        "Pelvis": [
            0.0,
            0.0,
            0.0
        ],
        "R_Hip": [
            0.08627790988247624,
            -0.1258912222492951,
            -0.07253803772235849
        ],
        "R_Knee": [
            0.01536016059650397,
            -0.22844540378245531,
            -0.6829116727345325
        ],
        "R_Ankle": [
            0.05850360909144053,
            -0.00586318432590981,
            -1.238100425330789
        ],
        "L_Hip": [
            -0.08968379402576976,
            0.15534940476945042,
            0.0729978706272457
        ],
        "L_Knee": [
            -0.17008179210170335,
            -0.06457715314633496,
            0.7025654727142452
        ],
        "L_Ankle": [
            -0.2913607472339256,
            -0.16026496534697732,
            1.2259912728874502
        ],
        "Spine": [
            0.09392184388402211,
            -0.19103535463010743,
            0.28010051496805816
        ],
        "Thorax": [
            0.18349875197675614,
            -0.25740870950353534,
            0.5914674746553573
        ],
        "Neck": [
            0.11975563528904706,
            -0.35062176767159264,
            0.7566652415727785
        ],
        "Head": [
            0.13848575387001502,
            -0.14461831200718306,
            0.8139638861664069
        ],
        "L_Shoulder": [
            -0.04743807807030604,
            -0.17662735287921402,
            0.6215767719072212
        ],
        "L_Elbow": [
            -0.29266130467736196,
            0.20432371972253752,
            0.5986061776685205
        ],
        "L_Wrist": [
            -0.293406778897332,
            0.10698462332986053,
            0.4740811464994496
        ],
        "R_Shoulder": [
            0.4171646818171732,
            -0.3641194915937514,
            0.4949111166000916
        ],
        "R_Elbow": [
            0.7589616102605253,
            -0.7001425787112289,
            0.5097152363305378
        ],
        "R_Wrist": [
            1.1352682362131141,
            -0.8399574925304176,
            0.5356354930967017
        ]
    }
}