{
    "video": "edition40_sequence_8.mp4",
    "peak_id": 1,
    "frame_idx": 131,
    "timestamp": 5.24,
    "total_score": 0.882,
    "skeleton_3d": {
        "Pelvis": [
            0.0,
            0.0,
            0.0
        ],
        "R_Hip": [
            0.06919080164826431,
            -0.037149344266610124,
            -0.05881961027771573
        ],
        "R_Knee": [
            0.08830469140962247,
            -0.2777770878371385,
            -0.6699256777117836
        ],
        "R_Ankle": [
            0.13032428665226575,
            -0.4370872647244564,
            -1.2416162620625522
        ],
        "L_Hip": [
            -0.07290728496222025,
            0.09424971785343463,
            0.06436985204041863
        ],
        "L_Knee": [
            -0.6827420166785567,
            0.1318723700630365,
            0.15452165060650158
        ],
        "L_Ankle": [
            -1.277061967811257,
            0.12111740158282122,
            0.3193496036198013
        ],
        "Spine": [
            0.1093715612791634,
            -0.07629277250683461,
            0.3075723906797899
        ],
        "Thorax": [
            0.20872681077805247,
            0.04182292216684659,
            0.6570120828671527
        ],
        "Neck": [
            0.2602086089243624,
            -0.022378181194259997,
            0.8763410113127434
        ],
        "Head": [
            0.22506004414006917,
            0.23054236474445386,
            0.9069653302534555
        ],
        "L_Shoulder": [
            0.033325916155410244,
            0.0430534360837573,
            0.5902270808018847
        ],
        "L_Elbow": [
            -0.25688772122727216,
            0.38251094983457906,
            0.48213123429353766
        ],
        "L_Wrist": [
            -0.5444325373030495,
            0.33041336233286067,
            0.5186107632543182
        ],
        "R_Shoulder": [
            0.3888396335105983,
            -0.10229344603506473,
            0.645645781652382
        ],
        "R_Elbow": [
            0.5106218472782121,
            -0.5333187403280066,
            0.868639970478579
        ],
        "R_Wrist": [
            0.5012451170032806,
            -0.35636702979367496,
            1.183075670097994
        ]
    }
}