{
    "video": "edition40_sequence_10.mp4",
    "peak_id": 8,
    "frame_idx": 1160,
    "timestamp": 46.4,
    "total_score": 0.406,
    "skeleton_3d": {
        "Pelvis": [
            0.0,
            0.0,
            0.0
        ],
        "R_Hip": [
            0.12230414724566331,
            -0.1748335403855423,
            -0.03222583843862933
        ],
        "R_Knee": [
            -0.07854687152053279,
            -0.2192185021982599,
            -0.649483537429084
        ],
        "R_Ankle": [
            -0.09634779622807514,
            0.1119989617295324,
            -1.2244561088852324
        ],
        "L_Hip": [
            -0.11107727987588144,
            0.17048110380237924,
            0.037601964236866736
        ],
        "L_Knee": [
            -0.4916125113338443,
            0.5427890296201405,
            -0.2524238483951332
        ],
        "L_Ankle": [
            -0.5190896077738841,
            0.9083446726875534,
            -0.29870676356063264
        ],
        "Spine": [
            0.03108538606165147,
            -0.09968509063946268,
            0.33829078832393594
        ],
        "Thorax": [
            0.06339398915985285,
            -0.048573919892951074,
            0.7064439264530155
        ],
        "Neck": [
            -0.07567159755165481,
            -0.16775905425535806,
            0.927033037730621
        ],
        "Head": [
            -0.03933520029888999,
            0.013630040186101417,
            0.9849291205432646
        ],
        "L_Shoulder": [
            -0.12592718081332616,
            0.07166425525069924,
            0.6654503626655769
        ],
        "L_Elbow": [
            -0.4862970327942986,
            0.3957633360977726,
            0.5354818173401058
        ],
        "L_Wrist": [
            -0.8628479432523964,
            0.5730279235075911,
            0.5804941273891843
        ],
        "R_Shoulder": [
            0.2697667594571632,
            -0.25264891658385885,
            0.646309348106113
        ],
        "R_Elbow": [
            0.6132803958125493,
            -0.5998866455140123,
            0.5359159739472841
        ],
        "R_Wrist": [
            0.8216823479915151,
            -0.9700289568269198,
            0.7289681002096132
        ]
    }
}