{
    "video": "edition40_sequence_3.mp4",
    "peak_id": 0,
    "frame_idx": 72,
    "timestamp": 2.88,
    "total_score": 0.745,
    "skeleton_3d": {
        "Pelvis": [
            0.0,
            0.0,
            0.0
        ],
        "R_Hip": [
            0.13033495583558966,
            -0.10674106204870705,
            0.06706552817556079
        ],
        "R_Knee": [
            0.3116185295943239,
            -0.020151685999823674,
            0.5245942071639726
        ],
        "R_Ankle": [
            0.48127189367858525,
            -0.16814380826518072,
            0.8599076524683562
        ],
        "L_Hip": [
            -0.11452388240642007,
            0.13384402137041043,
            -0.06709858636023854
        ],
        "L_Knee": [
            -0.11095591982639769,
            0.0830823948812215,
            -0.6109389769537295
        ],
        "L_Ankle": [
            -0.037089782221000456,
            0.07241828634646694,
            -1.1582585470246431
        ],
        "Spine": [
            -0.133120350969577,
            0.1552493904091601,
            0.2826090731625196
        ],
        "Thorax": [
            -0.22883509859390957,
            0.3707248865814091,
            0.5861102384316894
        ],
        "Neck": [
            -0.3638794116042426,
            0.24973822630044487,
            0.7784190327778052
        ],
        "Head": [
            -0.3722817569273098,
            0.5183910332691037,
            0.8096763242302525
        ],
        "L_Shoulder": [
            -0.4506951632957023,
            0.32304803233432317,
            0.5070543122136008
        ],
        "L_Elbow": [
            -0.6787568705205738,
            0.08216464741346653,
            0.7253219488479606
        ],
        "L_Wrist": [
            -0.7869943258832122,
            0.0576730233758011,
            1.0197216124956177
        ],
        "R_Shoulder": [
            0.010607890630576822,
            0.22213836114030414,
            0.6056221513280439
        ],
        "R_Elbow": [
            0.31255164547183073,
            0.009236890535714012,
            0.5479992074559062
        ],
        "R_Wrist": [
            0.4730595113799714,
            -0.21888025827291377,
            0.7302229219563913
        ]
    }
}