{
    "video": "edition40_sequence_7.mp4",
    "peak_id": 0,
    "frame_idx": 2,
    "timestamp": 0.08,
    "total_score": 0.769,
    "skeleton_3d": {
        "Pelvis": [
            0.0,
            0.0,
            0.0
        ],
        "R_Hip": [
            0.09243796410765609,
            -0.1576419362408622,
            -0.056578991779646884
        ],
        "R_Knee": [
            0.007587028327497372,
            -0.25608194191770856,
            -0.7342151126560664
        ],
        "R_Ankle": [
            0.004433775745656666,
            -0.2667298628087893,
            -1.3589343005288965
        ],
        "L_Hip": [
            -0.0938815862875384,
            0.1738224978061908,
            0.054897936029400164
        ],
        "L_Knee": [
            -0.6007013630804788,
            -0.05098818891700102,
            0.5660090416654999
        ],
        "L_Ankle": [
            -0.8434387028524811,
            -0.1569996301404485,
            1.103572866097798
        ],
        "Spine": [
            0.098415844574197,
            -0.09668371868208409,
            0.3319871197281572
        ],
        "Thorax": [
            0.1798873197267165,
            0.011664981470149476,
            0.6888701003469087
        ],
        "Neck": [
            0.15169057225117133,
            -0.015415549172094868,
            0.8667463008481295
        ],
        "Head": [
            0.16229784442019815,
            0.24804724204070983,
            0.8863655309823097
        ],
        "L_Shoulder": [
            -0.028521498396877728,
            0.07360921385025418,
            0.6600365278304104
        ],
        "L_Elbow": [
            -0.11874451638034633,
            0.2827743163354039,
            0.8788482431183936
        ],
        "L_Wrist": [
            -0.1364048603043231,
            0.24659605007330218,
            1.2256223724508535
        ],
        "R_Shoulder": [
            0.3975000902918744,
            -0.214541066334032,
            0.6587786691252205
        ],
        "R_Elbow": [
            0.41979129247208463,
            -0.570339374912875,
            0.9987479890689482
        ],
        "R_Wrist": [
            0.4193121886205295,
            -0.17696435959841259,
            1.3017518589163095
        ]
    }
}