{
    "video": "201_Yusei_SAI.mov",
    "peak_id": 9,
    "frame_idx": 3830,
    "timestamp": 63.849,
    "total_score": 0.807,
    "skeleton_3d": {
        "Pelvis": [
            0.0,
            0.0,
            0.0
        ],
        "R_Hip": [
            0.11116163055096863,
            -0.035667970695788795,
            0.03693168441499585
        ],
        "R_Knee": [
            0.27538390003501084,
            -0.2855175331127076,
            0.40122411300111355
        ],
        "R_Ankle": [
            0.4067979416979793,
            -0.31737495582458886,
            0.6574243299668612
        ],
        "L_Hip": [
            -0.09886018440680151,
            0.13009642401353672,
            -0.032659077539777995
        ],
        "L_Knee": [
            -0.07893229071544934,
            0.3847083157457265,
            -0.5097025792731478
        ],
        "L_Ankle": [
            -0.1384592959288704,
            0.6165892153211797,
            -0.9698524975327549
        ],
        "Spine": [
            -0.04660659598741799,
            -0.20551499709355747,
            0.2895595398447912
        ],
        "Thorax": [
            -0.052140279017724875,
            -0.38959777741574286,
            0.6364728614485988
        ],
        "Neck": [
            -0.093077526497381,
            -0.5917033597438766,
            0.7700582564536207
        ],
        "Head": [
            -0.07759261397347209,
            -0.5369037515584109,
            0.8392581531652732
        ],
        "L_Shoulder": [
            -0.22301005104164426,
            -0.24463899422299615,
            0.6141122456311102
        ],
        "L_Elbow": [
            -0.3241888689594438,
            0.006669744674079745,
            0.80380270485989
        ],
        "L_Wrist": [
            -0.319837599748345,
            -0.023340904600495378,
            1.0766196816245657
        ],
        "R_Shoulder": [
            0.09111965412533457,
            -0.5866452586342877,
            0.5633517037495029
        ],
        "R_Elbow": [
            0.05393628081597323,
            -1.113374187596423,
            0.4141445898569658
        ],
        "R_Wrist": [
            -0.21298944802492473,
            -1.2489541809220244,
            0.4223190744167664
        ]
    }
}