{
    "video": "201_Yusei_SAI.mov",
    "peak_id": 4,
    "frame_idx": 2321,
    "timestamp": 38.693,
    "total_score": 0.686,
    "skeleton_3d": {
        "Pelvis": [
            0.0,
            0.0,
            0.0
        ],
        "R_Hip": [
            0.11644467561747257,
            -0.10199963731391816,
            0.03941929239047471
        ],
        "R_Knee": [
            0.5538633605274162,
            -0.46588993126289097,
            0.09984438869062442
        ],
        "R_Ankle": [
            0.9328140156078633,
            -0.6755433870706354,
            0.09523949049917596
        ],
        "L_Hip": [
            -0.1023521815733485,
            0.16401795199754254,
            -0.027153080511003954
        ],
        "L_Knee": [
            -0.09486195137279634,
            0.4334399882543153,
            -0.5324549790223766
        ],
        "L_Ankle": [
            0.15764700785372238,
            0.7563312008563259,
            -0.9518121201829604
        ],
        "Spine": [
            -0.0701995608460239,
            -0.15788891194763363,
            0.2795077103322597
        ],
        "Thorax": [
            -0.08806324400775624,
            -0.29355388811399064,
            0.6285021536303508
        ],
        "Neck": [
            -0.013055930587008215,
            -0.5250509173448223,
            0.7776148369373063
        ],
        "Head": [
            -0.01896167507429274,
            -0.4542391621169381,
            0.8565090579157738
        ],
        "L_Shoulder": [
            -0.313561663228139,
            -0.15845699196990226,
            0.5959262007386814
        ],
        "L_Elbow": [
            -0.6441004766779528,
            0.22583789921987468,
            0.47126222528217615
        ],
        "L_Wrist": [
            -0.9411464518289573,
            -0.10111018848772506,
            0.4148687476084523
        ],
        "R_Shoulder": [
            0.10533898641997111,
            -0.35785428974268013,
            0.5673117544000765
        ],
        "R_Elbow": [
            0.27507610843159175,
            -0.44077023168547597,
            0.3529955404995462
        ],
        "R_Wrist": [
            0.3860915348706819,
            -0.8484758188634648,
            0.3019883967005941
        ]
    }
}