{
    "video": "201_Yusei_SAI.mov",
    "peak_id": 0,
    "frame_idx": 720,
    "timestamp": 12.003,
    "total_score": 0.601,
    "skeleton_3d": {
        "Pelvis": [
            0.0,
            0.0,
            0.0
        ],
        "R_Hip": [
            0.11648590797038855,
            0.19763212315223969,
            0.034359539862605405
        ],
        "R_Knee": [
            0.2524189895249361,
            0.574361465144254,
            -0.4776955255147761
        ],
        "R_Ankle": [
            -0.08890516005898562,
            0.8439295041535717,
            -0.9858764011971104
        ],
        "L_Hip": [
            -0.10163995332476528,
            -0.2095979932317244,
            -0.015725711444325677
        ],
        "L_Knee": [
            0.2024669028219504,
            -0.7240675364015968,
            -0.41672064378549545
        ],
        "L_Ankle": [
            0.395455907759437,
            -1.3241974404251142,
            -0.8784216539453864
        ],
        "Spine": [
            -0.06959010573023096,
            -0.06771351309622693,
            0.3011626959817386
        ],
        "Thorax": [
            -0.10067943801785471,
            -0.13588642487578614,
            0.6639696380973382
        ],
        "Neck": [
            0.02276701388119752,
            -0.3823941284033302,
            0.851776018304664
        ],
        "Head": [
            -0.005804302440995203,
            -0.3352386477187038,
            0.9474260071540894
        ],
        "L_Shoulder": [
            -0.32436981759895706,
            -0.3648436650791798,
            0.5764752452288612
        ],
        "L_Elbow": [
            -0.264581939804877,
            -0.7452055932513932,
            0.18527945277891744
        ],
        "L_Wrist": [
            -0.1365971872159571,
            -1.0655727499529706,
            -0.03159751568067604
        ],
        "R_Shoulder": [
            0.09123373260172696,
            0.03818065145213898,
            0.6307488881351823
        ],
        "R_Elbow": [
            0.25671121196819063,
            0.3751735860255423,
            0.29566151728392115
        ],
        "R_Wrist": [
            0.36878253838191083,
            0.03349862867140224,
            0.01885160225312027
        ]
    }
}