{
    "video": "203_Jetro_THIJS.mov",
    "peak_id": 6,
    "frame_idx": 2160,
    "timestamp": 36.078,
    "total_score": 0.701,
    "skeleton_3d": {
        "Pelvis": [
            0.0,
            0.0,
            0.0
        ],
        "R_Hip": [
            0.10178528970491116,
            0.10622982252945337,
            -0.041382733623576244
        ],
        "R_Knee": [
            0.0746295471437666,
            0.3574004846488473,
            -0.4691319927007522
        ],
        "R_Ankle": [
            0.04234589969061654,
            0.7040765171440739,
            -0.9108558561386927
        ],
        "L_Hip": [
            -0.10444279669706226,
            -0.027216045726801297,
            0.057438520531198536
        ],
        "L_Knee": [
            -0.5466039736276562,
            -0.26010093443031307,
            0.09924034351718759
        ],
        "L_Ankle": [
            -0.9840086088100262,
            -0.3528824755440972,
            0.14342788673664877
        ],
        "Spine": [
            0.09542576833756057,
            -0.25927929525226046,
            0.23521799578546831
        ],
        "Thorax": [
            0.1915433535376299,
            -0.501656442609516,
            0.5156824158271894
        ],
        "Neck": [
            0.16727307821002302,
            -0.7115659564640521,
            0.6452475370431578
        ],
        "Head": [
            0.1687290833910262,
            -0.6865704570147798,
            0.7093488695990012
        ],
        "L_Shoulder": [
            0.006118645074474443,
            -0.5965038299972902,
            0.46033715433731776
        ],
        "L_Elbow": [
            -0.18241519736353354,
            -0.8902873107760895,
            0.21278371953820416
        ],
        "L_Wrist": [
            -0.05833896868063093,
            -1.1984054154681625,
            0.09064774268069742
        ],
        "R_Shoulder": [
            0.3723613360579294,
            -0.3845400869313784,
            0.4836027834647076
        ],
        "R_Elbow": [
            0.6347776976479292,
            0.045918458201870675,
            0.4295998505883356
        ],
        "R_Wrist": [
            0.9122731815330627,
            -0.2212102029426208,
            0.4906361163414
        ]
    }
}