{
    "video": "206_Blake_METCALF.mov",
    "peak_id": 3,
    "frame_idx": 1224,
    "timestamp": 20.405,
    "total_score": 0.747,
    "skeleton_3d": {
        "Pelvis": [
            0.0,
            0.0,
            0.0
        ],
        "R_Hip": [
            0.08546461682296883,
            -0.02249287019241651,
            -0.060913890532746345
        ],
        "R_Knee": [
            -0.0629004941466433,
            0.05812447756716342,
            -0.47868199681539403
        ],
        "R_Ankle": [
            -0.18294158878891142,
            -0.06575582386010398,
            -0.8877487836624355
        ],
        "L_Hip": [
            -0.08501873630125299,
            0.12055488669050594,
            0.06038280446608397
        ],
        "L_Knee": [
            0.06483576189465726,
            -0.05013290749738501,
            0.4981384977744929
        ],
        "L_Ankle": [
            0.537746965018584,
            -0.11127780052134305,
            0.7183996759237438
        ],
        "Spine": [
            0.0376922062931887,
            -0.2257477693154857,
            0.2826635535084325
        ],
        "Thorax": [
            0.09753377566257362,
            -0.42354925976201435,
            0.6168404607044716
        ],
        "Neck": [
            0.09229057717514128,
            -0.5948950934288543,
            0.7937329663705215
        ],
        "Head": [
            0.10526395848786299,
            -0.502413498388004,
            0.8683338880864877
        ],
        "L_Shoulder": [
            -0.11137635208531411,
            -0.31710851248456,
            0.630409135021467
        ],
        "L_Elbow": [
            -0.21526765351861388,
            -0.6306893064315225,
            0.9240205086767496
        ],
        "L_Wrist": [
            -0.21008436369576178,
            -0.3079721175782276,
            1.167534726492372
        ],
        "R_Shoulder": [
            0.2970064631604034,
            -0.48272788285319596,
            0.5074779563973354
        ],
        "R_Elbow": [
            0.6095666428624626,
            -0.602693490559567,
            0.3533168082874604
        ],
        "R_Wrist": [
            0.9282820207870472,
            -0.8030725199828231,
            0.2344265762492498
        ]
    }
}