{
    "video": "206_Blake_METCALF.mov",
    "peak_id": 1,
    "frame_idx": 983,
    "timestamp": 16.387,
    "total_score": 0.913,
    "skeleton_3d": {
        "Pelvis": [
            0.0,
            0.0,
            0.0
        ],
        "R_Hip": [
            0.08136044504488897,
            0.14269858944426586,
            -0.06183707983435422
        ],
        "R_Knee": [
            -0.0722006024367096,
            0.6824838350444369,
            -0.42809335582045877
        ],
        "R_Ankle": [
            -0.20469059136494086,
            0.8549880688270268,
            -0.7164468685477897
        ],
        "L_Hip": [
            -0.08712457348916353,
            -0.022697232801674343,
            0.06222836751399189
        ],
        "L_Knee": [
            0.4636967037433709,
            -0.2512494608978942,
            0.5230526055610761
        ],
        "L_Ankle": [
            0.6620606451626421,
            -0.3636561453510206,
            0.9747152613239979
        ],
        "Spine": [
            0.003187552385533916,
            -0.09107937223361891,
            0.32684014022093294
        ],
        "Thorax": [
            0.040767618509633355,
            -0.06642378102550665,
            0.7114700616868138
        ],
        "Neck": [
            0.011195363524529708,
            -0.23720153490387308,
            0.9151456521318766
        ],
        "Head": [
            0.026309222938245398,
            0.0583758702035625,
            0.982562545680137
        ],
        "L_Shoulder": [
            -0.18139095938461255,
            -0.10698373253395418,
            0.7179556707369391
        ],
        "L_Elbow": [
            -0.3027117920674521,
            -0.5828463965530443,
            1.0415859329831223
        ],
        "L_Wrist": [
            -0.3098583810057049,
            -0.19719059967699423,
            1.267581166225492
        ],
        "R_Shoulder": [
            0.2551376549047139,
            -0.12892012531836058,
            0.5989277916156099
        ],
        "R_Elbow": [
            0.5359171881913151,
            0.03932039903180628,
            0.49838872816108654
        ],
        "R_Wrist": [
            0.9641288662249744,
            0.12687831550363954,
            0.30261929222250117
        ]
    }
}