{
    "video": "206_Blake_METCALF.mov",
    "peak_id": 6,
    "frame_idx": 3222,
    "timestamp": 53.712,
    "total_score": 0.9,
    "skeleton_3d": {
        "Pelvis": [
            0.0,
            0.0,
            0.0
        ],
        "R_Hip": [
            0.07884672905578001,
            0.03521434487561235,
            -0.06294530181418151
        ],
        "R_Knee": [
            0.03832322692264013,
            0.06135078513629427,
            -0.514040128812301
        ],
        "R_Ankle": [
            0.07850853718287103,
            0.2132364779711585,
            -0.9184804126593996
        ],
        "L_Hip": [
            -0.08553819192567907,
            0.05492049003201903,
            0.07427332592825345
        ],
        "L_Knee": [
            -0.4997535863412773,
            -0.07758234886881916,
            0.2130578249767721
        ],
        "L_Ankle": [
            -0.8661215237770468,
            -0.16428772487662752,
            0.32753717758483947
        ],
        "Spine": [
            0.14457228842280917,
            -0.2517008288904475,
            0.2271729596528351
        ],
        "Thorax": [
            0.2917838316711807,
            -0.45908031654408255,
            0.5069299666932532
        ],
        "Neck": [
            0.35272735300129443,
            -0.6274196973024124,
            0.6861016430488226
        ],
        "Head": [
            0.34846952888066296,
            -0.5858615636619644,
            0.740059099521847
        ],
        "L_Shoulder": [
            0.08405217778563034,
            -0.4724012452568859,
            0.47317848383003747
        ],
        "L_Elbow": [
            -0.23291138465553982,
            -0.24487642899604267,
            0.37470437535961326
        ],
        "L_Wrist": [
            -0.4418334805390398,
            -0.5220748279178964,
            0.3804658570225987
        ],
        "R_Shoulder": [
            0.48158047945580745,
            -0.37198410227836437,
            0.44986859247651123
        ],
        "R_Elbow": [
            0.7211339780908559,
            -0.5148893652646461,
            0.49386466347813684
        ],
        "R_Wrist": [
            0.9443487057155523,
            -0.5692501997638172,
            0.6239466665782653
        ]
    }
}