{
    "video": "206_Blake_METCALF.mov",
    "peak_id": 0,
    "frame_idx": 826,
    "timestamp": 13.77,
    "total_score": 0.854,
    "skeleton_3d": {
        "Pelvis": [
            0.0,
            0.0,
            0.0
        ],
        "R_Hip": [
            0.11797962114272521,
            0.048060810654719066,
            -0.01622120698984215
        ],
        "R_Knee": [
            0.01429480794892601,
            0.08565202408427805,
            -0.49808545115732766
        ],
        "R_Ankle": [
            -0.23494819061921057,
            0.168988219709508,
            -0.9332687557795876
        ],
        "L_Hip": [
            -0.11302888241614978,
            0.02409384459125688,
            0.027549973529525384
        ],
        "L_Knee": [
            -0.632960317825162,
            -0.3665924000011476,
            -0.08247387206711965
        ],
        "L_Ankle": [
            -1.1050195528453144,
            -0.6256089419890042,
            -0.07120136643250868
        ],
        "Spine": [
            -0.01573458513993287,
            -0.20913955592294295,
            0.29852713718684937
        ],
        "Thorax": [
            -0.03109354221159281,
            -0.2905245880131011,
            0.6476581601689374
        ],
        "Neck": [
            -0.16950190730132625,
            -0.4608093122968269,
            0.7947618696710406
        ],
        "Head": [
            -0.14072647945488312,
            -0.32553075154312056,
            0.8679242182957017
        ],
        "L_Shoulder": [
            -0.228161927591331,
            -0.17795434734251103,
            0.5330602931712598
        ],
        "L_Elbow": [
            -0.5514062084600747,
            0.23994866084389962,
            0.3720265603090901
        ],
        "L_Wrist": [
            -0.8294093576579029,
            -0.09938617137224581,
            0.33766292969843004
        ],
        "R_Shoulder": [
            0.15396841132673594,
            -0.4096691805451271,
            0.6626289611795556
        ],
        "R_Elbow": [
            0.27755109822583396,
            -0.6404425763602053,
            0.9563836419057719
        ],
        "R_Wrist": [
            0.37419790722919605,
            -0.3984034497839018,
            1.1965169671427163
        ]
    }
}