{
    "video": "301_Jingxinyu_HUANG.mov",
    "peak_id": 8,
    "frame_idx": 4224,
    "timestamp": 70.517,
    "total_score": 0.45,
    "skeleton_3d": {
        "Pelvis": [
            0.0,
            0.0,
            0.0
        ],
        "R_Hip": [
            -0.11283835703849046,
            0.14310576039411174,
            0.013110914314452599
        ],
        "R_Knee": [
            -0.15750704234801044,
            0.7366887734906542,
            -0.22078596792931895
        ],
        "R_Ankle": [
            -0.23136845928263414,
            1.3788925961602994,
            -0.5313797563257482
        ],
        "L_Hip": [
            0.1267421132650997,
            -0.12381397296703302,
            -0.005087308435275652
        ],
        "L_Knee": [
            0.14661533585849557,
            -0.26266645655650767,
            -0.4119551186053077
        ],
        "L_Ankle": [
            -0.01690623378084795,
            -0.5814521510591332,
            -0.8090454248000024
        ],
        "Spine": [
            0.010793130949243513,
            -0.2657190857303619,
            0.25385464174895156
        ],
        "Thorax": [
            0.020245569654641485,
            -0.6006499293144596,
            0.5460352507012043
        ],
        "Neck": [
            -0.04508160106312895,
            -0.6542376155311745,
            0.710420047719838
        ],
        "Head": [
            -0.03726446810291161,
            -0.8762337635198649,
            0.7685140541724066
        ],
        "L_Shoulder": [
            0.19441211898299485,
            -0.6320672323672416,
            0.5172613098657243
        ],
        "L_Elbow": [
            0.48587849202799854,
            -0.614603341844005,
            0.46593259433657164
        ],
        "L_Wrist": [
            0.7605310191344723,
            -0.2946477630667,
            0.4865192018810125
        ],
        "R_Shoulder": [
            -0.1623234028897161,
            -0.48539796823375525,
            0.4962680312109293
        ],
        "R_Elbow": [
            -0.23376480352628545,
            0.10323570307428818,
            0.39752176677668943
        ],
        "R_Wrist": [
            -0.1962705041863895,
            0.5281529647821359,
            0.4371288098653301
        ]
    }
}