{
    "video": "302_Dayeon_YEOM.mov",
    "peak_id": 4,
    "frame_idx": 3250,
    "timestamp": 54.182,
    "total_score": 0.788,
    "skeleton_3d": {
        "Pelvis": [
            0.0,
            0.0,
            0.0
        ],
        "R_Hip": [
            0.11953700758212032,
            0.12576368634762514,
            -0.009650426086633987
        ],
        "R_Knee": [
            0.12897142663037106,
            0.26085473338282644,
            -0.5544102144075195
        ],
        "R_Ankle": [
            0.046576131285912994,
            0.0561203771152244,
            -1.0795018159747265
        ],
        "L_Hip": [
            -0.1124145229010498,
            -0.049384506971070954,
            0.01376283633914609
        ],
        "L_Knee": [
            0.06360011255712147,
            -0.8063175919162736,
            0.14046996970056125
        ],
        "L_Ankle": [
            0.09141035458352026,
            -0.9136543911810052,
            0.44987614222856526
        ],
        "Spine": [
            0.007746923931564704,
            -0.09856924702611582,
            0.3057314983930103
        ],
        "Thorax": [
            0.04651921103008548,
            -0.10408622669702713,
            0.6756506019959633
        ],
        "Neck": [
            0.0837956849909018,
            -0.3802056469163869,
            0.801994079231737
        ],
        "Head": [
            0.08005656764918133,
            -0.23672639467683557,
            0.8728351916845197
        ],
        "L_Shoulder": [
            -0.17091028134201453,
            -0.2579144729604058,
            0.6632488961006693
        ],
        "L_Elbow": [
            -0.35768941655776226,
            -0.738420724878578,
            0.9485817279304448
        ],
        "L_Wrist": [
            -0.45657716284550554,
            -0.37794692241923417,
            1.190785903744559
        ],
        "R_Shoulder": [
            0.24432398755408516,
            0.024584428780117348,
            0.5923115307480961
        ],
        "R_Elbow": [
            0.533764325030014,
            0.477273579886436,
            0.5206342850904457
        ],
        "R_Wrist": [
            0.88381057674311,
            0.25964694852215964,
            0.5065517297242887
        ]
    }
}