{
    "video": "302_Dayeon_YEOM.mov",
    "peak_id": 0,
    "frame_idx": 2703,
    "timestamp": 45.063,
    "total_score": 0.854,
    "skeleton_3d": {
        "Pelvis": [
            0.0,
            0.0,
            0.0
        ],
        "R_Hip": [
            0.08399861097234954,
            0.05574005057020387,
            0.06244229782868619
        ],
        "R_Knee": [
            0.6638263036737835,
            -0.1298459039057453,
            0.15701782204822964
        ],
        "R_Ankle": [
            1.1055797741359257,
            -0.2788446318524046,
            0.15319129959972494
        ],
        "L_Hip": [
            -0.06367854983891892,
            0.03427509200223927,
            -0.05157931651443257
        ],
        "L_Knee": [
            0.006456111688533429,
            -0.04226864318549755,
            -0.575833585537501
        ],
        "L_Ankle": [
            -0.08684552651350902,
            0.08611201717861995,
            -1.0512154966337426
        ],
        "Spine": [
            -0.11652349544399163,
            -0.23667233596976212,
            0.2630898906062599
        ],
        "Thorax": [
            -0.18637699631641544,
            -0.3912521471177079,
            0.5906996041434099
        ],
        "Neck": [
            -0.18944191709503785,
            -0.5885109485628824,
            0.7625702761570538
        ],
        "Head": [
            -0.15686892923148307,
            -0.5514673793153938,
            0.830841463929721
        ],
        "L_Shoulder": [
            -0.39321239331710617,
            -0.3169447665517341,
            0.5608360640617011
        ],
        "L_Elbow": [
            -0.7098076632324277,
            -0.5065868630416136,
            0.678065412401354
        ],
        "L_Wrist": [
            -0.8948961172531605,
            -0.6340657726440302,
            0.8490507112895919
        ],
        "R_Shoulder": [
            -0.014340566334729184,
            -0.4718428504341522,
            0.5303314360183332
        ],
        "R_Elbow": [
            0.27386828520012146,
            -0.39514836700493006,
            0.4642942369858069
        ],
        "R_Wrist": [
            0.5559367333086195,
            -0.5832255059290852,
            0.4848518154276778
        ]
    }
}