{
    "video": "302_Dayeon_YEOM.mov",
    "peak_id": 5,
    "frame_idx": 3353,
    "timestamp": 55.899,
    "total_score": 0.883,
    "skeleton_3d": {
        "Pelvis": [
            0.0,
            0.0,
            0.0
        ],
        "R_Hip": [
            0.0935374806410014,
            0.07741652605828071,
            0.07246789818208471
        ],
        "R_Knee": [
            0.6123811803518155,
            -0.16437480378716277,
            0.2173783061365561
        ],
        "R_Ankle": [
            1.0326487068254886,
            -0.32868746347044797,
            0.24630596630011162
        ],
        "L_Hip": [
            -0.07418575140517987,
            0.009908267118129126,
            -0.061866954443472
        ],
        "L_Knee": [
            -0.04037529243774313,
            -0.02456604250701614,
            -0.5766054168636683
        ],
        "L_Ankle": [
            -0.1363100067655784,
            0.10745469693506038,
            -0.976457433100571
        ],
        "Spine": [
            -0.12015408783117426,
            -0.22272787405945968,
            0.27114892326573625
        ],
        "Thorax": [
            -0.1885134535370619,
            -0.34151891611613655,
            0.6081151313703274
        ],
        "Neck": [
            -0.14482494322513514,
            -0.5487812679083984,
            0.7759636578722091
        ],
        "Head": [
            -0.14186101225793704,
            -0.5023895664814858,
            0.8345717843544775
        ],
        "L_Shoulder": [
            -0.3966887707728375,
            -0.34502134454147226,
            0.5865447138763704
        ],
        "L_Elbow": [
            -0.7013350910250575,
            -0.5871395280464383,
            0.6887446513487845
        ],
        "L_Wrist": [
            -0.8886115009341852,
            -0.7860335680797513,
            0.8543536901157703
        ],
        "R_Shoulder": [
            -0.017903831050449123,
            -0.30877156086737784,
            0.5418177667425138
        ],
        "R_Elbow": [
            0.2592490129487063,
            -0.01892927787486471,
            0.4770461836146008
        ],
        "R_Wrist": [
            0.5303102267781513,
            -0.12246359273079485,
            0.48361620866084504
        ]
    }
}