{
    "video": "302_Dayeon_YEOM.mov",
    "peak_id": 6,
    "frame_idx": 3982,
    "timestamp": 66.386,
    "total_score": 0.548,
    "skeleton_3d": {
        "Pelvis": [
            0.0,
            0.0,
            0.0
        ],
        "R_Hip": [
            0.12579332775509713,
            0.05152823540953748,
            0.012575594842275349
        ],
        "R_Knee": [
            0.028657148413031325,
            -0.0509921252621923,
            -0.3173419602740226
        ],
        "R_Ankle": [
            0.006934628553281974,
            -0.09501606772249208,
            -0.28450952684952413
        ],
        "L_Hip": [
            -0.11619527477936129,
            -0.003068061444132075,
            -0.003802991669627944
        ],
        "L_Knee": [
            -0.018427492123551586,
            -0.15341112480815694,
            -0.4200029585931286
        ],
        "L_Ankle": [
            0.0049795332018502565,
            -0.2498346770047548,
            -0.9137727334150695
        ],
        "Spine": [
            -0.010626292320469802,
            -0.17376063821156534,
            0.30148848230228
        ],
        "Thorax": [
            0.02093883761913863,
            -0.3610356402357029,
            0.6671032579954127
        ],
        "Neck": [
            0.1522008121310304,
            -0.5770441956588241,
            0.8216956470565957
        ],
        "Head": [
            0.1429322638234904,
            -0.5625827006092116,
            0.9058100157765341
        ],
        "L_Shoulder": [
            -0.19321533680924763,
            -0.46777186381827285,
            0.6269802659332248
        ],
        "L_Elbow": [
            -0.46030640837164216,
            -0.49036323821862426,
            0.40149843300701465
        ],
        "L_Wrist": [
            -0.2830949239958529,
            -0.6951383008004749,
            0.3050205365294172
        ],
        "R_Shoulder": [
            0.19259333050319613,
            -0.20591807991735855,
            0.5984605879590406
        ],
        "R_Elbow": [
            0.2953296728456615,
            0.15392394081620464,
            0.29849010793871567
        ],
        "R_Wrist": [
            0.03865594734320127,
            -0.034929318848192004,
            0.26184506623783416
        ]
    }
}