{
    "video": "304_Sarah_MAIONE.mov",
    "peak_id": 8,
    "frame_idx": 2945,
    "timestamp": 49.146,
    "total_score": 0.764,
    "skeleton_3d": {
        "Pelvis": [
            0.0,
            0.0,
            0.0
        ],
        "R_Hip": [
            0.1263350423553165,
            -0.01532766802295976,
            0.05233041413201312
        ],
        "R_Knee": [
            0.6554681376194734,
            -0.26541726176613745,
            0.017523918251334675
        ],
        "R_Ankle": [
            1.0609355934961084,
            -0.444288528172776,
            0.044469922333468116
        ],
        "L_Hip": [
            -0.11001783877239524,
            0.08994860338886847,
            -0.04291091739600966
        ],
        "L_Knee": [
            -0.05192477579588,
            0.07250899831603536,
            -0.48895401963096086
        ],
        "L_Ankle": [
            -0.06128135984004934,
            0.23007718118844808,
            -0.9625536899813811
        ],
        "Spine": [
            -0.07658730807391434,
            -0.22223564526251155,
            0.26329623832275534
        ],
        "Thorax": [
            -0.11058747430273899,
            -0.3619622949912674,
            0.5997915496337071
        ],
        "Neck": [
            -0.08639989643890672,
            -0.596734614655658,
            0.760492964871418
        ],
        "Head": [
            -0.08540606546665368,
            -0.5231543436926887,
            0.8343877646181813
        ],
        "L_Shoulder": [
            -0.3493135960056558,
            -0.27918636840749933,
            0.5444613917783198
        ],
        "L_Elbow": [
            -0.6759432540667704,
            -0.24534280773841388,
            0.502623006901265
        ],
        "L_Wrist": [
            -0.9187371442130424,
            -0.6382910193692026,
            0.5793208716346306
        ],
        "R_Shoulder": [
            0.09953562264904937,
            -0.41731556976447,
            0.5635897165937019
        ],
        "R_Elbow": [
            0.4292376577893136,
            -0.31612401294156295,
            0.5155708850372412
        ],
        "R_Wrist": [
            0.7310987404911459,
            -0.4926376542509806,
            0.5670426443739258
        ]
    }
}