{
    "video": "304_Sarah_MAIONE.mov",
    "peak_id": 9,
    "frame_idx": 4278,
    "timestamp": 71.391,
    "total_score": 0.747,
    "skeleton_3d": {
        "Pelvis": [
            0.0,
            0.0,
            0.0
        ],
        "R_Hip": [
            0.12989186482926038,
            -0.08473176988409602,
            0.034004857453208547
        ],
        "R_Knee": [
            0.6063650899998038,
            -0.4393172571081092,
            -0.032966651219185246
        ],
        "R_Ankle": [
            1.0072538442755685,
            -0.6976671990786845,
            -0.02807232909039543
        ],
        "L_Hip": [
            -0.11751604763332132,
            0.14562089812776688,
            -0.023983399418152293
        ],
        "L_Knee": [
            -0.07515807787773894,
            0.30733266173156465,
            -0.5398150054778462
        ],
        "L_Ankle": [
            0.02361977850602791,
            0.574241287081491,
            -1.045243801597264
        ],
        "Spine": [
            -0.05226779468598108,
            -0.16276338463010567,
            0.2889375044502863
        ],
        "Thorax": [
            -0.06488351174514162,
            -0.2584855128482916,
            0.654126570218866
        ],
        "Neck": [
            -0.04677328396346186,
            -0.5049205258201278,
            0.8013682483701453
        ],
        "Head": [
            -0.0468334468396382,
            -0.39970751812639904,
            0.8768671124638604
        ],
        "L_Shoulder": [
            -0.30507245857640913,
            -0.12904034109385645,
            0.5944419675351184
        ],
        "L_Elbow": [
            -0.6473543148755408,
            0.11860705237829543,
            0.554964058436869
        ],
        "L_Wrist": [
            -0.9253626078871081,
            -0.23251330449015148,
            0.628313801658846
        ],
        "R_Shoulder": [
            0.15286411710680864,
            -0.34839943764772896,
            0.6195043339590603
        ],
        "R_Elbow": [
            0.4718578480980874,
            -0.34678961667180574,
            0.5921880070206839
        ],
        "R_Wrist": [
            0.7884495624157734,
            -0.4902075396761736,
            0.6250810318007776
        ]
    }
}