{
    "video": "304_Sarah_MAIONE.mov",
    "peak_id": 7,
    "frame_idx": 2485,
    "timestamp": 41.469,
    "total_score": 0.932,
    "skeleton_3d": {
        "Pelvis": [
            0.0,
            0.0,
            0.0
        ],
        "R_Hip": [
            0.058838139745148635,
            0.02950686911501207,
            -0.06364785295703516
        ],
        "R_Knee": [
            0.062123725146827694,
            -0.02053531481938188,
            -0.4534520948110432
        ],
        "R_Ankle": [
            0.16035431004760706,
            0.02572328998975156,
            -0.8528255462775841
        ],
        "L_Hip": [
            -0.06319564301963904,
            0.05525617273720358,
            0.07309846233799452
        ],
        "L_Knee": [
            -0.5054885464499795,
            -0.014247377849322125,
            0.20563277275846836
        ],
        "L_Ankle": [
            -0.8879228557002493,
            -0.07321370029852288,
            0.3200842308439591
        ],
        "Spine": [
            0.12310706106419111,
            -0.2797760634100998,
            0.22131928796506406
        ],
        "Thorax": [
            0.25314801473208914,
            -0.5568683931083238,
            0.48598518115295053
        ],
        "Neck": [
            0.33557782411070985,
            -0.7080569557233644,
            0.6161630464978063
        ],
        "Head": [
            0.31003486823528276,
            -0.7324426696323041,
            0.6752077538305185
        ],
        "L_Shoulder": [
            0.08784363476099773,
            -0.6223394452986686,
            0.4277671166066698
        ],
        "L_Elbow": [
            -0.213028072404061,
            -0.5648765985563711,
            0.43323580390705396
        ],
        "L_Wrist": [
            -0.41871004811973134,
            -0.597142441250162,
            0.5142696397295335
        ],
        "R_Shoulder": [
            0.4056646433736086,
            -0.4500464970239517,
            0.4591595137010811
        ],
        "R_Elbow": [
            0.5510223038149353,
            -0.4516393237906982,
            0.6480881100893615
        ],
        "R_Wrist": [
            0.6521933499264226,
            -0.4190595587812351,
            0.884022124706327
        ]
    }
}