{
    "video": "304_Sarah_MAIONE.mov",
    "peak_id": 4,
    "frame_idx": 1515,
    "timestamp": 25.282,
    "total_score": 0.611,
    "skeleton_3d": {
        "Pelvis": [
            0.0,
            0.0,
            0.0
        ],
        "R_Hip": [
            0.13864522145986685,
            -0.18014576175610772,
            0.012134096029502215
        ],
        "R_Knee": [
            -0.07945943055383173,
            -0.821130680202597,
            -0.26394286107033804
        ],
        "R_Ankle": [
            -0.23032979926942052,
            -1.442918456074109,
            -0.7428561036772662
        ],
        "L_Hip": [
            -0.11824156467362637,
            0.19622016166663944,
            0.009141101502524337
        ],
        "L_Knee": [
            -0.14331035967934694,
            0.5216178648972732,
            -0.49440272231169846
        ],
        "L_Ankle": [
            0.07370788705891308,
            0.7599851443313097,
            -1.0352577885126386
        ],
        "Spine": [
            -0.05864442644165246,
            -0.07338219973129818,
            0.3110023401626166
        ],
        "Thorax": [
            -0.07806891967492255,
            -0.13179841807404666,
            0.6860862721835592
        ],
        "Neck": [
            -0.014005702544728972,
            -0.3363962788898128,
            0.8887473035547239
        ],
        "Head": [
            -0.01190708722661662,
            -0.24036353567760604,
            0.9752632181510515
        ],
        "L_Shoulder": [
            -0.26783308593631866,
            -0.008858745748808065,
            0.616423268739318
        ],
        "L_Elbow": [
            -0.4563044279024356,
            0.4138929270090373,
            0.32036312579561504
        ],
        "L_Wrist": [
            -0.6452216614031709,
            0.06869146718978048,
            0.11984181785526832
        ],
        "R_Shoulder": [
            0.06546106809302848,
            -0.3582232870907936,
            0.6390577282035311
        ],
        "R_Elbow": [
            -0.08828433822152239,
            -0.9437963806378742,
            0.3393630234048739
        ],
        "R_Wrist": [
            -0.37261398747522523,
            -0.81368849919807,
            0.2070485269581971
        ]
    }
}