{
    "video": "306_TaeEun_KIM.mov",
    "peak_id": 2,
    "frame_idx": 3127,
    "timestamp": 52.125,
    "total_score": 0.65,
    "skeleton_3d": {
        "Pelvis": [
            0.0,
            0.0,
            0.0
        ],
        "R_Hip": [
            -0.10296411107809175,
            -0.14118787355621376,
            -0.03380273657867155
        ],
        "R_Knee": [
            0.009225351587045474,
            -0.5783936616225982,
            -0.406164953375339
        ],
        "R_Ankle": [
            0.02701465380526982,
            -1.086117255826317,
            -0.8402129539471458
        ],
        "L_Hip": [
            0.10311968761660842,
            0.15132528096553907,
            0.030366917202105166
        ],
        "L_Knee": [
            0.2917356274087816,
            0.3956393785282895,
            0.11248070785936602
        ],
        "L_Ankle": [
            0.4752152510788742,
            0.4498401278029797,
            0.22971087168107424
        ],
        "Spine": [
            -0.01682427287740984,
            -0.19570369774189422,
            0.2905437663819254
        ],
        "Thorax": [
            -0.009701697539457925,
            -0.5185841250453643,
            0.6112648632833646
        ],
        "Neck": [
            -0.08072662229934802,
            -0.6764977837701047,
            0.6835676686152059
        ],
        "Head": [
            -0.07289809789361239,
            -0.8777771371612743,
            0.7365943776765403
        ],
        "L_Shoulder": [
            0.10112863003689082,
            -0.2692534371075713,
            0.5975570600725177
        ],
        "L_Elbow": [
            0.08917542396371657,
            0.2006134364435014,
            0.7829512498728314
        ],
        "L_Wrist": [
            0.054790776120735074,
            0.30874438074097094,
            0.999476978539947
        ],
        "R_Shoulder": [
            -0.13669284526455142,
            -0.6555221842853527,
            0.5602416989210668
        ],
        "R_Elbow": [
            -0.34091513239880034,
            -0.9332211182585448,
            0.7069355240643607
        ],
        "R_Wrist": [
            -0.5157787274045995,
            -0.43043543721158006,
            0.8945640924813056
        ]
    }
}