{
    "video": "306_TaeEun_KIM.mov",
    "peak_id": 4,
    "frame_idx": 5460,
    "timestamp": 91.014,
    "total_score": 0.737,
    "skeleton_3d": {
        "Pelvis": [
            0.0,
            0.0,
            0.0
        ],
        "R_Hip": [
            0.06711224317622055,
            -0.023197123702470117,
            0.008581281843615155
        ],
        "R_Knee": [
            -0.19140940692509864,
            -0.3474952862754068,
            -0.2278625619596501
        ],
        "R_Ankle": [
            -0.3868887240282063,
            -0.7354644764721151,
            -0.5619429867873865
        ],
        "L_Hip": [
            -0.06020378652123082,
            0.04909166528514008,
            -0.007876490835250232
        ],
        "L_Knee": [
            -0.10736102983101384,
            -0.15835952574853615,
            -0.45780380607720456
        ],
        "L_Ankle": [
            -0.08034817249084561,
            -0.4600224424872273,
            -0.974239739825725
        ],
        "Spine": [
            0.013278938248737434,
            -0.17187822459336485,
            0.2943975226288394
        ],
        "Thorax": [
            0.04513208881777718,
            -0.36718536204523594,
            0.6489871631679749
        ],
        "Neck": [
            0.028352896853495763,
            -0.5471785730589641,
            0.7561818965842472
        ],
        "Head": [
            0.04153299010903794,
            -0.508406041263449,
            0.8229979631287017
        ],
        "L_Shoulder": [
            -0.1060398460330867,
            -0.373291033235057,
            0.6044810662560568
        ],
        "L_Elbow": [
            -0.28253300337282483,
            -0.3510440867660692,
            0.755097262643512
        ],
        "L_Wrist": [
            -0.3642061187158356,
            -0.12367751272853686,
            0.9924456742059451
        ],
        "R_Shoulder": [
            0.17243454159421748,
            -0.37164004279792406,
            0.6057911743719719
        ],
        "R_Elbow": [
            0.3459367236711142,
            -0.43504864468579046,
            0.8153288937977429
        ],
        "R_Wrist": [
            0.5212686613770363,
            -0.17097452032291943,
            1.0583314755668547
        ]
    }
}