{
    "video": "308_Lisa_ITO.mov",
    "peak_id": 1,
    "frame_idx": 273,
    "timestamp": 4.592,
    "total_score": 0.462,
    "skeleton_3d": {
        "Pelvis": [
            0.0,
            0.0,
            0.0
        ],
        "R_Hip": [
            0.16066225129377995,
            0.10085857992308718,
            0.0015707647988536155
        ],
        "R_Knee": [
            0.23047206526151845,
            0.281359659399612,
            -0.4112979126104367
        ],
        "R_Ankle": [
            0.18724403029860995,
            0.5469583715623263,
            -0.8747324934964303
        ],
        "L_Hip": [
            -0.15548930329449046,
            -0.06657183090069523,
            0.01445574086316494
        ],
        "L_Knee": [
            -0.5210905348170279,
            -0.3161334723102797,
            -0.3531669545275823
        ],
        "L_Ankle": [
            -0.8984076757524986,
            -0.5703587735291876,
            -0.6270949637447282
        ],
        "Spine": [
            0.03983553194334354,
            -0.08615632026732639,
            0.2907029316708566
        ],
        "Thorax": [
            0.11002819003558496,
            -0.04637636373159441,
            0.6353093001036468
        ],
        "Neck": [
            0.25063246687856766,
            -0.291324391528585,
            0.8201154563872988
        ],
        "Head": [
            0.26127287639246977,
            -0.08585046503144832,
            0.8822415917069409
        ],
        "L_Shoulder": [
            -0.1234522446230513,
            -0.17357423843245337,
            0.6140371168044995
        ],
        "L_Elbow": [
            -0.48129275976424846,
            0.07380353075041511,
            0.41533126680151267
        ],
        "L_Wrist": [
            -0.7459497867464171,
            -0.2144102742466623,
            0.42663242678474694
        ],
        "R_Shoulder": [
            0.2932939237977681,
            0.022968149067908134,
            0.5429817162051012
        ],
        "R_Elbow": [
            0.4423253823118579,
            0.3572909643317072,
            0.32443213401961196
        ],
        "R_Wrist": [
            0.6016374217998668,
            0.20321018354926898,
            0.25661915646313316
        ]
    }
}