{
    "video": "308_Lisa_ITO.mov",
    "peak_id": 3,
    "frame_idx": 2934,
    "timestamp": 49.346,
    "total_score": 0.662,
    "skeleton_3d": {
        "Pelvis": [
            0.0,
            0.0,
            0.0
        ],
        "R_Hip": [
            0.14094499308940378,
            -0.061561226804092574,
            0.011812805635006396
        ],
        "R_Knee": [
            0.6002331885658709,
            -0.3537289653763448,
            -0.16252068016552443
        ],
        "R_Ankle": [
            1.016538078675044,
            -0.5853124434840264,
            -0.3029391239601007
        ],
        "L_Hip": [
            -0.13207236223979069,
            0.11106964384243347,
            -0.001390858151562974
        ],
        "L_Knee": [
            -0.16666997903481984,
            0.2734175919959719,
            -0.4532975808611138
        ],
        "L_Ankle": [
            -0.009435353100703816,
            0.6220135811715434,
            -0.8936805369124612
        ],
        "Spine": [
            -0.003227499265950739,
            -0.21898248572862267,
            0.27341895041428316
        ],
        "Thorax": [
            0.03210292211613937,
            -0.4118714587889155,
            0.6118848898441379
        ],
        "Neck": [
            0.14959705330008316,
            -0.6195512756456729,
            0.7113519280790626
        ],
        "Head": [
            0.11305283320242081,
            -0.593085110312245,
            0.7869690335485094
        ],
        "L_Shoulder": [
            -0.2006736629043113,
            -0.33474969215325956,
            0.581770337324979
        ],
        "L_Elbow": [
            -0.5154824027696907,
            -0.04124516858819393,
            0.5760408127365463
        ],
        "L_Wrist": [
            -0.7626226090277041,
            -0.2923460157694343,
            0.6191556312437837
        ],
        "R_Shoulder": [
            0.24115890795928757,
            -0.35353509678093303,
            0.5609494746446837
        ],
        "R_Elbow": [
            0.5687122473216198,
            -0.1627977772261281,
            0.49103869927787663
        ],
        "R_Wrist": [
            0.8973691089503264,
            -0.26175263093299456,
            0.4511313699773049
        ]
    }
}