{
    "video": "309_Ara_SHIN.mov",
    "peak_id": 6,
    "frame_idx": 4314,
    "timestamp": 72.109,
    "total_score": 0.842,
    "skeleton_3d": {
        "Pelvis": [
            0.0,
            0.0,
            0.0
        ],
        "R_Hip": [
            0.12045814772916141,
            0.0996056298213746,
            0.011750009816517625
        ],
        "R_Knee": [
            0.7081929381996486,
            0.09083624490834681,
            0.06754450098816109
        ],
        "R_Ankle": [
            1.0750594541302825,
            0.23443132907095995,
            0.10520245430648083
        ],
        "L_Hip": [
            -0.11592380863731991,
            -0.026194032215039773,
            -0.010212503409900443
        ],
        "L_Knee": [
            -0.5771988656811408,
            -0.2241396946123239,
            -0.35997660175781865
        ],
        "L_Ankle": [
            -1.0278401493966476,
            -0.3865676674497402,
            -0.6788672652403163
        ],
        "Spine": [
            0.03896470195910958,
            -0.2658143611495343,
            0.2889816788983205
        ],
        "Thorax": [
            0.09205779285766828,
            -0.444374066137336,
            0.6232987320922301
        ],
        "Neck": [
            0.08452107203687458,
            -0.6229056527603908,
            0.7633122034342865
        ],
        "Head": [
            0.04743937065978482,
            -0.5519633555390234,
            0.8191466092024628
        ],
        "L_Shoulder": [
            0.031643337599479786,
            -0.6644486589065044,
            0.5236864398072906
        ],
        "L_Elbow": [
            0.3227978643373181,
            -1.1672404092773734,
            0.45759701604689945
        ],
        "L_Wrist": [
            0.6415741284454343,
            -0.7385633239642538,
            0.4632250223059256
        ],
        "R_Shoulder": [
            0.14489608815889296,
            -0.326466372053041,
            0.6359574850872305
        ],
        "R_Elbow": [
            0.3066342342132258,
            -0.034502942794422585,
            0.8457870264763461
        ],
        "R_Wrist": [
            0.4642711313998589,
            -0.14995248272909067,
            1.0970160451668654
        ]
    }
}