{
    "video": "310_Jiyul_JEON.mov",
    "peak_id": 2,
    "frame_idx": 652,
    "timestamp": 10.867,
    "total_score": 0.665,
    "skeleton_3d": {
        "Pelvis": [
            0.0,
            0.0,
            0.0
        ],
        "R_Hip": [
            0.14033152439300553,
            -0.04781378248620772,
            0.0025382412355722866
        ],
        "R_Knee": [
            0.05559222417067746,
            -0.6574447278490422,
            -0.13116865621188584
        ],
        "R_Ankle": [
            -0.23712079205454997,
            -1.001844708223062,
            -0.45492020387464027
        ],
        "L_Hip": [
            -0.12914733899408742,
            0.07270430581218872,
            0.006718927833411435
        ],
        "L_Knee": [
            -0.20524652890388345,
            0.12604124875883857,
            -0.4593680693701605
        ],
        "L_Ankle": [
            -0.04872741878621984,
            0.0986502400038925,
            -0.9574061759808737
        ],
        "Spine": [
            -0.01798065548441078,
            -0.11844609634430667,
            0.31800403158486756
        ],
        "Thorax": [
            0.003019667848212949,
            -0.230028101546838,
            0.7069239991475587
        ],
        "Neck": [
            0.12600535936741575,
            -0.4311872020506992,
            0.8615784562270078
        ],
        "Head": [
            0.1125381415488652,
            -0.3276806957136197,
            0.9462005111669843
        ],
        "L_Shoulder": [
            -0.2266828182147735,
            -0.32541820428791607,
            0.6472447584394276
        ],
        "L_Elbow": [
            -0.46004798669610447,
            -0.4248939837097372,
            0.4307652879500214
        ],
        "L_Wrist": [
            -0.35837970120454427,
            -0.817768874621259,
            0.4868406581943954
        ],
        "R_Shoulder": [
            0.18672670621626802,
            -0.18765230217112092,
            0.6566249649339747
        ],
        "R_Elbow": [
            0.10639972097230271,
            -0.15544670340417233,
            0.5041683316435052
        ],
        "R_Wrist": [
            -0.16277505228944011,
            0.06657490450453406,
            0.49116106525855235
        ]
    }
}