{
    "video": "406_Haowen_LU.mov",
    "peak_id": 4,
    "frame_idx": 784,
    "timestamp": 13.09,
    "total_score": 0.85,
    "skeleton_3d": {
        "Pelvis": [
            0.0,
            0.0,
            0.0
        ],
        "R_Hip": [
            0.057081395962287326,
            0.08870958246305197,
            -0.04749750712713365
        ],
        "R_Knee": [
            0.007685120813880893,
            0.22434888028649677,
            -0.4895236572939271
        ],
        "R_Ankle": [
            0.006727715118447505,
            0.39325977193190464,
            -0.9146519188427494
        ],
        "L_Hip": [
            -0.06113981453334916,
            -9.076977329410044e-05,
            0.05774190613166533
        ],
        "L_Knee": [
            -0.5170276126655189,
            -0.09949092424710758,
            0.2343182256064191
        ],
        "L_Ankle": [
            -0.9168575019395837,
            -0.1180548555916837,
            0.46761462137152576
        ],
        "Spine": [
            0.12129293943244802,
            -0.2701870672517709,
            0.2260699399842413
        ],
        "Thorax": [
            0.247928561866233,
            -0.5587942943977576,
            0.48857306378011855
        ],
        "Neck": [
            0.3300080434225566,
            -0.7328111765794298,
            0.5789924947394307
        ],
        "Head": [
            0.3098385204822707,
            -0.7771174292310354,
            0.634434473279843
        ],
        "L_Shoulder": [
            0.09378421488432122,
            -0.6495011643541623,
            0.42415622232615025
        ],
        "L_Elbow": [
            -0.18584155146771789,
            -0.682440734132166,
            0.38767299852716625
        ],
        "L_Wrist": [
            -0.40746119515190504,
            -0.7610997290283947,
            0.4421532450848254
        ],
        "R_Shoulder": [
            0.38658620813749417,
            -0.39459277235899376,
            0.4756770441835535
        ],
        "R_Elbow": [
            0.5128650255119906,
            -0.22978412063984716,
            0.6680814605201821
        ],
        "R_Wrist": [
            0.6469072726179649,
            -0.2798903569412873,
            0.8763784770910813
        ]
    }
}