{
    "video": "413_Dragos_GRAMADA.mov",
    "peak_id": 2,
    "frame_idx": 515,
    "timestamp": 8.644,
    "total_score": 0.662,
    "skeleton_3d": {
        "Pelvis": [
            0.0,
            0.0,
            0.0
        ],
        "R_Hip": [
            -0.06550250961854884,
            -0.17445347599845587,
            -0.09155444591476224
        ],
        "R_Knee": [
            0.041361494714731425,
            -0.43593261645401726,
            -0.5548057752860788
        ],
        "R_Ankle": [
            0.09509196371944482,
            -0.8537438171031609,
            -1.0738594337224912
        ],
        "L_Hip": [
            0.08516935999974343,
            0.18140036547864793,
            0.08670090824830434
        ],
        "L_Knee": [
            0.5888146983498856,
            0.458758352382449,
            0.14182304917524055
        ],
        "L_Ankle": [
            0.9461338619043947,
            0.5649257632360848,
            0.18103465186061696
        ],
        "Spine": [
            -0.18687982815928292,
            -0.20316653105300678,
            0.2358808080713729
        ],
        "Thorax": [
            -0.3365687078599564,
            -0.4614057057740696,
            0.5242297750128937
        ],
        "Neck": [
            -0.5059672218628066,
            -0.5247601649951462,
            0.669888837559138
        ],
        "Head": [
            -0.472877893033874,
            -0.6802643436168136,
            0.7348557558705764
        ],
        "L_Shoulder": [
            -0.1337447021929979,
            -0.26977206023234834,
            0.5560091441283157
        ],
        "L_Elbow": [
            -0.031625975392505584,
            0.27142717018654483,
            0.7343984263584207
        ],
        "L_Wrist": [
            0.06019755743494807,
            0.30868834862684,
            1.0350884195408907
        ],
        "R_Shoulder": [
            -0.5425128915403259,
            -0.5915200646578281,
            0.3909135773154554
        ],
        "R_Elbow": [
            -0.5757917421317548,
            -0.9968305704889899,
            0.03663484215857121
        ],
        "R_Wrist": [
            -0.2936582132421554,
            -0.7780095273384745,
            -0.07724678664894227
        ]
    }
}