{
    "video": "edition18_sequence_10.mp4",
    "peak_id": 4,
    "frame_idx": 814,
    "timestamp": 32.56,
    "total_score": 0.75,
    "skeleton_3d": {
        "Pelvis": [
            0.0,
            0.0,
            0.0
        ],
        "R_Hip": [
            0.11408296558185882,
            -0.12563980680382816,
            0.021689253991033105
        ],
        "R_Knee": [
            -0.27011463424439075,
            0.049248354498859934,
            0.3665788730067002
        ],
        "R_Ankle": [
            -0.6789004901113385,
            0.08222479003328972,
            0.8167722728906402
        ],
        "L_Hip": [
            -0.10808438841611948,
            0.12939928089969008,
            -0.0191637048590722
        ],
        "L_Knee": [
            -0.06755000666591598,
            0.0595622411768917,
            -0.6716992329567769
        ],
        "L_Ankle": [
            -0.013205531778806318,
            -0.06244768571574092,
            -1.28384447713455
        ],
        "Spine": [
            0.023958633374180784,
            0.008670590403572162,
            0.34650880105512466
        ],
        "Thorax": [
            0.01967801171634072,
            0.025793370824802625,
            0.6861608581632372
        ],
        "Neck": [
            -0.06906521149558849,
            -0.07650834125103012,
            0.9618671790507544
        ],
        "Head": [
            -0.06062699573859387,
            0.011693564269460856,
            1.0038736414076366
        ],
        "L_Shoulder": [
            -0.14861925825173036,
            0.11639554427806299,
            0.6282413097244264
        ],
        "L_Elbow": [
            -0.42952290779122115,
            0.014015371534367702,
            0.4768622663992291
        ],
        "L_Wrist": [
            -0.6580972988598617,
            -0.19611997038641277,
            0.7534383104286645
        ],
        "R_Shoulder": [
            0.20993546062157364,
            -0.020506713157020098,
            0.7225464989326755
        ],
        "R_Elbow": [
            0.30614621035030737,
            -0.21955631482966276,
            1.0598072078688385
        ],
        "R_Wrist": [
            0.3574152421902347,
            -0.2443786416137291,
            1.4242785130684479
        ]
    }
}