{
    "video": "edition18_sequence_10.mp4",
    "peak_id": 1,
    "frame_idx": 395,
    "timestamp": 15.8,
    "total_score": 0.637,
    "skeleton_3d": {
        "Pelvis": [
            0.0,
            0.0,
            0.0
        ],
        "R_Hip": [
            0.1123816444044801,
            -0.11933701134521583,
            -0.048033983295531636
        ],
        "R_Knee": [
            0.019885422011737323,
            -0.13528494080317344,
            -0.821489993656444
        ],
        "R_Ankle": [
            -0.09021205916437566,
            -0.05690970275088691,
            -1.4789375550988366
        ],
        "L_Hip": [
            -0.11053782100065819,
            0.12298665492979463,
            0.05233864949756468
        ],
        "L_Knee": [
            -0.5597685222765723,
            -0.07875562101843747,
            -0.2699026038778717
        ],
        "L_Ankle": [
            -1.180587688798951,
            -0.03748495290697958,
            -0.49112774172844387
        ],
        "Spine": [
            0.0783867641836396,
            -0.02183394168178007,
            0.3226897546775372
        ],
        "Thorax": [
            0.14940996719834493,
            -0.17363867929947308,
            0.6218872180162064
        ],
        "Neck": [
            0.10492725649522376,
            -0.27725908156512713,
            0.8926215739408347
        ],
        "Head": [
            0.13262830506962728,
            -0.1222769038199134,
            0.9361477670393191
        ],
        "L_Shoulder": [
            -0.05613650977839711,
            -0.10583475365577671,
            0.6325997530425383
        ],
        "L_Elbow": [
            -0.23668030456168657,
            0.2180691372901715,
            0.4441748490347623
        ],
        "L_Wrist": [
            -0.15128421518755225,
            0.1605648553397671,
            0.17398021315105752
        ],
        "R_Shoulder": [
            0.3495457507648279,
            -0.12786537198881,
            0.5582094960992378
        ],
        "R_Elbow": [
            0.6015001049759856,
            0.12624562042970489,
            0.4097590862132015
        ],
        "R_Wrist": [
            0.8726814217173788,
            0.2140510838866289,
            0.3508104342083255
        ]
    }
}