{
    "video": "edition18_sequence_3.mp4",
    "peak_id": 10,
    "frame_idx": 1318,
    "timestamp": 52.72,
    "total_score": 0.736,
    "skeleton_3d": {
        "Pelvis": [
            0.0,
            0.0,
            0.0
        ],
        "R_Hip": [
            0.052242176989181245,
            0.1865964566207155,
            0.05161050520912828
        ],
        "R_Knee": [
            0.3894436111687,
            0.104335795106282,
            0.476071092005955
        ],
        "R_Ankle": [
            0.9064490081540179,
            0.2838345061144236,
            0.6395703880251272
        ],
        "L_Hip": [
            -0.05675311980145206,
            -0.19492246320130588,
            -0.04769165197603593
        ],
        "L_Knee": [
            0.04986699181010411,
            -0.14904928787997343,
            -0.6955604217795397
        ],
        "L_Ankle": [
            -0.03287574365981159,
            -0.10727182950765764,
            -1.3193419357043428
        ],
        "Spine": [
            -0.06845498526363261,
            -0.03433525656211548,
            0.3317176578134649
        ],
        "Thorax": [
            -0.10405502102929512,
            0.15372451363801373,
            0.651223460500356
        ],
        "Neck": [
            -0.10839215275695845,
            0.08247658228797361,
            0.9281906946666276
        ],
        "Head": [
            -0.11600670734027081,
            0.11295506586179677,
            0.9800281222116657
        ],
        "L_Shoulder": [
            -0.2970094815334988,
            -0.09299332031152431,
            0.7344701068180947
        ],
        "L_Elbow": [
            -0.42761987886532826,
            -0.40763333446361544,
            1.0434561188501181
        ],
        "L_Wrist": [
            -0.498420101030255,
            -0.425778749268328,
            1.3914587486890035
        ],
        "R_Shoulder": [
            0.05957348289957536,
            0.2701558767521412,
            0.5600334443591682
        ],
        "R_Elbow": [
            0.328120116694525,
            0.5508217515596782,
            0.47832943469897254
        ],
        "R_Wrist": [
            0.5606116308650224,
            0.3746105431353456,
            0.4922028884322292
        ]
    }
}