{
    "video": "edition18_sequence_0.mp4",
    "peak_id": 12,
    "frame_idx": 2085,
    "timestamp": 83.4,
    "total_score": 0.94,
    "skeleton_3d": {
        "Pelvis": [
            0.0,
            0.0,
            0.0
        ],
        "R_Hip": [
            0.025697377525546166,
            0.18573712717747043,
            0.044895887768538804
        ],
        "R_Knee": [
            0.4905473390881594,
            0.4381509524493521,
            0.0600657106353387
        ],
        "R_Ankle": [
            0.9813947355369921,
            0.7672097641238713,
            0.18139212452795364
        ],
        "L_Hip": [
            -0.029291021082847202,
            -0.18882237830552767,
            -0.04053773072402887
        ],
        "L_Knee": [
            -0.032822358552133404,
            -0.1477668101719637,
            -0.7243486929343923
        ],
        "L_Ankle": [
            -0.12879560873167048,
            -0.1453258438546021,
            -1.3189950512362618
        ],
        "Spine": [
            -0.05396543398969866,
            -0.08596507787037767,
            0.33321167287679
        ],
        "Thorax": [
            -0.10375654516349436,
            -0.21422476189939746,
            0.6723032979724166
        ],
        "Neck": [
            -0.12230519283618453,
            -0.21563946720642807,
            0.9574282383198159
        ],
        "Head": [
            -0.09761596759741173,
            -0.2149631068686046,
            0.9994143240413852
        ],
        "L_Shoulder": [
            -0.20674650393156407,
            -0.33188254906609516,
            0.6119880902339376
        ],
        "L_Elbow": [
            -0.2913400179230404,
            -0.19001839958868505,
            0.5257044858582576
        ],
        "L_Wrist": [
            -0.47945360189076736,
            -0.07978367336391047,
            0.5281437221544768
        ],
        "R_Shoulder": [
            0.00876386434355156,
            0.0069434267047842925,
            0.7194349341449582
        ],
        "R_Elbow": [
            0.07373801317402254,
            0.23626928355617532,
            1.0238002033207365
        ],
        "R_Wrist": [
            0.164826283699617,
            0.16746810391304118,
            1.4054399995656968
        ]
    }
}