{
    "video": "edition18_sequence_0.mp4",
    "peak_id": 4,
    "frame_idx": 1200,
    "timestamp": 48.0,
    "total_score": 0.572,
    "skeleton_3d": {
        "Pelvis": [
            0.0,
            0.0,
            0.0
        ],
        "R_Hip": [
            0.12386643341184962,
            -0.10992072304236054,
            -0.026949764201979084
        ],
        "R_Knee": [
            0.27347649941252633,
            -0.11010417295656832,
            -0.6458582268292454
        ],
        "R_Ankle": [
            0.5448071741680898,
            -0.1488425389988273,
            -1.1772896380208357
        ],
        "L_Hip": [
            -0.12252323009068299,
            0.1117066692231316,
            0.025449854240915407
        ],
        "L_Knee": [
            -0.45730248470171325,
            0.11836365676159677,
            -0.4849419072453043
        ],
        "L_Ankle": [
            -0.871566292308304,
            0.2734330788732876,
            -0.8882374927763099
        ],
        "Spine": [
            0.02869247314429957,
            0.001812451008717566,
            0.3177489710058454
        ],
        "Thorax": [
            0.028705910024108345,
            -0.056194448057920586,
            0.6124024900838868
        ],
        "Neck": [
            -0.1009910045656773,
            -0.15421222063613033,
            0.8622025672739867
        ],
        "Head": [
            -0.11927224459369766,
            -0.08721046374027004,
            0.926384834941736
        ],
        "L_Shoulder": [
            -0.17607039845755623,
            0.024806285173745866,
            0.5389382184654018
        ],
        "L_Elbow": [
            -0.4098871315813108,
            -0.010473892471290394,
            0.35786328596769523
        ],
        "L_Wrist": [
            -0.7285690103950128,
            -0.12457212280544147,
            0.26456912499123836
        ],
        "R_Shoulder": [
            0.2526275570898568,
            -0.07615691048761507,
            0.632194899090873
        ],
        "R_Elbow": [
            0.594104025995367,
            -0.030521870932239546,
            0.5478366701771381
        ],
        "R_Wrist": [
            0.933505505124756,
            -0.09610551662044314,
            0.638372297204524
        ]
    }
}