{
    "video": "edition18_sequence_10.mp4",
    "peak_id": 5,
    "frame_idx": 878,
    "timestamp": 35.12,
    "total_score": 1.0,
    "skeleton_3d": {
        "Pelvis": [
            0.0,
            0.0,
            0.0
        ],
        "R_Hip": [
            0.08984237262798621,
            -0.14061285213129093,
            -0.0798553916281767
        ],
        "R_Knee": [
            0.030038301179806198,
            -0.20581093423502786,
            -0.8043693356197071
        ],
        "R_Ankle": [
            0.03843606359002317,
            -0.23315589644561396,
            -1.4839258873534527
        ],
        "L_Hip": [
            -0.09081691142072,
            0.13417744727726738,
            0.08111950274245606
        ],
        "L_Knee": [
            -0.5498250756597851,
            -0.04559040907165677,
            0.2865576198229195
        ],
        "L_Ankle": [
            -0.9974623083258809,
            -0.11096868083955552,
            0.5891660537994825
        ],
        "Spine": [
            0.15103265778202418,
            -0.02565158727466968,
            0.3074413987815475
        ],
        "Thorax": [
            0.2849936969132068,
            0.08060164448511593,
            0.6126736791346495
        ],
        "Neck": [
            0.2974462679963988,
            0.05874639857592042,
            0.8663220143850331
        ],
        "Head": [
            0.3160810405515672,
            0.16697382179814974,
            0.8865357556074636
        ],
        "L_Shoulder": [
            0.23564272612340362,
            0.20365783617719113,
            0.5987788886028107
        ],
        "L_Elbow": [
            0.3856550976509898,
            0.45406123617939853,
            0.32094981425951913
        ],
        "L_Wrist": [
            0.46287263363059816,
            0.6309364202581478,
            0.06942125907275479
        ],
        "R_Shoulder": [
            0.298619368995013,
            -0.07435057523733449,
            0.5889785502254009
        ],
        "R_Elbow": [
            0.4076886734015389,
            -0.43280405495341245,
            0.35628594608974806
        ],
        "R_Wrist": [
            0.45125680727725054,
            -0.428518789158241,
            1.202287762158935
        ]
    }
}