{
    "video": "edition18_sequence_4.mp4",
    "peak_id": 2,
    "frame_idx": 597,
    "timestamp": 23.88,
    "total_score": 0.824,
    "skeleton_3d": {
        "Pelvis": [
            0.0,
            0.0,
            0.0
        ],
        "R_Hip": [
            -0.021212808957607156,
            0.09527246923315358,
            0.008540346306355376
        ],
        "R_Knee": [
            0.020297567416444368,
            0.6134435515014124,
            -0.015083647839859311
        ],
        "R_Ankle": [
            0.020801035508648844,
            1.0921317745215324,
            0.012845089928642953
        ],
        "L_Hip": [
            0.014544057246036893,
            -0.07461770176942681,
            -0.004776126372963036
        ],
        "L_Knee": [
            0.024770033705840872,
            -0.15671815456951002,
            -0.7163876264568245
        ],
        "L_Ankle": [
            0.01343509860326927,
            -0.29671215449809274,
            -1.3202440546523233
        ],
        "Spine": [
            -0.03815006563305403,
            -0.08641457426229858,
            0.33523019906764223
        ],
        "Thorax": [
            -0.08191252839020177,
            -0.20010625395673948,
            0.6836154219224057
        ],
        "Neck": [
            -0.2512612454221661,
            -0.2222452033810735,
            0.9035575478535595
        ],
        "Head": [
            -0.23495012086074746,
            -0.2753699313494818,
            0.9544164696590571
        ],
        "L_Shoulder": [
            -0.005432941372559102,
            -0.11039273566236302,
            0.7161395113191504
        ],
        "L_Elbow": [
            -0.08156393532440512,
            0.046757857364170236,
            1.040900259882295
        ],
        "L_Wrist": [
            -0.16422920416993256,
            -0.0006722092513410663,
            1.311667457367943
        ],
        "R_Shoulder": [
            -0.13466810706769164,
            -0.1590052971938244,
            0.646268151903076
        ],
        "R_Elbow": [
            -0.329741927032833,
            -0.12263942937634821,
            0.9297907721631131
        ],
        "R_Wrist": [
            -0.28685536952948687,
            -0.10405365347339907,
            1.2738891368118994
        ]
    }
}