{
    "video": "edition18_sequence_11.mp4",
    "peak_id": 5,
    "frame_idx": 1108,
    "timestamp": 44.32,
    "total_score": 0.488,
    "skeleton_3d": {
        "Pelvis": [
            0.0,
            0.0,
            0.0
        ],
        "R_Hip": [
            0.08675369242594806,
            -0.13857469278385173,
            0.005232654679886595
        ],
        "R_Knee": [
            0.1191179516183388,
            0.19581303663914473,
            -0.06537591167602692
        ],
        "R_Ankle": [
            0.21097957422507221,
            0.4494372259442697,
            -0.12177165941676402
        ],
        "L_Hip": [
            -0.11721217378301686,
            -0.05169229801983932,
            0.03394694186983639
        ],
        "L_Knee": [
            -0.0324821267311826,
            0.12607004322970103,
            -0.10338108335123945
        ],
        "L_Ankle": [
            0.22051532036199126,
            -0.0385077467667074,
            -0.6639125507135963
        ],
        "Spine": [
            -0.0008622271082252821,
            -0.08332882119773383,
            0.2848773001339304
        ],
        "Thorax": [
            0.011104492343279761,
            -0.08446732522402706,
            0.6293226745816748
        ],
        "Neck": [
            -0.10981018537699273,
            -0.1197528580239682,
            0.9649978764961654
        ],
        "Head": [
            -0.08243309366557595,
            -0.11739152940916786,
            1.0420619622196556
        ],
        "L_Shoulder": [
            -0.18809703955013385,
            -0.044787691861099155,
            0.6295651944410383
        ],
        "L_Elbow": [
            -0.3911518122199786,
            -4.4895045026964304e-07,
            0.4885341219387759
        ],
        "L_Wrist": [
            -0.6033215301993348,
            -0.05942655627683206,
            0.4693632478495531
        ],
        "R_Shoulder": [
            0.22480503473154298,
            -0.011722034800149096,
            0.6368869844808708
        ],
        "R_Elbow": [
            0.48997483746838905,
            0.04241033961273372,
            0.5920978009301604
        ],
        "R_Wrist": [
            0.8275732282835019,
            0.032546171141464096,
            0.5885511083837011
        ]
    }
}