{
    "video": "edition18_sequence_3.mp4",
    "peak_id": 19,
    "frame_idx": 2914,
    "timestamp": 116.56,
    "total_score": 1.0,
    "skeleton_3d": {
        "Pelvis": [
            0.0,
            0.0,
            0.0
        ],
        "R_Hip": [
            0.0780781098063047,
            0.16590339325967118,
            0.07787054619133571
        ],
        "R_Knee": [
            0.31171462859034393,
            0.033422832546229506,
            0.6067431033363182
        ],
        "R_Ankle": [
            0.6164941711578904,
            -0.005943591399074443,
            1.0740328556886507
        ],
        "L_Hip": [
            -0.08142795002193837,
            -0.1700372240450467,
            -0.07396287918896918
        ],
        "L_Knee": [
            0.05150069443001787,
            -0.09570232778339552,
            -0.6779907007884999
        ],
        "L_Ankle": [
            0.035326175469627824,
            -0.055920935580286435,
            -1.2572676976752057
        ],
        "Spine": [
            -0.10399189408576753,
            -0.08841840462457036,
            0.31566540574996643
        ],
        "Thorax": [
            -0.18903702488823143,
            -0.14822512989936648,
            0.6371628588807773
        ],
        "Neck": [
            -0.17567608471928176,
            -0.21623533828084343,
            0.8930945894077228
        ],
        "Head": [
            -0.20529017120843226,
            -0.1593716011125776,
            0.9503900726070061
        ],
        "L_Shoulder": [
            -0.36124869290522843,
            -0.22281824832432706,
            0.5743999546688909
        ],
        "L_Elbow": [
            -0.5165294499827477,
            0.06655101045846604,
            0.46899375536203874
        ],
        "L_Wrist": [
            -0.7251725740040457,
            0.25477776595495144,
            0.37270508007718633
        ],
        "R_Shoulder": [
            -0.007535618466265005,
            0.0034042371800739914,
            0.6737786300039823
        ],
        "R_Elbow": [
            0.20316290982271537,
            0.3312824715724103,
            0.49526067545256097
        ],
        "R_Wrist": [
            0.19361258395477796,
            0.04588445150527191,
            0.4033771342518967
        ]
    }
}