{
    "video": "edition18_sequence_3.mp4",
    "peak_id": 1,
    "frame_idx": 498,
    "timestamp": 19.92,
    "total_score": 0.853,
    "skeleton_3d": {
        "Pelvis": [
            0.0,
            0.0,
            0.0
        ],
        "R_Hip": [
            0.0471619970475607,
            0.16932607727785134,
            0.07556061689537312
        ],
        "R_Knee": [
            0.5632456639689585,
            0.32185835283369235,
            0.15770187845166364
        ],
        "R_Ankle": [
            1.1234854716704594,
            0.44628018350702287,
            0.4201842659981342
        ],
        "L_Hip": [
            -0.04265598083618256,
            -0.17746548591076908,
            -0.07703975410670785
        ],
        "L_Knee": [
            -0.02706988705409252,
            -0.06611928914650451,
            -0.7978270719479419
        ],
        "L_Ankle": [
            -0.08198216987796876,
            0.02296065089670275,
            -1.4179002402552985
        ],
        "Spine": [
            -0.13759581118449224,
            -0.1269357111657946,
            0.31476177963237817
        ],
        "Thorax": [
            -0.2575675390344916,
            -0.31941201482385245,
            0.6268940419420166
        ],
        "Neck": [
            -0.40199330054909227,
            -0.3237154743936746,
            0.8413336558094852
        ],
        "Head": [
            -0.387064820432878,
            -0.29175601162505266,
            0.9009661152929026
        ],
        "L_Shoulder": [
            -0.3660978967113492,
            -0.2885299409693587,
            0.6057959714351367
        ],
        "L_Elbow": [
            -0.714170851927551,
            -0.5920422827509244,
            0.6465717781976739
        ],
        "L_Wrist": [
            0.18216805034197622,
            -0.42509107630730886,
            0.6705780596896231
        ],
        "R_Shoulder": [
            -0.14761943659456314,
            -0.2839017973486788,
            0.61904854021432
        ],
        "R_Elbow": [
            -0.6751513655039232,
            -0.3946963117543683,
            0.5521391874431893
        ],
        "R_Wrist": [
            0.20640974597813588,
            -0.1998336733822364,
            0.6298898639428862
        ]
    }
}