{
    "video": "edition18_sequence_0.mp4",
    "peak_id": 24,
    "frame_idx": 3348,
    "timestamp": 133.92,
    "total_score": 0.809,
    "skeleton_3d": {
        "Pelvis": [
            0.0,
            0.0,
            0.0
        ],
        "R_Hip": [
            0.0850304668041149,
            -0.1599386638207401,
            -0.055746148190356615
        ],
        "R_Knee": [
            -0.11262976784357341,
            -0.32950470317072394,
            -0.6868527554281814
        ],
        "R_Ankle": [
            -0.06950304640014587,
            -0.45155724593394375,
            -1.3138064232508666
        ],
        "L_Hip": [
            -0.08189747050962255,
            0.1484280009917507,
            0.061873841107697586
        ],
        "L_Knee": [
            -0.4217960911553051,
            -0.0528535483796018,
            0.4177769745723023
        ],
        "L_Ankle": [
            -0.6857179595175519,
            0.14569963109897696,
            0.3000343470041126
        ],
        "Spine": [
            0.08963784311306511,
            0.06640527695389674,
            0.31207580924860734
        ],
        "Thorax": [
            0.14532814386108495,
            0.32457791868279495,
            0.6084427052108013
        ],
        "Neck": [
            0.06844777091651982,
            0.24456624521627807,
            0.8409093947837275
        ],
        "Head": [
            0.08152356396957261,
            0.3245810841248707,
            0.8800984117996343
        ],
        "L_Shoulder": [
            -0.04984885046714711,
            0.33813526591677434,
            0.5210217568452006
        ],
        "L_Elbow": [
            -0.4128658364123478,
            0.21722516134576697,
            0.4673810798412411
        ],
        "L_Wrist": [
            -0.8004162759267387,
            -0.011291051806120188,
            0.5051687405766713
        ],
        "R_Shoulder": [
            0.3461488086345889,
            0.18968302668284345,
            0.6771596894390985
        ],
        "R_Elbow": [
            0.5217394982255806,
            -0.014920437464981756,
            1.0331099729170985
        ],
        "R_Wrist": [
            0.57396489100393,
            0.017850206725634598,
            1.3650967142929666
        ]
    }
}