{
    "video": "edition18_sequence_8.mp4",
    "peak_id": 1,
    "frame_idx": 781,
    "timestamp": 31.24,
    "total_score": 0.807,
    "skeleton_3d": {
        "Pelvis": [
            0.0,
            0.0,
            0.0
        ],
        "R_Hip": [
            0.1456422748569947,
            -0.10811324137628261,
            -0.00586425000249746
        ],
        "R_Knee": [
            0.5845073263733541,
            -0.07238385879583557,
            -0.5598362928486383
        ],
        "R_Ankle": [
            1.1314285542744658,
            -0.15019043931224352,
            -0.9437160695249646
        ],
        "L_Hip": [
            -0.13817928624856493,
            0.10407605039604155,
            0.008141239884880979
        ],
        "L_Knee": [
            -0.4949675670062474,
            0.21141880557629994,
            -0.07046597938875385
        ],
        "L_Ankle": [
            -0.905634956431278,
            0.49339823137900185,
            0.1253566013010983
        ],
        "Spine": [
            -0.06455888832746663,
            -0.046596195168314175,
            0.37783688423424155
        ],
        "Thorax": [
            -0.11084024674907732,
            -0.19998943735529712,
            0.7402099295263693
        ],
        "Neck": [
            -0.08853725924736168,
            -0.25016223527295534,
            1.0534412155613695
        ],
        "Head": [
            -0.04678012700065447,
            -0.1609890942963496,
            1.1145994112299085
        ],
        "L_Shoulder": [
            -0.27643860856575925,
            -0.10901378013880927,
            0.8467665177279733
        ],
        "L_Elbow": [
            -0.6384143025842356,
            -0.05364435030441606,
            0.9723727541869355
        ],
        "L_Wrist": [
            -0.9991009322961562,
            -0.1449633465382711,
            1.169663259243661
        ],
        "R_Shoulder": [
            0.04410124905689245,
            -0.21925474775649384,
            0.6190352249011957
        ],
        "R_Elbow": [
            -0.044753932920030375,
            -0.3730023671678921,
            0.5884467451954372
        ],
        "R_Wrist": [
            -0.2232691006500822,
            -0.22892361262862465,
            0.7332447120686356
        ]
    }
}