{
    "video": "edition18_sequence_7.mp4",
    "peak_id": 2,
    "frame_idx": 1253,
    "timestamp": 50.12,
    "total_score": 0.591,
    "skeleton_3d": {
        "Pelvis": [
            0.0,
            0.0,
            0.0
        ],
        "R_Hip": [
            0.12408110009843992,
            -0.1261745632165821,
            -0.024193500010132242
        ],
        "R_Knee": [
            0.06947210246309353,
            -0.13462056176014967,
            -0.687363940935782
        ],
        "R_Ankle": [
            0.029220952389527318,
            -0.06139732688255545,
            -1.2859976804279474
        ],
        "L_Hip": [
            -0.11581582984171691,
            0.1264860484314797,
            0.02611462391945297
        ],
        "L_Knee": [
            -0.4066716257458144,
            -0.27719604797421443,
            0.3621068649670556
        ],
        "L_Ankle": [
            -0.2540594716269008,
            -0.10114753317878003,
            -0.20672240854477295
        ],
        "Spine": [
            0.00966578222657941,
            0.017626877191708346,
            0.3361270673045475
        ],
        "Thorax": [
            0.0074555575415190456,
            -0.11453829846891396,
            0.6414506421253111
        ],
        "Neck": [
            -0.14270224893929787,
            -0.2017207901433349,
            0.8636677529048771
        ],
        "Head": [
            -0.15022652570735096,
            -0.1257573380555571,
            0.9295659390964555
        ],
        "L_Shoulder": [
            -0.22773987874142,
            -0.04703032020051569,
            0.6006858331867427
        ],
        "L_Elbow": [
            -0.5279123092357422,
            -0.1705037035919987,
            0.5910238190022046
        ],
        "L_Wrist": [
            -0.8536790905599396,
            -0.32953688307184,
            0.6430839830954025
        ],
        "R_Shoulder": [
            0.23847980180484663,
            -0.12735351666210729,
            0.6541679835678972
        ],
        "R_Elbow": [
            0.4895433208124841,
            0.04580736478865798,
            0.40121569494588194
        ],
        "R_Wrist": [
            0.340437726181167,
            0.06297553783692175,
            0.11871702344235478
        ]
    }
}