{
    "video": "edition18_sequence_11.mp4",
    "peak_id": 4,
    "frame_idx": 967,
    "timestamp": 38.68,
    "total_score": 0.546,
    "skeleton_3d": {
        "Pelvis": [
            0.0,
            0.0,
            0.0
        ],
        "R_Hip": [
            0.13389466419094617,
            0.12014233110491769,
            0.02153923877610463
        ],
        "R_Knee": [
            0.6169300765774052,
            0.14053622245832323,
            -0.12770115394018744
        ],
        "R_Ankle": [
            0.9538339758017178,
            0.4385056858735446,
            -0.015434270437807807
        ],
        "L_Hip": [
            -0.1314663159694775,
            -0.13157196178001765,
            -0.022561303802770587
        ],
        "L_Knee": [
            -0.5353063840138756,
            -0.18094091027263298,
            -0.39847473618149426
        ],
        "L_Ankle": [
            -1.1005467435746557,
            -0.3418315588950248,
            -0.6217173152135224
        ],
        "Spine": [
            -0.04416064651049376,
            -0.00041983892489848415,
            0.3541467592368393
        ],
        "Thorax": [
            -0.09371017893175271,
            -0.059523250225734396,
            0.7074841578477582
        ],
        "Neck": [
            -0.058826535617793725,
            -0.09421259001507942,
            1.0015163085574328
        ],
        "Head": [
            -0.08967709829316121,
            -0.04679658070146179,
            1.0752587750179903
        ],
        "L_Shoulder": [
            -0.25172949763657837,
            -0.08318510938771956,
            0.680096613425981
        ],
        "L_Elbow": [
            -0.35587593206611434,
            -0.16088769568128825,
            0.9668165871535807
        ],
        "L_Wrist": [
            -0.28593069310118324,
            -0.05450856564367626,
            1.1374635099987351
        ],
        "R_Shoulder": [
            0.047288335141453024,
            0.13503233396677602,
            0.7241423586821033
        ],
        "R_Elbow": [
            0.0891181586529835,
            0.2801121021491254,
            0.9572026446920092
        ],
        "R_Wrist": [
            -0.10988213458779288,
            0.045450236420980665,
            1.1476325590671301
        ]
    }
}