{
    "video": "edition18_sequence_0.mp4",
    "peak_id": 8,
    "frame_idx": 1857,
    "timestamp": 74.28,
    "total_score": 0.623,
    "skeleton_3d": {
        "Pelvis": [
            0.0,
            0.0,
            0.0
        ],
        "R_Hip": [
            0.11313444542969764,
            -0.056227517820047694,
            -0.013909276381637265
        ],
        "R_Knee": [
            0.04211749095748799,
            -0.09591741089229773,
            -0.6883988443119993
        ],
        "R_Ankle": [
            -0.008214125161589673,
            -0.18724018744793344,
            -1.3330306929933289
        ],
        "L_Hip": [
            -0.11816202779780277,
            0.05015557583837354,
            0.014197593645760764
        ],
        "L_Knee": [
            0.01886585962195295,
            0.44113225291662994,
            0.14856946271182062
        ],
        "L_Ankle": [
            -0.09585013877161945,
            0.9622268782716815,
            0.12141750770410595
        ],
        "Spine": [
            -0.021632577598093113,
            -0.04598461135998151,
            0.35603874311021594
        ],
        "Thorax": [
            -0.05637653014563137,
            -0.1600103015084164,
            0.7126831928348588
        ],
        "Neck": [
            -0.20571083409124824,
            -0.24660585956271003,
            0.9226186789061676
        ],
        "Head": [
            -0.20552049204669193,
            -0.1742245200381049,
            0.981097752542358
        ],
        "L_Shoulder": [
            -0.2438588621755405,
            -0.0713780664088153,
            0.6603353534998069
        ],
        "L_Elbow": [
            -0.5516590881636898,
            0.00408439427614715,
            0.5324834148162524
        ],
        "L_Wrist": [
            -0.9725670410180813,
            -0.20941410567535856,
            0.4962702399399926
        ],
        "R_Shoulder": [
            0.15042993315604908,
            -0.14432236284631897,
            0.7224923894088613
        ],
        "R_Elbow": [
            0.22451832778034134,
            -0.18482505822564127,
            0.5792443774953312
        ],
        "R_Wrist": [
            0.11200858167885214,
            -0.2171520448731987,
            0.8621993296600441
        ]
    }
}