{
    "video": "edition18_sequence_3.mp4",
    "peak_id": 8,
    "frame_idx": 1172,
    "timestamp": 46.88,
    "total_score": 1.0,
    "skeleton_3d": {
        "Pelvis": [
            0.0,
            0.0,
            0.0
        ],
        "R_Hip": [
            0.07719235346625984,
            -0.14847332543833694,
            -0.0570903696972645
        ],
        "R_Knee": [
            -0.01222037758611513,
            -0.1280970128038086,
            -0.7100691007339023
        ],
        "R_Ankle": [
            -0.005652928898410174,
            -0.12133214102670524,
            -1.269112332461545
        ],
        "L_Hip": [
            -0.07590224980310237,
            0.14213308077490955,
            0.05945961873210826
        ],
        "L_Knee": [
            -0.4913852790830541,
            -0.05614848410364689,
            0.264801036726793
        ],
        "L_Ankle": [
            -0.9522421910319516,
            -0.09687837292332091,
            0.49411259058988877
        ],
        "Spine": [
            0.0864250272687764,
            -0.037851890873108966,
            0.3243966451013372
        ],
        "Thorax": [
            0.1401630016580574,
            -0.047170913467514834,
            0.6327908615815067
        ],
        "Neck": [
            0.24988039590425792,
            -0.0512906375519447,
            0.8885215635035167
        ],
        "Head": [
            0.22625820228504828,
            0.017797780661380432,
            0.9244154194145536
        ],
        "L_Shoulder": [
            -0.05948039038722794,
            -0.06197332271014659,
            0.6080771413220837
        ],
        "L_Elbow": [
            -0.3768895460516087,
            -0.18631621639595716,
            0.5883030704784513
        ],
        "L_Wrist": [
            -0.6984222634488324,
            -0.3594797118040765,
            0.6207947880752771
        ],
        "R_Shoulder": [
            0.34868112081030683,
            0.007790149606945086,
            0.638870513913295
        ],
        "R_Elbow": [
            0.5222430506155151,
            -0.15580136105319642,
            0.8998540337065132
        ],
        "R_Wrist": [
            0.6396582295584629,
            -0.10188098429044978,
            1.2093982779801675
        ]
    }
}