{
    "video": "edition18_sequence_11.mp4",
    "peak_id": 2,
    "frame_idx": 797,
    "timestamp": 31.88,
    "total_score": 0.644,
    "skeleton_3d": {
        "Pelvis": [
            0.0,
            0.0,
            0.0
        ],
        "R_Hip": [
            0.06450483232173675,
            -0.1667579437327435,
            -0.01134164184225042
        ],
        "R_Knee": [
            0.4977396441355869,
            -0.09460962672444063,
            -0.5336898396241083
        ],
        "R_Ankle": [
            0.984525486903008,
            -0.23183209205482758,
            -0.9932623822977777
        ],
        "L_Hip": [
            -0.07318638771705345,
            0.1510714684450617,
            0.009716886850840687
        ],
        "L_Knee": [
            -0.6125144487874652,
            0.13608287695248816,
            -0.17578364142890476
        ],
        "L_Ankle": [
            -0.9920448314670545,
            0.3388701121106714,
            -0.06452433769385035
        ],
        "Spine": [
            0.055765628633838535,
            -0.004359324478731714,
            0.37838938925369925
        ],
        "Thorax": [
            0.11065241745984904,
            -0.04675211884346678,
            0.760497645362046
        ],
        "Neck": [
            -0.013385244296450419,
            -0.11201615231729058,
            0.9951494443998872
        ],
        "Head": [
            0.012642984894249277,
            -0.08263884217451867,
            1.0690340937400802
        ],
        "L_Shoulder": [
            0.04305222899204537,
            0.1467534844041015,
            0.7602569689061358
        ],
        "L_Elbow": [
            -0.12213471759386058,
            0.4447912488918698,
            0.7231763591765995
        ],
        "L_Wrist": [
            -0.31469010990885277,
            0.4769961295635557,
            0.7280747106878214
        ],
        "R_Shoulder": [
            0.18989044133215607,
            -0.18149313068760384,
            0.7355332249388356
        ],
        "R_Elbow": [
            0.5178524220379397,
            -0.14773086648533154,
            0.6577108518568898
        ],
        "R_Wrist": [
            0.8316269837843027,
            -0.09361711381127136,
            0.5909110448447986
        ]
    }
}