{
    "video": "edition18_sequence_10.mp4",
    "peak_id": 2,
    "frame_idx": 632,
    "timestamp": 25.28,
    "total_score": 0.727,
    "skeleton_3d": {
        "Pelvis": [
            0.0,
            0.0,
            0.0
        ],
        "R_Hip": [
            0.11009387214498163,
            0.1471595481130554,
            0.06384111721422041
        ],
        "R_Knee": [
            0.4877230107756226,
            0.37822843466638845,
            -0.16255251767226153
        ],
        "R_Ankle": [
            0.8680378152435608,
            0.8315113956946197,
            -0.26036599169730196
        ],
        "L_Hip": [
            -0.11034959058079491,
            -0.1424168722042752,
            -0.054579009358209474
        ],
        "L_Knee": [
            -0.0868879552516349,
            -0.14147473428079888,
            -0.746325768473302
        ],
        "L_Ankle": [
            -0.02307546205527608,
            -0.09506645529046248,
            -1.391048113691366
        ],
        "Spine": [
            -0.04626763419442984,
            -0.06820448878830566,
            0.3322656741092354
        ],
        "Thorax": [
            -0.08160834007337833,
            -0.163529378461508,
            0.6753175767315256
        ],
        "Neck": [
            0.013960679708924943,
            -0.18732232493663514,
            0.9049196319184281
        ],
        "Head": [
            -0.004952917274418678,
            -0.13181554810830767,
            0.9656538708682068
        ],
        "L_Shoulder": [
            -0.13503463967361437,
            -0.24259624541403757,
            0.6314287545023951
        ],
        "L_Elbow": [
            -0.1507673570037975,
            0.07070763611632219,
            0.4319467295023988
        ],
        "L_Wrist": [
            -0.11342412501145778,
            0.16715938248308299,
            0.14606838377518266
        ],
        "R_Shoulder": [
            -0.022599839585051525,
            -0.010189276270746719,
            0.6607098252457748
        ],
        "R_Elbow": [
            -0.3502802819164218,
            0.0834950362072124,
            0.45056984693743807
        ],
        "R_Wrist": [
            -0.40741896467779554,
            0.302165803811921,
            0.38870885443132586
        ]
    }
}