{
    "video": "edition18_sequence_3.mp4",
    "peak_id": 0,
    "frame_idx": 367,
    "timestamp": 14.68,
    "total_score": 0.994,
    "skeleton_3d": {
        "Pelvis": [
            0.0,
            0.0,
            0.0
        ],
        "R_Hip": [
            0.06609086955491493,
            -0.15607661220026764,
            -0.08443179323598789
        ],
        "R_Knee": [
            0.01621841840194369,
            -0.11460975763858049,
            -0.8066704550624906
        ],
        "R_Ankle": [
            0.08622204967933728,
            0.000370035714686242,
            -1.45568311121571
        ],
        "L_Hip": [
            -0.06684587331922362,
            0.14875621843767287,
            0.08714866447421772
        ],
        "L_Knee": [
            -0.6790260343350187,
            -0.04470455186733342,
            0.26621458160586753
        ],
        "L_Ankle": [
            -1.0551646170059148,
            -0.17189570560303258,
            0.6874569178095731
        ],
        "Spine": [
            0.14999236261059526,
            -0.06786388707337773,
            0.3252859082525765
        ],
        "Thorax": [
            0.2756352475762873,
            -0.07166430916351667,
            0.6484579532706943
        ],
        "Neck": [
            0.40382750618919117,
            -0.0809585424546797,
            0.8833306824799648
        ],
        "Head": [
            0.39373493210247495,
            -0.02720455558827465,
            0.9407716418008435
        ],
        "L_Shoulder": [
            0.18946623486335842,
            -0.0004211934163681765,
            0.5844170357728473
        ],
        "L_Elbow": [
            0.5182899373769978,
            0.16537484775694242,
            0.5390802614480202
        ],
        "L_Wrist": [
            0.8835347980210643,
            0.3330829051331961,
            0.5946312620550145
        ],
        "R_Shoulder": [
            0.3391742142745351,
            -0.08133643692016984,
            0.6665550861744315
        ],
        "R_Elbow": [
            0.10004340113450541,
            0.22041300250822213,
            0.5755964872811068
        ],
        "R_Wrist": [
            0.21164042561560167,
            0.3634943141788416,
            0.5351031212697555
        ]
    }
}