{
    "video": "edition18_sequence_3.mp4",
    "peak_id": 18,
    "frame_idx": 2869,
    "timestamp": 114.76,
    "total_score": 1.0,
    "skeleton_3d": {
        "Pelvis": [
            0.0,
            0.0,
            0.0
        ],
        "R_Hip": [
            0.09910711590958048,
            0.1753914073197079,
            0.05622018734806276
        ],
        "R_Knee": [
            0.4519332430360558,
            0.09064037438203149,
            0.47912251045355286
        ],
        "R_Ankle": [
            0.8652151560798278,
            0.1651540868973914,
            0.84878420178672
        ],
        "L_Hip": [
            -0.10357375777739274,
            -0.17670141271210632,
            -0.05384620438119382
        ],
        "L_Knee": [
            -0.10542835875599517,
            -0.10015301304725564,
            -0.7263195810946538
        ],
        "L_Ankle": [
            -0.1692376298996387,
            -0.01733277447536714,
            -1.3286208371977863
        ],
        "Spine": [
            -0.07022053267074775,
            -0.0794542389360011,
            0.3397591451314231
        ],
        "Thorax": [
            -0.14679910358512155,
            -0.19642737146665445,
            0.664413671629385
        ],
        "Neck": [
            -0.18934858411782676,
            -0.25560265385351993,
            0.8927687655657515
        ],
        "Head": [
            -0.19409968780573272,
            -0.13759470394379833,
            0.9390319245849414
        ],
        "L_Shoulder": [
            -0.3583629872131591,
            -0.21592590579909807,
            0.5947924569775331
        ],
        "L_Elbow": [
            -0.612023943005157,
            -0.04516503919297684,
            0.46629860678751045
        ],
        "L_Wrist": [
            -0.9213503312082959,
            -0.10467080030800809,
            0.418710171972304
        ],
        "R_Shoulder": [
            0.08498404256220018,
            -0.1151204699868481,
            0.7389928167783306
        ],
        "R_Elbow": [
            0.15725864673041057,
            -0.09381487513784244,
            1.0817951093033005
        ],
        "R_Wrist": [
            -0.059901037953162,
            -0.14807863789815412,
            1.2712494148182314
        ]
    }
}