{
    "video": "edition18_sequence_1.mp4",
    "peak_id": 5,
    "frame_idx": 1047,
    "timestamp": 41.88,
    "total_score": 0.908,
    "skeleton_3d": {
        "Pelvis": [
            0.0,
            0.0,
            0.0
        ],
        "R_Hip": [
            0.13874349487360127,
            0.14641147931483015,
            0.07234812884534467
        ],
        "R_Knee": [
            0.6245608316440092,
            0.05658446567438128,
            0.12658665928723384
        ],
        "R_Ankle": [
            1.0045410209019452,
            0.32789064289491504,
            0.3658398465116613
        ],
        "L_Hip": [
            -0.13984453911990263,
            -0.145295000404393,
            -0.06369004635744405
        ],
        "L_Knee": [
            -0.07735879771350017,
            -0.06439449487119657,
            -0.7060024737001351
        ],
        "L_Ankle": [
            0.057621517191901776,
            -0.02148579905887129,
            -1.2992089312906898
        ],
        "Spine": [
            -0.043551540977543206,
            -0.1053968202315383,
            0.32537087030038847
        ],
        "Thorax": [
            -0.07526689132824312,
            -0.231875723404428,
            0.6356255501289262
        ],
        "Neck": [
            -0.08421935947084279,
            -0.27957319091007277,
            0.9394506480854478
        ],
        "Head": [
            -0.10061680535416467,
            -0.20084090547899297,
            0.9871835949428107
        ],
        "L_Shoulder": [
            -0.2994075748260899,
            -0.25249969481693685,
            0.6104583878750185
        ],
        "L_Elbow": [
            -0.626634832800079,
            -0.22568186400201076,
            0.6016609349545252
        ],
        "L_Wrist": [
            -0.949292666097587,
            -0.3340453298329084,
            0.6912975176955065
        ],
        "R_Shoulder": [
            0.14784243313959858,
            -0.07595155621927703,
            0.6248375858692561
        ],
        "R_Elbow": [
            0.39620716615270857,
            0.3347182659073837,
            0.565534855527285
        ],
        "R_Wrist": [
            0.6161523526355325,
            0.11493720644715234,
            0.6394130027620123
        ]
    }
}