{
    "video": "edition18_sequence_10.mp4",
    "peak_id": 6,
    "frame_idx": 1052,
    "timestamp": 42.08,
    "total_score": 0.6,
    "skeleton_3d": {
        "Pelvis": [
            0.0,
            0.0,
            0.0
        ],
        "R_Hip": [
            0.11143857040934385,
            0.14196170993264362,
            -0.013098049121360051
        ],
        "R_Knee": [
            0.08128530449659259,
            0.008734751577541375,
            -0.6813888059002848
        ],
        "R_Ankle": [
            0.05364678120536228,
            -0.10554623863087927,
            -1.275645834643429
        ],
        "L_Hip": [
            -0.12517589117303612,
            -0.13805521540059582,
            0.019402760364685502
        ],
        "L_Knee": [
            0.16679461297430676,
            0.10580169831158746,
            0.24743412639331963
        ],
        "L_Ankle": [
            0.495397521551898,
            0.6617818562479799,
            0.5025074765942705
        ],
        "Spine": [
            -0.03452628864060637,
            -0.0008769250930336518,
            0.3287662830343896
        ],
        "Thorax": [
            -0.053588538038813395,
            0.07244216550910029,
            0.6514963461808123
        ],
        "Neck": [
            -0.0157323740881369,
            -0.03131344115094349,
            0.9117437965146165
        ],
        "Head": [
            -0.02728271575799975,
            0.10028643598831542,
            0.9490143572312771
        ],
        "L_Shoulder": [
            -0.2748163013170282,
            -0.0717358789655981,
            0.6514487960394044
        ],
        "L_Elbow": [
            -0.4146095146828106,
            -0.3616136443984923,
            0.9312849473634962
        ],
        "L_Wrist": [
            -0.5128120412580556,
            -0.3755115548271057,
            1.2749552638246293
        ],
        "R_Shoulder": [
            0.1538064156172827,
            0.16242201480128565,
            0.626354755795609
        ],
        "R_Elbow": [
            0.4057802133045688,
            0.43576463591859227,
            0.47140761171028456
        ],
        "R_Wrist": [
            0.48891487146221463,
            0.05644570572148815,
            0.5449120709808065
        ]
    }
}