{
    "video": "edition49_sequence_8.mp4",
    "peak_id": 8,
    "frame_idx": 1297,
    "timestamp": 51.88,
    "total_score": 0.535,
    "skeleton_3d": {
        "Pelvis": [
            0.0,
            0.0,
            0.0
        ],
        "R_Hip": [
            0.09966156641700065,
            0.12975658091818318,
            0.003047076871443403
        ],
        "R_Knee": [
            -0.08647111113744618,
            0.29062751158712397,
            -0.6166703840484333
        ],
        "R_Ankle": [
            -0.1593891160899691,
            0.556187027509339,
            -1.1658283913157885
        ],
        "L_Hip": [
            -0.09788048085765697,
            -0.1111718045063093,
            0.0021854729268573412
        ],
        "L_Knee": [
            -0.08664666016796875,
            -0.43913257517929977,
            -0.22751073681196682
        ],
        "L_Ankle": [
            -0.41491108219602024,
            -0.6708290089631689,
            -0.2548829986442202
        ],
        "Spine": [
            -0.06556853666692229,
            0.029872321294150853,
            0.2979903226831082
        ],
        "Thorax": [
            -0.14828209936915618,
            0.12931497612255638,
            0.6322934599277665
        ],
        "Neck": [
            -0.39001013322284905,
            0.054832780336118735,
            0.7839920246572494
        ],
        "Head": [
            -0.37374781256299955,
            0.2800014410990728,
            0.835182835422972
        ],
        "L_Shoulder": [
            -0.34519465213616646,
            0.1462897284850644,
            0.4711786652912468
        ],
        "L_Elbow": [
            -0.5793514068748622,
            0.32967806663200677,
            0.16880711075227642
        ],
        "L_Wrist": [
            -0.3993583696303966,
            -0.022614992141757034,
            -0.04174362200908495
        ],
        "R_Shoulder": [
            0.08546532668726885,
            0.05953947088002609,
            0.702223551429286
        ],
        "R_Elbow": [
            0.3913207665405924,
            -0.062392185169225046,
            0.8654380014649429
        ],
        "R_Wrist": [
            0.63987449561833,
            -0.14508824528079506,
            1.066769350164285
        ]
    }
}