{
    "video": "edition49_sequence_3.mp4",
    "peak_id": 7,
    "frame_idx": 1070,
    "timestamp": 42.8,
    "total_score": 0.584,
    "skeleton_3d": {
        "Pelvis": [
            0.0,
            0.0,
            0.0
        ],
        "R_Hip": [
            0.12399911074475273,
            -0.09567819392081417,
            0.018330971996969578
        ],
        "R_Knee": [
            0.6239066061415465,
            -0.05510662030194951,
            -0.04449701940625016
        ],
        "R_Ankle": [
            1.071936956316766,
            -0.3032541490121337,
            -0.026772329225152533
        ],
        "L_Hip": [
            -0.11518774796198288,
            0.12160610551163344,
            -0.02159405145934154
        ],
        "L_Knee": [
            -0.14648396288557483,
            -0.15179733317877417,
            -0.6709107586209933
        ],
        "L_Ankle": [
            -0.17621887772164202,
            -0.30383740143664134,
            -1.2231351282615959
        ],
        "Spine": [
            -0.05991955795021725,
            0.1868992476722983,
            0.29999006366829983
        ],
        "Thorax": [
            -0.08363697223447952,
            0.46147490885371506,
            0.618475852128801
        ],
        "Neck": [
            -0.03440102026146373,
            0.3793167345739617,
            0.7672988732364601
        ],
        "Head": [
            -0.04552699900855799,
            0.6341197970942842,
            0.8037717115155638
        ],
        "L_Shoulder": [
            -0.28642434921477616,
            0.33019549279344856,
            0.6051228286633376
        ],
        "L_Elbow": [
            -0.46898164338041326,
            0.03829032380145374,
            0.8390906449344908
        ],
        "L_Wrist": [
            -0.5955473665574381,
            -0.014078232565690647,
            1.150056887114937
        ],
        "R_Shoulder": [
            0.11464737785242952,
            0.3578195124406095,
            0.5914856172143252
        ],
        "R_Elbow": [
            0.2995318846624088,
            -0.018079756410683087,
            0.822827341694131
        ],
        "R_Wrist": [
            0.476475036742459,
            -0.10887339987902002,
            1.0915044213360465
        ]
    }
}