{
    "video": "edition49_sequence_4.mp4",
    "peak_id": 9,
    "frame_idx": 1580,
    "timestamp": 63.2,
    "total_score": 0.876,
    "skeleton_3d": {
        "Pelvis": [
            0.0,
            0.0,
            0.0
        ],
        "R_Hip": [
            0.08054456482658114,
            0.007477497277519523,
            -0.049651091307509596
        ],
        "R_Knee": [
            0.075744796535262,
            -0.08752189474668193,
            -0.7368229852152206
        ],
        "R_Ankle": [
            0.18155905816699236,
            0.1141572105784776,
            -1.28333026824426
        ],
        "L_Hip": [
            -0.08964600732879693,
            0.06905227211023299,
            0.05236502975919915
        ],
        "L_Knee": [
            -0.63586827221897,
            0.068450538188167,
            0.10901904369639799
        ],
        "L_Ankle": [
            -1.1426467800842193,
            -0.009785728518015279,
            0.17823292509044336
        ],
        "Spine": [
            0.17998700317275956,
            -0.1127663829729682,
            0.26914525365333714
        ],
        "Thorax": [
            0.34858304868646134,
            -0.022844991641090877,
            0.5809792840897651
        ],
        "Neck": [
            0.4562305536273534,
            -0.12606968743273797,
            0.8144405493675104
        ],
        "Head": [
            0.42932631199030025,
            0.13032751586510624,
            0.8456973762555474
        ],
        "L_Shoulder": [
            0.1735225769444459,
            -0.05761827809096129,
            0.5587277984277889
        ],
        "L_Elbow": [
            -0.02874016357207761,
            0.3323269381990174,
            0.4086529725383474
        ],
        "L_Wrist": [
            -0.23979640407900918,
            0.4925903102628798,
            0.3849110596613136
        ],
        "R_Shoulder": [
            0.5228766034349556,
            -0.13535195947399717,
            0.5179186281605358
        ],
        "R_Elbow": [
            0.8868973720981186,
            -0.43106343344487524,
            0.548985584718525
        ],
        "R_Wrist": [
            1.2249264839764527,
            -0.5570454156016019,
            0.68116321134733
        ]
    }
}