{
    "video": "edition49_sequence_3.mp4",
    "peak_id": 5,
    "frame_idx": 879,
    "timestamp": 35.16,
    "total_score": 0.788,
    "skeleton_3d": {
        "Pelvis": [
            0.0,
            0.0,
            0.0
        ],
        "R_Hip": [
            0.09536708969080206,
            0.03575249983062753,
            -0.04988968448254905
        ],
        "R_Knee": [
            0.027762619077528312,
            -0.18566753804936426,
            -0.6528199514229152
        ],
        "R_Ankle": [
            0.024506747169182014,
            -0.21795863099048987,
            -1.237955935423735
        ],
        "L_Hip": [
            -0.09831525651439506,
            0.03144626682268282,
            0.055983399302635566
        ],
        "L_Knee": [
            -0.6416287407570886,
            0.15319392363414755,
            0.15264646240422705
        ],
        "L_Ankle": [
            -1.1226676845575054,
            0.06638622039274127,
            0.34897703396043483
        ],
        "Spine": [
            0.11131718984508017,
            -0.08896309481428272,
            0.2705351605621011
        ],
        "Thorax": [
            0.20602827929933704,
            -0.014012225162150671,
            0.5743184844408146
        ],
        "Neck": [
            0.3264423007159856,
            -0.09562175551857455,
            0.7943590469480007
        ],
        "Head": [
            0.29749153133734474,
            0.15478045446293268,
            0.8224630714753881
        ],
        "L_Shoulder": [
            0.00021810074117023179,
            -0.05809365712018729,
            0.5305950590024007
        ],
        "L_Elbow": [
            -0.35761294398898574,
            0.09920908287663316,
            0.4634598685127247
        ],
        "L_Wrist": [
            -0.6904004908851128,
            0.055938588023413484,
            0.48270854447324046
        ],
        "R_Shoulder": [
            0.41432591322622153,
            -0.060828570497108124,
            0.5464819344919962
        ],
        "R_Elbow": [
            0.623862422945163,
            -0.3568829870830624,
            0.8013686970919219
        ],
        "R_Wrist": [
            0.772882706070486,
            -0.25630400637387185,
            1.0964949049135753
        ]
    }
}