{
    "video": "edition49_sequence_8.mp4",
    "peak_id": 11,
    "frame_idx": 1979,
    "timestamp": 79.16,
    "total_score": 0.824,
    "skeleton_3d": {
        "Pelvis": [
            0.0,
            0.0,
            0.0
        ],
        "R_Hip": [
            0.09483752898348162,
            0.014639931706258333,
            0.03711697713190108
        ],
        "R_Knee": [
            0.5775348162022677,
            -0.13126605297965813,
            -0.026814491870894727
        ],
        "R_Ankle": [
            0.9919016548025901,
            -0.4672629082493985,
            0.09265517032295117
        ],
        "L_Hip": [
            -0.08914979576816719,
            0.007834222857663086,
            -0.03609294209743152
        ],
        "L_Knee": [
            0.06816739409167545,
            -0.3407854250291015,
            -0.5711002294816051
        ],
        "L_Ankle": [
            0.14936412528974297,
            -0.4493668612672465,
            -1.057003662252754
        ],
        "Spine": [
            -0.05224784663837903,
            0.15922990432385123,
            0.27680648633984306
        ],
        "Thorax": [
            -0.06243819624171436,
            0.413872290324734,
            0.5850917520701886
        ],
        "Neck": [
            0.09133544852220413,
            0.3365792832602306,
            0.7199997573120486
        ],
        "Head": [
            0.07794427602606997,
            0.5522940449353775,
            0.7643019526416089
        ],
        "L_Shoulder": [
            -0.24665889293991805,
            0.22981077712818104,
            0.6004760000233315
        ],
        "L_Elbow": [
            -0.36613456018557994,
            -0.12369628813740308,
            0.8898694719976762
        ],
        "L_Wrist": [
            -0.4446886777599654,
            -0.061070992347372816,
            1.159295203741885
        ],
        "R_Shoulder": [
            0.11159499208634795,
            0.38662022372771165,
            0.5104722834055063
        ],
        "R_Elbow": [
            0.4326232879484876,
            0.3225820782052593,
            0.43049799589090665
        ],
        "R_Wrist": [
            0.7037211040380174,
            0.17469120056579,
            0.4606599319352516
        ]
    }
}