{
    "video": "edition49_sequence_10.mp4",
    "peak_id": 4,
    "frame_idx": 1528,
    "timestamp": 61.12,
    "total_score": 0.482,
    "skeleton_3d": {
        "Pelvis": [
            0.0,
            0.0,
            0.0
        ],
        "R_Hip": [
            -0.09094520541780265,
            -0.19588713802254984,
            -0.013688353121086029
        ],
        "R_Knee": [
            -0.5933793041971975,
            0.2417699574557369,
            -0.3336722329693923
        ],
        "R_Ankle": [
            -0.7737050759788968,
            -0.1521130621226566,
            -0.6209852528598659
        ],
        "L_Hip": [
            0.10103209061603671,
            0.19354760904419935,
            0.016517798472219774
        ],
        "L_Knee": [
            0.30331484066958136,
            0.4583382658092879,
            -0.613805887625555
        ],
        "L_Ankle": [
            0.7677913310783925,
            0.6592557610966917,
            -1.1453069910042921
        ],
        "Spine": [
            -0.18227180519758332,
            0.05376219537647077,
            0.3732707143120189
        ],
        "Thorax": [
            -0.35837228974129565,
            0.12375470066496497,
            0.7785786036293896
        ],
        "Neck": [
            -0.48563162442560637,
            0.16827773881677027,
            1.0012156154286542
        ],
        "Head": [
            -0.49244435730455915,
            0.1155953933368903,
            1.070676117438249
        ],
        "L_Shoulder": [
            -0.2496193598431925,
            0.3060914829912749,
            0.745729044417759
        ],
        "L_Elbow": [
            -0.3683285888924927,
            0.7472400907052453,
            0.5008680078244262
        ],
        "L_Wrist": [
            -0.5647342074668902,
            1.1244616282803193,
            0.3594466722280273
        ],
        "R_Shoulder": [
            -0.43781365779705483,
            -0.1313401729538175,
            0.7403598049400322
        ],
        "R_Elbow": [
            -0.43737257146921404,
            -0.47452685330918576,
            0.6881277188867568
        ],
        "R_Wrist": [
            -0.5162673443366496,
            -0.4849728622865713,
            0.571754604722095
        ]
    }
}