{
    "video": "edition49_sequence_4.mp4",
    "peak_id": 5,
    "frame_idx": 948,
    "timestamp": 37.92,
    "total_score": 0.415,
    "skeleton_3d": {
        "Pelvis": [
            0.0,
            0.0,
            0.0
        ],
        "R_Hip": [
            0.12364665341655874,
            0.10861758425376261,
            0.05925777055739545
        ],
        "R_Knee": [
            0.6095966516440574,
            -0.36725874060367497,
            0.155062951629254
        ],
        "R_Ankle": [
            0.7041546830492074,
            -0.6763577644465665,
            -0.3712142200481485
        ],
        "L_Hip": [
            -0.1217378813143956,
            -0.12847608628127405,
            -0.052731845845168095
        ],
        "L_Knee": [
            0.010021742356486183,
            -0.43053996898796304,
            -0.6978208226323818
        ],
        "L_Ankle": [
            0.1669148938262745,
            -0.1700085950831784,
            -1.2823475541416605
        ],
        "Spine": [
            -0.11203613593739807,
            0.09799651369101885,
            0.35305973061083096
        ],
        "Thorax": [
            -0.18291601581006073,
            0.25689124566905164,
            0.7228361571406808
        ],
        "Neck": [
            -0.1383274728773317,
            0.1143667798516483,
            0.9543575407450637
        ],
        "Head": [
            -0.14288847990923004,
            0.3694567505770039,
            1.0052630002291496
        ],
        "L_Shoulder": [
            -0.41025892297406075,
            0.13792897497546816,
            0.6800917561166807
        ],
        "L_Elbow": [
            -0.6856152026087718,
            -0.150262878830826,
            0.8982861300382202
        ],
        "L_Wrist": [
            -0.35088109954950514,
            0.04558094805020924,
            0.9642803553727974
        ],
        "R_Shoulder": [
            0.04894134397403453,
            0.2543897933864395,
            0.6978714513082431
        ],
        "R_Elbow": [
            0.3686122713658558,
            0.23627926161208174,
            0.8222960386798768
        ],
        "R_Wrist": [
            0.04327738768738735,
            0.2810257020935266,
            0.9056042565563099
        ]
    }
}