{
    "video": "edition49_sequence_3.mp4",
    "peak_id": 3,
    "frame_idx": 688,
    "timestamp": 27.52,
    "total_score": 0.78,
    "skeleton_3d": {
        "Pelvis": [
            0.0,
            0.0,
            0.0
        ],
        "R_Hip": [
            0.07500549126280341,
            -0.16034259455488006,
            0.03093731732201243
        ],
        "R_Knee": [
            -0.3332271789435701,
            -0.29198639296152656,
            0.04849278869427344
        ],
        "R_Ankle": [
            -0.6013445161223909,
            -0.3906601859862252,
            0.16896641137652457
        ],
        "L_Hip": [
            -0.07550142453577674,
            0.16321128562569767,
            -0.028759237959258274
        ],
        "L_Knee": [
            0.16101961772629228,
            0.07812285255433872,
            -0.6626847891117927
        ],
        "L_Ankle": [
            0.7636386057208779,
            0.0012339884131061917,
            -0.7456893204384151
        ],
        "Spine": [
            -0.00042191726875271464,
            0.1308064667388474,
            0.3471094454030646
        ],
        "Thorax": [
            0.022492227503266904,
            0.2510777470513371,
            0.7233957135557045
        ],
        "Neck": [
            0.02366100924722568,
            0.15751270026603917,
            0.9145282773805006
        ],
        "Head": [
            0.028931809355054225,
            0.3642726489386272,
            0.9616578157631246
        ],
        "L_Shoulder": [
            -0.15790076471540013,
            0.23221200254231758,
            0.7415382097112991
        ],
        "L_Elbow": [
            -0.3088280132083757,
            -0.0384928486872585,
            1.0482611230577623
        ],
        "L_Wrist": [
            -0.28605715276107513,
            -0.2860978096627356,
            1.4257616386881586
        ],
        "R_Shoulder": [
            0.19969748490891925,
            0.06418008389032331,
            0.6540313190835004
        ],
        "R_Elbow": [
            0.39915155987064227,
            -0.38386787440988235,
            0.6759202412266881
        ],
        "R_Wrist": [
            0.613506510077936,
            -0.48963896616687386,
            0.7719348844550808
        ]
    }
}