{
    "video": "edition49_sequence_7.mp4",
    "peak_id": 8,
    "frame_idx": 1348,
    "timestamp": 53.92,
    "total_score": 0.606,
    "skeleton_3d": {
        "Pelvis": [
            0.0,
            0.0,
            0.0
        ],
        "R_Hip": [
            -0.12224973695454903,
            -0.11680087488554637,
            -0.012277858646212447
        ],
        "R_Knee": [
            -0.3339121282151396,
            0.5032248187869034,
            -0.17996133010105841
        ],
        "R_Ankle": [
            -0.07049692612414149,
            0.37663916456961166,
            0.09660813944457884
        ],
        "L_Hip": [
            0.1280212472049279,
            0.1357075638138482,
            0.007660182531605444
        ],
        "L_Knee": [
            -0.011634929271833315,
            0.2630741031978655,
            -0.6628499020031027
        ],
        "L_Ankle": [
            -0.023868788852668212,
            0.08651555358828432,
            -1.222711227651208
        ],
        "Spine": [
            -0.02334260127234725,
            -0.2095100386346961,
            0.33288678441066233
        ],
        "Thorax": [
            -0.02910539960974534,
            -0.5044676098124977,
            0.676327056913478
        ],
        "Neck": [
            0.11453942644453351,
            -0.546475414026992,
            0.8211154814781307
        ],
        "Head": [
            0.10521659285071679,
            -0.7718862175640242,
            0.8636454886902017
        ],
        "L_Shoulder": [
            0.12671187144216678,
            -0.5518551523920083,
            0.6645938930546779
        ],
        "L_Elbow": [
            0.2773500356798829,
            -0.32174481432322527,
            1.026194238724623
        ],
        "L_Wrist": [
            0.25905065166318103,
            0.07806143879082586,
            1.2467362875853378
        ],
        "R_Shoulder": [
            -0.1944532874510531,
            -0.38321235026999206,
            0.6452330879772259
        ],
        "R_Elbow": [
            -0.2301673917106118,
            0.060696673717119176,
            0.8864122845234604
        ],
        "R_Wrist": [
            -0.11676135473709419,
            0.13319956973094405,
            1.182310868586876
        ]
    }
}