{
    "video": "edition49_sequence_7.mp4",
    "peak_id": 6,
    "frame_idx": 1102,
    "timestamp": 44.08,
    "total_score": 0.507,
    "skeleton_3d": {
        "Pelvis": [
            0.0,
            0.0,
            0.0
        ],
        "R_Hip": [
            0.0801661164925454,
            -0.21095500336428438,
            0.0030121193051913975
        ],
        "R_Knee": [
            0.06918490114842425,
            -0.5263707888288071,
            -0.5788012663832058
        ],
        "R_Ankle": [
            -0.0319949026380061,
            -0.96705603975684,
            -1.12215437514284
        ],
        "L_Hip": [
            -0.07677795189692756,
            0.20295934301396595,
            -0.0045875469981850325
        ],
        "L_Knee": [
            0.06926117740713104,
            0.7522740195719751,
            -0.4642967379848012
        ],
        "L_Ankle": [
            0.5909729617165463,
            0.5932490392869659,
            -0.22113948674441194
        ],
        "Spine": [
            -0.010515987677777889,
            0.0956514016944002,
            0.32255191372243774
        ],
        "Thorax": [
            0.01939944596349144,
            0.2955317279866646,
            0.6863137794443572
        ],
        "Neck": [
            0.040153086480932666,
            0.16572719075961093,
            0.8361788025581381
        ],
        "Head": [
            0.02960364839336811,
            0.461117351316892,
            0.875082621132962
        ],
        "L_Shoulder": [
            -0.15509877097809055,
            0.2754808795749377,
            0.7112342207328102
        ],
        "L_Elbow": [
            -0.2372043136103056,
            -0.028509822205335027,
            1.0396795865404849
        ],
        "L_Wrist": [
            -0.3021687085457273,
            -0.06281666049076585,
            1.326615857480588
        ],
        "R_Shoulder": [
            0.18806293748158823,
            0.06770882248267636,
            0.5836874117593676
        ],
        "R_Elbow": [
            0.43969280879904304,
            0.09178048535845806,
            0.2547122570717306
        ],
        "R_Wrist": [
            0.7045386258130816,
            -0.1555790248700214,
            -0.012083869078111476
        ]
    }
}