{
    "video": "edition49_sequence_10.mp4",
    "peak_id": 3,
    "frame_idx": 1232,
    "timestamp": 49.28,
    "total_score": 0.52,
    "skeleton_3d": {
        "Pelvis": [
            0.0,
            0.0,
            0.0
        ],
        "R_Hip": [
            0.07599170934874909,
            -0.1501464945181026,
            -0.022724961646507766
        ],
        "R_Knee": [
            0.09189112876799566,
            -0.17881152295949146,
            -0.6797460565061193
        ],
        "R_Ankle": [
            0.19141373824561347,
            -0.11988362045894069,
            -1.2488466274485
        ],
        "L_Hip": [
            -0.07042242089699068,
            0.15600981764036637,
            0.024297200056099262
        ],
        "L_Knee": [
            -0.6490549275492962,
            0.3095393608517457,
            -0.2590336314453591
        ],
        "L_Ankle": [
            -1.169931110195314,
            0.3406798047186412,
            -0.4475605239921555
        ],
        "Spine": [
            -0.011234789070025633,
            -0.09839165692956682,
            0.29748846057282124
        ],
        "Thorax": [
            -0.015867915472549787,
            -0.0494629404883307,
            0.6371216827129351
        ],
        "Neck": [
            0.003001336374324252,
            -0.10175250881148978,
            0.8296415328257051
        ],
        "Head": [
            -0.02673615833951626,
            0.09254015651630623,
            0.8534603159188011
        ],
        "L_Shoulder": [
            -0.15813338404914332,
            0.003077983216031634,
            0.559481355057639
        ],
        "L_Elbow": [
            -0.4259364514336621,
            0.36125472228500005,
            0.4227013944747317
        ],
        "L_Wrist": [
            -0.6741580465997745,
            0.42637394363473125,
            0.37732412237814006
        ],
        "R_Shoulder": [
            0.13354329261747527,
            -0.17288320092168608,
            0.642080880404166
        ],
        "R_Elbow": [
            0.2777215147349321,
            -0.33452453863592646,
            0.8859263582966987
        ],
        "R_Wrist": [
            0.4048870664686263,
            -0.11131064936104039,
            1.1388491822419902
        ]
    }
}