{
    "video": "edition49_sequence_8.mp4",
    "peak_id": 1,
    "frame_idx": 473,
    "timestamp": 18.92,
    "total_score": 0.854,
    "skeleton_3d": {
        "Pelvis": [
            0.0,
            0.0,
            0.0
        ],
        "R_Hip": [
            0.12187998613553708,
            0.03757262785376529,
            0.02873686471566727
        ],
        "R_Knee": [
            0.8023527242336761,
            -0.004120922685609063,
            0.04398261189078974
        ],
        "R_Ankle": [
            1.2129720920957856,
            -0.2751430551227532,
            0.2586956927919338
        ],
        "L_Hip": [
            -0.11883843443453904,
            -0.011861552858016624,
            -0.03121003887265764
        ],
        "L_Knee": [
            0.03019220089193669,
            -0.19349833599865054,
            -0.7183361433838842
        ],
        "L_Ankle": [
            0.10731475989663798,
            -0.041997455972375704,
            -1.2973525261934762
        ],
        "Spine": [
            -0.056194600628860406,
            0.08886903290300097,
            0.3372726871386311
        ],
        "Thorax": [
            -0.0569172303299546,
            0.2825321028590815,
            0.702342019407157
        ],
        "Neck": [
            0.12268682638316152,
            0.15587472022669216,
            0.8571199285151639
        ],
        "Head": [
            0.1084588892559143,
            0.45232874890532526,
            0.9132767918695034
        ],
        "L_Shoulder": [
            -0.27971490777462904,
            0.14404785559850972,
            0.7014213528133644
        ],
        "L_Elbow": [
            -0.6065871629492741,
            -0.011950590549441873,
            0.8223714684824553
        ],
        "L_Wrist": [
            -0.8790602290843372,
            -0.049816219115123336,
            0.9150405834774659
        ],
        "R_Shoulder": [
            0.13515508501397341,
            0.24493044230383187,
            0.6306207509741155
        ],
        "R_Elbow": [
            0.2771360357295649,
            0.1249514678806871,
            0.7807814724216992
        ],
        "R_Wrist": [
            0.41851106715654746,
            0.2327071407632586,
            1.0125910191217014
        ]
    }
}