{
    "video": "edition24_sequence_12.mp4",
    "peak_id": 4,
    "frame_idx": 892,
    "timestamp": 35.68,
    "total_score": 0.723,
    "skeleton_3d": {
        "Pelvis": [
            0.0,
            0.0,
            0.0
        ],
        "R_Hip": [
            0.0763846742769758,
            -0.1340538481661334,
            -0.07037150063976973
        ],
        "R_Knee": [
            0.09508900355921668,
            -0.09299720695158971,
            -0.752078635164378
        ],
        "R_Ankle": [
            -0.17030419917692938,
            -0.15239306092027133,
            -1.365260053244868
        ],
        "L_Hip": [
            -0.07505957984877518,
            0.1366969629341043,
            0.0717436753238364
        ],
        "L_Knee": [
            -0.7259286647791124,
            -0.026024049130312813,
            -0.11503970499900953
        ],
        "L_Ankle": [
            -1.3777052319192518,
            0.01486712362699859,
            -0.15021326350316275
        ],
        "Spine": [
            0.15940548144545497,
            -0.038260235628542215,
            0.32029533063276755
        ],
        "Thorax": [
            0.2982122380919203,
            -0.05340820162946497,
            0.6242015719672634
        ],
        "Neck": [
            0.4185945668628955,
            -0.0864845445474291,
            0.8894877702555695
        ],
        "Head": [
            0.39326734556809706,
            -0.0002797460186922576,
            0.940882114294778
        ],
        "L_Shoulder": [
            0.10248256717957835,
            0.0027125810936311215,
            0.6156697960243783
        ],
        "L_Elbow": [
            -0.16271855066440966,
            0.2990189677035772,
            0.6043780198243277
        ],
        "L_Wrist": [
            -0.4157506699016603,
            -0.06875358289779587,
            0.7585195430623459
        ],
        "R_Shoulder": [
            0.4936190598001174,
            0.009278603513395992,
            0.5944884725517752
        ],
        "R_Elbow": [
            0.8120729159023294,
            0.13075098604872146,
            0.7176387404366714
        ],
        "R_Wrist": [
            1.1132265287752185,
            0.13847831480126682,
            0.8682542771528587
        ]
    }
}