{
    "video": "edition24_sequence_10.mp4",
    "peak_id": 1,
    "frame_idx": 602,
    "timestamp": 24.08,
    "total_score": 0.9,
    "skeleton_3d": {
        "Pelvis": [
            0.0,
            0.0,
            0.0
        ],
        "R_Hip": [
            0.04888760350464579,
            -0.14993200337389662,
            -0.09262593328153929
        ],
        "R_Knee": [
            -0.0838058848595359,
            -0.13739645407104809,
            -0.7667815094640252
        ],
        "R_Ankle": [
            -0.13060535167718418,
            -0.0830077648100072,
            -1.4174776193244487
        ],
        "L_Hip": [
            -0.04751278612192567,
            0.14001626137811898,
            0.09716362246657458
        ],
        "L_Knee": [
            -0.46698576143629256,
            -0.030647583853690392,
            0.40128109870591977
        ],
        "L_Ankle": [
            -0.802387212576646,
            -0.16424061996925182,
            0.8781289908193819
        ],
        "Spine": [
            0.12720877477015943,
            -0.08220320957295366,
            0.2914074516897569
        ],
        "Thorax": [
            0.24595412157134236,
            -0.04732674713719712,
            0.5784472860743232
        ],
        "Neck": [
            0.19239295169370005,
            -0.0946115904238517,
            0.7983405053336082
        ],
        "Head": [
            0.2155728368838453,
            -0.041585726883904675,
            0.8197605725310441
        ],
        "L_Shoulder": [
            0.1409745097994589,
            0.08108911854936217,
            0.5944244259309438
        ],
        "L_Elbow": [
            -0.017440408401880967,
            0.41459055607355877,
            0.5286334728890703
        ],
        "L_Wrist": [
            -0.27697851995383554,
            0.09084860635221409,
            0.5309172654095644
        ],
        "R_Shoulder": [
            0.3340653624801179,
            -0.19051455638771553,
            0.5361068096915331
        ],
        "R_Elbow": [
            0.1115360160168715,
            -0.5329507585346758,
            0.7669787071292538
        ],
        "R_Wrist": [
            -0.015098165105764533,
            -0.4128685129582796,
            1.0475343812319282
        ]
    }
}