{
    "video": "edition24_sequence_3.mp4",
    "peak_id": 0,
    "frame_idx": 704,
    "timestamp": 28.16,
    "total_score": 1.0,
    "skeleton_3d": {
        "Pelvis": [
            0.0,
            0.0,
            0.0
        ],
        "R_Hip": [
            0.1105606812429389,
            -0.12937579401787933,
            -0.07151206497368809
        ],
        "R_Knee": [
            0.1303129671398159,
            -0.06676651628063733,
            -0.7272833613249142
        ],
        "R_Ankle": [
            0.2752011163896805,
            0.013025208254426289,
            -1.2792093860041325
        ],
        "L_Hip": [
            -0.10302713920752975,
            0.12029533615885708,
            0.07200561362844865
        ],
        "L_Knee": [
            -0.5427939959386204,
            -0.11024267782664997,
            0.2565974059339903
        ],
        "L_Ankle": [
            -0.9618630133826416,
            -0.1505521638552111,
            0.47657284811317824
        ],
        "Spine": [
            0.16156581492940922,
            0.025389806600067677,
            0.298071730102532
        ],
        "Thorax": [
            0.292770166886159,
            0.1515197433731657,
            0.5660684453964029
        ],
        "Neck": [
            0.37613408847062174,
            0.08390546051874881,
            0.8735926585492033
        ],
        "Head": [
            0.35256724232636244,
            0.1284144949142156,
            0.9230610820852831
        ],
        "L_Shoulder": [
            0.09385622168210048,
            0.19416083320721234,
            0.5568671789177692
        ],
        "L_Elbow": [
            -0.2939014073626974,
            0.06888122878690295,
            0.5400528248719103
        ],
        "L_Wrist": [
            -0.6681209906801796,
            -0.16274941772184426,
            0.5336862208304469
        ],
        "R_Shoulder": [
            0.4791585406309803,
            0.0727760813226787,
            0.5400912222015585
        ],
        "R_Elbow": [
            0.7920752808868139,
            -0.08282440591372371,
            0.7720290664950963
        ],
        "R_Wrist": [
            1.0446003742861023,
            -0.08378833462174498,
            1.0256258640858567
        ]
    }
}