{
    "video": "edition24_sequence_3.mp4",
    "peak_id": 2,
    "frame_idx": 973,
    "timestamp": 38.92,
    "total_score": 0.537,
    "skeleton_3d": {
        "Pelvis": [
            0.0,
            0.0,
            0.0
        ],
        "R_Hip": [
            0.1212041260005917,
            0.13065341587667456,
            0.03762945240889416
        ],
        "R_Knee": [
            0.5178914041767352,
            0.11424136579673705,
            0.11363902856865635
        ],
        "R_Ankle": [
            0.7762885777525661,
            0.23077669544260845,
            -0.4382381401306455
        ],
        "L_Hip": [
            -0.12267088312974235,
            -0.12787876928677647,
            -0.03401356204278346
        ],
        "L_Knee": [
            -0.26780269272978136,
            -0.19958236896390172,
            -0.6637902155856416
        ],
        "L_Ankle": [
            -0.014909628398133099,
            -0.1800402743137819,
            -1.186694854129833
        ],
        "Spine": [
            0.02264068693698467,
            -0.0397865491974586,
            0.3079814958236325
        ],
        "Thorax": [
            0.06438488830850449,
            -0.13717857258129545,
            0.5883959649646087
        ],
        "Neck": [
            0.2357393134299685,
            -0.11415697058921319,
            0.8169371266689862
        ],
        "Head": [
            0.23781200348633239,
            -0.027694017095288515,
            0.8732704839911148
        ],
        "L_Shoulder": [
            -0.12110273189492532,
            -0.18199994186568222,
            0.6368619325847827
        ],
        "L_Elbow": [
            -0.41824734371762323,
            -0.24622096079609276,
            0.7579245125060615
        ],
        "L_Wrist": [
            -0.6337660817303895,
            -0.34146904857216437,
            0.9055948972183366
        ],
        "R_Shoulder": [
            0.22257117172607643,
            0.06680091577097888,
            0.5019144221671559
        ],
        "R_Elbow": [
            0.3618246471016635,
            0.2804008700224621,
            0.4949784107379377
        ],
        "R_Wrist": [
            0.5526501979140869,
            0.33137161087809125,
            0.5258431545121836
        ]
    }
}