{
    "video": "edition24_sequence_2.mp4",
    "peak_id": 4,
    "frame_idx": 705,
    "timestamp": 28.2,
    "total_score": 1.0,
    "skeleton_3d": {
        "Pelvis": [
            0.0,
            0.0,
            0.0
        ],
        "R_Hip": [
            0.10639632966707281,
            -0.13383594558469467,
            -0.050762284921987796
        ],
        "R_Knee": [
            0.04856997835002873,
            -0.20513938202645932,
            -0.674128783687523
        ],
        "R_Ankle": [
            0.1271063172490892,
            -0.3390879945749242,
            -1.2420589051919237
        ],
        "L_Hip": [
            -0.10197845389632224,
            0.12548423887878746,
            0.05544552555557934
        ],
        "L_Knee": [
            -0.5296462817354738,
            -0.15330270139299448,
            0.25803873711914393
        ],
        "L_Ankle": [
            -0.892950326297022,
            -0.17744856680817567,
            0.49477830075850904
        ],
        "Spine": [
            0.10636378175074386,
            0.0571037468360426,
            0.31150640141578395
        ],
        "Thorax": [
            0.1802527191744103,
            0.2225449270369028,
            0.6075576741967298
        ],
        "Neck": [
            0.1808981742301125,
            0.11733941227522054,
            0.8871656881891316
        ],
        "Head": [
            0.13075041169323587,
            0.20889971698689366,
            0.9150060065505353
        ],
        "L_Shoulder": [
            0.014430475881015998,
            0.23800121350275666,
            0.5470353026390766
        ],
        "L_Elbow": [
            0.03874661481993686,
            0.5116981856876207,
            0.2808168467495854
        ],
        "L_Wrist": [
            0.16266387950824168,
            0.48623510881450666,
            0.30917736000384966
        ],
        "R_Shoulder": [
            0.3365197538516817,
            0.13056615932543603,
            0.641059185867861
        ],
        "R_Elbow": [
            0.4762190414649112,
            -0.021751179630277496,
            0.9779073920785268
        ],
        "R_Wrist": [
            0.4248649476576132,
            0.01635851735092135,
            1.301673765940665
        ]
    }
}