{
    "video": "edition24_sequence_2.mp4",
    "peak_id": 5,
    "frame_idx": 849,
    "timestamp": 33.96,
    "total_score": 0.9,
    "skeleton_3d": {
        "Pelvis": [
            0.0,
            0.0,
            0.0
        ],
        "R_Hip": [
            0.09493579164144077,
            -0.14702862902425604,
            -0.05776844330805988
        ],
        "R_Knee": [
            0.060596147302319894,
            -0.14744050683655768,
            -0.681937691600535
        ],
        "R_Ankle": [
            0.1549743086461,
            -0.2124150679474547,
            -1.2475094234568356
        ],
        "L_Hip": [
            -0.09102303104357852,
            0.13655623468956835,
            0.061590070186468754
        ],
        "L_Knee": [
            -0.4999278943155508,
            -0.1615725871967506,
            0.27618632947344324
        ],
        "L_Ankle": [
            -0.8547687345179759,
            -0.2467878251814252,
            0.5438234855595964
        ],
        "Spine": [
            0.11151894093871904,
            0.03389951728941513,
            0.31191309177490345
        ],
        "Thorax": [
            0.19371899719444763,
            0.22962722645041503,
            0.6073658228416753
        ],
        "Neck": [
            0.1699836484363882,
            0.13025848085349503,
            0.9140825129593845
        ],
        "Head": [
            0.13543088227306688,
            0.20299129388182502,
            0.9341312165209106
        ],
        "L_Shoulder": [
            0.04085013762515017,
            0.2969966367636927,
            0.544180158537057
        ],
        "L_Elbow": [
            -0.000652712221034799,
            0.5906360419556349,
            0.338381794575807
        ],
        "L_Wrist": [
            -0.2102412524999023,
            0.545734413353715,
            0.13891789237809582
        ],
        "R_Shoulder": [
            0.3431603433764316,
            0.09297130286437304,
            0.6361687381516928
        ],
        "R_Elbow": [
            0.47244795100817577,
            -0.10498563742089338,
            0.9771515352514956
        ],
        "R_Wrist": [
            0.43758980004642273,
            -0.05402526390080779,
            1.3010826423817208
        ]
    }
}