{
    "video": "edition24_sequence_0.mp4",
    "peak_id": 6,
    "frame_idx": 1975,
    "timestamp": 79.0,
    "total_score": 1.0,
    "skeleton_3d": {
        "Pelvis": [
            0.0,
            0.0,
            0.0
        ],
        "R_Hip": [
            0.1122086427023526,
            0.17267193139789896,
            0.043582394955485104
        ],
        "R_Knee": [
            0.47817381505933554,
            0.10692863393637692,
            0.34629583961012417
        ],
        "R_Ankle": [
            0.8702118046676083,
            0.31086654393571006,
            0.6937905574789793
        ],
        "L_Hip": [
            -0.11523625384988542,
            -0.1733796680332418,
            -0.038098035906980444
        ],
        "L_Knee": [
            -0.045873297303544114,
            -0.12550200522990299,
            -0.7328140738855431
        ],
        "L_Ankle": [
            0.012241012015971093,
            -0.07654944568887641,
            -1.3449425821386294
        ],
        "Spine": [
            -0.04714300085145014,
            -0.06898476964341803,
            0.3504113484313382
        ],
        "Thorax": [
            -0.09849254616093696,
            -0.19694773280893504,
            0.6898685211996644
        ],
        "Neck": [
            -0.09955876833674535,
            -0.25148792449349755,
            0.9577441109705563
        ],
        "Head": [
            -0.09825213791331186,
            -0.1619621267957762,
            1.0156948960731855
        ],
        "L_Shoulder": [
            -0.2943127458923313,
            -0.22141008456328748,
            0.6257566303400357
        ],
        "L_Elbow": [
            -0.5407410376646471,
            -0.021225082335881662,
            0.5778083640196404
        ],
        "L_Wrist": [
            -0.7154983395553138,
            -0.10708415799676022,
            0.56253019920163
        ],
        "R_Shoulder": [
            0.1135931914871432,
            -0.06012901267207771,
            0.7427985600496203
        ],
        "R_Elbow": [
            0.3028978718025918,
            0.033706231746644645,
            1.014833751301606
        ],
        "R_Wrist": [
            0.24701394467425195,
            -0.05047698472721945,
            1.3678812358284889
        ]
    }
}