{
    "video": "edition24_sequence_5.mp4",
    "peak_id": 15,
    "frame_idx": 2876,
    "timestamp": 115.04,
    "total_score": 0.972,
    "skeleton_3d": {
        "Pelvis": [
            0.0,
            0.0,
            0.0
        ],
        "R_Hip": [
            0.07499235712575744,
            -0.14943474521806027,
            -0.057469793297668534
        ],
        "R_Knee": [
            0.16937388646504253,
            -0.145668335569967,
            -0.6498622627151588
        ],
        "R_Ankle": [
            0.3227091174835575,
            -0.3822311562033897,
            -1.1862219693156828
        ],
        "L_Hip": [
            -0.07416636672732159,
            0.1391755231383026,
            0.05737728720709121
        ],
        "L_Knee": [
            -0.5130791536248512,
            -0.01247631006625524,
            0.4188979007956514
        ],
        "L_Ankle": [
            -0.9587946469841704,
            -0.12689829222839566,
            0.754153706137337
        ],
        "Spine": [
            0.10392143279295842,
            0.019622787514904174,
            0.29273178823161594
        ],
        "Thorax": [
            0.17853014919821067,
            0.21761669161884323,
            0.5630343651691312
        ],
        "Neck": [
            0.23723478070051718,
            0.18612909332012909,
            0.7874104147528952
        ],
        "Head": [
            0.2247486832330701,
            0.2480161897737595,
            0.8151505962662341
        ],
        "L_Shoulder": [
            -0.00370354814774345,
            0.22918390807077238,
            0.5205773655356081
        ],
        "L_Elbow": [
            -0.23733398853874915,
            0.24839253135721867,
            0.5309714465538261
        ],
        "L_Wrist": [
            -0.5251975613551966,
            -0.02467124629591366,
            0.6216944327961521
        ],
        "R_Shoulder": [
            0.3577191296299957,
            0.11754287223193292,
            0.5945547718185563
        ],
        "R_Elbow": [
            0.4886573259830059,
            -0.06120801577965285,
            0.9456263720310734
        ],
        "R_Wrist": [
            0.5725964956280895,
            0.016500854588631077,
            1.265515729188936
        ]
    }
}