{
    "video": "edition24_sequence_2.mp4",
    "peak_id": 17,
    "frame_idx": 2498,
    "timestamp": 99.92,
    "total_score": 1.0,
    "skeleton_3d": {
        "Pelvis": [
            0.0,
            0.0,
            0.0
        ],
        "R_Hip": [
            0.10413161495304492,
            0.14724244508993492,
            0.07042874650719974
        ],
        "R_Knee": [
            0.15675908882759104,
            0.05364447398006777,
            0.6149128438176885
        ],
        "R_Ankle": [
            0.27329236374218124,
            -0.038196001533441555,
            1.2648734095235667
        ],
        "L_Hip": [
            -0.10746469091655156,
            -0.1587860687734081,
            -0.06564317766838469
        ],
        "L_Knee": [
            -0.05640058145258483,
            -0.08592404968349109,
            -0.6973242516645496
        ],
        "L_Ankle": [
            -0.0680310409513762,
            -0.010077494290500684,
            -1.2585719082443743
        ],
        "Spine": [
            -0.12611182209987493,
            -0.025092287246241993,
            0.31144643483010076
        ],
        "Thorax": [
            -0.22338460317309813,
            0.06483629896661469,
            0.6138202959272719
        ],
        "Neck": [
            -0.16653122851493632,
            0.010221752921297496,
            0.8787315751105502
        ],
        "Head": [
            -0.17304046013724908,
            0.07187724269685956,
            0.909487954831852
        ],
        "L_Shoulder": [
            -0.41802398664630075,
            -0.09674160417363012,
            0.6083953685968032
        ],
        "L_Elbow": [
            -0.658859537315748,
            -0.3511600613134076,
            0.8773996987327377
        ],
        "L_Wrist": [
            -0.8319706032492031,
            -0.3362351164575809,
            1.2097139762091924
        ],
        "R_Shoulder": [
            -0.03424248704060387,
            0.18757309032980915,
            0.6047573976489907
        ],
        "R_Elbow": [
            0.19732721365332628,
            0.47560347915310025,
            0.6170409989918552
        ],
        "R_Wrist": [
            0.2529238079193234,
            0.22454482363999265,
            0.9585213795961743
        ]
    }
}