{
    "video": "edition24_sequence_2.mp4",
    "peak_id": 1,
    "frame_idx": 385,
    "timestamp": 15.4,
    "total_score": 0.56,
    "skeleton_3d": {
        "Pelvis": [
            0.0,
            0.0,
            0.0
        ],
        "R_Hip": [
            0.1276111458734216,
            0.17372732834212654,
            0.023368654949389722
        ],
        "R_Knee": [
            0.5577784309081852,
            0.2612105429037425,
            -0.4023630308730699
        ],
        "R_Ankle": [
            0.9960163614975489,
            0.4949650300700205,
            -0.6530399495547065
        ],
        "L_Hip": [
            -0.12882895364543637,
            -0.17140453361037758,
            -0.022171771218728382
        ],
        "L_Knee": [
            -0.09083761333104866,
            -0.056170029610630334,
            -0.6073279414866161
        ],
        "L_Ankle": [
            -0.11877545166687802,
            0.018744025233800466,
            -1.1167544120693957
        ],
        "Spine": [
            -0.03153061704339468,
            -0.01996953967064822,
            0.3639810072848447
        ],
        "Thorax": [
            -0.05636845688902851,
            -0.10779682854936665,
            0.7160034607509768
        ],
        "Neck": [
            -0.15303614133739327,
            -0.18576315114631514,
            0.9890765306442855
        ],
        "Head": [
            -0.1640046118910397,
            -0.1160389369820882,
            1.0492475035706403
        ],
        "L_Shoulder": [
            -0.26547469114011,
            -0.165482684743985,
            0.6671622254017047
        ],
        "L_Elbow": [
            -0.6330930299867842,
            -0.18706826144581998,
            0.697632961791235
        ],
        "L_Wrist": [
            -0.9463511140714953,
            -0.21565814313744375,
            0.8184500428719482
        ],
        "R_Shoulder": [
            0.15131658505155826,
            0.06916953068230693,
            0.7410635590250656
        ],
        "R_Elbow": [
            0.46620349506531406,
            0.29917163381477424,
            0.8098380026250591
        ],
        "R_Wrist": [
            0.7529233723164358,
            0.26015843735227534,
            0.9725144020753727
        ]
    }
}