{
    "video": "edition24_sequence_1.mp4",
    "peak_id": 0,
    "frame_idx": 892,
    "timestamp": 35.68,
    "total_score": 0.9,
    "skeleton_3d": {
        "Pelvis": [
            0.0,
            0.0,
            0.0
        ],
        "R_Hip": [
            0.07284409724305276,
            0.16593396501350335,
            0.06373318817967016
        ],
        "R_Knee": [
            0.5511376892167886,
            0.1364478657287214,
            0.2448333880603321
        ],
        "R_Ankle": [
            0.9887630139859704,
            0.2914183507400873,
            0.5154020185425163
        ],
        "L_Hip": [
            -0.0759737103978191,
            -0.17010554032217903,
            -0.05869056136898837
        ],
        "L_Knee": [
            0.003565491184359541,
            -0.11466745361794627,
            -0.6299278843495121
        ],
        "L_Ankle": [
            -0.03827476212949885,
            -0.046158170122224514,
            -1.1149859215222762
        ],
        "Spine": [
            -0.06148098577713011,
            0.006675416939281665,
            0.28160908459960415
        ],
        "Thorax": [
            -0.10626267331180818,
            0.21830109750712806,
            0.5436696085640434
        ],
        "Neck": [
            -0.12865210133366023,
            0.15841890946132137,
            0.7842539830215691
        ],
        "Head": [
            -0.12510399779161938,
            0.22053015064739628,
            0.8186320764496691
        ],
        "L_Shoulder": [
            -0.2709542967937653,
            -0.009269355684321152,
            0.6157648062845542
        ],
        "L_Elbow": [
            -0.36256519128698933,
            -0.28392883828680854,
            0.9503894812287034
        ],
        "L_Wrist": [
            -0.38753666056977826,
            -0.30547535730710756,
            1.259338222545546
        ],
        "R_Shoulder": [
            0.04417110999333329,
            0.3045728079546886,
            0.4631043935158447
        ],
        "R_Elbow": [
            0.37388136764023366,
            0.3776275031411648,
            0.39826067733526127
        ],
        "R_Wrist": [
            0.6851631514215918,
            0.2757524737607379,
            0.4347138358863059
        ]
    }
}