{
    "video": "edition24_sequence_2.mp4",
    "peak_id": 6,
    "frame_idx": 890,
    "timestamp": 35.6,
    "total_score": 0.507,
    "skeleton_3d": {
        "Pelvis": [
            0.0,
            0.0,
            0.0
        ],
        "R_Hip": [
            0.11884894482737222,
            0.17036550910810297,
            0.03608545432208587
        ],
        "R_Knee": [
            0.38566851187280177,
            0.37307392060312333,
            -0.251159653310974
        ],
        "R_Ankle": [
            0.6841720345324527,
            0.7603765329745147,
            -0.44043769499920477
        ],
        "L_Hip": [
            -0.11818172088060883,
            -0.15883852476307742,
            -0.029523883237251657
        ],
        "L_Knee": [
            -0.07112238782970527,
            -0.23175703911130974,
            -0.6256428269370423
        ],
        "L_Ankle": [
            -0.002356307354768308,
            -0.24350233561020404,
            -1.1654117417826753
        ],
        "Spine": [
            -0.008287228538416805,
            -0.0222408004759021,
            0.33494031804084523
        ],
        "Thorax": [
            0.007542130122707998,
            0.04829614269698943,
            0.6645278294707757
        ],
        "Neck": [
            0.057084536909204696,
            -0.003892033074140153,
            0.8744207605426353
        ],
        "Head": [
            0.04680625136485938,
            0.10633709829290584,
            0.9246386051559115
        ],
        "L_Shoulder": [
            -0.192233613955912,
            -0.11265503960335521,
            0.7075334874115129
        ],
        "L_Elbow": [
            -0.44325036786532784,
            -0.30272039852734667,
            0.9779177889283369
        ],
        "L_Wrist": [
            -0.5974237936070929,
            -0.33042306042061576,
            1.2897129138288874
        ],
        "R_Shoulder": [
            0.1866677207480031,
            0.16637426387444645,
            0.6161565103192672
        ],
        "R_Elbow": [
            0.46642229641288746,
            0.4131264772759416,
            0.5585679029612702
        ],
        "R_Wrist": [
            0.7058395968203125,
            0.3308532034175012,
            0.7137268120180994
        ]
    }
}