{
    "video": "edition24_sequence_0.mp4",
    "peak_id": 3,
    "frame_idx": 924,
    "timestamp": 36.96,
    "total_score": 0.659,
    "skeleton_3d": {
        "Pelvis": [
            0.0,
            0.0,
            0.0
        ],
        "R_Hip": [
            0.11271505041667851,
            -0.14418791403834127,
            -0.0232425311721704
        ],
        "R_Knee": [
            -0.09313330258177241,
            -0.17457292105269215,
            -0.6568719717606497
        ],
        "R_Ankle": [
            -0.09692874490670916,
            -0.0407666211439553,
            -1.20199671795065
        ],
        "L_Hip": [
            -0.11068966394653068,
            0.1428394703430635,
            0.020778459471643453
        ],
        "L_Knee": [
            -0.5651791400151663,
            -0.025845582453610485,
            -0.358016710725388
        ],
        "L_Ankle": [
            -1.0382995164625892,
            0.024330582131427397,
            -0.8071846511358846
        ],
        "Spine": [
            -0.022914146650685134,
            -0.03873920444348885,
            0.35468328184430004
        ],
        "Thorax": [
            -0.07204780291725857,
            -0.08624563110968414,
            0.6974528492556752
        ],
        "Neck": [
            -0.2848076698864144,
            -0.197327742463844,
            0.9252294059724554
        ],
        "Head": [
            -0.26458260515316734,
            -0.144946197587273,
            0.9935130781581449
        ],
        "L_Shoulder": [
            -0.20286944000537196,
            0.06122515040372455,
            0.6255321525105002
        ],
        "L_Elbow": [
            -0.4588016254647972,
            0.23748783902767734,
            0.5126481414828573
        ],
        "L_Wrist": [
            -0.7958794197526821,
            0.03265509155344663,
            0.5231049219747297
        ],
        "R_Shoulder": [
            0.09294635993084296,
            -0.16270665241460672,
            0.7142090726326209
        ],
        "R_Elbow": [
            0.41861466647212364,
            -0.14406334939169338,
            0.7289221248414288
        ],
        "R_Wrist": [
            0.7358598075540316,
            -0.19517789898812554,
            0.7681802130979274
        ]
    }
}