{
    "video": "edition24_sequence_4.mp4",
    "peak_id": 3,
    "frame_idx": 1591,
    "timestamp": 63.64,
    "total_score": 0.919,
    "skeleton_3d": {
        "Pelvis": [
            0.0,
            0.0,
            0.0
        ],
        "R_Hip": [
            0.07840115455998806,
            -0.17109141747655995,
            -0.08628502467482924
        ],
        "R_Knee": [
            0.03269441612848255,
            -0.1408807663149728,
            -0.7782214228276308
        ],
        "R_Ankle": [
            -0.010029886187408885,
            -0.0967421262565195,
            -1.442517125941532
        ],
        "L_Hip": [
            -0.07491890201941144,
            0.16139578599672202,
            0.08684409455590487
        ],
        "L_Knee": [
            -0.7157012449504037,
            -0.02194229649270302,
            0.24471772571234407
        ],
        "L_Ankle": [
            -1.3805971603531213,
            -0.08093260897557251,
            0.37848704143879947
        ],
        "Spine": [
            0.2027014649025786,
            0.026084578297889818,
            0.33034832349297893
        ],
        "Thorax": [
            0.3930917208164602,
            0.15422831170404674,
            0.6529370138119387
        ],
        "Neck": [
            0.5244160687206249,
            0.10742908550982631,
            0.8368229176730889
        ],
        "Head": [
            0.5263326046250513,
            0.18829825201729192,
            0.8773026116802738
        ],
        "L_Shoulder": [
            0.19568484610495349,
            0.19355188946420462,
            0.6640836300504535
        ],
        "L_Elbow": [
            -0.05717728547820198,
            0.18061515539327594,
            0.898419813234189
        ],
        "L_Wrist": [
            -0.25159883717553727,
            -0.08100077844371777,
            1.1990308712762086
        ],
        "R_Shoulder": [
            0.5736903754781209,
            0.0929807618710875,
            0.6107110142597321
        ],
        "R_Elbow": [
            0.8100858966538603,
            0.01963793868466953,
            0.857311019715731
        ],
        "R_Wrist": [
            0.9951262973268392,
            0.06970616625338588,
            1.1264839093053476
        ]
    }
}