{
    "video": "edition24_sequence_5.mp4",
    "peak_id": 1,
    "frame_idx": 683,
    "timestamp": 27.32,
    "total_score": 1.0,
    "skeleton_3d": {
        "Pelvis": [
            0.0,
            0.0,
            0.0
        ],
        "R_Hip": [
            0.04937015026987441,
            -0.18016546016173984,
            -0.07549026022136505
        ],
        "R_Knee": [
            0.014070221712369105,
            -0.1143978051212369,
            -0.8066678926456201
        ],
        "R_Ankle": [
            0.1286487987567678,
            -0.03365376947055524,
            -1.490563294390277
        ],
        "L_Hip": [
            -0.05176581598214121,
            0.1730357589426019,
            0.07748139463803205
        ],
        "L_Knee": [
            -0.6022512409865901,
            -0.036709624738964095,
            0.2560007440707369
        ],
        "L_Ankle": [
            -1.1304267692358125,
            -0.15428725292498158,
            0.556598040655451
        ],
        "Spine": [
            0.13858017874328385,
            -0.027632407942571983,
            0.3487385098225026
        ],
        "Thorax": [
            0.25399588695514574,
            0.06722335602265697,
            0.6801969300039676
        ],
        "Neck": [
            0.2837752239181948,
            8.98086390718787e-05,
            0.9414014382956812
        ],
        "Head": [
            0.25223789243403105,
            0.06942481269826088,
            0.9812425792794897
        ],
        "L_Shoulder": [
            0.056328007531872726,
            0.09473686371339346,
            0.6628785335948693
        ],
        "L_Elbow": [
            -0.264280086290172,
            -0.05835206912664983,
            0.791742267773191
        ],
        "L_Wrist": [
            -0.36349849879919366,
            -0.3674839501307888,
            0.7859044564674537
        ],
        "R_Shoulder": [
            0.4501325248584103,
            -0.025786639243498104,
            0.6686497752122086
        ],
        "R_Elbow": [
            0.6996599798742932,
            -0.17077582021179558,
            0.7992279708391004
        ],
        "R_Wrist": [
            0.9351453474478421,
            -0.12640138563838377,
            1.1359568417188672
        ]
    }
}