{
    "video": "edition24_sequence_14.mp4",
    "peak_id": 0,
    "frame_idx": 194,
    "timestamp": 7.76,
    "total_score": 0.567,
    "skeleton_3d": {
        "Pelvis": [
            0.0,
            0.0,
            0.0
        ],
        "R_Hip": [
            -0.07324734022436347,
            0.07502997865105963,
            0.006385759671183195
        ],
        "R_Knee": [
            0.03994595722399316,
            0.09367718413760785,
            -0.4086006233173539
        ],
        "R_Ankle": [
            -0.23954830025609564,
            0.010210137521150514,
            -0.7418773992163398
        ],
        "L_Hip": [
            0.07573763643213448,
            -0.057586676586557986,
            0.010503850790214046
        ],
        "L_Knee": [
            -0.016176448042453346,
            0.0716948195582187,
            -0.4070997215212176
        ],
        "L_Ankle": [
            0.0761423705375775,
            0.428981460731104,
            0.26689077117797255
        ],
        "Spine": [
            -0.01590719710254622,
            -0.09790909342460255,
            -0.17934747229130116
        ],
        "Thorax": [
            -0.016413623786499052,
            -0.20659339680816224,
            -0.3819761287127179
        ],
        "Neck": [
            0.20582202075680298,
            -0.09216422222496272,
            0.12099054578804162
        ],
        "Head": [
            0.14520378967166614,
            -0.11588160021069775,
            0.20364243950514452
        ],
        "L_Shoulder": [
            -0.07731687660722199,
            -0.20892528122498263,
            -0.44725506449765945
        ],
        "L_Elbow": [
            -0.046599753311949724,
            -0.22206856904487568,
            -0.7246415678206393
        ],
        "L_Wrist": [
            -0.04612733327574219,
            -0.1865483963196042,
            -0.7271781992317398
        ],
        "R_Shoulder": [
            0.04851689935729807,
            -0.09840243861410118,
            -0.34590069303365684
        ],
        "R_Elbow": [
            0.20819045217164306,
            -0.17469720397896393,
            -0.740394515574727
        ],
        "R_Wrist": [
            0.2601809989955034,
            -0.14506693812157523,
            -0.8793935258903766
        ]
    }
}