{
    "video": "edition24_sequence_5.mp4",
    "peak_id": 3,
    "frame_idx": 931,
    "timestamp": 37.24,
    "total_score": 1.0,
    "skeleton_3d": {
        "Pelvis": [
            0.0,
            0.0,
            0.0
        ],
        "R_Hip": [
            0.04620180031763727,
            -0.17573235701893186,
            -0.07614001235566116
        ],
        "R_Knee": [
            0.050654173466921144,
            -0.09337581293942214,
            -0.778223839561499
        ],
        "R_Ankle": [
            0.15670455717639803,
            0.019951936297198766,
            -1.455928923025395
        ],
        "L_Hip": [
            -0.04869341488120869,
            0.16888354870372427,
            0.07826636686543467
        ],
        "L_Knee": [
            -0.6391472833010704,
            -0.030020946663524922,
            0.2574755775355843
        ],
        "L_Ankle": [
            -1.0739751129339432,
            -0.162707093596863,
            0.5653228270749663
        ],
        "Spine": [
            0.1609422023727139,
            -0.027104297768495458,
            0.3292406174046003
        ],
        "Thorax": [
            0.2999077108671593,
            0.08088749264923611,
            0.6463162389430946
        ],
        "Neck": [
            0.24485839308484797,
            0.0026672056767059766,
            0.9124248661836953
        ],
        "Head": [
            0.21516922712798967,
            0.052483945262446166,
            0.9542996654444864
        ],
        "L_Shoulder": [
            0.1390083582243457,
            0.17617758885610635,
            0.6009854151902991
        ],
        "L_Elbow": [
            -0.21357554310205523,
            0.14184538283101175,
            0.7145977559955169
        ],
        "L_Wrist": [
            -0.31443468682714387,
            -0.209995159902085,
            0.8020086852253596
        ],
        "R_Shoulder": [
            0.46037338973353215,
            -0.06428320861848022,
            0.6447340445059702
        ],
        "R_Elbow": [
            0.6609541120308302,
            -0.10562778869030343,
            0.7158664037992769
        ],
        "R_Wrist": [
            0.8966638892133825,
            0.025223524660544342,
            0.962269578262097
        ]
    }
}