{
    "video": "edition24_sequence_3.mp4",
    "peak_id": 3,
    "frame_idx": 1494,
    "timestamp": 59.76,
    "total_score": 0.858,
    "skeleton_3d": {
        "Pelvis": [
            0.0,
            0.0,
            0.0
        ],
        "R_Hip": [
            0.11613047356746128,
            -0.10775389804964912,
            -0.08390744925881745
        ],
        "R_Knee": [
            0.0343133860559339,
            -0.08796385154351634,
            -0.721305022616535
        ],
        "R_Ankle": [
            0.028629234654418786,
            -0.028772792626112903,
            -1.2923903800457937
        ],
        "L_Hip": [
            -0.10978947163220805,
            0.09717947214088549,
            0.08826835314599356
        ],
        "L_Knee": [
            -0.44967363344036904,
            -0.07638516883782127,
            0.21692494151864708
        ],
        "L_Ankle": [
            -0.8080567887212039,
            0.14514893533953147,
            0.33597078358469873
        ],
        "Spine": [
            0.1530400679599418,
            -0.01729524119315271,
            0.3029100249946271
        ],
        "Thorax": [
            0.27766607357397266,
            0.022033381592166806,
            0.5856634787496537
        ],
        "Neck": [
            0.3760375727452604,
            -0.02490400231998872,
            0.907432423200816
        ],
        "Head": [
            0.36129407345992326,
            0.020979074686180932,
            0.9561371290554623
        ],
        "L_Shoulder": [
            0.07255260611462588,
            0.07313954315204958,
            0.5669436957189281
        ],
        "L_Elbow": [
            -0.3003718850152032,
            -0.0023843028327054944,
            0.4843412642892483
        ],
        "L_Wrist": [
            -0.6855027649070371,
            -0.2393841694522985,
            0.4155782011426318
        ],
        "R_Shoulder": [
            0.47749472907746204,
            0.038562309418054705,
            0.557672503675019
        ],
        "R_Elbow": [
            0.7268482792045061,
            -0.07765201366778222,
            0.7643836038648969
        ],
        "R_Wrist": [
            0.9540129455193708,
            -0.09779075165868864,
            1.0314590423922645
        ]
    }
}