{
    "video": "edition24_sequence_6.mp4",
    "peak_id": 5,
    "frame_idx": 1413,
    "timestamp": 56.52,
    "total_score": 0.822,
    "skeleton_3d": {
        "Pelvis": [
            0.0,
            0.0,
            0.0
        ],
        "R_Hip": [
            0.10899073037224769,
            -0.08022414124468981,
            -0.06257403722011802
        ],
        "R_Knee": [
            0.1818128710067542,
            -0.0717654163737744,
            -0.754882878971625
        ],
        "R_Ankle": [
            0.22367165378757572,
            -0.0524972400123454,
            -1.313221740581076
        ],
        "L_Hip": [
            -0.10685248704591761,
            0.07726507314851053,
            0.06865509728449291
        ],
        "L_Knee": [
            -0.34565321160596496,
            0.2785751873482812,
            0.22162551886784962
        ],
        "L_Ankle": [
            -0.5792396477379711,
            0.38577278909699086,
            0.6134101626160671
        ],
        "Spine": [
            0.1281439389391992,
            -0.04996183368951336,
            0.27974701022023724
        ],
        "Thorax": [
            0.2495143880036786,
            -0.041735965981556974,
            0.5343029280440281
        ],
        "Neck": [
            0.30366449760743724,
            -0.06578011416780193,
            0.7541053310649224
        ],
        "Head": [
            0.33712946074923655,
            0.04293522347323674,
            0.7813019045614283
        ],
        "L_Shoulder": [
            0.09746548654218316,
            -0.028185400511554316,
            0.6113574533162629
        ],
        "L_Elbow": [
            0.010760033787403802,
            -0.0073496613330694335,
            0.844891670086506
        ],
        "L_Wrist": [
            0.02748284246618604,
            -0.05750993312555401,
            1.1050823414870863
        ],
        "R_Shoulder": [
            0.37765522759226955,
            -0.02659089699184943,
            0.4381813051667623
        ],
        "R_Elbow": [
            0.5270813606242323,
            -0.21364909186117162,
            0.45922640564654704
        ],
        "R_Wrist": [
            0.7318702409568025,
            -0.0747927573944991,
            0.5920348940853412
        ]
    }
}