{
    "video": "edition38_sequence_18.mp4",
    "peak_id": 6,
    "frame_idx": 1093,
    "timestamp": 43.72,
    "total_score": 0.895,
    "skeleton_3d": {
        "Pelvis": [
            0.0,
            0.0,
            0.0
        ],
        "R_Hip": [
            0.06279916862567496,
            0.14495326374548093,
            0.046244860285817424
        ],
        "R_Knee": [
            0.6459510060061265,
            0.1443066551208192,
            0.15555811036689995
        ],
        "R_Ankle": [
            1.165103669874457,
            -0.0036580887012783382,
            0.3509994826210532
        ],
        "L_Hip": [
            -0.05281091533794233,
            -0.1367520674123475,
            -0.04510578346949157
        ],
        "L_Knee": [
            -0.08490140121272408,
            -0.0617592389707577,
            -0.672627337613395
        ],
        "L_Ankle": [
            -0.19579984925426622,
            0.1409890837807274,
            -1.2400445893699992
        ],
        "Spine": [
            -0.09874387952372841,
            -0.0868889582885297,
            0.3368881370794552
        ],
        "Thorax": [
            -0.1765084421693375,
            -0.0765929676839752,
            0.6926018848837008
        ],
        "Neck": [
            -0.29203236094831253,
            -0.09031143461906328,
            0.9254011137220083
        ],
        "Head": [
            -0.25097796548418877,
            0.06321208902786446,
            0.9705774827399547
        ],
        "L_Shoulder": [
            -0.23889216225713333,
            -0.29772569724003317,
            0.6360942094539161
        ],
        "L_Elbow": [
            0.09736579907964286,
            -0.689106838418196,
            0.6356472350639871
        ],
        "L_Wrist": [
            0.4410082930777269,
            -0.5680726456527874,
            0.7066987694891539
        ],
        "R_Shoulder": [
            -0.08139428921964045,
            0.07727426233029883,
            0.6640092769863962
        ],
        "R_Elbow": [
            0.22440930717594224,
            0.24328831212649782,
            0.7625163650010933
        ],
        "R_Wrist": [
            0.5590096331444113,
            0.070200064645234,
            0.8955066170699648
        ]
    }
}