{
    "video": "edition38_sequence_3.mp4",
    "peak_id": 3,
    "frame_idx": 781,
    "timestamp": 31.24,
    "total_score": 0.633,
    "skeleton_3d": {
        "Pelvis": [
            0.0,
            0.0,
            0.0
        ],
        "R_Hip": [
            0.06856615707301494,
            -0.16653440447805565,
            -0.030340113708682972
        ],
        "R_Knee": [
            -0.1453636395057207,
            -0.26086479412698776,
            -0.5805893694025308
        ],
        "R_Ankle": [
            -0.28765741847683146,
            -0.2448422278168348,
            -1.1531678548088689
        ],
        "L_Hip": [
            -0.06355165315693277,
            0.16166360950006686,
            0.028456647296118923
        ],
        "L_Knee": [
            0.19897591360982692,
            0.6312627775256784,
            -0.02133095682433103
        ],
        "L_Ankle": [
            0.4855123061017993,
            1.1870542838796743,
            -0.09420722565338129
        ],
        "Spine": [
            -0.028344345705189528,
            -0.13525947240375213,
            0.33389236765288854
        ],
        "Thorax": [
            -0.02271663835653563,
            -0.18665136651753073,
            0.6979740139162962
        ],
        "Neck": [
            -0.06011709641225811,
            -0.2970680587583664,
            0.917065469029571
        ],
        "Head": [
            -0.030409388319944674,
            -0.1351920262923767,
            0.9581072672091631
        ],
        "L_Shoulder": [
            -0.22491668594202047,
            -0.06699191552565067,
            0.6962085106938279
        ],
        "L_Elbow": [
            -0.529556107805775,
            0.11363201096864695,
            0.7213596528343574
        ],
        "L_Wrist": [
            -0.7701960378550542,
            -0.06233943110711906,
            0.9347359040911772
        ],
        "R_Shoulder": [
            0.16766942450377803,
            -0.3554472760909006,
            0.623416393949432
        ],
        "R_Elbow": [
            0.43238782763348915,
            -0.7042784702048059,
            0.62358507379769
        ],
        "R_Wrist": [
            0.6933347076109098,
            -0.8988850497942228,
            0.808022024228214
        ]
    }
}