{
    "video": "edition38_sequence_18.mp4",
    "peak_id": 2,
    "frame_idx": 495,
    "timestamp": 19.8,
    "total_score": 0.435,
    "skeleton_3d": {
        "Pelvis": [
            0.0,
            0.0,
            0.0
        ],
        "R_Hip": [
            0.11713100708187899,
            -0.15579765031220405,
            -0.028697501100260314
        ],
        "R_Knee": [
            0.01848278953324888,
            -0.3843840743294581,
            -0.6334870447325681
        ],
        "R_Ankle": [
            -0.02653089258961744,
            -0.30600055940907606,
            -1.1939936988509006
        ],
        "L_Hip": [
            -0.10981285885287215,
            0.13931495569026256,
            0.03140241437945033
        ],
        "L_Knee": [
            -0.4053166786934561,
            -0.4011254807093855,
            0.09783214902631396
        ],
        "L_Ankle": [
            -0.20006379625000562,
            -0.16270066875267677,
            -0.3887085458759317
        ],
        "Spine": [
            0.009659303850177681,
            0.07869281903920414,
            0.32162729445077975
        ],
        "Thorax": [
            0.02481817783804931,
            0.2798280474569976,
            0.667997857619207
        ],
        "Neck": [
            0.10528103939152036,
            0.15375199274283838,
            0.8902894805317882
        ],
        "Head": [
            0.09103500447319517,
            0.386816437387417,
            0.9297797293045897
        ],
        "L_Shoulder": [
            -0.18201707802991862,
            0.25183710357333344,
            0.6176158221372594
        ],
        "L_Elbow": [
            -0.5488217836340765,
            0.16931958884666679,
            0.5917374136923723
        ],
        "L_Wrist": [
            -0.8475760752639113,
            -0.06739159825048162,
            0.6127664774491298
        ],
        "R_Shoulder": [
            0.23147845791051613,
            0.13944632465580772,
            0.643528175802093
        ],
        "R_Elbow": [
            0.5865165038552277,
            -0.12855075286176712,
            0.7752215496424363
        ],
        "R_Wrist": [
            0.8908722389526283,
            -0.2986868592575409,
            0.9225301103992317
        ]
    }
}