{
    "video": "edition38_sequence_7.mp4",
    "peak_id": 4,
    "frame_idx": 1090,
    "timestamp": 43.6,
    "total_score": 0.465,
    "skeleton_3d": {
        "Pelvis": [
            0.0,
            0.0,
            0.0
        ],
        "R_Hip": [
            -0.0999251584892598,
            0.1717703140044152,
            0.01871510952804028
        ],
        "R_Knee": [
            0.025185523273460048,
            0.8001402951216701,
            -0.2365658851171019
        ],
        "R_Ankle": [
            -0.03994276324055018,
            1.526988798642455,
            -0.45295274195973284
        ],
        "L_Hip": [
            0.11212678143177293,
            -0.17703354196080598,
            -0.020162209924057352
        ],
        "L_Knee": [
            0.020388724020248078,
            -0.3212633557501667,
            -0.5976005639829163
        ],
        "L_Ankle": [
            -0.08190863603252137,
            -0.6615496587489809,
            -1.1102939438529171
        ],
        "Spine": [
            0.027011265484549938,
            -0.23157075765921387,
            0.2887363049200347
        ],
        "Thorax": [
            0.06987648634494287,
            -0.5412276201778604,
            0.599165908732148
        ],
        "Neck": [
            0.16322136850357058,
            -0.5716827121450748,
            0.7326580054279183
        ],
        "Head": [
            0.15757805098683558,
            -0.7799204591319316,
            0.7846863462828785
        ],
        "L_Shoulder": [
            0.2380793302941984,
            -0.6205592631785066,
            0.50705170033678
        ],
        "L_Elbow": [
            0.446213123366689,
            -0.6157005139700614,
            0.20292846202944853
        ],
        "L_Wrist": [
            0.3702047554537516,
            -0.13624829415235534,
            0.005416746993946834
        ],
        "R_Shoulder": [
            -0.11654998179553457,
            -0.3759286952929064,
            0.6360833228707095
        ],
        "R_Elbow": [
            -0.13083514556313658,
            0.07253248951073957,
            0.9115520129156891
        ],
        "R_Wrist": [
            0.0035323041935419013,
            0.07669364475599784,
            1.1479526035704437
        ]
    }
}