{
    "video": "edition38_sequence_11.mp4",
    "peak_id": 4,
    "frame_idx": 409,
    "timestamp": 16.36,
    "total_score": 0.9,
    "skeleton_3d": {
        "Pelvis": [
            0.0,
            0.0,
            0.0
        ],
        "R_Hip": [
            0.11451507693991604,
            -0.048933700184766074,
            -0.049824148804329914
        ],
        "R_Knee": [
            0.43518580937639156,
            -0.3485917368961472,
            -0.5168472893748662
        ],
        "R_Ankle": [
            0.7976109959809359,
            -0.9035284533742796,
            -0.9061191769249781
        ],
        "L_Hip": [
            -0.12199274774868915,
            0.07764128367757468,
            0.048406843375263034
        ],
        "L_Knee": [
            -0.6838553258469697,
            -0.0026624773243830134,
            0.33003985535236785
        ],
        "L_Ankle": [
            -1.1860243878549392,
            -0.07867509587610015,
            0.6669592064548603
        ],
        "Spine": [
            0.10356992624112059,
            0.09504049141903347,
            0.3361934543508145
        ],
        "Thorax": [
            0.2008057830532611,
            0.290046892447297,
            0.6723702308865996
        ],
        "Neck": [
            0.3741681442636473,
            0.2660374533088569,
            0.7602410055497608
        ],
        "Head": [
            0.3528074664427132,
            0.44840302926187614,
            0.8123156298882959
        ],
        "L_Shoulder": [
            0.09875517230273326,
            0.15682158480161396,
            0.6685219794927941
        ],
        "L_Elbow": [
            0.1272941181203475,
            -0.14454470542525244,
            1.0569115385632215
        ],
        "L_Wrist": [
            0.22941430984762193,
            -0.06141085489700838,
            1.3419524870274624
        ],
        "R_Shoulder": [
            0.30202694274845276,
            0.26601521622215113,
            0.6624215024237002
        ],
        "R_Elbow": [
            0.34487520935623084,
            0.14904949136162468,
            1.0220087837868952
        ],
        "R_Wrist": [
            0.3529887862064195,
            0.1622942373631183,
            1.3032296890136146
        ]
    }
}