{
    "video": "edition38_sequence_14.mp4",
    "peak_id": 8,
    "frame_idx": 755,
    "timestamp": 30.2,
    "total_score": 0.59,
    "skeleton_3d": {
        "Pelvis": [
            0.0,
            0.0,
            0.0
        ],
        "R_Hip": [
            0.14107059723523196,
            -0.0826447848026366,
            -0.02656421423885147
        ],
        "R_Knee": [
            0.24826113755688792,
            -0.35901322833300453,
            -0.6005075189054512
        ],
        "R_Ankle": [
            0.39613191124607317,
            -0.11522170045691674,
            -1.1542667669441562
        ],
        "L_Hip": [
            -0.1344608593890946,
            0.10023540112794184,
            0.03045310252955423
        ],
        "L_Knee": [
            -0.6071627049319759,
            0.11227672107159074,
            -0.16401031607358343
        ],
        "L_Ankle": [
            -1.0888683667858698,
            0.06276033164778655,
            -0.3308180888371202
        ],
        "Spine": [
            0.017340291087913445,
            -0.03936042435887273,
            0.31239002738585986
        ],
        "Thorax": [
            0.020976676089331993,
            0.08224034543670572,
            0.6569764187876751
        ],
        "Neck": [
            -0.07017355208338094,
            -0.0901297468007714,
            0.8449955289919385
        ],
        "Head": [
            -0.08690534370623156,
            0.1827439257983477,
            0.9009446627910055
        ],
        "L_Shoulder": [
            -0.17117991424532616,
            0.12602000241731423,
            0.550395817404824
        ],
        "L_Elbow": [
            -0.30204231236006995,
            0.3988529416777895,
            0.25554374722945067
        ],
        "L_Wrist": [
            -0.42203390124228324,
            0.49029458414989213,
            0.00988105421894657
        ],
        "R_Shoulder": [
            0.23301898269820756,
            -0.06806596356112551,
            0.6645286547041918
        ],
        "R_Elbow": [
            0.398952351282224,
            0.19365795240379105,
            0.4709669164238582
        ],
        "R_Wrist": [
            0.5930146586430145,
            -0.031194785722756174,
            0.33939432567656025
        ]
    }
}