{
    "video": "edition38_sequence_5.mp4",
    "peak_id": 13,
    "frame_idx": 1402,
    "timestamp": 56.08,
    "total_score": 0.863,
    "skeleton_3d": {
        "Pelvis": [
            0.0,
            0.0,
            0.0
        ],
        "R_Hip": [
            0.0984499010024108,
            -0.03802667928040049,
            -0.0680881244816375
        ],
        "R_Knee": [
            0.038918219329277845,
            -0.24423339484085319,
            -0.6144587537846731
        ],
        "R_Ankle": [
            0.037086909141395806,
            -0.06457597883576739,
            -1.1973177900508136
        ],
        "L_Hip": [
            -0.1024493169123617,
            0.08995583581753891,
            0.07137061890361177
        ],
        "L_Knee": [
            -0.5646980756718142,
            -0.0013230070578417615,
            0.20889426817078166
        ],
        "L_Ankle": [
            -1.0313409753133043,
            -0.18570581534438863,
            0.2842633575933712
        ],
        "Spine": [
            0.1403214126482541,
            -0.09027846260752548,
            0.2823895442029877
        ],
        "Thorax": [
            0.2662882269272555,
            0.05579602984469257,
            0.5989256407246019
        ],
        "Neck": [
            0.35384001228263984,
            -0.05934243379294247,
            0.8553860679108115
        ],
        "Head": [
            0.344563520923709,
            0.1283535143927191,
            0.8860353523709981
        ],
        "L_Shoulder": [
            0.05363780527635275,
            0.07512696024988776,
            0.5735788845472879
        ],
        "L_Elbow": [
            -0.2918423630988092,
            0.3804561618881663,
            0.48213039152690806
        ],
        "L_Wrist": [
            -0.6131255101045814,
            0.38950192936805866,
            0.4420599708888978
        ],
        "R_Shoulder": [
            0.4730995806170269,
            -0.11701415568956777,
            0.5455613746300141
        ],
        "R_Elbow": [
            0.7382916388313051,
            -0.5058819095205952,
            0.5393830749348806
        ],
        "R_Wrist": [
            1.037448491889422,
            -0.7868572942725066,
            0.5894108381180532
        ]
    }
}