{
    "video": "edition38_sequence_0.mp4",
    "peak_id": 8,
    "frame_idx": 1039,
    "timestamp": 41.56,
    "total_score": 0.694,
    "skeleton_3d": {
        "Pelvis": [
            0.0,
            0.0,
            0.0
        ],
        "R_Hip": [
            0.09967247621360822,
            0.07299170183254648,
            -0.04733625162912834
        ],
        "R_Knee": [
            0.11414958061443847,
            -0.0554930869335469,
            -0.6709778514095095
        ],
        "R_Ankle": [
            0.20357650504878214,
            0.10150735694278301,
            -1.2271170773895428
        ],
        "L_Hip": [
            -0.10387468438535141,
            -0.007356590858837036,
            0.05323679699294315
        ],
        "L_Knee": [
            -0.6529082015493242,
            0.13846315264706388,
            0.09887640349273363
        ],
        "L_Ankle": [
            -1.1435056343092076,
            0.2451717524197943,
            0.22588671430804208
        ],
        "Spine": [
            0.1318382069161478,
            -0.14930864271592365,
            0.2891563240489138
        ],
        "Thorax": [
            0.2428198510588804,
            -0.1870071683696046,
            0.6253726918833495
        ],
        "Neck": [
            0.19276872756879004,
            -0.2763457631789048,
            0.7989034825730619
        ],
        "Head": [
            0.19335813161568477,
            -0.0831005981483792,
            0.8539617554713435
        ],
        "L_Shoulder": [
            0.05591151363751129,
            -0.3324521932258832,
            0.576800141530894
        ],
        "L_Elbow": [
            -0.14613883641613842,
            -0.644449731372981,
            0.30184144842396693
        ],
        "L_Wrist": [
            0.049718010984196384,
            -0.8826649859406652,
            0.10367706857619226
        ],
        "R_Shoulder": [
            0.4471315672413351,
            -0.19024937125234878,
            0.5921944624436543
        ],
        "R_Elbow": [
            0.7963019459957535,
            -0.32605764455062985,
            0.5610729385487988
        ],
        "R_Wrist": [
            1.1178915178405855,
            -0.5676390373664294,
            0.6916737406461357
        ]
    }
}