{
    "video": "edition38_sequence_12.mp4",
    "peak_id": 8,
    "frame_idx": 834,
    "timestamp": 33.36,
    "total_score": 0.708,
    "skeleton_3d": {
        "Pelvis": [
            0.0,
            0.0,
            0.0
        ],
        "R_Hip": [
            0.11455795716609064,
            0.009339325577769113,
            -0.046969413137652474
        ],
        "R_Knee": [
            -0.02344184420039094,
            -0.24032169681964838,
            -0.6468852202484718
        ],
        "R_Ankle": [
            -0.12458581571309177,
            -0.3655238367479103,
            -1.2182827719394633
        ],
        "L_Hip": [
            -0.11191271230111324,
            0.03826255027425175,
            0.04883585608031457
        ],
        "L_Knee": [
            -0.5075578521187896,
            -0.04852346442561997,
            -0.013475974645117683
        ],
        "L_Ankle": [
            -0.8145188866337418,
            -0.30722964854956425,
            0.00018866343470451858
        ],
        "Spine": [
            0.08045117190180551,
            0.008439287318988062,
            0.2982394520388836
        ],
        "Thorax": [
            0.16310821529612718,
            0.1154686736346197,
            0.6280091491483042
        ],
        "Neck": [
            0.09469176453347719,
            -0.01732552307344242,
            0.7941732598833172
        ],
        "Head": [
            0.12496917634201372,
            0.26105934704762024,
            0.8227497759178756
        ],
        "L_Shoulder": [
            -0.028225752824268525,
            0.15142004753832025,
            0.6585402351925717
        ],
        "L_Elbow": [
            -0.18568726639296568,
            0.24576220237435567,
            0.906645061129624
        ],
        "L_Wrist": [
            -0.21026843457611075,
            0.35280517122161414,
            1.1580608567312456
        ],
        "R_Shoulder": [
            0.3576323102864028,
            -0.08963275952714485,
            0.520905106560965
        ],
        "R_Elbow": [
            0.6630210969303685,
            -0.48926086418651515,
            0.4500092998836062
        ],
        "R_Wrist": [
            1.035161982901668,
            -0.5924129126019041,
            0.36705859380815425
        ]
    }
}