{
    "video": "edition38_sequence_3.mp4",
    "peak_id": 1,
    "frame_idx": 252,
    "timestamp": 10.08,
    "total_score": 0.683,
    "skeleton_3d": {
        "Pelvis": [
            0.0,
            0.0,
            0.0
        ],
        "R_Hip": [
            0.12066544834886371,
            -0.0615781365493571,
            0.01745590518288174
        ],
        "R_Knee": [
            0.4265493911877209,
            0.11494415845422964,
            0.31118131102501784
        ],
        "R_Ankle": [
            0.7031372311136421,
            -0.046962282104617246,
            0.6478828607468382
        ],
        "L_Hip": [
            -0.11116584509771565,
            0.10372442594818986,
            -0.021223858675585898
        ],
        "L_Knee": [
            -0.06754449967617322,
            -0.04047567257815978,
            -0.6194778285785663
        ],
        "L_Ankle": [
            0.03195089761126579,
            -0.12572413555923562,
            -1.1263998269278264
        ],
        "Spine": [
            -0.06843170077903583,
            0.13131111459539904,
            0.2996003058214397
        ],
        "Thorax": [
            -0.09982523526819269,
            0.3844636812762016,
            0.6126256236217987
        ],
        "Neck": [
            -0.141230794404623,
            0.23310859362925967,
            0.8088687765865193
        ],
        "Head": [
            -0.14773492753050346,
            0.5200581587116946,
            0.8497461051256676
        ],
        "L_Shoulder": [
            -0.31344862722373723,
            0.268802561466963,
            0.5925187688909846
        ],
        "L_Elbow": [
            -0.4518171724940939,
            -0.1334667499927643,
            0.8002932584923653
        ],
        "L_Wrist": [
            -0.4317682644246842,
            -0.21698080829195512,
            1.1200205019957399
        ],
        "R_Shoulder": [
            0.12434706964315266,
            0.2785929756469003,
            0.570103648334288
        ],
        "R_Elbow": [
            0.41038393807136314,
            0.05170581699224248,
            0.3883736114367676
        ],
        "R_Wrist": [
            0.7261182010638665,
            -0.2326805818563507,
            0.4425182273143262
        ]
    }
}