{
    "video": "edition38_sequence_5.mp4",
    "peak_id": 5,
    "frame_idx": 711,
    "timestamp": 28.44,
    "total_score": 0.861,
    "skeleton_3d": {
        "Pelvis": [
            0.0,
            0.0,
            0.0
        ],
        "R_Hip": [
            0.053987159685304285,
            0.1031182223603461,
            0.045480140533533886
        ],
        "R_Knee": [
            0.48048537438629624,
            0.09263294466220326,
            0.1506421389229517
        ],
        "R_Ankle": [
            0.8003576481603928,
            -0.15900245621300033,
            0.2744699098057554
        ],
        "L_Hip": [
            -0.04299584048197927,
            -0.11616173534526684,
            -0.05609744085993298
        ],
        "L_Knee": [
            0.11641903282882009,
            -0.030511657560090912,
            -0.6936996496573825
        ],
        "L_Ankle": [
            0.06316067408987547,
            -0.021608704348099295,
            -1.310574147490968
        ],
        "Spine": [
            -0.11200620041698543,
            0.00800465782164491,
            0.3185918706611103
        ],
        "Thorax": [
            -0.19689603414169385,
            0.07455818660711365,
            0.6772776059155846
        ],
        "Neck": [
            -0.26010018424583686,
            0.04200143739070925,
            0.8547203609927875
        ],
        "Head": [
            -0.24227048721004035,
            0.2887487703827636,
            0.8721398989844177
        ],
        "L_Shoulder": [
            -0.27910930152197594,
            -0.1604757777779208,
            0.6035021157352767
        ],
        "L_Elbow": [
            -0.1929807576278172,
            -0.39567116095519816,
            0.3806756039563958
        ],
        "L_Wrist": [
            -0.01637110936507227,
            -0.5155399870548739,
            0.13021938206037864
        ],
        "R_Shoulder": [
            -0.11416394218466266,
            0.13264072425931184,
            0.6690206841097406
        ],
        "R_Elbow": [
            -0.0710371685193351,
            0.14550430165826014,
            0.9596262606650213
        ],
        "R_Wrist": [
            0.023972387015581017,
            0.1748828234229212,
            1.3087395976600995
        ]
    }
}