{
    "video": "edition38_sequence_2.mp4",
    "peak_id": 7,
    "frame_idx": 2097,
    "timestamp": 83.88,
    "total_score": 0.447,
    "skeleton_3d": {
        "Pelvis": [
            0.0,
            0.0,
            0.0
        ],
        "R_Hip": [
            0.10897872589121543,
            0.10521082716376479,
            0.014870542193775631
        ],
        "R_Knee": [
            0.38775118797865354,
            -0.1514822490414975,
            0.0025615955719891894
        ],
        "R_Ankle": [
            0.38958681241668025,
            -0.4283608668178137,
            -0.3886661749470822
        ],
        "L_Hip": [
            -0.09969166072446622,
            -0.1231558661769549,
            -0.01467721620958028
        ],
        "L_Knee": [
            -0.056330798858383616,
            -0.39168977126352084,
            -0.6219864064193446
        ],
        "L_Ankle": [
            -0.06421283405761412,
            -0.5655311716985807,
            -1.165317416058429
        ],
        "Spine": [
            -0.07335521354267609,
            0.13857574220999797,
            0.2879878053114373
        ],
        "Thorax": [
            -0.11806254384497189,
            0.3509119440221201,
            0.6229359534298092
        ],
        "Neck": [
            -0.017981624365674333,
            0.2003456017980788,
            0.7738950580479244
        ],
        "Head": [
            -0.040098249350178965,
            0.4708541599328391,
            0.8195372309169441
        ],
        "L_Shoulder": [
            -0.33436606765372284,
            0.2010158563623711,
            0.5643347372091151
        ],
        "L_Elbow": [
            -0.686835237235324,
            0.13802632952652816,
            0.5423520274597373
        ],
        "L_Wrist": [
            -0.9855342376890518,
            0.12345559241223981,
            0.6532562798907244
        ],
        "R_Shoulder": [
            0.09169810697134272,
            0.319991797151024,
            0.6150107444594345
        ],
        "R_Elbow": [
            0.3123080091282863,
            0.21004732833610837,
            0.8210701724620972
        ],
        "R_Wrist": [
            0.4200780731083196,
            0.3113443752869994,
            1.1136164341773838
        ]
    }
}