{
    "video": "edition38_sequence_14.mp4",
    "peak_id": 6,
    "frame_idx": 657,
    "timestamp": 26.28,
    "total_score": 0.407,
    "skeleton_3d": {
        "Pelvis": [
            0.0,
            0.0,
            0.0
        ],
        "R_Hip": [
            0.1169887781120573,
            -0.031502228104018426,
            0.013656680265278717
        ],
        "R_Knee": [
            0.6036731028113881,
            0.18446625296113472,
            -0.22688247628480263
        ],
        "R_Ankle": [
            1.064797743860767,
            0.2826813464004879,
            -0.39431361314447644
        ],
        "L_Hip": [
            -0.11562346529656459,
            0.06158181233146864,
            -0.01519119193718796
        ],
        "L_Knee": [
            -0.24156112237898433,
            -0.2800880216749613,
            -0.5768606372018834
        ],
        "L_Ankle": [
            -0.3748639145103836,
            -0.3483518153522138,
            -1.1021479474009233
        ],
        "Spine": [
            -0.032140690338806434,
            0.031234689072516683,
            0.30857978297430805
        ],
        "Thorax": [
            -0.022734379477635427,
            0.17200672860730198,
            0.6426327438711377
        ],
        "Neck": [
            0.04729306363003487,
            0.002938903991465425,
            0.8432583993283752
        ],
        "Head": [
            0.06623877108688506,
            0.2663714291484182,
            0.8892208128197654
        ],
        "L_Shoulder": [
            -0.18764592454240683,
            0.13416479459079997,
            0.6412139836352205
        ],
        "L_Elbow": [
            -0.3195224851657827,
            0.4689950756362472,
            0.5152667595355871
        ],
        "L_Wrist": [
            -0.5022219894802178,
            0.29371143050661297,
            0.5708814408891719
        ],
        "R_Shoulder": [
            0.1183343175132592,
            0.11706602467183766,
            0.5510294065559164
        ],
        "R_Elbow": [
            0.15059722412889778,
            0.33505861069885073,
            0.25089938368609377
        ],
        "R_Wrist": [
            0.2428057818461996,
            0.4451602257308455,
            0.006978333912421351
        ]
    }
}