{
    "video": "edition38_sequence_18.mp4",
    "peak_id": 11,
    "frame_idx": 1573,
    "timestamp": 62.92,
    "total_score": 0.545,
    "skeleton_3d": {
        "Pelvis": [
            0.0,
            0.0,
            0.0
        ],
        "R_Hip": [
            0.11512217035022546,
            -0.03935102917232693,
            -0.039843590181354575
        ],
        "R_Knee": [
            -0.032063054014924756,
            -0.36953937568441636,
            -0.5596730993131822
        ],
        "R_Ankle": [
            -0.13327253653318552,
            -0.34514695104584325,
            -1.0872163214762725
        ],
        "L_Hip": [
            -0.11183451798505484,
            0.080635582258964,
            0.047806531530263
        ],
        "L_Knee": [
            -0.5743969383789733,
            -0.032077667802300286,
            -0.09436711467254293
        ],
        "L_Ankle": [
            -1.010785917664382,
            -0.18389386282595382,
            -0.1546785321405024
        ],
        "Spine": [
            0.06897746885049397,
            -0.022117558151715826,
            0.3195911711245535
        ],
        "Thorax": [
            0.13374773668883647,
            0.11780825752369067,
            0.6715303424772007
        ],
        "Neck": [
            0.06198432632511116,
            -0.015475388023653487,
            0.8633553893615877
        ],
        "Head": [
            0.08230535764962203,
            0.2220701348822822,
            0.914661839952559
        ],
        "L_Shoulder": [
            -0.10135706335635514,
            0.10767232055526121,
            0.6481608406923608
        ],
        "L_Elbow": [
            -0.4766519589012825,
            0.3104361118062698,
            0.6010018197873614
        ],
        "L_Wrist": [
            -0.7948704905763829,
            0.17596180936641256,
            0.6236388994387165
        ],
        "R_Shoulder": [
            0.3730000026450461,
            -0.07136058181281324,
            0.6043030323948148
        ],
        "R_Elbow": [
            0.7226267361004507,
            -0.38429195328683524,
            0.5040288201935724
        ],
        "R_Wrist": [
            1.0764147855095254,
            -0.7141997277600807,
            0.4493793291418375
        ]
    }
}