{
    "video": "edition41_sequence_4.mp4",
    "peak_id": 2,
    "frame_idx": 597,
    "timestamp": 23.88,
    "total_score": 0.951,
    "skeleton_3d": {
        "Pelvis": [
            0.0,
            0.0,
            0.0
        ],
        "R_Hip": [
            0.009526097191080387,
            0.028911233252912928,
            0.052781827663020614
        ],
        "R_Knee": [
            0.6195750038099569,
            -0.08855193493514957,
            0.19448618656023978
        ],
        "R_Ankle": [
            0.9961423779410274,
            -0.32776121580371687,
            0.33423208870722804
        ],
        "L_Hip": [
            0.0019371041509343918,
            0.026106956730363742,
            -0.05288707631882361
        ],
        "L_Knee": [
            0.05251146484668118,
            -0.05440743687221089,
            -0.7415344163007863
        ],
        "L_Ankle": [
            0.143294605304504,
            -0.18309992417996349,
            -1.2822354163155356
        ],
        "Spine": [
            -0.10424240880765714,
            -0.13999264199850414,
            0.2140995454881483
        ],
        "Thorax": [
            -0.17541166716004608,
            -0.19770080254589045,
            0.445667382062125
        ],
        "Neck": [
            -0.18562611851841845,
            -0.10947046516881574,
            0.5388098832099486
        ],
        "Head": [
            -0.19237868086507612,
            0.061183625516033055,
            0.47401829885005575
        ],
        "L_Shoulder": [
            -0.23677353959220446,
            -0.28062141455039513,
            0.45552332685432745
        ],
        "L_Elbow": [
            -0.2108670015083164,
            -0.6286968738842791,
            0.5651817627100902
        ],
        "L_Wrist": [
            -0.0660379998304453,
            -0.4208421086325028,
            0.9199010834296296
        ],
        "R_Shoulder": [
            -0.11875082137757278,
            -0.3084856762695104,
            0.3917964920670719
        ],
        "R_Elbow": [
            -0.029661936352013366,
            -0.17166191720979015,
            0.5391858779012975
        ],
        "R_Wrist": [
            0.05688753160629721,
            -0.1343048292244837,
            0.9014628412058235
        ]
    }
}