{
    "video": "edition41_sequence_4.mp4",
    "peak_id": 1,
    "frame_idx": 294,
    "timestamp": 11.76,
    "total_score": 0.508,
    "skeleton_3d": {
        "Pelvis": [
            0.0,
            0.0,
            0.0
        ],
        "R_Hip": [
            0.13614007904100334,
            -0.0545113090327833,
            -0.022273964383926974
        ],
        "R_Knee": [
            0.08726815288077633,
            -0.17051610610265933,
            -0.6831779421894302
        ],
        "R_Ankle": [
            -0.018763698389933935,
            0.11994378601662094,
            -1.288849012245827
        ],
        "L_Hip": [
            -0.12789272460489495,
            0.0844774164904937,
            0.030187879991109366
        ],
        "L_Knee": [
            -0.6564962197272243,
            0.16502068083950236,
            -0.15715677479136708
        ],
        "L_Ankle": [
            -1.1478399494063227,
            0.1309867261788554,
            -0.3081590281541252
        ],
        "Spine": [
            0.01292616704982458,
            -0.011716526381267786,
            0.337032299561233
        ],
        "Thorax": [
            0.018861831655200143,
            0.10958534151274464,
            0.7064533508126568
        ],
        "Neck": [
            -0.08349513151347993,
            -0.008086190769137868,
            0.8731526160972587
        ],
        "Head": [
            -0.05793596764611611,
            0.2520958940596854,
            0.9296878023361291
        ],
        "L_Shoulder": [
            -0.21408592257782993,
            0.12168117649043698,
            0.6459280257848891
        ],
        "L_Elbow": [
            -0.5053510675893789,
            0.23707683683157385,
            0.7593358218171328
        ],
        "L_Wrist": [
            -0.7391972192413582,
            0.2554368483747384,
            0.9430710670620492
        ],
        "R_Shoulder": [
            0.262763630957939,
            -0.046055530267429035,
            0.6882970364360845
        ],
        "R_Elbow": [
            0.5009379464213299,
            -0.3892207516638339,
            0.8436014902410873
        ],
        "R_Wrist": [
            0.7073804636301907,
            -0.4941255192327086,
            1.02847792079333
        ]
    }
}