{
    "video": "edition41_sequence_14.mp4",
    "peak_id": 2,
    "frame_idx": 455,
    "timestamp": 18.2,
    "total_score": 0.713,
    "skeleton_3d": {
        "Pelvis": [
            0.0,
            0.0,
            0.0
        ],
        "R_Hip": [
            -0.11049558372466108,
            -0.15100752259117275,
            -0.008035814554492504
        ],
        "R_Knee": [
            -0.6656472165156525,
            0.17073274756782203,
            -0.2119261230615915
        ],
        "R_Ankle": [
            -1.0914392341541388,
            0.20071096726887125,
            -0.2391614343258969
        ],
        "L_Hip": [
            0.1134439008814866,
            0.16589816087132944,
            0.010305998724780562
        ],
        "L_Knee": [
            0.2270951780926016,
            0.2563702202954761,
            -0.6538583203540096
        ],
        "L_Ankle": [
            0.36677109155566245,
            -0.07535300839624542,
            -1.1399906070050498
        ],
        "Spine": [
            -0.0034418307515412627,
            -0.08223635638746732,
            0.31689755796381874
        ],
        "Thorax": [
            0.004087373307190511,
            -0.14025583601259617,
            0.6420575213691831
        ],
        "Neck": [
            -0.19410047935339414,
            -0.21395470421272952,
            0.8352643416162522
        ],
        "Head": [
            -0.15398372636231403,
            -0.3373005515548672,
            0.8881991598735236
        ],
        "L_Shoulder": [
            0.05240155356004182,
            0.0822601620338344,
            0.6129567219228302
        ],
        "L_Elbow": [
            -0.4186106800397168,
            0.2627363602550283,
            0.5302306433086568
        ],
        "L_Wrist": [
            -0.7137214076142829,
            0.05846463306645541,
            0.5513609236876955
        ],
        "R_Shoulder": [
            -0.06806968910884269,
            -0.36551272023040315,
            0.5837235825158569
        ],
        "R_Elbow": [
            -0.3873126437251577,
            -0.6573327787327615,
            0.4765882629418134
        ],
        "R_Wrist": [
            -0.7511381994979834,
            -0.5119667085010703,
            0.49835847796156085
        ]
    }
}