{
    "video": "edition41_sequence_5.mp4",
    "peak_id": 1,
    "frame_idx": 278,
    "timestamp": 11.12,
    "total_score": 0.62,
    "skeleton_3d": {
        "Pelvis": [
            0.0,
            0.0,
            0.0
        ],
        "R_Hip": [
            0.05660654960587028,
            0.10170585048534034,
            -0.006696812101889298
        ],
        "R_Knee": [
            0.10110508068251885,
            0.1831859200916252,
            -0.5760443841058434
        ],
        "R_Ankle": [
            0.10624649674499607,
            0.4168987232966346,
            -1.1741870114239996
        ],
        "L_Hip": [
            -0.05333588819100247,
            -0.053883623868666644,
            0.0065193565996117
        ],
        "L_Knee": [
            0.1919493434052429,
            -0.17328037264915358,
            -0.07032616201201965
        ],
        "L_Ankle": [
            0.5617055289324776,
            -0.0775597206846317,
            -0.13344145659896658
        ],
        "Spine": [
            -0.063604962960702,
            0.002507388657730946,
            0.3502205613088808
        ],
        "Thorax": [
            -0.11856931216933012,
            0.042706276041928774,
            0.7386893504584793
        ],
        "Neck": [
            -0.17485150336404448,
            0.037201254757790576,
            0.9206979141699879
        ],
        "Head": [
            -0.17520845160761828,
            0.18538934987908992,
            0.9706851446511082
        ],
        "L_Shoulder": [
            -0.25797756622727375,
            -0.1276188357437106,
            0.6924111413021109
        ],
        "L_Elbow": [
            0.29203502563413913,
            -0.31063791794347273,
            0.5751932975464326
        ],
        "L_Wrist": [
            0.4264942628792724,
            0.0873652277075319,
            0.7907955012590697
        ],
        "R_Shoulder": [
            0.04588746072072448,
            0.14918194420087713,
            0.7090171798604642
        ],
        "R_Elbow": [
            0.27186913958223,
            0.45212258592795185,
            0.5971375734239762
        ],
        "R_Wrist": [
            0.46363706086098855,
            0.42908232339344576,
            0.8169087830642436
        ]
    }
}