{
    "video": "edition41_sequence_1.mp4",
    "peak_id": 2,
    "frame_idx": 540,
    "timestamp": 21.6,
    "total_score": 0.527,
    "skeleton_3d": {
        "Pelvis": [
            0.0,
            0.0,
            0.0
        ],
        "R_Hip": [
            0.12003081919278036,
            0.048794602564216936,
            0.022744664471901804
        ],
        "R_Knee": [
            0.5616073351503802,
            0.160547054751687,
            -0.18122130753769025
        ],
        "R_Ankle": [
            0.9275216422346567,
            0.10670141240653572,
            -0.27693045530664817
        ],
        "L_Hip": [
            -0.12011569739500329,
            -0.012489978331539878,
            -0.02050918449709061
        ],
        "L_Knee": [
            -0.0556788250245928,
            0.021839450230236108,
            -0.6838312729204327
        ],
        "L_Ankle": [
            -0.037687440244289154,
            0.3919555715153254,
            -1.2746429777236707
        ],
        "Spine": [
            -0.0066845991500049575,
            -0.02498361844392787,
            0.33023748886459314
        ],
        "Thorax": [
            0.025269669576202008,
            0.11781586591167123,
            0.7018451884990758
        ],
        "Neck": [
            0.147895061234099,
            -0.040973071049136174,
            0.8567278859354336
        ],
        "Head": [
            0.13250079209208285,
            0.24083680922356124,
            0.9203271202709528
        ],
        "L_Shoulder": [
            -0.19583134042492897,
            -0.01925415686672042,
            0.6817533239880138
        ],
        "L_Elbow": [
            -0.5195103369668882,
            -0.08426304246633584,
            0.5796464784888541
        ],
        "L_Wrist": [
            -0.6341635638781846,
            -0.5508824808818289,
            0.46864702895771604
        ],
        "R_Shoulder": [
            0.22322283393192574,
            0.08588997396350662,
            0.628635990751424
        ],
        "R_Elbow": [
            0.48200660415593477,
            0.16938359565619757,
            0.5555098840238305
        ],
        "R_Wrist": [
            0.7762295750753082,
            0.16057599933239625,
            0.5402524249715737
        ]
    }
}