{
    "video": "edition41_sequence_10.mp4",
    "peak_id": 0,
    "frame_idx": 110,
    "timestamp": 4.4,
    "total_score": 0.75,
    "skeleton_3d": {
        "Pelvis": [
            0.0,
            0.0,
            0.0
        ],
        "R_Hip": [
            0.09588976423096716,
            0.07681475114834281,
            0.05474069297961233
        ],
        "R_Knee": [
            0.5840284412960749,
            0.042485690824949025,
            0.1987767712556479
        ],
        "R_Ankle": [
            0.9639662825281886,
            -0.2137032328430648,
            0.37190749953701574
        ],
        "L_Hip": [
            -0.08319842134959726,
            -0.0479182201696343,
            -0.0575696486971757
        ],
        "L_Knee": [
            -0.013347778055489031,
            -0.24199607252805452,
            -0.6113352989217942
        ],
        "L_Ankle": [
            -0.05676667666570309,
            -0.24997243518040965,
            -1.1925498597284592
        ],
        "Spine": [
            -0.12778234821420836,
            0.0531457345163945,
            0.2841073175146473
        ],
        "Thorax": [
            -0.20413977016295623,
            0.25524619846300345,
            0.5996678287941126
        ],
        "Neck": [
            -0.06428932358040867,
            0.11576359555236056,
            0.7965226435428897
        ],
        "Head": [
            -0.074241176009502,
            0.37680481438038066,
            0.8227961185935765
        ],
        "L_Shoulder": [
            -0.40460829000594944,
            0.06495617953975953,
            0.5488530710373347
        ],
        "L_Elbow": [
            -0.6947209786497756,
            -0.16549401754360896,
            0.44539280684889004
        ],
        "L_Wrist": [
            -0.9680381070557336,
            -0.4338893000897803,
            0.3914844393691888
        ],
        "R_Shoulder": [
            -0.019139709248249134,
            0.26177515009686536,
            0.5745721667301217
        ],
        "R_Elbow": [
            0.18567067048429373,
            0.04401472218153357,
            0.8297557948913271
        ],
        "R_Wrist": [
            0.2957111636955523,
            0.00814503534119127,
            1.1532174547816079
        ]
    }
}