{
    "video": "edition41_sequence_5.mp4",
    "peak_id": 6,
    "frame_idx": 1037,
    "timestamp": 41.48,
    "total_score": 0.623,
    "skeleton_3d": {
        "Pelvis": [
            0.0,
            0.0,
            0.0
        ],
        "R_Hip": [
            0.0999480443939006,
            0.02189462458942215,
            -0.049755888599847885
        ],
        "R_Knee": [
            0.13457084994383567,
            -0.14215028264178342,
            -0.6494196840285599
        ],
        "R_Ankle": [
            0.2720285620191857,
            -0.011180356638193117,
            -1.1906046075136512
        ],
        "L_Hip": [
            -0.10400334120048832,
            0.048400882718920256,
            0.0546178672768635
        ],
        "L_Knee": [
            -0.6667336702837708,
            0.13612588211046406,
            0.03609371068224043
        ],
        "L_Ankle": [
            -1.1942052183544507,
            0.2115651444828808,
            0.08873911046441066
        ],
        "Spine": [
            0.12677866699213536,
            -0.09383135329297122,
            0.27033138598271667
        ],
        "Thorax": [
            0.2436913245591893,
            0.033518272668547976,
            0.582658253109164
        ],
        "Neck": [
            0.23475135510319375,
            -0.0941521703941655,
            0.8044967969347013
        ],
        "Head": [
            0.2397340098472149,
            0.17157435220926545,
            0.831261547343785
        ],
        "L_Shoulder": [
            0.05814585216036289,
            -0.12725148321902272,
            0.5804489971917526
        ],
        "L_Elbow": [
            -0.17256612011226047,
            -0.4624514615200367,
            0.39876125093145565
        ],
        "L_Wrist": [
            -0.02370740153120016,
            -0.8007068707599209,
            0.173878449391248
        ],
        "R_Shoulder": [
            0.42970090541393025,
            -0.04925202798917236,
            0.4942462610772012
        ],
        "R_Elbow": [
            0.7851009190266691,
            -0.30854984523877105,
            0.37098220257339615
        ],
        "R_Wrist": [
            1.1371791802955442,
            -0.6468720839980489,
            0.3282259979679337
        ]
    }
}