{
    "video": "edition41_sequence_17.mp4",
    "peak_id": 5,
    "frame_idx": 733,
    "timestamp": 29.32,
    "total_score": 0.871,
    "skeleton_3d": {
        "Pelvis": [
            0.0,
            0.0,
            0.0
        ],
        "R_Hip": [
            0.1093241955616269,
            -0.008855233854561164,
            -0.06119817096283818
        ],
        "R_Knee": [
            0.1398827713764389,
            -0.3959709208751789,
            -0.6421420958307218
        ],
        "R_Ankle": [
            0.19618277351520413,
            -0.5569599854912959,
            -1.221079595970158
        ],
        "L_Hip": [
            -0.11330069850750893,
            0.0501715802864714,
            0.0647885412273839
        ],
        "L_Knee": [
            -0.608375930281443,
            0.08248553443737411,
            0.14630907512152128
        ],
        "L_Ankle": [
            -1.019253597463697,
            -0.13635926841943583,
            0.27280639564199016
        ],
        "Spine": [
            0.0934226037517326,
            0.08265837973658606,
            0.2893801883961746
        ],
        "Thorax": [
            0.17158718818478336,
            0.3395017702653021,
            0.6094417521804429
        ],
        "Neck": [
            0.17859899651058633,
            0.24901631333529864,
            0.7847536399813707
        ],
        "Head": [
            0.18568653912467742,
            0.52452516466078,
            0.804779824128988
        ],
        "L_Shoulder": [
            -0.03697201162442224,
            0.3439730264066528,
            0.5584621277233213
        ],
        "L_Elbow": [
            -0.3746449130440097,
            0.46363495907798064,
            0.4774349007335858
        ],
        "L_Wrist": [
            -0.7043958159709646,
            0.430699883739247,
            0.5396869447981998
        ],
        "R_Shoulder": [
            0.38743147774770725,
            0.11517514579693361,
            0.5936535522935272
        ],
        "R_Elbow": [
            0.5577811544154582,
            -0.2866573765038377,
            0.835925418399282
        ],
        "R_Wrist": [
            0.6609598835169862,
            -0.24778531688643596,
            1.14521846660379
        ]
    }
}