{
    "video": "edition41_sequence_14.mp4",
    "peak_id": 5,
    "frame_idx": 754,
    "timestamp": 30.16,
    "total_score": 0.6,
    "skeleton_3d": {
        "Pelvis": [
            0.0,
            0.0,
            0.0
        ],
        "R_Hip": [
            0.12020079421816215,
            -0.05511576096492684,
            0.006769743664821335
        ],
        "R_Knee": [
            0.10814698563824914,
            -0.3058636216828196,
            -0.5294235737089578
        ],
        "R_Ankle": [
            0.06310508730392916,
            -0.8905758464109746,
            -0.9589926329507251
        ],
        "L_Hip": [
            -0.11498676276262147,
            0.05326901530004622,
            -0.008751013227870547
        ],
        "L_Knee": [
            0.16854712222571908,
            0.11643749313821494,
            0.1981244706453098
        ],
        "L_Ankle": [
            0.41555592947317377,
            -0.3225425219582479,
            0.3641767736039678
        ],
        "Spine": [
            -0.07696260235255153,
            0.22328608205015485,
            0.31255409766263365
        ],
        "Thorax": [
            -0.13043092405438828,
            0.48315441201225756,
            0.644520898611094
        ],
        "Neck": [
            -0.112859696835066,
            0.41931084145193254,
            0.8431340499360037
        ],
        "Head": [
            -0.12120629324416289,
            0.6210834152824996,
            0.8623324893633283
        ],
        "L_Shoulder": [
            -0.3304348889299588,
            0.35212880632414156,
            0.6267641417583774
        ],
        "L_Elbow": [
            -0.4528022710634976,
            0.04602491767621017,
            0.9351366639699565
        ],
        "L_Wrist": [
            -0.3989034766160107,
            -0.05034841186277705,
            1.3049863093654301
        ],
        "R_Shoulder": [
            0.07039324635145168,
            0.40498817249193214,
            0.628051713437079
        ],
        "R_Elbow": [
            0.23984852917278934,
            0.14244409209965503,
            0.8830278924350183
        ],
        "R_Wrist": [
            0.28398837541998573,
            0.07016748010309787,
            1.265607893243434
        ]
    }
}