{
    "video": "edition41_sequence_5.mp4",
    "peak_id": 3,
    "frame_idx": 481,
    "timestamp": 19.24,
    "total_score": 0.466,
    "skeleton_3d": {
        "Pelvis": [
            0.0,
            0.0,
            0.0
        ],
        "R_Hip": [
            0.1192060601049767,
            -0.0611015074692457,
            0.007324702554682451
        ],
        "R_Knee": [
            0.562841005618943,
            0.2037981949397424,
            -0.30922422286029855
        ],
        "R_Ankle": [
            1.0064290323946006,
            0.33678861084177775,
            -0.47332146061365266
        ],
        "L_Hip": [
            -0.11952276473072121,
            0.0805078794032459,
            -0.00811713025703742
        ],
        "L_Knee": [
            -0.11394633505610112,
            -0.14718562801749085,
            -0.5933441933302256
        ],
        "L_Ankle": [
            -0.16815393015430566,
            -0.22665345234571654,
            -1.118011721319545
        ],
        "Spine": [
            0.0057469445046574134,
            0.06287687205582414,
            0.3177320367663019
        ],
        "Thorax": [
            0.054928331270071115,
            0.1920027637994399,
            0.6718030322649471
        ],
        "Neck": [
            0.17469574460544815,
            0.08555619361962144,
            0.846949563762488
        ],
        "Head": [
            0.17765611212387664,
            0.31208522269989797,
            0.8823939368752586
        ],
        "L_Shoulder": [
            -0.10495812882321098,
            0.20507020429161454,
            0.6930731954620248
        ],
        "L_Elbow": [
            -0.2506827591125694,
            0.31670872312161313,
            0.9297485556674291
        ],
        "L_Wrist": [
            -0.3988101051548453,
            0.4051836380664174,
            1.1651765033521613
        ],
        "R_Shoulder": [
            0.19073149599740977,
            0.050634452895289,
            0.5656432596286857
        ],
        "R_Elbow": [
            0.3427224172656803,
            -0.31321790866196225,
            0.2553113372654061
        ],
        "R_Wrist": [
            0.08084312277504063,
            -0.6518927457916988,
            0.11378079348035379
        ]
    }
}