{
    "video": "edition41_sequence_5.mp4",
    "peak_id": 9,
    "frame_idx": 1473,
    "timestamp": 58.92,
    "total_score": 0.564,
    "skeleton_3d": {
        "Pelvis": [
            0.0,
            0.0,
            0.0
        ],
        "R_Hip": [
            0.08253084427518645,
            0.005267940374494267,
            -0.013156130989113335
        ],
        "R_Knee": [
            0.029787237973195893,
            0.08690706365524553,
            -0.6466219665914809
        ],
        "R_Ankle": [
            -0.08469870236038038,
            0.3766687226204454,
            -1.2490100403237576
        ],
        "L_Hip": [
            -0.08976088841460206,
            0.04883171625093815,
            0.01153003893949041
        ],
        "L_Knee": [
            0.39077225174449914,
            0.4486652111533968,
            -0.13086205830965378
        ],
        "L_Ankle": [
            0.7968513833966286,
            0.6845516860781486,
            -0.13134739379229216
        ],
        "Spine": [
            -0.023429421938861012,
            -0.10857901417479215,
            0.31680615448914834
        ],
        "Thorax": [
            -0.021304457983017396,
            -0.05420118548414322,
            0.665910827769653
        ],
        "Neck": [
            0.015973378313759657,
            -0.1804206899009439,
            0.9425904530435759
        ],
        "Head": [
            -0.020947383674443414,
            -0.005451991189562106,
            0.9663347521344441
        ],
        "L_Shoulder": [
            -0.2119264900302357,
            -0.06299555170266415,
            0.601069425468409
        ],
        "L_Elbow": [
            -0.5118209332623442,
            -0.13744487534040412,
            0.4926038784627722
        ],
        "L_Wrist": [
            -0.8452663856809396,
            -0.3533300738108453,
            0.3879079481508584
        ],
        "R_Shoulder": [
            0.17861140916128318,
            -0.09615263187191159,
            0.6401972593518278
        ],
        "R_Elbow": [
            0.5758336288633629,
            -0.26120503553268154,
            0.6228646250186117
        ],
        "R_Wrist": [
            0.9434016081509226,
            -0.40265475285092656,
            0.7697784392618472
        ]
    }
}