{
    "video": "edition41_sequence_10.mp4",
    "peak_id": 3,
    "frame_idx": 616,
    "timestamp": 24.64,
    "total_score": 0.9,
    "skeleton_3d": {
        "Pelvis": [
            0.0,
            0.0,
            0.0
        ],
        "R_Hip": [
            0.15282029157729368,
            0.07349928095567515,
            0.04989075980102093
        ],
        "R_Knee": [
            0.17807703739280317,
            -0.08655294076898484,
            0.6172784131480378
        ],
        "R_Ankle": [
            0.15005040736873246,
            -0.20887213780884586,
            1.2352770027156088
        ],
        "L_Hip": [
            -0.1357961046001835,
            -0.06881717582419422,
            -0.053983215051252906
        ],
        "L_Knee": [
            -0.08951716358380997,
            -0.16943107314595465,
            -0.6559600000090929
        ],
        "L_Ankle": [
            -0.14557352995013065,
            0.1969046833733889,
            -1.1944403243520663
        ],
        "Spine": [
            -0.135851787222775,
            0.12511962784338393,
            0.24463485953824896
        ],
        "Thorax": [
            -0.2255836674038803,
            0.3610932158513278,
            0.5175158169372672
        ],
        "Neck": [
            -0.14662392770398286,
            0.12689426673946347,
            0.7069306981740471
        ],
        "Head": [
            -0.17556908989617884,
            0.506420401855174,
            0.742366814676946
        ],
        "L_Shoulder": [
            -0.45271932477981575,
            0.1847142537485408,
            0.45943286004259165
        ],
        "L_Elbow": [
            -0.7835854410298272,
            -0.04847596441568296,
            0.3656459227789178
        ],
        "L_Wrist": [
            -1.1218320333298069,
            -0.22856058058203288,
            0.29884374146816867
        ],
        "R_Shoulder": [
            0.0058827578576882466,
            0.3040867987230151,
            0.518581617135308
        ],
        "R_Elbow": [
            0.24485875914617922,
            0.30450817044416906,
            0.31278951954928735
        ],
        "R_Wrist": [
            0.336575624224184,
            -0.06837667679591469,
            0.33104678569684765
        ]
    }
}