{
    "video": "edition41_sequence_10.mp4",
    "peak_id": 7,
    "frame_idx": 1699,
    "timestamp": 67.96,
    "total_score": 0.953,
    "skeleton_3d": {
        "Pelvis": [
            0.0,
            0.0,
            0.0
        ],
        "R_Hip": [
            0.1166212657714236,
            -0.1703295040825561,
            -0.061581932246994084
        ],
        "R_Knee": [
            0.08922933481723536,
            -0.3421938933801802,
            -0.7218119118896298
        ],
        "R_Ankle": [
            0.19261144478916586,
            -0.19131288550122366,
            -1.2981769614547332
        ],
        "L_Hip": [
            -0.12069241152510364,
            0.1700315860043186,
            0.05696324034518382
        ],
        "L_Knee": [
            -0.24796829723134034,
            -0.06403849738721898,
            0.6755861729317085
        ],
        "L_Ankle": [
            -0.3825897700597713,
            -0.18071116580966565,
            1.2362722540349051
        ],
        "Spine": [
            0.13471336919882615,
            0.03544621322393191,
            0.2822949611564578
        ],
        "Thorax": [
            0.25645409528635427,
            0.20749614612385295,
            0.5834635780158423
        ],
        "Neck": [
            0.15317639098463948,
            0.011197218155666908,
            0.7669973234436974
        ],
        "Head": [
            0.1848949393085608,
            0.38698335329391925,
            0.8027346898868383
        ],
        "L_Shoulder": [
            0.03178926551005462,
            0.2624602917088682,
            0.6116160802720293
        ],
        "L_Elbow": [
            -0.13797913334176062,
            0.3082975376230675,
            0.8690934127920599
        ],
        "L_Wrist": [
            -0.19490248194092052,
            0.15799298529523015,
            0.3337550492463236
        ],
        "R_Shoulder": [
            0.4872309439950933,
            -0.06400251112681977,
            0.4811692192017798
        ],
        "R_Elbow": [
            0.8079732087853897,
            -0.44522897305802855,
            0.32059503091869984
        ],
        "R_Wrist": [
            1.158626501486925,
            -0.8399024037343404,
            0.19135047212979236
        ]
    }
}