{
    "video": "edition41_sequence_4.mp4",
    "peak_id": 5,
    "frame_idx": 2258,
    "timestamp": 90.32,
    "total_score": 0.406,
    "skeleton_3d": {
        "Pelvis": [
            0.0,
            0.0,
            0.0
        ],
        "R_Hip": [
            0.12961503724279833,
            0.09398966249361541,
            -0.000744263026288444
        ],
        "R_Knee": [
            0.008382479798383774,
            0.5990586850539954,
            -0.49904259872826756
        ],
        "R_Ankle": [
            -0.12256605638457624,
            1.1309242975693874,
            -0.488532846001852
        ],
        "L_Hip": [
            -0.12989308741382047,
            -0.05591937980181417,
            0.008036499685905057
        ],
        "L_Knee": [
            -0.14393912578750218,
            -0.10215927441665404,
            -0.6097318518415492
        ],
        "L_Ankle": [
            -0.14486114000831438,
            0.025593111959990755,
            -1.2100281143481162
        ],
        "Spine": [
            0.006954306707332272,
            -0.03577363180259887,
            0.3152376715469152
        ],
        "Thorax": [
            0.03231627048973243,
            0.0990949194099924,
            0.6768884475918112
        ],
        "Neck": [
            0.14911330700965697,
            -0.07216070638506389,
            0.9201964283493437
        ],
        "Head": [
            0.12280933656885068,
            0.1296266069193143,
            0.9592293227570027
        ],
        "L_Shoulder": [
            -0.1998288438159092,
            -0.0002659611439264295,
            0.6354515962883381
        ],
        "L_Elbow": [
            -0.5956398639306822,
            -0.011249066028082818,
            0.5197390310223278
        ],
        "L_Wrist": [
            -0.9502447191687846,
            -0.2037875140918084,
            0.5310965764831179
        ],
        "R_Shoulder": [
            0.2527627594190016,
            0.03181420260956255,
            0.6084505802681838
        ],
        "R_Elbow": [
            0.6061052885814265,
            -0.25151089359880435,
            0.5467418026098354
        ],
        "R_Wrist": [
            0.9242252603621759,
            -0.3265039518882125,
            0.7130164632188418
        ]
    }
}