{
    "video": "edition41_sequence_4.mp4",
    "peak_id": 4,
    "frame_idx": 2062,
    "timestamp": 82.48,
    "total_score": 0.504,
    "skeleton_3d": {
        "Pelvis": [
            0.0,
            0.0,
            0.0
        ],
        "R_Hip": [
            0.11496269462021512,
            -0.16710598101761148,
            0.0028640206932920302
        ],
        "R_Knee": [
            0.1356228431979893,
            -0.5429877444765309,
            -0.5202376584615512
        ],
        "R_Ankle": [
            0.16323746157185393,
            -0.7551924798858854,
            -1.135661975111988
        ],
        "L_Hip": [
            -0.10874714176366039,
            0.17595995603282122,
            -0.0010292823950028176
        ],
        "L_Knee": [
            -0.07826233798380815,
            0.6760488001325929,
            -0.46189332000952776
        ],
        "L_Ankle": [
            0.12270759539229342,
            1.232996149653823,
            -0.5907935689713387
        ],
        "Spine": [
            -0.01467687061474744,
            0.10564057581540626,
            0.28796306443378733
        ],
        "Thorax": [
            -0.02386688642764068,
            0.3660293171330092,
            0.6272012639839871
        ],
        "Neck": [
            -0.13708022370842096,
            0.24307352341925345,
            0.7859305859699783
        ],
        "Head": [
            -0.10994323329753328,
            0.5153676851821495,
            0.8220199621740462
        ],
        "L_Shoulder": [
            -0.20178408726470945,
            0.36102973513689424,
            0.5460003671916426
        ],
        "L_Elbow": [
            -0.41732863689153504,
            0.5685969094313056,
            0.38917177338396935
        ],
        "L_Wrist": [
            -0.5308969209208769,
            0.20657795005275428,
            0.3338236350521035
        ],
        "R_Shoulder": [
            0.1740046688992298,
            0.10758494367043771,
            0.623352286927058
        ],
        "R_Elbow": [
            0.41208838151678256,
            -0.29488433962305544,
            0.8004924859408709
        ],
        "R_Wrist": [
            0.6227958654499922,
            -0.305956562957932,
            1.0229963847214063
        ]
    }
}