{
    "video": "edition30_sequence_0.mp4",
    "peak_id": 6,
    "frame_idx": 813,
    "timestamp": 32.52,
    "total_score": 0.805,
    "skeleton_3d": {
        "Pelvis": [
            0.0,
            0.0,
            0.0
        ],
        "R_Hip": [
            0.09653335807695096,
            -0.15252190960980408,
            -0.07033265787303818
        ],
        "R_Knee": [
            -0.017213063153775725,
            -0.12489741037419395,
            -0.7308312271606381
        ],
        "R_Ankle": [
            -0.0012377302574460756,
            -0.13844163273982554,
            -1.316585427426346
        ],
        "L_Hip": [
            -0.09476313314596899,
            0.14120043907875263,
            0.07571543088542032
        ],
        "L_Knee": [
            -0.501247517561912,
            -0.06372963695238729,
            0.4454977589964427
        ],
        "L_Ankle": [
            -0.9266093500116505,
            -0.08838520795780436,
            0.700895920291978
        ],
        "Spine": [
            0.10405693981689439,
            -0.01897400640584684,
            0.3297131099882697
        ],
        "Thorax": [
            0.16879835486505496,
            0.10094422065807256,
            0.6433433833342981
        ],
        "Neck": [
            0.135996781442893,
            0.027849043023598065,
            0.9096735000434849
        ],
        "Head": [
            0.1479486251571914,
            0.08373502674787192,
            0.9512436467481723
        ],
        "L_Shoulder": [
            -0.043762992158796324,
            0.10898337863505717,
            0.61294417274687
        ],
        "L_Elbow": [
            -0.40532833478680774,
            0.012510522310990566,
            0.6368441655265799
        ],
        "L_Wrist": [
            -0.8049225144256371,
            -0.19434013847023524,
            0.7064959266437884
        ],
        "R_Shoulder": [
            0.38627494036394966,
            0.030415436629262004,
            0.6587055531790335
        ],
        "R_Elbow": [
            0.5046531127395061,
            -0.23047607243718507,
            1.025137105089848
        ],
        "R_Wrist": [
            0.6505952882298749,
            -0.17516759913022528,
            1.3834865675039907
        ]
    }
}