{
    "video": "edition30_sequence_3.mp4",
    "peak_id": 15,
    "frame_idx": 3204,
    "timestamp": 128.16,
    "total_score": 0.858,
    "skeleton_3d": {
        "Pelvis": [
            0.0,
            0.0,
            0.0
        ],
        "R_Hip": [
            0.07377687687622132,
            0.18126100433064993,
            0.04344568657732682
        ],
        "R_Knee": [
            0.45058004732331847,
            0.0769245837729896,
            0.4604389785687084
        ],
        "R_Ankle": [
            0.8819179348315138,
            0.21959664339816912,
            0.5632880971370277
        ],
        "L_Hip": [
            -0.08029598227340248,
            -0.18347657679808957,
            -0.0370872079705285
        ],
        "L_Knee": [
            0.05317158272658538,
            -0.10654741173734654,
            -0.66879288693132
        ],
        "L_Ankle": [
            0.17980420848582224,
            -0.06014270963337128,
            -1.1961325648381222
        ],
        "Spine": [
            -0.06198710388644522,
            -0.05535373795304755,
            0.33935153210331565
        ],
        "Thorax": [
            -0.12237564018874124,
            -0.17897968401173275,
            0.6801486851972902
        ],
        "Neck": [
            -0.09883587025073788,
            -0.20919230414427667,
            0.8987643561630081
        ],
        "Head": [
            -0.12131710112147195,
            -0.16606666378051843,
            0.9478901419646569
        ],
        "L_Shoulder": [
            -0.2382592132979208,
            -0.31225901711189524,
            0.5843305219341709
        ],
        "L_Elbow": [
            0.012726760364477523,
            -0.5687979844169411,
            0.6065598155164438
        ],
        "L_Wrist": [
            0.08781185649053028,
            -0.24107184225951658,
            0.6712233975902253
        ],
        "R_Shoulder": [
            0.011809557881269108,
            -0.02376643636026971,
            0.7700673840315659
        ],
        "R_Elbow": [
            0.07679421494608514,
            0.1470433325622738,
            1.0627349097526442
        ],
        "R_Wrist": [
            -0.03419364851495164,
            0.01677517157477553,
            1.319722749351189
        ]
    }
}