{
    "video": "edition30_sequence_0.mp4",
    "peak_id": 12,
    "frame_idx": 1445,
    "timestamp": 57.8,
    "total_score": 0.529,
    "skeleton_3d": {
        "Pelvis": [
            0.0,
            0.0,
            0.0
        ],
        "R_Hip": [
            0.12865121967817505,
            -0.0819116897297867,
            -0.02038262168579367
        ],
        "R_Knee": [
            0.01998965433310993,
            -0.08714156774952951,
            -0.7041037713499237
        ],
        "R_Ankle": [
            -0.01061801303127217,
            -0.13646586589336615,
            -1.2941306426410586
        ],
        "L_Hip": [
            -0.13291563163637726,
            0.038744804499050774,
            0.023064071580594904
        ],
        "L_Knee": [
            -0.025535368994136824,
            0.35580084202754675,
            0.188944350066055
        ],
        "L_Ankle": [
            0.4376084799734622,
            0.5965171688567042,
            -0.02744085105957903
        ],
        "Spine": [
            -0.04550952888784959,
            -0.009032524537422149,
            0.3652114342635896
        ],
        "Thorax": [
            -0.09106726353217677,
            -0.04367861451561663,
            0.7310309680465376
        ],
        "Neck": [
            -0.15043025473003097,
            -0.11016115614179457,
            0.9909711771633748
        ],
        "Head": [
            -0.16005644070117805,
            -0.009215525161995067,
            1.0447070487900925
        ],
        "L_Shoulder": [
            -0.2942169561655073,
            -0.05138091947814781,
            0.6968425419292436
        ],
        "L_Elbow": [
            -0.5045328101333743,
            -0.13752529677992612,
            0.979140375258511
        ],
        "L_Wrist": [
            -0.6999096979172871,
            -0.19674143416538786,
            1.3603207862959632
        ],
        "R_Shoulder": [
            0.1084126823941962,
            0.053568202203926586,
            0.7554286796867681
        ],
        "R_Elbow": [
            0.23386016686023006,
            0.21642394285301023,
            1.0413334413855002
        ],
        "R_Wrist": [
            0.3705867326067809,
            0.1264926405045757,
            1.37015653183933
        ]
    }
}