{
    "video": "edition30_sequence_3.mp4",
    "peak_id": 0,
    "frame_idx": 1143,
    "timestamp": 45.72,
    "total_score": 0.4,
    "skeleton_3d": {
        "Pelvis": [
            0.0,
            0.0,
            0.0
        ],
        "R_Hip": [
            0.12057047882363896,
            0.17081407631490028,
            0.03916791854899899
        ],
        "R_Knee": [
            0.5432736468841758,
            -0.0050458973954754524,
            -0.3005569790062531
        ],
        "R_Ankle": [
            0.45915449421937016,
            0.299475457960886,
            -0.8215454560314813
        ],
        "L_Hip": [
            -0.12569850999623755,
            -0.16977302986274254,
            -0.038326105422164185
        ],
        "L_Knee": [
            -0.0002922901268159997,
            -0.11495823716883907,
            -0.6690435654531591
        ],
        "L_Ankle": [
            0.14250779352717746,
            -0.08210214645976259,
            -1.2228442086402032
        ],
        "Spine": [
            -0.026416766683629373,
            -0.044456990169353575,
            0.33656675972311134
        ],
        "Thorax": [
            -0.05694473469638471,
            -0.18921027786372058,
            0.6493680454933598
        ],
        "Neck": [
            -0.14740554787256582,
            -0.2458447479093336,
            0.9136814013945671
        ],
        "Head": [
            -0.1647489597393886,
            -0.17262842357886912,
            0.9790476503830258
        ],
        "L_Shoulder": [
            -0.2809179421584326,
            -0.225390937786185,
            0.5828127245110118
        ],
        "L_Elbow": [
            -0.5699747579288786,
            -0.06726180099099821,
            0.47302810415101987
        ],
        "L_Wrist": [
            -0.8610041685911032,
            -0.008047010219104977,
            0.3668899452781013
        ],
        "R_Shoulder": [
            0.17724485151240701,
            -0.0265804539215306,
            0.6804936161288831
        ],
        "R_Elbow": [
            0.43030489538744426,
            0.29394920352064335,
            0.6470492869580352
        ],
        "R_Wrist": [
            0.6782235828705311,
            0.3316323397284927,
            0.6407322324681477
        ]
    }
}