{
    "video": "edition30_sequence_3.mp4",
    "peak_id": 16,
    "frame_idx": 3372,
    "timestamp": 134.88,
    "total_score": 0.452,
    "skeleton_3d": {
        "Pelvis": [
            0.0,
            0.0,
            0.0
        ],
        "R_Hip": [
            0.11796600717591336,
            -0.13171719551992184,
            -0.02660950275081542
        ],
        "R_Knee": [
            0.034425000893445905,
            -0.15802732895303023,
            -0.6359352760664383
        ],
        "R_Ankle": [
            0.11515377159326198,
            -0.07815152720998209,
            -1.172504527990681
        ],
        "L_Hip": [
            -0.11245511532698553,
            0.1300256365136549,
            0.023895683060342524
        ],
        "L_Knee": [
            -0.5391913650986486,
            -0.12183716497262329,
            -0.27897768535813056
        ],
        "L_Ankle": [
            -0.6386771041821452,
            0.019409821123282777,
            -0.8919943415060398
        ],
        "Spine": [
            -0.02695940608240338,
            -0.048847507397873566,
            0.336079557864345
        ],
        "Thorax": [
            -0.07310893342075521,
            -0.16127912819926052,
            0.6500960642110769
        ],
        "Neck": [
            -0.2736824302814049,
            -0.2479635298814635,
            0.8827014457691525
        ],
        "Head": [
            -0.26483326668609947,
            -0.2351084823436533,
            0.9560539190044729
        ],
        "L_Shoulder": [
            -0.24211283682004073,
            -0.03735557558547289,
            0.5891422370090654
        ],
        "L_Elbow": [
            -0.49166443972858337,
            -0.012667556774034455,
            0.36713256449273707
        ],
        "L_Wrist": [
            -0.7754385913264356,
            -0.24032184322051028,
            0.2181295220479714
        ],
        "R_Shoulder": [
            0.11838749182253526,
            -0.1611865434926031,
            0.6591381955521409
        ],
        "R_Elbow": [
            0.3238533884630158,
            0.17567353845939523,
            0.5390090293136394
        ],
        "R_Wrist": [
            0.5763470703603213,
            0.2537182542751534,
            0.482077549200403
        ]
    }
}