{
    "video": "edition30_sequence_3.mp4",
    "peak_id": 18,
    "frame_idx": 3676,
    "timestamp": 147.04,
    "total_score": 0.961,
    "skeleton_3d": {
        "Pelvis": [
            0.0,
            0.0,
            0.0
        ],
        "R_Hip": [
            0.089098300090946,
            -0.1501567569116642,
            -0.062382616956052434
        ],
        "R_Knee": [
            -0.006877450977922268,
            -0.15824192713968124,
            -0.7165068345962837
        ],
        "R_Ankle": [
            0.06420531063276455,
            -0.18903812088635696,
            -1.2900808576636444
        ],
        "L_Hip": [
            -0.087507677419455,
            0.14219695631208285,
            0.06708342494221589
        ],
        "L_Knee": [
            -0.5388400708571516,
            -0.13557810937317566,
            0.22075110607883425
        ],
        "L_Ankle": [
            -1.0210861049760118,
            -0.16177322195396987,
            0.350461020420362
        ],
        "Spine": [
            0.10270844677861926,
            0.014135186776050948,
            0.33080538418180855
        ],
        "Thorax": [
            0.1801273240643835,
            0.1573910312462613,
            0.6479780459487654
        ],
        "Neck": [
            0.1623836357137799,
            0.08158586952504529,
            0.8854813040972062
        ],
        "Head": [
            0.1707855700425197,
            0.17438826247951092,
            0.9277208847054389
        ],
        "L_Shoulder": [
            -0.03231131019987197,
            0.14883749548645903,
            0.6208249985033728
        ],
        "L_Elbow": [
            -0.3437845238516951,
            -0.03981642143201676,
            0.6303233819578978
        ],
        "L_Wrist": [
            -0.6316745640103957,
            -0.2778001338646581,
            0.7634214223596187
        ],
        "R_Shoulder": [
            0.39219406578181537,
            0.06668089031707748,
            0.6552746818689061
        ],
        "R_Elbow": [
            0.5456991269810105,
            -0.19572631115017067,
            0.9737035970181761
        ],
        "R_Wrist": [
            0.6479142621570553,
            -0.12190619727729117,
            1.2879266893901036
        ]
    }
}