{
    "video": "edition30_sequence_13.mp4",
    "peak_id": 6,
    "frame_idx": 1983,
    "timestamp": 79.32,
    "total_score": 0.604,
    "skeleton_3d": {
        "Pelvis": [
            0.0,
            0.0,
            0.0
        ],
        "R_Hip": [
            0.13102721974084475,
            0.17372559641485089,
            0.033162064939247934
        ],
        "R_Knee": [
            0.5350134528049045,
            0.33190500318771643,
            -0.3803866419855551
        ],
        "R_Ankle": [
            0.9391362781841903,
            0.6905604451202273,
            -0.6152725480340558
        ],
        "L_Hip": [
            -0.13322337976207196,
            -0.17177531570122423,
            -0.031110722994606124
        ],
        "L_Knee": [
            -0.1086003515442034,
            -0.14087520373388518,
            -0.7183455427299462
        ],
        "L_Ankle": [
            -0.12956411171476037,
            -0.09163300394504746,
            -1.2887253542753283
        ],
        "Spine": [
            -0.017605468263721568,
            -0.0323241640522084,
            0.3508166855627751
        ],
        "Thorax": [
            -0.025224973928724016,
            -0.126270022795149,
            0.6731274550411768
        ],
        "Neck": [
            0.04651640454359378,
            -0.16914029948529613,
            0.9568967744551303
        ],
        "Head": [
            0.03205264822637737,
            -0.07546365374921171,
            1.0190072120865716
        ],
        "L_Shoulder": [
            -0.27021991363168285,
            -0.22067954313375907,
            0.6506308124151126
        ],
        "L_Elbow": [
            -0.6239601083666906,
            -0.3614737244322731,
            0.6917280827470649
        ],
        "L_Wrist": [
            -1.000113820861373,
            -0.42517817270108127,
            0.7901773585865394
        ],
        "R_Shoulder": [
            0.21809760016085142,
            0.06041330275262254,
            0.6643010291397775
        ],
        "R_Elbow": [
            0.5113581604446065,
            0.333968328989163,
            0.7693998738042116
        ],
        "R_Wrist": [
            0.802781853027983,
            0.33399771046264504,
            0.9570906185950258
        ]
    }
}