{
    "video": "edition30_sequence_0.mp4",
    "peak_id": 5,
    "frame_idx": 433,
    "timestamp": 17.32,
    "total_score": 0.56,
    "skeleton_3d": {
        "Pelvis": [
            0.0,
            0.0,
            0.0
        ],
        "R_Hip": [
            0.12626490648743943,
            0.17825401440291205,
            0.02514499168164578
        ],
        "R_Knee": [
            0.45509159135203786,
            0.1074777132819239,
            -0.2260018266361285
        ],
        "R_Ankle": [
            0.6820479426306834,
            0.02360289761113715,
            -0.7168108806997353
        ],
        "L_Hip": [
            -0.13048113074003106,
            -0.17191219267737604,
            -0.02179159816663188
        ],
        "L_Knee": [
            -0.008856396323503305,
            -0.22300347042681087,
            -0.6719891413734627
        ],
        "L_Ankle": [
            0.14398876935596838,
            -0.30897142002021133,
            -1.2145275231119896
        ],
        "Spine": [
            0.052865077806304346,
            0.00859504552670135,
            0.3418066022131559
        ],
        "Thorax": [
            0.12125303430822208,
            0.11130430309264037,
            0.6614714970344276
        ],
        "Neck": [
            0.31041004595276633,
            0.05797449867990981,
            0.8975129298389334
        ],
        "Head": [
            0.3089378860850612,
            0.14366973720943504,
            0.9563016249931462
        ],
        "L_Shoulder": [
            -0.08030171309993912,
            -0.05915664891565029,
            0.7448446183116668
        ],
        "L_Elbow": [
            -0.25307971778804783,
            -0.2735713084481438,
            1.0421043617672272
        ],
        "L_Wrist": [
            -0.38650753891443174,
            -0.31735588080328603,
            1.386654367456522
        ],
        "R_Shoulder": [
            0.296809434717139,
            0.2398378506941359,
            0.5536691195140343
        ],
        "R_Elbow": [
            0.49991666395721135,
            0.4467845718330845,
            0.34820373912735
        ],
        "R_Wrist": [
            0.563105114849709,
            0.07467990835217263,
            0.44583915623721926
        ]
    }
}