{
    "video": "edition30_sequence_12.mp4",
    "peak_id": 8,
    "frame_idx": 1013,
    "timestamp": 40.52,
    "total_score": 0.62,
    "skeleton_3d": {
        "Pelvis": [
            0.0,
            0.0,
            0.0
        ],
        "R_Hip": [
            0.09905779825904358,
            0.16249639496775217,
            0.039034260292383605
        ],
        "R_Knee": [
            0.530124118864281,
            0.2664484662934005,
            -0.303066962168047
        ],
        "R_Ankle": [
            0.9497134924451025,
            0.4540497026818707,
            -0.6248366120583694
        ],
        "L_Hip": [
            -0.09968633228475353,
            -0.16177824644990937,
            -0.03794085549080868
        ],
        "L_Knee": [
            -0.1533282008716468,
            -0.09016216885940571,
            -0.6324215150566347
        ],
        "L_Ankle": [
            -0.2924305413246237,
            -0.011596076690474662,
            -1.1037828030536925
        ],
        "Spine": [
            -0.00721197394443426,
            -0.058607449386332874,
            0.32087068764149684
        ],
        "Thorax": [
            0.009685524390378826,
            -0.11194370250355981,
            0.6409507392764268
        ],
        "Neck": [
            0.09854563159782317,
            -0.13153195843018559,
            0.8871958683562896
        ],
        "Head": [
            0.11423568059439873,
            -0.07085997732350374,
            0.9484479489334625
        ],
        "L_Shoulder": [
            -0.09578396392721299,
            -0.19341834855443735,
            0.6388189614703844
        ],
        "L_Elbow": [
            -0.26724133268423594,
            0.14952216750620587,
            0.45392207774625787
        ],
        "L_Wrist": [
            -0.5452365922462481,
            0.08092081815929562,
            0.5044574201686147
        ],
        "R_Shoulder": [
            0.09406242422132352,
            0.08003973420121127,
            0.5901150697428926
        ],
        "R_Elbow": [
            -0.20674446022035547,
            0.17403481842592486,
            0.5103522084014464
        ],
        "R_Wrist": [
            -0.4646816862344863,
            0.2588004551592031,
            0.5798953081585424
        ]
    }
}