{
    "video": "edition30_sequence_0.mp4",
    "peak_id": 4,
    "frame_idx": 391,
    "timestamp": 15.64,
    "total_score": 1.0,
    "skeleton_3d": {
        "Pelvis": [
            0.0,
            0.0,
            0.0
        ],
        "R_Hip": [
            0.0657639860034303,
            0.1763648241139099,
            0.080598652687499
        ],
        "R_Knee": [
            0.6120467220780714,
            0.11915135266500505,
            0.26587874581798426
        ],
        "R_Ankle": [
            0.9773267150919932,
            0.14197609827110522,
            0.5915866629544339
        ],
        "L_Hip": [
            -0.06504276710714633,
            -0.18073266801912471,
            -0.07698598568810443
        ],
        "L_Knee": [
            -0.049269924196053756,
            -0.07061780405149085,
            -0.7589203199467403
        ],
        "L_Ankle": [
            -0.15306789853849126,
            0.027342836122703534,
            -1.400810871688069
        ],
        "Spine": [
            -0.10958877177011295,
            -0.09508299469692326,
            0.3268637065936409
        ],
        "Thorax": [
            -0.20667908918924563,
            -0.11377877902642217,
            0.6622030943504217
        ],
        "Neck": [
            -0.0824995641799051,
            -0.16688235761507228,
            0.9218648332070617
        ],
        "Head": [
            -0.059544450110272644,
            -0.16307214993654742,
            0.9669757836563178
        ],
        "L_Shoulder": [
            -0.26151048267808386,
            -0.26370851661115763,
            0.6506220472049021
        ],
        "L_Elbow": [
            -0.5448225754738305,
            -0.5552790999554874,
            0.6306508968669098
        ],
        "L_Wrist": [
            -0.35275418021877913,
            -0.4233801322992407,
            0.7076009636090451
        ],
        "R_Shoulder": [
            -0.16390123386033487,
            0.08279796461017898,
            0.6137464888254207
        ],
        "R_Elbow": [
            -0.5742391644213294,
            0.027731170845357873,
            0.609254889545747
        ],
        "R_Wrist": [
            -0.9719046852842051,
            -0.050325841132167676,
            0.7428119168599722
        ]
    }
}