{
    "video": "edition30_sequence_12.mp4",
    "peak_id": 14,
    "frame_idx": 2328,
    "timestamp": 93.12,
    "total_score": 0.7,
    "skeleton_3d": {
        "Pelvis": [
            0.0,
            0.0,
            0.0
        ],
        "R_Hip": [
            0.09727645992374531,
            0.08144689402578546,
            -0.011191480629127773
        ],
        "R_Knee": [
            -0.0007816142724332518,
            0.0692486170338816,
            -0.6457296456189051
        ],
        "R_Ankle": [
            -0.07000877659470395,
            0.08157747550972527,
            -1.1592471804888929
        ],
        "L_Hip": [
            -0.09939824116752889,
            -0.05753892559996939,
            0.015096370301623257
        ],
        "L_Knee": [
            -0.024765988634990813,
            -0.02984110019730381,
            0.425678117535216
        ],
        "L_Ankle": [
            0.6650500130548384,
            0.1374206344878091,
            0.5252522620707883
        ],
        "Spine": [
            -0.00022649049639027587,
            -0.043392762449843705,
            0.3271294537819503
        ],
        "Thorax": [
            0.033816726383897454,
            -0.1341312279525701,
            0.6465016639029705
        ],
        "Neck": [
            0.1455316562050535,
            -0.14142521136005523,
            0.9489569894923402
        ],
        "Head": [
            0.16051292604689799,
            -0.05462549911510606,
            0.9973440301346089
        ],
        "L_Shoulder": [
            -0.1698220545946144,
            -0.18676592157187785,
            0.6723379839356298
        ],
        "L_Elbow": [
            -0.34970496374341964,
            -0.2263929695572823,
            0.7349991572126626
        ],
        "L_Wrist": [
            -0.5656509217554613,
            -0.2004648352850307,
            0.860303367620636
        ],
        "R_Shoulder": [
            0.20451425969245074,
            0.035541255799976273,
            0.5582521626778886
        ],
        "R_Elbow": [
            0.3384377597760559,
            0.3639741680776152,
            0.41001903387467414
        ],
        "R_Wrist": [
            0.6424189118629556,
            0.19614724972292372,
            0.44463196725786513
        ]
    }
}