{
    "video": "edition30_sequence_1.mp4",
    "peak_id": 5,
    "frame_idx": 942,
    "timestamp": 37.68,
    "total_score": 1.0,
    "skeleton_3d": {
        "Pelvis": [
            0.0,
            0.0,
            0.0
        ],
        "R_Hip": [
            0.03373915854054185,
            0.178476894363418,
            0.0777422115031543
        ],
        "R_Knee": [
            0.47107663173238473,
            0.1365915224734457,
            0.3554537381920349
        ],
        "R_Ankle": [
            0.938834770579623,
            0.25438193458590075,
            0.4686173022212724
        ],
        "L_Hip": [
            -0.03283691139297128,
            -0.1843536881084859,
            -0.07468466101805739
        ],
        "L_Knee": [
            -0.06463430796731767,
            -0.053921488056069056,
            -0.7074675084985778
        ],
        "L_Ankle": [
            -0.15941990525278196,
            0.03647922800955023,
            -1.2708695596794675
        ],
        "Spine": [
            -0.10276856051871454,
            -0.09939002063117762,
            0.3216163481217365
        ],
        "Thorax": [
            -0.19640194059512933,
            -0.13700996412957356,
            0.6653266261244439
        ],
        "Neck": [
            -0.13022473834965567,
            -0.1744563690948317,
            0.9525457154215822
        ],
        "Head": [
            -0.10375161234724804,
            -0.18099648789050948,
            1.0075774154049388
        ],
        "L_Shoulder": [
            -0.23611872857356067,
            -0.2873745236360387,
            0.6565865287847192
        ],
        "L_Elbow": [
            -0.4472779483168964,
            -0.08293429449486636,
            0.3218928628908213
        ],
        "L_Wrist": [
            -0.699564057729012,
            -0.3271471169876258,
            0.46452397875791424
        ],
        "R_Shoulder": [
            -0.15228940427699203,
            0.036235755203395115,
            0.6097978729564769
        ],
        "R_Elbow": [
            -0.44921365691919957,
            0.14860067305709782,
            0.3804306607187148
        ],
        "R_Wrist": [
            -0.7721211964369877,
            0.16350990117444597,
            0.45246454678336545
        ]
    }
}