{
    "video": "edition30_sequence_13.mp4",
    "peak_id": 5,
    "frame_idx": 1731,
    "timestamp": 69.24,
    "total_score": 0.909,
    "skeleton_3d": {
        "Pelvis": [
            0.0,
            0.0,
            0.0
        ],
        "R_Hip": [
            0.031343565719725776,
            -0.1833202480488869,
            -0.07297872519588375
        ],
        "R_Knee": [
            -0.02718447390110684,
            -0.12696393478350135,
            -0.7593066513770355
        ],
        "R_Ankle": [
            0.10496262636237104,
            -0.17455056291610016,
            -1.3803052705700527
        ],
        "L_Hip": [
            -0.035347360280900804,
            0.1732185737009703,
            0.0734898462305479
        ],
        "L_Knee": [
            -0.6010724576733185,
            0.01377836194528466,
            0.3355911530472943
        ],
        "L_Ankle": [
            -1.114326642777671,
            -0.08659883346547455,
            0.6916915775270732
        ],
        "Spine": [
            0.09140736807382155,
            -0.05863940679022898,
            0.32625179592563774
        ],
        "Thorax": [
            0.16197701545872814,
            0.07524027829860169,
            0.6456978832951126
        ],
        "Neck": [
            0.22539393789955928,
            0.03828434528317495,
            0.878916172376257
        ],
        "Head": [
            0.1973971182513185,
            0.05672222298438429,
            0.9134091634024203
        ],
        "L_Shoulder": [
            0.06347761806369749,
            0.17311865913721053,
            0.5770132946791888
        ],
        "L_Elbow": [
            -0.25060060361094905,
            0.2973663485653992,
            0.521429722029708
        ],
        "L_Wrist": [
            -0.336669156501801,
            -0.11262635235964712,
            0.5324461800486734
        ],
        "R_Shoulder": [
            0.2554671417580743,
            -0.09919360264420954,
            0.6778985084789535
        ],
        "R_Elbow": [
            0.3263073173478891,
            -0.41340453131636856,
            0.9801006199460809
        ],
        "R_Wrist": [
            0.31670574073767427,
            -0.3276236639797105,
            1.278899577181468
        ]
    }
}