{
    "video": "edition30_sequence_1.mp4",
    "peak_id": 0,
    "frame_idx": 313,
    "timestamp": 12.52,
    "total_score": 0.92,
    "skeleton_3d": {
        "Pelvis": [
            0.0,
            0.0,
            0.0
        ],
        "R_Hip": [
            0.05491484255627218,
            -0.18109277374455407,
            -0.07088829196896877
        ],
        "R_Knee": [
            -0.04342199016602189,
            -0.2087331600405727,
            -0.7642884365551236
        ],
        "R_Ankle": [
            0.03651118283237443,
            -0.34987706465758334,
            -1.3384713017882983
        ],
        "L_Hip": [
            -0.05512120109614121,
            0.16628456116145815,
            0.0724370650257099
        ],
        "L_Knee": [
            -0.570695616357774,
            -0.048928749400810594,
            0.32580294464976894
        ],
        "L_Ankle": [
            -1.064207341547108,
            -0.15009693485282166,
            0.5371400103636369
        ],
        "Spine": [
            0.14127246078570027,
            0.07318002724227513,
            0.3157542804099367
        ],
        "Thorax": [
            0.25973746260299774,
            0.3649800796927485,
            0.6175045469629031
        ],
        "Neck": [
            0.22342692046755577,
            0.34553747599511064,
            0.8140030478774205
        ],
        "Head": [
            0.22056417122110328,
            0.42044639628807606,
            0.8535113095580132
        ],
        "L_Shoulder": [
            0.08516734201263453,
            0.3993332930107372,
            0.5310130239992052
        ],
        "L_Elbow": [
            -0.25902366932685733,
            0.21375790511581202,
            0.6021950860319353
        ],
        "L_Wrist": [
            -0.6169142114455006,
            -0.03312087918981764,
            0.6933935373009837
        ],
        "R_Shoulder": [
            0.4236932416337899,
            0.20122890414170172,
            0.6779135575873309
        ],
        "R_Elbow": [
            0.4946533242974062,
            -0.006420812018332503,
            1.0324729320598436
        ],
        "R_Wrist": [
            0.5270331829548225,
            0.004312843352868973,
            1.4208265371717113
        ]
    }
}