{
    "video": "edition30_sequence_12.mp4",
    "peak_id": 17,
    "frame_idx": 2651,
    "timestamp": 106.04,
    "total_score": 0.933,
    "skeleton_3d": {
        "Pelvis": [
            0.0,
            0.0,
            0.0
        ],
        "R_Hip": [
            0.07723140582761248,
            0.17185592159010302,
            0.0870307754450205
        ],
        "R_Knee": [
            0.4238119174253111,
            0.06515488196755388,
            0.6327795067804519
        ],
        "R_Ankle": [
            0.6100247762857214,
            0.10012603308683808,
            1.0395532595386352
        ],
        "L_Hip": [
            -0.08498746824498178,
            -0.17834155199397927,
            -0.08090529366540682
        ],
        "L_Knee": [
            -0.03259745905981635,
            -0.08716597787700978,
            -0.7250377890991276
        ],
        "L_Ankle": [
            -0.022323691440319204,
            -0.03574406165471923,
            -1.3044995763027338
        ],
        "Spine": [
            -0.0772703249547878,
            -0.11868029040889196,
            0.317879157633692
        ],
        "Thorax": [
            -0.12801692185536326,
            -0.2762452074771049,
            0.6306981641754716
        ],
        "Neck": [
            -0.17030411948715476,
            -0.29954832650166935,
            0.8690578177227576
        ],
        "Head": [
            -0.17370005900798308,
            -0.29689351179497175,
            0.9187028159751577
        ],
        "L_Shoulder": [
            -0.20903391801111887,
            -0.401533774796365,
            0.5143102775200963
        ],
        "L_Elbow": [
            -0.13455443028925088,
            -0.5421599989720834,
            0.14252366771873964
        ],
        "L_Wrist": [
            0.03308557066352914,
            -0.7911241496499668,
            0.0016017288742674275
        ],
        "R_Shoulder": [
            -0.040659777184743874,
            -0.1052911915894562,
            0.7470198777099822
        ],
        "R_Elbow": [
            0.013546463237603583,
            0.1022921635378154,
            1.1003004107254701
        ],
        "R_Wrist": [
            -0.07313839327856253,
            -0.01973331422401934,
            1.3887876172834632
        ]
    }
}