{
    "video": "edition30_sequence_0.mp4",
    "peak_id": 11,
    "frame_idx": 1195,
    "timestamp": 47.8,
    "total_score": 0.406,
    "skeleton_3d": {
        "Pelvis": [
            0.0,
            0.0,
            0.0
        ],
        "R_Hip": [
            0.1214624650900111,
            -0.11832340194224737,
            -0.04315318235575104
        ],
        "R_Knee": [
            0.16819437942874707,
            -0.1705761361455078,
            -0.636045436470767
        ],
        "R_Ankle": [
            0.2810341280439259,
            -0.35781141807201006,
            -1.1573441152733697
        ],
        "L_Hip": [
            -0.11801560450307289,
            0.1151253643423845,
            0.048467824344334734
        ],
        "L_Knee": [
            -0.5434703069100233,
            -0.09923730786039768,
            -0.11425092015522788
        ],
        "L_Ankle": [
            -0.9719263102722352,
            0.1355993526749034,
            -0.22536533028440636
        ],
        "Spine": [
            0.029000849714237976,
            -0.0002430537901058437,
            0.33499446185627574
        ],
        "Thorax": [
            0.04442317424350318,
            0.04555936659641393,
            0.6574807549137831
        ],
        "Neck": [
            -0.035548386865039756,
            -0.05007036365975506,
            0.8728903998333184
        ],
        "Head": [
            -0.044937119639223325,
            0.05029336288449072,
            0.91018704011662
        ],
        "L_Shoulder": [
            -0.13049892025765342,
            0.0791253973985006,
            0.6399216603235065
        ],
        "L_Elbow": [
            -0.30831558990740915,
            -0.11649403704389713,
            0.9343999954147156
        ],
        "L_Wrist": [
            -0.23968265176795328,
            -0.1542067297865625,
            1.2229427480404027
        ],
        "R_Shoulder": [
            0.22431849719149702,
            -0.027613143290882415,
            0.6644746063298932
        ],
        "R_Elbow": [
            0.311760469165517,
            -0.2811769698848389,
            0.9719604582751643
        ],
        "R_Wrist": [
            0.26472813750506197,
            -0.25452418764849055,
            1.2879422482451406
        ]
    }
}