{
    "video": "edition30_sequence_0.mp4",
    "peak_id": 14,
    "frame_idx": 2300,
    "timestamp": 92.0,
    "total_score": 0.944,
    "skeleton_3d": {
        "Pelvis": [
            0.0,
            0.0,
            0.0
        ],
        "R_Hip": [
            0.06658667364541526,
            0.18499345567198172,
            0.06153087179104105
        ],
        "R_Knee": [
            0.6343880051239758,
            0.1993422724227402,
            0.3070088986996542
        ],
        "R_Ankle": [
            1.1560783952829445,
            0.34855833609118536,
            0.5367618813454996
        ],
        "L_Hip": [
            -0.06686938043946007,
            -0.19005282703833698,
            -0.0577441253804519
        ],
        "L_Knee": [
            -0.026163632249451264,
            -0.11556941019120952,
            -0.6729126062695506
        ],
        "L_Ankle": [
            -0.12465377482855636,
            -0.06308367453438767,
            -1.2353147401702818
        ],
        "Spine": [
            -0.07979907050284198,
            -0.017009739805101284,
            0.31713475155339577
        ],
        "Thorax": [
            -0.14293453186388572,
            0.17089534294489558,
            0.6174625643300623
        ],
        "Neck": [
            -0.2405765667058887,
            0.08057940628600047,
            0.8763812634453025
        ],
        "Head": [
            -0.21287391660475444,
            0.14473765566706862,
            0.913646852915622
        ],
        "L_Shoulder": [
            -0.3022021389504186,
            -0.07536744189532218,
            0.6684512654489417
        ],
        "L_Elbow": [
            -0.43926186105506615,
            -0.42789777773347293,
            0.958376566516138
        ],
        "L_Wrist": [
            -0.534481729117288,
            -0.46784628177577553,
            1.2910946223585766
        ],
        "R_Shoulder": [
            0.0008824522658487,
            0.2764535004038601,
            0.5485081481239776
        ],
        "R_Elbow": [
            0.29265925821536165,
            0.49969017273646604,
            0.4997988477571033
        ],
        "R_Wrist": [
            0.6389577319359118,
            0.42254827874553336,
            0.47042167744436214
        ]
    }
}