{
    "video": "edition30_sequence_12.mp4",
    "peak_id": 13,
    "frame_idx": 2127,
    "timestamp": 85.08,
    "total_score": 0.85,
    "skeleton_3d": {
        "Pelvis": [
            0.0,
            0.0,
            0.0
        ],
        "R_Hip": [
            0.09279216311861076,
            0.16462870396211426,
            0.0043348530028616905
        ],
        "R_Knee": [
            0.016106093675219178,
            0.0808134600871196,
            -0.6771401018462724
        ],
        "R_Ankle": [
            -0.030332374739467455,
            0.06416357925082058,
            -1.2394030451017088
        ],
        "L_Hip": [
            -0.09891498619037344,
            -0.1675389326650151,
            -0.0020494122974223854
        ],
        "L_Knee": [
            0.34212160947273185,
            0.023977897180723268,
            0.29838328762237215
        ],
        "L_Ankle": [
            0.7986759688663776,
            0.3375662768774832,
            0.39006119517385146
        ],
        "Spine": [
            -0.04774241299938817,
            -0.023269459168418716,
            0.3364661263073875
        ],
        "Thorax": [
            -0.06778645329260821,
            -0.0403364304508764,
            0.6747748003331604
        ],
        "Neck": [
            -0.027806051520963715,
            -0.1148120364924327,
            0.9512880385266025
        ],
        "Head": [
            -0.022897048701290935,
            -0.02390032786342126,
            1.0125881073856862
        ],
        "L_Shoulder": [
            -0.2572800588356523,
            -0.1763019707632133,
            0.6741242065282458
        ],
        "L_Elbow": [
            -0.4538692487953576,
            -0.19829115809207135,
            0.710776554175302
        ],
        "L_Wrist": [
            -0.6889304420827032,
            -0.04501008104001868,
            0.8037865901730912
        ],
        "R_Shoulder": [
            0.10803980864283294,
            0.1251038236903862,
            0.6143623989855381
        ],
        "R_Elbow": [
            0.25544346931888645,
            0.4967289972314647,
            0.46478101561753576
        ],
        "R_Wrist": [
            0.30636450775147755,
            0.11097678392186369,
            0.6927206945515665
        ]
    }
}