{
    "video": "edition30_sequence_10.mp4",
    "peak_id": 0,
    "frame_idx": 319,
    "timestamp": 12.76,
    "total_score": 0.646,
    "skeleton_3d": {
        "Pelvis": [
            0.0,
            0.0,
            0.0
        ],
        "R_Hip": [
            0.12396029073903324,
            0.17144929519101687,
            0.010028030673446858
        ],
        "R_Knee": [
            0.5349770767827117,
            0.3012376405726004,
            -0.4150562369878258
        ],
        "R_Ankle": [
            0.9867524102263937,
            0.5430452347700722,
            -0.6765421262558016
        ],
        "L_Hip": [
            -0.12560940644469326,
            -0.169541107733575,
            -0.010112617576041042
        ],
        "L_Knee": [
            -0.17129827151325724,
            -0.13298524061164188,
            -0.6603984527797603
        ],
        "L_Ankle": [
            -0.26181480855712436,
            -0.08553283485620841,
            -1.179929113330741
        ],
        "Spine": [
            0.03132321888277794,
            -0.020357152470867182,
            0.3410281771159721
        ],
        "Thorax": [
            0.07401042744940192,
            -0.10758904633639865,
            0.6550317159062401
        ],
        "Neck": [
            0.21738829094187764,
            -0.13721741180146077,
            0.8835572661146271
        ],
        "Head": [
            0.2067401837002202,
            -0.06956815939862492,
            0.9527797569454359
        ],
        "L_Shoulder": [
            -0.11984378093172181,
            -0.22118381148215865,
            0.6422427219559517
        ],
        "L_Elbow": [
            -0.35078641649928993,
            -0.3690465410090479,
            0.7201472592451948
        ],
        "L_Wrist": [
            -0.41241523509012423,
            -0.2366373903145124,
            0.7544287326809003
        ],
        "R_Shoulder": [
            0.258008860829542,
            0.09722662088234059,
            0.6453636668205616
        ],
        "R_Elbow": [
            0.5840697363527283,
            0.2845368434535512,
            0.6557160122541852
        ],
        "R_Wrist": [
            0.9131521573849414,
            0.2829469410159658,
            0.6370513469847566
        ]
    }
}