{
    "video": "edition30_sequence_3.mp4",
    "peak_id": 3,
    "frame_idx": 1346,
    "timestamp": 53.84,
    "total_score": 0.754,
    "skeleton_3d": {
        "Pelvis": [
            0.0,
            0.0,
            0.0
        ],
        "R_Hip": [
            0.11311290028342225,
            -0.12350596193660675,
            -0.05642266199743081
        ],
        "R_Knee": [
            0.05051325668491405,
            -0.1494752880416521,
            -0.6924284126321355
        ],
        "R_Ankle": [
            -0.13569639943271009,
            -0.2802969921478151,
            -1.2367737876855815
        ],
        "L_Hip": [
            -0.1076400222003618,
            0.1119139679926197,
            0.06090647961958981
        ],
        "L_Knee": [
            -0.42848662649766306,
            -0.15949572768265055,
            0.16960927135387915
        ],
        "L_Ankle": [
            -0.8259026688152479,
            0.1704433368701604,
            0.2226118323628995
        ],
        "Spine": [
            0.06929096903281343,
            -0.01839912635205785,
            0.32721096410753087
        ],
        "Thorax": [
            0.11735991549816112,
            -0.02064602974208472,
            0.6404595355842787
        ],
        "Neck": [
            0.20989307787968742,
            -0.05142291517930011,
            0.9221688594564786
        ],
        "Head": [
            0.2068496618244343,
            0.023944677188775024,
            0.9582508919416065
        ],
        "L_Shoulder": [
            -0.08974971836409702,
            -0.005000883509491967,
            0.6088985458621007
        ],
        "L_Elbow": [
            -0.39720040553225155,
            -0.04876569966518857,
            0.5779400763390946
        ],
        "L_Wrist": [
            -0.6914283301254911,
            -0.20029380941126484,
            0.6743713094186988
        ],
        "R_Shoulder": [
            0.32788604038864244,
            0.03422702424549241,
            0.6522740705340334
        ],
        "R_Elbow": [
            0.5016668060410985,
            -0.12005280853705164,
            0.9596202061175996
        ],
        "R_Wrist": [
            0.5619979980128914,
            -0.12944006390641255,
            1.3254814079988007
        ]
    }
}