{
    "video": "edition30_sequence_1.mp4",
    "peak_id": 10,
    "frame_idx": 1694,
    "timestamp": 67.76,
    "total_score": 0.456,
    "skeleton_3d": {
        "Pelvis": [
            0.0,
            0.0,
            0.0
        ],
        "R_Hip": [
            0.07899218994652936,
            0.18917271498211147,
            0.01088031151009279
        ],
        "R_Knee": [
            -0.01360691543733617,
            0.07649077289866572,
            -0.6713938889670128
        ],
        "R_Ankle": [
            -0.08857855626312607,
            0.010454194970011791,
            -1.2977521830463046
        ],
        "L_Hip": [
            -0.08412802569883462,
            -0.19468585309046135,
            -0.011169543998276157
        ],
        "L_Knee": [
            0.36320883645943386,
            0.05638148216323149,
            -0.42809593675796975
        ],
        "L_Ankle": [
            0.7616381907981904,
            0.5869954520091586,
            -0.6099107660254485
        ],
        "Spine": [
            -0.04643409045085717,
            -0.018538158576812874,
            0.36145369800369487
        ],
        "Thorax": [
            -0.08301460910490795,
            -0.0802083759218683,
            0.7087052870256906
        ],
        "Neck": [
            -0.025559968632536786,
            -0.1447573365233529,
            0.986501388288889
        ],
        "Head": [
            -0.057101777409247954,
            -0.05960603131693148,
            1.0526173704645587
        ],
        "L_Shoulder": [
            -0.31387032312813895,
            -0.19761802122321823,
            0.6635152041305584
        ],
        "L_Elbow": [
            -0.6599125193727501,
            -0.37350816416695215,
            0.642383727923163
        ],
        "L_Wrist": [
            -1.032048686537126,
            -0.47255082771269497,
            0.6703712964120282
        ],
        "R_Shoulder": [
            0.14462902904288943,
            0.08882536942812824,
            0.7100417405917793
        ],
        "R_Elbow": [
            0.4860018685160713,
            0.30051153751495907,
            0.7165780691583046
        ],
        "R_Wrist": [
            0.8585618091078909,
            0.3062155593972881,
            0.7246142951248462
        ]
    }
}