{
    "video": "edition30_sequence_0.mp4",
    "peak_id": 2,
    "frame_idx": 192,
    "timestamp": 7.68,
    "total_score": 0.548,
    "skeleton_3d": {
        "Pelvis": [
            0.0,
            0.0,
            0.0
        ],
        "R_Hip": [
            0.121075363114012,
            0.1785789545549248,
            0.025646242535870372
        ],
        "R_Knee": [
            0.4174576880373394,
            0.31603372450210543,
            -0.20464573471547576
        ],
        "R_Ankle": [
            0.5274703535448461,
            0.4773320077594556,
            -0.717700435044423
        ],
        "L_Hip": [
            -0.1256413309881037,
            -0.1704029357079128,
            -0.024132913700454624
        ],
        "L_Knee": [
            -0.04462617898595796,
            -0.20815453561117406,
            -0.7075237507249437
        ],
        "L_Ankle": [
            0.12182568956588558,
            -0.2574045074676363,
            -1.2885379263701666
        ],
        "Spine": [
            0.05265313045030847,
            -0.008474044522065368,
            0.34239906148213767
        ],
        "Thorax": [
            0.11577477063342628,
            0.05624923217562509,
            0.6596707065977394
        ],
        "Neck": [
            0.2853578267948753,
            0.01592400324293906,
            0.9161040602937449
        ],
        "Head": [
            0.2815461770035099,
            0.11903503170412796,
            0.9679587501181375
        ],
        "L_Shoulder": [
            -0.08523232072827168,
            -0.08876173074312194,
            0.7418915492979565
        ],
        "L_Elbow": [
            -0.33655668737808403,
            -0.2802714876040223,
            1.0075852576616233
        ],
        "L_Wrist": [
            -0.5406783309774376,
            -0.35310204018351465,
            1.339696040843452
        ],
        "R_Shoulder": [
            0.29287728674775193,
            0.20280609363457744,
            0.5472273525047143
        ],
        "R_Elbow": [
            0.4965010208957163,
            0.39497908356808203,
            0.3718269092760731
        ],
        "R_Wrist": [
            0.5193278271990035,
            0.018850219177563517,
            0.475278192076888
        ]
    }
}