{
    "video": "edition15_sequence_16.mp4",
    "peak_id": 7,
    "frame_idx": 1020,
    "timestamp": 40.8,
    "total_score": 0.4,
    "skeleton_3d": {
        "Pelvis": [
            0.0,
            0.0,
            0.0
        ],
        "R_Hip": [
            0.14466884628874205,
            -0.03573332603753055,
            -0.02747643588120106
        ],
        "R_Knee": [
            0.07283523162934813,
            -0.09216352279832743,
            -0.5995600786358469
        ],
        "R_Ankle": [
            -0.0014094971229624094,
            -0.06367032557004516,
            -1.1272770418502418
        ],
        "L_Hip": [
            -0.14750912172690764,
            0.029580666169912128,
            0.0267620342565452
        ],
        "L_Knee": [
            -0.24651584390816414,
            0.26869932288359455,
            -0.4063544374907057
        ],
        "L_Ankle": [
            -0.3885321911145847,
            0.604649424582343,
            -0.6784643831474527
        ],
        "Spine": [
            0.04495699123604645,
            -0.02080882368960738,
            0.3481993332965599
        ],
        "Thorax": [
            0.08846704193159921,
            -0.09755231675628849,
            0.6933715080331497
        ],
        "Neck": [
            0.1640880095207043,
            -0.13447212730876745,
            0.9458507679971658
        ],
        "Head": [
            0.16225143913206613,
            -0.05577205438008708,
            1.0098421474020378
        ],
        "L_Shoulder": [
            -0.13190620232564068,
            -0.07333673034062863,
            0.7010480309726513
        ],
        "L_Elbow": [
            -0.38682885180316096,
            0.11615767417546685,
            0.649158232738879
        ],
        "L_Wrist": [
            -0.6994038307149185,
            0.03619195821523886,
            0.637161519564124
        ],
        "R_Shoulder": [
            0.3088112154810029,
            -0.00999764814371663,
            0.6685992744045919
        ],
        "R_Elbow": [
            0.5274243072617639,
            0.244306284505536,
            0.5744499009288031
        ],
        "R_Wrist": [
            0.6869127995025266,
            0.20613509946525985,
            0.5511103682980937
        ]
    }
}