{
    "video": "edition15_sequence_4.mp4",
    "peak_id": 3,
    "frame_idx": 842,
    "timestamp": 33.68,
    "total_score": 0.844,
    "skeleton_3d": {
        "Pelvis": [
            0.0,
            0.0,
            0.0
        ],
        "R_Hip": [
            0.1045314249015026,
            0.16056883905347238,
            0.0760698523486497
        ],
        "R_Knee": [
            0.5429401857451842,
            0.20434087118568164,
            0.06741470563682275
        ],
        "R_Ankle": [
            1.0852060894558084,
            0.36778205630825905,
            0.06605223779907927
        ],
        "L_Hip": [
            -0.10637231685065036,
            -0.16411827074551857,
            -0.07083127768580853
        ],
        "L_Knee": [
            -0.08101800189563073,
            -0.09484403754266123,
            -0.6931053015795372
        ],
        "L_Ankle": [
            -0.10006356429620658,
            -0.0240388976098433,
            -1.2509557568630214
        ],
        "Spine": [
            -0.10053994597444627,
            -0.05139146859782605,
            0.32056315814944264
        ],
        "Thorax": [
            -0.18498096436656347,
            -0.035534306112654845,
            0.62287645287584
        ],
        "Neck": [
            -0.22884770957956035,
            -0.13842358620650846,
            0.8827498639583098
        ],
        "Head": [
            -0.22378480954071428,
            -0.0435359661847358,
            0.9289497528849605
        ],
        "L_Shoulder": [
            -0.41169183216283534,
            -0.17186524511063958,
            0.5908762697209372
        ],
        "L_Elbow": [
            -0.665304208779983,
            -0.4820305663079713,
            0.7454021452786481
        ],
        "L_Wrist": [
            -0.8328163057194308,
            -0.5161341257884722,
            1.0067893418559246
        ],
        "R_Shoulder": [
            0.031215578014654462,
            0.06284207201595947,
            0.6318621439264029
        ],
        "R_Elbow": [
            0.3694175758940434,
            0.2981857275895702,
            0.6854700013706141
        ],
        "R_Wrist": [
            0.7115097302552367,
            0.2679466038875123,
            0.7344335941451182
        ]
    }
}