{
    "video": "edition15_sequence_6.mp4",
    "peak_id": 2,
    "frame_idx": 1009,
    "timestamp": 40.36,
    "total_score": 0.569,
    "skeleton_3d": {
        "Pelvis": [
            0.0,
            0.0,
            0.0
        ],
        "R_Hip": [
            0.16684071840552703,
            0.14229839762098279,
            0.037856831476188554
        ],
        "R_Knee": [
            0.4762633076587707,
            0.06940085272958996,
            -0.3529757102647072
        ],
        "R_Ankle": [
            0.8439898974369909,
            0.32877761073230444,
            -0.8082186998805834
        ],
        "L_Hip": [
            -0.16963976301865938,
            -0.1381675450621439,
            -0.03631744253666034
        ],
        "L_Knee": [
            -0.08506530326859876,
            -0.24379953809893215,
            -0.6754378704145683
        ],
        "L_Ankle": [
            -0.005556006436606577,
            -0.1694465492686529,
            -1.2636403648072616
        ],
        "Spine": [
            -0.011052679678930602,
            -0.026268715995111568,
            0.3660468206195624
        ],
        "Thorax": [
            0.007394272072621311,
            -0.06805253759770345,
            0.7114651762731927
        ],
        "Neck": [
            0.15151450386447632,
            -0.11771949369865785,
            0.9243306820436945
        ],
        "Head": [
            0.14915518119289703,
            -0.003955260411151587,
            1.0028610095654136
        ],
        "L_Shoulder": [
            -0.24231727574388648,
            -0.18253082849959906,
            0.742280346326026
        ],
        "L_Elbow": [
            -0.5676178027708875,
            -0.35622844899692513,
            0.8309047753979749
        ],
        "L_Wrist": [
            -0.9093052051259329,
            -0.4072786243358451,
            0.9232997170722859
        ],
        "R_Shoulder": [
            0.23738653248240696,
            0.08181234066548729,
            0.6612869122202548
        ],
        "R_Elbow": [
            0.5280103009071675,
            0.3667964193844117,
            0.5756285354480238
        ],
        "R_Wrist": [
            0.8149859746017074,
            0.3843613823675529,
            0.5060614717488519
        ]
    }
}