{
    "video": "edition15_sequence_1.mp4",
    "peak_id": 9,
    "frame_idx": 1100,
    "timestamp": 44.0,
    "total_score": 0.632,
    "skeleton_3d": {
        "Pelvis": [
            0.0,
            0.0,
            0.0
        ],
        "R_Hip": [
            0.179730862819764,
            0.14748029749323618,
            0.02598823178697913
        ],
        "R_Knee": [
            0.5813663741376954,
            0.25975370000313625,
            -0.4263541759797447
        ],
        "R_Ankle": [
            1.059658261960032,
            0.5366320306956487,
            -0.7207101262171637
        ],
        "L_Hip": [
            -0.18069873466248942,
            -0.14188638012856594,
            -0.02275059373942997
        ],
        "L_Knee": [
            -0.1363151148657842,
            -0.18658449300538876,
            -0.7014395608132876
        ],
        "L_Ankle": [
            -0.061078270079725466,
            -0.11314832394809653,
            -1.263098606307982
        ],
        "Spine": [
            0.03549951342777413,
            -0.017693403211540566,
            0.3721302655601116
        ],
        "Thorax": [
            0.08037965258040809,
            -0.11102419668083845,
            0.7031216521487779
        ],
        "Neck": [
            0.2086992921562193,
            -0.17282034642346442,
            0.9429695808581318
        ],
        "Head": [
            0.20396703771135202,
            -0.06236534459211368,
            1.0125121991413268
        ],
        "L_Shoulder": [
            -0.17624557458936485,
            -0.20892256253449437,
            0.7304645052242851
        ],
        "L_Elbow": [
            -0.611708007164906,
            -0.28698935872529985,
            0.7461675053564958
        ],
        "L_Wrist": [
            -0.9618961926516375,
            -0.3794281840898953,
            0.7996758141212149
        ],
        "R_Shoulder": [
            0.3437076878901809,
            0.041286245611697324,
            0.6676090945657214
        ],
        "R_Elbow": [
            0.6779861120254301,
            0.26861126054023554,
            0.6127739101378382
        ],
        "R_Wrist": [
            1.0078847202660424,
            0.24842214600588167,
            0.6446572170644256
        ]
    }
}