{
    "video": "edition15_sequence_12.mp4",
    "peak_id": 2,
    "frame_idx": 668,
    "timestamp": 26.72,
    "total_score": 0.402,
    "skeleton_3d": {
        "Pelvis": [
            0.0,
            0.0,
            0.0
        ],
        "R_Hip": [
            0.10906532499868792,
            0.06796227561318716,
            0.005427306687919068
        ],
        "R_Knee": [
            -0.09591398315285983,
            0.38618770854122025,
            -0.2027211536825869
        ],
        "R_Ankle": [
            -0.22608098556942946,
            0.6942273831658157,
            -0.28286859293630756
        ],
        "L_Hip": [
            -0.10656526886615678,
            -0.06208503100805263,
            -0.004947535936929965
        ],
        "L_Knee": [
            -0.10341241742514029,
            -0.14525535635857276,
            -0.5215565637198527
        ],
        "L_Ankle": [
            -0.13667592715010773,
            -0.2440064096721562,
            -1.0424928396328492
        ],
        "Spine": [
            -0.008246195720414561,
            -0.02567065379899454,
            0.28622618873207006
        ],
        "Thorax": [
            -0.03753126560002528,
            -0.07938511188775667,
            0.5713449826744624
        ],
        "Neck": [
            0.001718198180230006,
            -0.10915139639811917,
            0.7937746410120701
        ],
        "Head": [
            -0.01964447575183428,
            -0.019544934019675463,
            0.8303978627535209
        ],
        "L_Shoulder": [
            -0.21426546690492632,
            -0.10511422334497031,
            0.5204400926946388
        ],
        "L_Elbow": [
            -0.4845821433929885,
            -0.05657474495431115,
            0.48733591087639067
        ],
        "L_Wrist": [
            -0.7679606044416489,
            -0.17917966776041958,
            0.5154566280325807
        ],
        "R_Shoulder": [
            0.15197924796861695,
            0.024011783646234998,
            0.6051375475796522
        ],
        "R_Elbow": [
            0.3297825257721703,
            0.07222990510284083,
            0.7959207709858143
        ],
        "R_Wrist": [
            0.46884329259333857,
            0.007683837251396181,
            1.0446083079197042
        ]
    }
}