{
    "video": "edition15_sequence_4.mp4",
    "peak_id": 14,
    "frame_idx": 2543,
    "timestamp": 101.72,
    "total_score": 0.781,
    "skeleton_3d": {
        "Pelvis": [
            0.0,
            0.0,
            0.0
        ],
        "R_Hip": [
            0.06310565422971941,
            -0.1593921761501549,
            -0.052935548426885665
        ],
        "R_Knee": [
            0.02479813043834023,
            -0.10911795093785787,
            -0.8012283441100632
        ],
        "R_Ankle": [
            0.042104637032061513,
            -0.05048688764667404,
            -1.468615329119992
        ],
        "L_Hip": [
            -0.06712499121115341,
            0.1599978098351567,
            0.05609824361863695
        ],
        "L_Knee": [
            -0.6446696674251343,
            0.059791675306820724,
            -0.20266386751984458
        ],
        "L_Ankle": [
            -1.2128187365569616,
            0.06876519253567177,
            -0.053541154402975695
        ],
        "Spine": [
            0.08591148100600027,
            -0.059748186169765766,
            0.35134744980265986
        ],
        "Thorax": [
            0.1530432747549982,
            -0.10405844218949774,
            0.6889616979081361
        ],
        "Neck": [
            0.17027555783306805,
            -0.13742238958764064,
            0.9567528133713289
        ],
        "Head": [
            0.12330967278012038,
            -0.09423584770388274,
            0.9945349121183044
        ],
        "L_Shoulder": [
            0.10404060457753268,
            -0.012664714020118236,
            0.6523943578540499
        ],
        "L_Elbow": [
            0.6117836225558676,
            -0.019124493491707535,
            0.6764388214779553
        ],
        "L_Wrist": [
            0.9574927521517785,
            0.10593303319885072,
            0.8811730988867753
        ],
        "R_Shoulder": [
            0.202426166620051,
            -0.24947037091217414,
            0.6739330491669298
        ],
        "R_Elbow": [
            -0.18684911695114578,
            -0.5221053920810863,
            0.7803499007473239
        ],
        "R_Wrist": [
            -0.3028315005152479,
            -0.2053905491301187,
            0.8578062844096148
        ]
    }
}