{
    "video": "edition15_sequence_5.mp4",
    "peak_id": 14,
    "frame_idx": 1823,
    "timestamp": 72.92,
    "total_score": 0.953,
    "skeleton_3d": {
        "Pelvis": [
            0.0,
            0.0,
            0.0
        ],
        "R_Hip": [
            0.0567697338971641,
            0.1787271960156522,
            0.05272674709314654
        ],
        "R_Knee": [
            0.5855590646772043,
            0.1790442340633381,
            0.30532853707095775
        ],
        "R_Ankle": [
            1.0594698945834737,
            0.32012404686751267,
            0.5949701895352526
        ],
        "L_Hip": [
            -0.05617387471091161,
            -0.1838850881091249,
            -0.049220180820840544
        ],
        "L_Knee": [
            0.012145157752927092,
            -0.1230305799427193,
            -0.6497148714331037
        ],
        "L_Ankle": [
            -0.06156483357281076,
            -0.06575178724904507,
            -1.1799019843828844
        ],
        "Spine": [
            -0.0795745408907083,
            -0.016541964457707902,
            0.3153706492370874
        ],
        "Thorax": [
            -0.1362717327049477,
            0.12499178219856218,
            0.6199493490252828
        ],
        "Neck": [
            -0.1866123916162066,
            0.06610256278091914,
            0.8265519346349945
        ],
        "Head": [
            -0.1671545760798945,
            0.13906507612436367,
            0.8748428551662174
        ],
        "L_Shoulder": [
            -0.3244874099329139,
            -0.08409348453186646,
            0.6498452018561209
        ],
        "L_Elbow": [
            -0.4618046424668839,
            -0.39234284583397405,
            0.9357281555351249
        ],
        "L_Wrist": [
            -0.5282163026520563,
            -0.3834689786236618,
            1.2250796260005203
        ],
        "R_Shoulder": [
            0.02845551612425134,
            0.21185315498909904,
            0.5783907820736479
        ],
        "R_Elbow": [
            0.31288772894036365,
            0.4440012552062294,
            0.5620539947535497
        ],
        "R_Wrist": [
            0.6356536183108549,
            0.3432366494644721,
            0.6245061029763483
        ]
    }
}