{
    "video": "edition15_sequence_14.mp4",
    "peak_id": 0,
    "frame_idx": 68,
    "timestamp": 2.72,
    "total_score": 0.801,
    "skeleton_3d": {
        "Pelvis": [
            0.0,
            0.0,
            0.0
        ],
        "R_Hip": [
            -0.04300709637865632,
            -0.13437777882655624,
            0.009270110087983709
        ],
        "R_Knee": [
            -0.4930382017163379,
            0.32542345566662456,
            0.03397346807221729
        ],
        "R_Ankle": [
            -0.7602696174629636,
            0.7686095032273376,
            0.14167917277817968
        ],
        "L_Hip": [
            0.029194471302891392,
            0.09740040706291161,
            -0.012766439117112841
        ],
        "L_Knee": [
            -0.038518197897860845,
            0.06234542741019167,
            -0.7334810606804565
        ],
        "L_Ankle": [
            -0.010538082028454862,
            -0.15596916267311112,
            -1.3591671713832076
        ],
        "Spine": [
            0.13288537598240474,
            0.005301801762890537,
            0.35728883765110975
        ],
        "Thorax": [
            0.26204946058459166,
            0.01830255045315697,
            0.7234236278350983
        ],
        "Neck": [
            0.13036750131334707,
            0.033762783752035834,
            0.9319066454849929
        ],
        "Head": [
            0.1265073932175622,
            0.02746323353038169,
            0.9641627483619699
        ],
        "L_Shoulder": [
            0.23525811488734258,
            0.14854949751642468,
            0.6917025115599288
        ],
        "L_Elbow": [
            -0.24118909070048505,
            -0.127348758776635,
            0.514182752918364
        ],
        "L_Wrist": [
            0.5427995039428141,
            -0.03633359096189594,
            0.5623595574856224
        ],
        "R_Shoulder": [
            0.2681641864706521,
            -0.0641881232509355,
            0.7079201720416485
        ],
        "R_Elbow": [
            0.41724868574602964,
            0.025513164472072015,
            0.5464446761391505
        ],
        "R_Wrist": [
            -0.3693017241306585,
            -0.15894508627424675,
            0.6007201097041215
        ]
    }
}