{
    "video": "edition15_sequence_0.mp4",
    "peak_id": 1,
    "frame_idx": 483,
    "timestamp": 19.32,
    "total_score": 0.4,
    "skeleton_3d": {
        "Pelvis": [
            0.0,
            0.0,
            0.0
        ],
        "R_Hip": [
            0.18063138521727157,
            -0.045457521903149625,
            0.0006608112114380479
        ],
        "R_Knee": [
            0.6131710942181096,
            0.11699717732766675,
            -0.4178495753152637
        ],
        "R_Ankle": [
            1.0787454951511461,
            0.36654778403817073,
            -0.6158662878339785
        ],
        "L_Hip": [
            -0.17151470937196472,
            0.046464115627684835,
            0.0014491373691386043
        ],
        "L_Knee": [
            -0.45989793834762255,
            -0.3110893769156761,
            -0.4658111463821841
        ],
        "L_Ankle": [
            -0.4144425264168614,
            -0.19859255344575943,
            -1.0705347325284373
        ],
        "Spine": [
            -0.03224478552719439,
            -0.02813984168543247,
            0.35297717967962683
        ],
        "Thorax": [
            -0.08760423226628564,
            -0.11957042703861465,
            0.680041684297326
        ],
        "Neck": [
            -0.30705284796141485,
            -0.209958596752396,
            0.8508471453484108
        ],
        "Head": [
            -0.30885029445374623,
            -0.135870651191574,
            0.904146297793669
        ],
        "L_Shoulder": [
            -0.26357682225773826,
            -0.05222559016126292,
            0.6393445130611176
        ],
        "L_Elbow": [
            -0.6092185594256134,
            -0.0547912094502024,
            0.4634192174013959
        ],
        "L_Wrist": [
            -0.9546783092429976,
            -0.1382331774541706,
            0.36956764556333416
        ],
        "R_Shoulder": [
            0.12273611176128701,
            -0.05029092701605926,
            0.7142379740610445
        ],
        "R_Elbow": [
            0.33807964374342403,
            0.11956658206777421,
            0.9359456113083753
        ],
        "R_Wrist": [
            0.4867277877541762,
            0.20375700400086696,
            1.0428589419212488
        ]
    }
}