{
    "video": "edition15_sequence_1.mp4",
    "peak_id": 10,
    "frame_idx": 1582,
    "timestamp": 63.28,
    "total_score": 0.499,
    "skeleton_3d": {
        "Pelvis": [
            0.0,
            0.0,
            0.0
        ],
        "R_Hip": [
            0.12887659796984366,
            0.17262564016042697,
            0.05421499773946995
        ],
        "R_Knee": [
            0.6381788432966027,
            0.05425873816091273,
            0.011842537804359298
        ],
        "R_Ankle": [
            0.7674244719194657,
            0.43052360474024404,
            -0.4525756955358491
        ],
        "L_Hip": [
            -0.1346873905588782,
            -0.1633770758383698,
            -0.0471612921520534
        ],
        "L_Knee": [
            -0.022705207774207325,
            -0.18819243635009197,
            -0.7323450829169194
        ],
        "L_Ankle": [
            0.11721998504554564,
            -0.13638349885712828,
            -1.3609318802477477
        ],
        "Spine": [
            0.056758220484477324,
            -0.07292650109330037,
            0.3393879188747262
        ],
        "Thorax": [
            0.1063789043971243,
            -0.24886017958450385,
            0.6518179830770594
        ],
        "Neck": [
            0.20635014177520783,
            -0.3038253049531691,
            0.9076654353772439
        ],
        "Head": [
            0.19638909239416405,
            -0.19075327510977552,
            0.9747313124182703
        ],
        "L_Shoulder": [
            -0.10530653375961008,
            -0.290283785267957,
            0.6180022077627348
        ],
        "L_Elbow": [
            -0.18217048310581643,
            -0.04747126455409225,
            0.2683549180523984
        ],
        "L_Wrist": [
            -0.5363374960651781,
            -0.14425183106524103,
            0.12331259301277442
        ],
        "R_Shoulder": [
            0.3341652982546402,
            -0.08458319573084777,
            0.6489939731789124
        ],
        "R_Elbow": [
            0.5815877332165197,
            0.205593749463561,
            0.43555624205555016
        ],
        "R_Wrist": [
            0.8707849774076346,
            0.20219417867461775,
            0.2576610506321504
        ]
    }
}