{
    "video": "edition15_sequence_1.mp4",
    "peak_id": 0,
    "frame_idx": 53,
    "timestamp": 2.12,
    "total_score": 0.573,
    "skeleton_3d": {
        "Pelvis": [
            0.0,
            0.0,
            0.0
        ],
        "R_Hip": [
            -0.06745444061226229,
            0.1518685432268082,
            -0.018094494600307983
        ],
        "R_Knee": [
            0.06621562938206331,
            0.12639575875931788,
            -0.6749581490235117
        ],
        "R_Ankle": [
            0.08293820835707734,
            -0.014697168982672747,
            -1.3215953212717473
        ],
        "L_Hip": [
            0.06353527385629237,
            -0.18386534835004942,
            0.01828767386912162
        ],
        "L_Knee": [
            0.7304435946720512,
            0.129029151126448,
            0.11641247158297091
        ],
        "L_Ankle": [
            0.17894946589056013,
            0.2727967441147363,
            -0.23157670789053064
        ],
        "Spine": [
            0.04219737458838478,
            -0.018333389024673644,
            0.386913709496526
        ],
        "Thorax": [
            0.09760654351736078,
            -0.05645676423311389,
            0.7777176648566496
        ],
        "Neck": [
            0.20912394748852847,
            -0.06173048724993614,
            0.9786107741791683
        ],
        "Head": [
            0.19147227374890174,
            -0.07685997918495503,
            1.057005063043871
        ],
        "L_Shoulder": [
            -0.056807755285122316,
            -0.20351225635753814,
            0.7777462921012362
        ],
        "L_Elbow": [
            -0.4652622166227486,
            -0.395455882605452,
            0.8918184318071035
        ],
        "L_Wrist": [
            -0.793500236295856,
            -0.2945452551786561,
            0.9480235467169785
        ],
        "R_Shoulder": [
            0.2375033396860836,
            0.11529255356084762,
            0.7581514895031455
        ],
        "R_Elbow": [
            0.3389370699123395,
            0.30980431407730624,
            0.38954971054863513
        ],
        "R_Wrist": [
            0.36211953823253357,
            0.00410182592213905,
            0.2329631624957208
        ]
    }
}