{
    "video": "edition15_sequence_17.mp4",
    "peak_id": 2,
    "frame_idx": 610,
    "timestamp": 24.4,
    "total_score": 0.868,
    "skeleton_3d": {
        "Pelvis": [
            0.0,
            0.0,
            0.0
        ],
        "R_Hip": [
            0.10897912562033235,
            0.16374106891191886,
            0.05539428267114946
        ],
        "R_Knee": [
            0.5386051682064383,
            0.05556572435682586,
            0.260395372261292
        ],
        "R_Ankle": [
            0.8971222776502378,
            0.2096081841874722,
            0.6546979738556511
        ],
        "L_Hip": [
            -0.10783061422456401,
            -0.16588661274512026,
            -0.04887577639120616
        ],
        "L_Knee": [
            -0.03809424419433587,
            -0.15386180457850485,
            -0.7363177747578529
        ],
        "L_Ankle": [
            -0.0008352383602623784,
            -0.07894767556257212,
            -1.3503559259792943
        ],
        "Spine": [
            -0.0734283954263631,
            0.043832240387012604,
            0.31629700966461033
        ],
        "Thorax": [
            -0.13806546331527908,
            0.20402810300435967,
            0.6179702919251889
        ],
        "Neck": [
            -0.11895283254824991,
            0.12782720956037813,
            0.8044352143054316
        ],
        "Head": [
            -0.138032062367725,
            0.25501232836286075,
            0.846098990166631
        ],
        "L_Shoulder": [
            -0.3223681413885433,
            0.025714480195239007,
            0.6109074068118897
        ],
        "L_Elbow": [
            -0.513341880323821,
            -0.32198303978559994,
            0.8738032079741452
        ],
        "L_Wrist": [
            -0.558864654474802,
            -0.35226575413251326,
            1.1871000199835422
        ],
        "R_Shoulder": [
            0.049280918562682005,
            0.26296639604632316,
            0.6064862535912403
        ],
        "R_Elbow": [
            0.26544788830837673,
            0.6057953068710751,
            0.5809283014170654
        ],
        "R_Wrist": [
            0.40512748072009425,
            0.39981593749413896,
            0.6191822368154223
        ]
    }
}