{
    "video": "edition15_sequence_5.mp4",
    "peak_id": 4,
    "frame_idx": 633,
    "timestamp": 25.32,
    "total_score": 0.437,
    "skeleton_3d": {
        "Pelvis": [
            0.0,
            0.0,
            0.0
        ],
        "R_Hip": [
            0.12328192783547073,
            0.157028069005667,
            0.06218308346332331
        ],
        "R_Knee": [
            0.38613575470133643,
            0.39726615571876456,
            -0.28150213055703227
        ],
        "R_Ankle": [
            0.6254983520901899,
            0.8433140727056626,
            -0.4678928073410875
        ],
        "L_Hip": [
            -0.12404548674145444,
            -0.15009759262206354,
            -0.057474251879942574
        ],
        "L_Knee": [
            -0.024623997331513586,
            -0.17446895589392034,
            -0.7341964834548564
        ],
        "L_Ankle": [
            -0.04458430111479134,
            -0.12983285437661277,
            -1.311485336569019
        ],
        "Spine": [
            -0.06197450571382117,
            -0.03749409331565055,
            0.33851632843743856
        ],
        "Thorax": [
            -0.10451486595729777,
            -0.06131751822155885,
            0.6735009537946818
        ],
        "Neck": [
            -0.1014242354148826,
            -0.15137052160145237,
            0.9031021971923388
        ],
        "Head": [
            -0.11231081495789587,
            -0.0026538170900324526,
            0.9585117106321167
        ],
        "L_Shoulder": [
            -0.31041124746243076,
            -0.17020845466063994,
            0.6772472287701969
        ],
        "L_Elbow": [
            -0.5784750853090092,
            -0.2136420749520542,
            0.7755687924225891
        ],
        "L_Wrist": [
            -0.8004737405291014,
            -0.21119473005202444,
            0.973299705024022
        ],
        "R_Shoulder": [
            0.09972803108562704,
            0.07297910906173734,
            0.6480959377880753
        ],
        "R_Elbow": [
            0.1436498103781599,
            0.3148837006332564,
            0.33446740864262414
        ],
        "R_Wrist": [
            -0.042272618422258317,
            0.3437697936673021,
            0.13112968054661256
        ]
    }
}