{
    "video": "edition15_sequence_17.mp4",
    "peak_id": 5,
    "frame_idx": 1016,
    "timestamp": 40.64,
    "total_score": 0.677,
    "skeleton_3d": {
        "Pelvis": [
            0.0,
            0.0,
            0.0
        ],
        "R_Hip": [
            0.10431299042028269,
            0.16420742551433903,
            0.07512543304818724
        ],
        "R_Knee": [
            0.5657719925592967,
            0.10374924407645461,
            0.11887783665454933
        ],
        "R_Ankle": [
            1.0139761327833543,
            0.42439813061851495,
            0.28563658345027804
        ],
        "L_Hip": [
            -0.10346561805747394,
            -0.16586427801611775,
            -0.06602012579975668
        ],
        "L_Knee": [
            -0.026008109280314863,
            -0.1483509754128711,
            -0.74397360434417
        ],
        "L_Ankle": [
            0.031742684636159695,
            -0.07713893755211697,
            -1.3081137591355234
        ],
        "Spine": [
            -0.08672069796376648,
            -0.00021091003571795233,
            0.31806729896908986
        ],
        "Thorax": [
            -0.1657079603717374,
            0.13933353398831447,
            0.6204957941780609
        ],
        "Neck": [
            -0.11748352013931614,
            0.06692800281190922,
            0.8270701757706787
        ],
        "Head": [
            -0.13850031010421884,
            0.18734355423534194,
            0.8647330070977493
        ],
        "L_Shoulder": [
            -0.3529709395096499,
            -0.041152281945284704,
            0.5941218007688137
        ],
        "L_Elbow": [
            -0.5323272235868939,
            -0.3733788560480768,
            0.8803169488397189
        ],
        "L_Wrist": [
            -0.5077806605377901,
            -0.37399407045119204,
            1.198656770135216
        ],
        "R_Shoulder": [
            0.029191646184675187,
            0.2119230512556259,
            0.6349938925547065
        ],
        "R_Elbow": [
            0.29969223808687007,
            0.4942199093510706,
            0.550859132856032
        ],
        "R_Wrist": [
            0.32020099570753663,
            0.1268102866952248,
            0.6463093234670708
        ]
    }
}