{
    "video": "edition15_sequence_14.mp4",
    "peak_id": 1,
    "frame_idx": 542,
    "timestamp": 21.68,
    "total_score": 0.559,
    "skeleton_3d": {
        "Pelvis": [
            0.0,
            0.0,
            0.0
        ],
        "R_Hip": [
            0.1392107757553936,
            0.10703161896133495,
            0.03610654111439048
        ],
        "R_Knee": [
            0.09940847183641731,
            0.15718886517175845,
            -0.0036770156055590157
        ],
        "R_Ankle": [
            0.17586464019130257,
            0.8010300635566341,
            -0.019602645771974857
        ],
        "L_Hip": [
            -0.13873806936351724,
            -0.11000052387971418,
            -0.03270834841966478
        ],
        "L_Knee": [
            -0.05137562180244095,
            -0.12784534404882505,
            -0.6831363918524758
        ],
        "L_Ankle": [
            0.04460499457717905,
            -0.16196752876828102,
            -1.3044318522088585
        ],
        "Spine": [
            -0.026690473488977923,
            -0.05968693346673664,
            0.3364628284057725
        ],
        "Thorax": [
            -0.06589653280894797,
            -0.20381909901480028,
            0.6598655013943223
        ],
        "Neck": [
            -0.08351776506025416,
            -0.25199925946082835,
            0.9343138264257348
        ],
        "Head": [
            -0.0855459888750728,
            -0.15399346793025334,
            0.9828997957688904
        ],
        "L_Shoulder": [
            -0.29884120072926834,
            -0.2180816525890285,
            0.6072738377825061
        ],
        "L_Elbow": [
            -0.6095717160763495,
            -0.25288625074063714,
            0.4321670999157438
        ],
        "L_Wrist": [
            -0.9716679923530593,
            -0.3787650751618644,
            0.29774347657065925
        ],
        "R_Shoulder": [
            0.173617912770864,
            -0.03813979794946768,
            0.6739324147390352
        ],
        "R_Elbow": [
            0.4329885401138666,
            0.2799797232909104,
            0.6237010004033238
        ],
        "R_Wrist": [
            0.7307514563245564,
            0.39084970943465386,
            0.6084235976002471
        ]
    }
}