{
    "video": "edition15_sequence_5.mp4",
    "peak_id": 21,
    "frame_idx": 2679,
    "timestamp": 107.16,
    "total_score": 0.729,
    "skeleton_3d": {
        "Pelvis": [
            0.0,
            0.0,
            0.0
        ],
        "R_Hip": [
            0.07605422715411408,
            -0.18769063644626482,
            -0.05890917853012863
        ],
        "R_Knee": [
            -0.08270343600748738,
            -0.24493138443293444,
            -0.790167633029142
        ],
        "R_Ankle": [
            -0.027434393410740335,
            -0.37058420206419695,
            -1.4692750119523483
        ],
        "L_Hip": [
            -0.07825534907430068,
            0.17805839274535312,
            0.06430163987747989
        ],
        "L_Knee": [
            -0.6280759069518578,
            -0.10065601674336846,
            0.14990731563252518
        ],
        "L_Ankle": [
            -1.1628152769354376,
            -0.04715075614491538,
            0.27105184376025054
        ],
        "Spine": [
            0.052396715634805094,
            0.003917395222616992,
            0.3801358852423575
        ],
        "Thorax": [
            0.08207587489702076,
            0.1453753505843442,
            0.7506770256294599
        ],
        "Neck": [
            0.0627980919929504,
            0.1279210705278224,
            0.946291379282482
        ],
        "Head": [
            0.06280303487028227,
            0.22908552503795954,
            0.9781456265813101
        ],
        "L_Shoulder": [
            -0.16245136648084735,
            0.10770011960676679,
            0.6958095457382568
        ],
        "L_Elbow": [
            -0.49246211914383997,
            -0.2092250439185279,
            0.7260363632422058
        ],
        "L_Wrist": [
            -0.16202009624476307,
            -0.2334715998050268,
            0.7282110952240951
        ],
        "R_Shoulder": [
            0.3313243516360893,
            0.07179339987198134,
            0.7875541746063796
        ],
        "R_Elbow": [
            0.3954209375041205,
            -0.1624333543007397,
            1.2228769669041932
        ],
        "R_Wrist": [
            0.330279511145715,
            -0.13164131458501294,
            1.5895254657260796
        ]
    }
}