{
    "video": "edition15_sequence_6.mp4",
    "peak_id": 8,
    "frame_idx": 1985,
    "timestamp": 79.4,
    "total_score": 0.822,
    "skeleton_3d": {
        "Pelvis": [
            0.0,
            0.0,
            0.0
        ],
        "R_Hip": [
            0.06079353308620096,
            -0.1714383714778375,
            -0.0372213775522776
        ],
        "R_Knee": [
            0.08968221724187676,
            -0.2060206856864267,
            -0.7386201138109711
        ],
        "R_Ankle": [
            0.20757059888664398,
            -0.4333939898451887,
            -1.323273360221978
        ],
        "L_Hip": [
            -0.06294261647163224,
            0.16749358220961522,
            0.038389602444504234
        ],
        "L_Knee": [
            -0.6220711528367604,
            0.013099276165019332,
            0.026376617144407696
        ],
        "L_Ankle": [
            -1.1441424955219675,
            -0.0049549530167129156,
            0.11094539161603341
        ],
        "Spine": [
            0.05354474876233213,
            0.1048993014358457,
            0.31064772214481523
        ],
        "Thorax": [
            0.08623954811656981,
            0.37329260895311545,
            0.596619671151547
        ],
        "Neck": [
            0.07474409035385418,
            0.3349048713372239,
            0.8082579876054485
        ],
        "Head": [
            0.054704792470967475,
            0.4332450441792179,
            0.8226296803218276
        ],
        "L_Shoulder": [
            -0.08799044923609915,
            0.3934031914136174,
            0.4915371803823824
        ],
        "L_Elbow": [
            -0.39177134606596387,
            0.14490990615195692,
            0.48319489966125956
        ],
        "L_Wrist": [
            -0.7512985421470002,
            -0.03426848159979691,
            0.5216422516369964
        ],
        "R_Shoulder": [
            0.2579949780559208,
            0.2258129088170684,
            0.6810741496759415
        ],
        "R_Elbow": [
            0.30169684558256693,
            -0.005640920446590755,
            1.064430576938529
        ],
        "R_Wrist": [
            0.2330905378286727,
            0.01847872395377555,
            1.378535571019804
        ]
    }
}