{
    "video": "edition15_sequence_5.mp4",
    "peak_id": 9,
    "frame_idx": 904,
    "timestamp": 36.16,
    "total_score": 0.814,
    "skeleton_3d": {
        "Pelvis": [
            0.0,
            0.0,
            0.0
        ],
        "R_Hip": [
            0.0746142325709321,
            -0.18507926159532406,
            -0.052913122369863334
        ],
        "R_Knee": [
            -0.02266777824809277,
            -0.23443835738101945,
            -0.7349089492543747
        ],
        "R_Ankle": [
            0.02970494418880699,
            -0.25439447464906156,
            -1.3743852228272653
        ],
        "L_Hip": [
            -0.07537326592929482,
            0.1778331585351224,
            0.05763963217441316
        ],
        "L_Knee": [
            -0.6893654548169772,
            -0.05694304551434796,
            0.1486487395736572
        ],
        "L_Ankle": [
            -1.19237024272265,
            -0.03314771596544896,
            0.3025038433467512
        ],
        "Spine": [
            0.058116807838436736,
            0.0023959505328370453,
            0.3683470324162766
        ],
        "Thorax": [
            0.08347572308947193,
            0.12639226509261037,
            0.7223836547283616
        ],
        "Neck": [
            -0.01259040829161425,
            0.09027372773982555,
            0.9155127941570184
        ],
        "Head": [
            -0.031751961110785515,
            0.17947702063038817,
            0.9381071308579289
        ],
        "L_Shoulder": [
            -0.08530871369210799,
            0.1564583480784637,
            0.6276051336769828
        ],
        "L_Elbow": [
            -0.1982542008417158,
            -0.14155670436055642,
            0.33152414824841464
        ],
        "L_Wrist": [
            0.1623083386015064,
            -0.10858115419891205,
            1.2547490746544983
        ],
        "R_Shoulder": [
            0.26007521914606213,
            0.004973897306326222,
            0.7938251036011335
        ],
        "R_Elbow": [
            0.304344975114014,
            -0.17246588386693096,
            1.1157119791010064
        ],
        "R_Wrist": [
            0.2359059286602223,
            -0.1498841282590157,
            1.4342713498962787
        ]
    }
}